{
	"format_version": "1.12.0",
	"minecraft:geometry": [
		{
			"description": {
				"identifier": "geometry.runerigus",
				"texture_width": 256,
				"texture_height": 256,
				"visible_bounds_width": 26,
				"visible_bounds_height": 7,
				"visible_bounds_offset": [0, 2.5, 0]
			},
			"bones": [
				{
					"name": "runerigus",
					"pivot": [0, 0, 0]
				},
				{
					"name": "body",
					"parent": "runerigus",
					"pivot": [0, 0, 0]
				},
				{
					"name": "torso",
					"parent": "body",
					"pivot": [0, 0, 0],
					"cubes": [
						{"origin": [-12, 0, -1], "size": [25, 7, 8], "inflate": -0.01, "uv": [0, 0]},
						{"origin": [0, 7, -1], "size": [14, 12, 8], "inflate": -0.00001, "uv": [72, 74]},
						{"origin": [-8, 19, -1], "size": [18, 6, 8], "uv": [53, 39]},
						{"origin": [-8, 25, 2], "size": [18, 14, 5], "uv": [53, 54]},
						{"origin": [-8, 39, -1], "size": [18, 7, 8], "inflate": -0.0001, "uv": [0, 39]},
						{"origin": [11, 0, -1], "size": [3, 10, 8], "inflate": -0.001, "pivot": [12, 2, 0], "rotation": [0, 0, 20], "uv": [99, 127]},
						{"origin": [13.7, 8.8, -1], "size": [3, 10, 8], "inflate": -0.0001, "uv": [122, 127]},
						{"origin": [-5, 42, -1], "size": [20, 14, 8], "inflate": -0.01, "pivot": [-3, 42, 0], "rotation": [0, 0, -30], "uv": [0, 16]},
						{"origin": [-3, 43, -1], "size": [12, 17, 8], "inflate": -0.1, "pivot": [8, 45, 0], "rotation": [0, 0, 30], "uv": [0, 55]}
					]
				},
				{
					"name": "necks",
					"parent": "torso",
					"pivot": [0, 0, 0]
				},
				{
					"name": "neck1",
					"parent": "necks",
					"pivot": [0, 0, 0],
					"cubes": [
						{"origin": [-1, 31, -7], "size": [5, 0, 9], "uv": [102, 117]}
					]
				},
				{
					"name": "neck3",
					"parent": "neck1",
					"pivot": [0, 0, -5],
					"cubes": [
						{"origin": [-1, 31, -13], "size": [5, 0, 6], "uv": [123, 75]}
					]
				},
				{
					"name": "neck2",
					"parent": "neck3",
					"pivot": [0, 0, -12],
					"cubes": [
						{"origin": [-1, 31, -22], "size": [5, 0, 9], "uv": [120, 72]}
					]
				},
				{
					"name": "head",
					"parent": "torso",
					"pivot": [0, 30, -21],
					"cubes": [
						{"origin": [-8, 25, -24], "size": [18, 14, 3], "uv": [98, 21]}
					]
				},
				{
					"name": "eyes",
					"parent": "head",
					"pivot": [-1, 0, 1]
				},
				{
					"name": "eye1",
					"parent": "eyes",
					"pivot": [10, 1, 2],
					"rotation": [0, 0, -17.5],
					"cubes": [
						{"origin": [6.5, 33.5, -24.01], "size": [8, 5, 0], "uv": [141, 26]}
					]
				},
				{
					"name": "eye2",
					"parent": "eyes",
					"pivot": [-1, 0, 1],
					"cubes": [
						{"origin": [6, 35, -24.02], "size": [3, 3, 0], "pivot": [8, 10, -23], "rotation": [0, 0, -17.5], "uv": [41, 55]},
						{"origin": [7.2, 35.6, -24.03], "size": [1, 2, 0], "pivot": [8, 9, -23], "rotation": [0, 0, -17.5], "uv": [48, 55]}
					]
				},
				{
					"name": "hands",
					"parent": "torso",
					"pivot": [0, 0, 0]
				},
				{
					"name": "hand1",
					"parent": "hands",
					"pivot": [0, 0, 0]
				},
				{
					"name": "bone45",
					"parent": "hand1",
					"pivot": [25, 0, 0]
				},
				{
					"name": "bone9",
					"parent": "bone45",
					"pivot": [0, 0, 0],
					"cubes": [
						{"origin": [10, 40.5, 2.5], "size": [8, 4, 0], "uv": [100, 69]}
					]
				},
				{
					"name": "bone7",
					"parent": "bone9",
					"pivot": [0, 0, 0],
					"cubes": [
						{"origin": [18, 40.5, 2.5], "size": [9, 4, 0], "uv": [0, 141]}
					]
				},
				{
					"name": "bone8",
					"parent": "bone7",
					"pivot": [0, 0, 0],
					"cubes": [
						{"origin": [27, 40.5, 2.5], "size": [8, 4, 0], "uv": [141, 32]}
					]
				},
				{
					"name": "bone",
					"parent": "bone8",
					"pivot": [25, 0, 0],
					"cubes": [
						{"origin": [35, 19, -1], "size": [7, 27, 8], "uv": [67, 0]},
						{"origin": [40, 38, -1], "size": [8, 10, 8], "pivot": [40, 42, 0], "rotation": [0, 0, -10], "uv": [35, 110]},
						{"origin": [32, 40, -1], "size": [15, 10, 8], "inflate": -0.1, "pivot": [33, 45, 0], "rotation": [0, 0, -37.5], "uv": [72, 95]},
						{"origin": [32.8, 28, -1], "size": [9, 21, 8], "inflate": -0.01, "pivot": [2, 8, 0], "rotation": [0, 0, 10], "uv": [0, 81]},
						{"origin": [41, 17, -1], "size": [5, 5, 8], "inflate": -0.1, "pivot": [43, 21, 0], "rotation": [0, 0, 132.5], "uv": [29, 129]}
					]
				},
				{
					"name": "nail_right",
					"parent": "bone",
					"pivot": [34, 0, 0]
				},
				{
					"name": "bone14",
					"parent": "nail_right",
					"pivot": [33, 0, 0],
					"cubes": [
						{"origin": [40.45815, 18.19814, 1.5], "size": [9, 3, 3], "pivot": [46.45815, 19.69814, 3], "rotation": [0, 0, 62.5], "uv": [0, 134]}
					]
				},
				{
					"name": "bone19",
					"parent": "nail_right",
					"pivot": [32, 0, 0],
					"cubes": [
						{"origin": [35.45815, 14.19814, 1.5], "size": [9, 3, 3], "pivot": [42.45815, 15.69814, 3], "rotation": [0, 0, 82.5], "uv": [134, 112]}
					]
				},
				{
					"name": "bone20",
					"parent": "nail_right",
					"pivot": [27, 0, 0],
					"cubes": [
						{"origin": [29.45815, 19.19814, 1.5], "size": [7, 3, 3], "pivot": [36.45815, 20.69814, 3], "rotation": [0, 0, -75], "uv": [137, 58]}
					]
				},
				{
					"name": "bone21",
					"parent": "nail_right",
					"pivot": [17, 0, 0],
					"cubes": [
						{"origin": [31.45815, 22.19814, 1.5], "size": [6, 3, 3], "pivot": [34.45815, 23.69814, 3], "rotation": [0, 0, -42.5], "uv": [139, 7]},
						{"origin": [30, 19, 1], "size": [3, 4, 3], "pivot": [32, 19, 3], "rotation": [0, 0, 20], "uv": [83, 132]}
					]
				},
				{
					"name": "bone22",
					"parent": "nail_right",
					"pivot": [33, 0, 0],
					"cubes": [
						{"origin": [35.45815, 14.44814, 1.5], "size": [9, 2, 3], "pivot": [39.45815, 15.94814, 3], "rotation": [0, 0, 90], "uv": [137, 46]}
					]
				},
				{
					"name": "hand2",
					"parent": "hands",
					"pivot": [-6, 0, 0]
				},
				{
					"name": "bone5",
					"parent": "hand2",
					"pivot": [2, 0, 0]
				},
				{
					"name": "bone10",
					"parent": "bone5",
					"pivot": [2, 0, 0],
					"cubes": [
						{"origin": [-16, 40.5, 2.5], "size": [8, 4, 0], "uv": [19, 143]}
					]
				},
				{
					"name": "bone11",
					"parent": "bone10",
					"pivot": [2, 0, 0],
					"cubes": [
						{"origin": [-25, 40.5, 2.5], "size": [9, 4, 0], "uv": [141, 21]}
					]
				},
				{
					"name": "bone12",
					"parent": "bone11",
					"pivot": [2, 0, 0],
					"cubes": [
						{"origin": [-33, 40.5, 2.5], "size": [8, 4, 0], "uv": [36, 143]}
					]
				},
				{
					"name": "bone2",
					"parent": "bone12",
					"pivot": [-31, 0, 0],
					"cubes": [
						{"origin": [-40, 19, -1], "size": [7, 27, 8], "inflate": -0.01, "uv": [41, 74]},
						{"origin": [-38, 40, -1], "size": [7, 9, 8], "inflate": -0.1, "pivot": [-32, 45, 0], "rotation": [0, 0, 37.5], "uv": [68, 114]},
						{"origin": [-43, 38, -1], "size": [6, 14, 8], "inflate": -0.1, "pivot": [-38, 43, 0], "rotation": [0, 0, 37.5], "uv": [0, 111]},
						{"origin": [-44, 16, -1], "size": [5, 3, 8], "inflate": -0.1, "pivot": [-41, 20, 0], "rotation": [0, 0, -132.5], "uv": [56, 132]},
						{"origin": [-42, 21, -1], "size": [7, 21, 8], "inflate": -0.1, "pivot": [-41, 25, 0], "rotation": [0, 0, -10], "uv": [106, 39]}
					]
				},
				{
					"name": "nail_left",
					"parent": "bone2",
					"pivot": [-31, 0, 0]
				},
				{
					"name": "bone13",
					"parent": "nail_left",
					"pivot": [-30, 0, 0],
					"cubes": [
						{"origin": [-46.45815, 18.19814, 1.5], "size": [9, 3, 3], "pivot": [-43.45815, 19.69814, 3], "rotation": [0, 0, -62.5], "uv": [134, 119]}
					]
				},
				{
					"name": "bone15",
					"parent": "nail_left",
					"pivot": [-29, 0, 0],
					"cubes": [
						{"origin": [-41.45815, 14.19814, 1.5], "size": [9, 3, 3], "pivot": [-39.45815, 15.69814, 3], "rotation": [0, 0, -82.5], "uv": [137, 39]}
					]
				},
				{
					"name": "bone16",
					"parent": "nail_left",
					"pivot": [-24, 0, 0],
					"cubes": [
						{"origin": [-33.45815, 19.19814, 1.5], "size": [7, 3, 3], "pivot": [-33.45815, 20.69814, 3], "rotation": [0, 0, 75], "uv": [139, 0]}
					]
				},
				{
					"name": "bone17",
					"parent": "nail_left",
					"pivot": [-14, 0, 0],
					"cubes": [
						{"origin": [-34.45815, 22.19814, 1.5], "size": [6, 3, 3], "pivot": [-31.45815, 23.69814, 3], "rotation": [0, 0, 42.5], "uv": [139, 14]},
						{"origin": [-30, 19, 1], "size": [3, 4, 3], "pivot": [-29, 19, 3], "rotation": [0, 0, -20], "uv": [83, 140]}
					]
				},
				{
					"name": "bone18",
					"parent": "nail_left",
					"pivot": [-30, 0, 0],
					"cubes": [
						{"origin": [-41.45815, 14.44814, 1.5], "size": [9, 2, 3], "pivot": [-36.45815, 15.94814, 3], "rotation": [0, 0, -90], "uv": [137, 52]}
					]
				},
				{
					"name": "line_shadow",
					"parent": "torso",
					"pivot": [0, -2, 0]
				},
				{
					"name": "bone23",
					"parent": "line_shadow",
					"pivot": [0, -2, 0],
					"cubes": [
						{"origin": [-7, 8, 3], "size": [7, 4, 0], "uv": [53, 144]}
					]
				},
				{
					"name": "bone24",
					"parent": "bone23",
					"pivot": [-7, -2, 0],
					"cubes": [
						{"origin": [-14, 8, 3], "size": [7, 4, 0], "uv": [68, 144]}
					]
				},
				{
					"name": "bone25",
					"parent": "bone24",
					"pivot": [-14, -2, 0],
					"cubes": [
						{"origin": [-21, 8, 3], "size": [7, 4, 0], "uv": [145, 126]}
					]
				},
				{
					"name": "bone26",
					"parent": "bone25",
					"pivot": [-21, -2, 0],
					"cubes": [
						{"origin": [-28, 8, 3], "size": [7, 4, 0], "uv": [145, 131]}
					]
				},
				{
					"name": "bone27",
					"parent": "bone26",
					"pivot": [-28, -2, 0],
					"cubes": [
						{"origin": [-35, 8, 3], "size": [7, 4, 0], "uv": [145, 136]}
					]
				},
				{
					"name": "bone28",
					"parent": "bone27",
					"pivot": [-37, -2, 0],
					"cubes": [
						{"origin": [-42, 8, 3], "size": [7, 4, 0], "uv": [145, 141]}
					]
				},
				{
					"name": "bone29",
					"parent": "bone28",
					"pivot": [-44, -2, 0],
					"cubes": [
						{"origin": [-49, 8, 3], "size": [7, 4, 0], "uv": [0, 146]}
					]
				},
				{
					"name": "bone30",
					"parent": "bone29",
					"pivot": [-51, -2, 0],
					"cubes": [
						{"origin": [-56, 8, 3], "size": [7, 4, 0], "uv": [146, 82]}
					]
				},
				{
					"name": "bone31",
					"parent": "bone30",
					"pivot": [-58, -2, 0],
					"cubes": [
						{"origin": [-63, 8, 3], "size": [7, 4, 0], "uv": [146, 87]}
					]
				},
				{
					"name": "bone32",
					"parent": "bone31",
					"pivot": [-65, -2, 0],
					"cubes": [
						{"origin": [-70, 8, 3], "size": [7, 4, 0], "uv": [146, 92]}
					]
				},
				{
					"name": "bone33",
					"parent": "bone32",
					"pivot": [-72, -2, 0],
					"cubes": [
						{"origin": [-77, 8, 3], "size": [7, 4, 0], "uv": [96, 146]}
					]
				},
				{
					"name": "bone34",
					"parent": "bone33",
					"pivot": [-79, -2, 0],
					"cubes": [
						{"origin": [-84, 8, 3], "size": [7, 4, 0], "uv": [111, 146]}
					]
				},
				{
					"name": "bone35",
					"parent": "bone34",
					"pivot": [-86, -2, 0],
					"cubes": [
						{"origin": [-91, 8, 3], "size": [7, 4, 0], "uv": [126, 146]}
					]
				},
				{
					"name": "bone36",
					"parent": "bone35",
					"pivot": [-93, -2, 0],
					"cubes": [
						{"origin": [-98, 8, 3], "size": [7, 4, 0], "uv": [141, 146]}
					]
				},
				{
					"name": "bone37",
					"parent": "bone36",
					"pivot": [-100, -2, 0],
					"cubes": [
						{"origin": [-105, 8, 3], "size": [7, 4, 0], "uv": [15, 148]}
					]
				},
				{
					"name": "bone38",
					"parent": "bone37",
					"pivot": [-107, -2, 0],
					"cubes": [
						{"origin": [-112, 8, 3], "size": [7, 4, 0], "uv": [30, 148]}
					]
				},
				{
					"name": "bone39",
					"parent": "bone38",
					"pivot": [-114, -2, 0],
					"cubes": [
						{"origin": [-119, 8, 3], "size": [7, 4, 0], "uv": [148, 97]}
					]
				},
				{
					"name": "bone40",
					"parent": "bone39",
					"pivot": [-121, -2, 0],
					"cubes": [
						{"origin": [-126, 8, 3], "size": [7, 4, 0], "uv": [148, 102]}
					]
				},
				{
					"name": "bone41",
					"parent": "bone40",
					"pivot": [-128, -2, 0],
					"cubes": [
						{"origin": [-133, 8, 3], "size": [7, 4, 0], "uv": [148, 107]}
					]
				},
				{
					"name": "bone42",
					"parent": "bone41",
					"pivot": [-135, -2, 0],
					"cubes": [
						{"origin": [-140, 8, 3], "size": [7, 4, 0], "uv": [45, 149]}
					]
				},
				{
					"name": "bone43",
					"parent": "bone42",
					"pivot": [-142, -2, 0],
					"cubes": [
						{"origin": [-147, 8, 3], "size": [7, 4, 0], "uv": [60, 149]}
					]
				},
				{
					"name": "bone44",
					"parent": "bone43",
					"pivot": [-149, -2, 0],
					"cubes": [
						{"origin": [-154, 8, 3], "size": [7, 4, 0], "uv": [75, 149]}
					]
				},
				{
					"name": "line_rock",
					"parent": "bone44",
					"pivot": [-153, -2, 0],
					"cubes": [
						{"origin": [-165, 7, -1], "size": [12, 12, 8], "uv": [98, 0]},
						{"origin": [-170, 8, -1], "size": [6, 4, 8], "inflate": -0.01, "pivot": [-166, 11, 0], "rotation": [0, 0, -128], "uv": [119, 99]},
						{"origin": [-168, 11, -1], "size": [5, 8, 8], "inflate": -0.01, "uv": [119, 82]}
					]
				}
			]
		}
	]
}