{
  "portraitScale": 1.7,
  "portraitTranslation": [ -0.8, 3.4, 0 ],
  "profileScale": 0.48,
  "profileTranslation": [ 0, 1.1, 0 ],
  "poses": { 
    "battle-standing": {
      "poseTypes": ["STAND"],
      "isBattle": true,
      "animations": [
        "q.look('head')",
        "q.bedrock('baxcalibur', 'ground_idle')"
      ]
    },
    "standing": {
      "poseTypes": ["STAND", "NONE", "PORTRAIT", "PROFILE"],
      "isBattle": false,
      "animations": [
        "q.look('head')",
        "q.bedrock('baxcalibur', 'ground_idle')"
      ]
    },
    "walking": {
      "poseTypes": ["WALK"],
      "animations": [
        "q.look('head')",
        "q.bedrock('baxcalibur', 'ground_idle')"
      ]
    }
  }
}