{
	"format_version": "1.12.0",
	"minecraft:geometry": [
		{
			"description": {
				"identifier": "geometry.shiftry_female",
				"texture_width": 128,
				"texture_height": 128,
				"visible_bounds_width": 5,
				"visible_bounds_height": 3.5,
				"visible_bounds_offset": [0, 1.25, 0]
			},
			"bones": [
				{
					"name": "shiftry",
					"pivot": [0, 0, 0]
				},
				{
					"name": "body",
					"parent": "shiftry",
					"pivot": [0, 16.5, 0]
				},
				{
					"name": "torso",
					"parent": "body",
					"pivot": [0, 11.5, 0],
					"cubes": [
						{"origin": [-5.5, 12.5, -6.5], "size": [11, 9, 12], "uv": [0, 0]},
						{"origin": [-5.5, 8.5, -7.5], "size": [11, 4, 13], "uv": [1, 21]}
					]
				},
				{
                    "name": "locator_seat_1",
                    "parent": "body",
                    "pivot": [0, 24, 3],
                    "locators": {
                        "seat_1": [0, 24, 3]
                    }
                },
				{
					"name": "mouth_closed",
					"parent": "torso",
					"pivot": [0, 16.5, 0],
					"cubes": [
						{"origin": [-5.5, 12.5, -6.5], "size": [11, 6, 2], "uv": [36, 21]}
					]
				},
				{
					"name": "mouth_open",
					"parent": "torso",
					"pivot": [0, 17, -4],
					"cubes": [
						{"origin": [5.5, 17.5, -5.5], "size": [-11, -5, -1], "inflate": 0.01, "uv": [74, 128]},
						{"origin": [-4.5, 13.3, -6.3], "size": [9, 1, 3], "uv": [50, 118]},
						{"origin": [-5.5, 16.6, -6.6], "size": [11, 2, 3], "inflate": -0.2, "uv": [0, 123]},
						{"origin": [5.5, 18.6, -3.6], "size": [-11, -2, -3], "inflate": 0.2, "uv": [53, 123]},
						{"origin": [-5.5, 12.4, -6.6], "size": [11, 2, 3], "inflate": -0.2, "uv": [0, 118]},
						{"origin": [5.5, 14.4, -3.6], "size": [-11, -2, -3], "inflate": 0.2, "uv": [53, 128]}
					]
				},
				{
					"name": "head",
					"parent": "torso",
					"pivot": [0, 18.5, 0],
					"cubes": [
						{"origin": [-6.5, 19.5, -7], "size": [13, 6, 15], "inflate": 0.01, "uv": [72, 0]},
						{"origin": [-6.5, 15.5, -7], "size": [6, 4, 0], "uv": [73, 1]},
						{"origin": [0.5, 15.5, -7], "size": [6, 4, 0], "uv": [73, 7]},
						{"origin": [-6.5, 15.5, -7], "size": [0, 4, 6], "uv": [115, -5]},
						{"origin": [6.5, 15.5, -7], "size": [0, 4, 6], "uv": [115, 1]}
					]
				},
				{
					"name": "ears",
					"parent": "head",
					"pivot": [0, 25, -3]
				},
				{
					"name": "ear_left",
					"parent": "ears",
					"pivot": [4.55, 25, -3],
					"rotation": [-7.5, 34, 12.5],
					"cubes": [
						{"origin": [4.55, 24.5, -5], "size": [0, 8, 4], "uv": [35, -3]}
					]
				},
				{
					"name": "ear_right",
					"parent": "ears",
					"pivot": [-4.55, 25, -3],
					"rotation": [-7.5, -34, -12.5],
					"cubes": [
						{"origin": [-4.55, 24.5, -5], "size": [0, 8, 4], "uv": [44, -3]}
					]
				},
				{
					"name": "nose",
					"parent": "head",
					"pivot": [0, 19.2, -5.55],
					"rotation": [25, 0, 0],
					"cubes": [
						{"origin": [-1, 18.2, -11.55], "size": [2, 2, 7], "inflate": -0.1, "uv": [53, 0]}
					]
				},
				{
					"name": "hair_top_front",
					"parent": "head",
					"pivot": [0, 25.5, -7],
					"rotation": [-55, 0, 0],
					"cubes": [
						{"origin": [-6.5, 25.5, -7], "size": [0, 3, 2], "uv": [92, 88]},
						{"origin": [-6.5, 25.5, -7], "size": [13, 6, 0], "uv": [102, 83]},
						{"origin": [6.5, 25.5, -7], "size": [0, 3, 2], "uv": [97, 88]}
					]
				},
				{
					"name": "hair_top_middle",
					"parent": "head",
					"pivot": [0, 25.5, -1],
					"rotation": [30, 0, 0],
					"cubes": [
						{"origin": [-6.5, 23.5, -1], "size": [0, 2, 4], "uv": [84, 79]},
						{"origin": [-6.5, 25.5, -1], "size": [13, 0, 5], "uv": [97, 91]},
						{"origin": [6.5, 23.5, -1], "size": [0, 2, 4], "uv": [93, 79]}
					]
				},
				{
					"name": "hair_top_middle2",
					"parent": "head",
					"pivot": [0, 25.5, 3],
					"rotation": [20, 0, 0],
					"cubes": [
						{"origin": [-6.5, 23.5, 3], "size": [0, 2, 4], "uv": [84, 82]},
						{"origin": [-6.5, 25.5, 3], "size": [13, 0, 5], "uv": [97, 98]},
						{"origin": [6.5, 23.5, 3], "size": [0, 2, 4], "uv": [93, 82]}
					]
				},
				{
					"name": "eyes",
					"parent": "head",
					"pivot": [0, 20, -7]
				},
				{
					"name": "eye_right",
					"parent": "eyes",
					"pivot": [-3, 20, -7.02],
					"cubes": [
						{"origin": [-4.5, 19, -7.02], "size": [3, 1, 0], "uv": [6, 1]}
					]
				},
				{
					"name": "eye_emote_right",
					"parent": "eye_right",
					"pivot": [-3, 20.5, -7.02],
					"cubes": [
						{"origin": [-4.5, 20, -7.02], "size": [3, 1, 0], "uv": [6, 0]}
					]
				},
				{
					"name": "iris_right",
					"parent": "eye_right",
					"pivot": [-2.5, 20, -7.02],
					"cubes": [
						{"origin": [-3.5, 19, -7.02], "size": [2, 1, 0], "inflate": 0.005, "uv": [6, 4]}
					]
				},
				{
					"name": "iris_emote_right",
					"parent": "iris_right",
					"pivot": [-2.5, 20.5, -7.02],
					"cubes": [
						{"origin": [-3.5, 20, -7.02], "size": [2, 1, 0], "inflate": 0.01, "uv": [6, 3]}
					]
				},
				{
					"name": "pupil_right",
					"parent": "iris_right",
					"pivot": [-2.4, 20, -7.09],
					"cubes": [
						{"origin": [-2.9, 19.5, -7.05], "size": [1, 1, 0], "uv": [7, 6]}
					]
				},
				{
					"name": "eyelid_right",
					"parent": "eye_right",
					"pivot": [-3, 19.5, -6.9]
				},
				{
					"name": "eyelid_inner_right",
					"parent": "eyelid_right",
					"pivot": [-2, 19.5, -6.93],
					"cubes": [
						{"origin": [-2.5, 19, -6.93], "size": [1, 1, 0], "uv": [1, 8]}
					]
				},
				{
					"name": "eyelid_middle_right",
					"parent": "eyelid_right",
					"pivot": [-3, 19.5, -6.93],
					"cubes": [
						{"origin": [-3.5, 19, -6.93], "size": [1, 1, 0], "inflate": 0.005, "uv": [1, 9]}
					]
				},
				{
					"name": "eyelid_outer_right",
					"parent": "eyelid_right",
					"pivot": [-4, 19.5, -6.93],
					"cubes": [
						{"origin": [-4.5, 19, -6.93], "size": [1, 1, 0], "uv": [1, 10]}
					]
				},
				{
					"name": "eye_left",
					"parent": "eyes",
					"pivot": [3, 20, -7.02],
					"cubes": [
						{"origin": [1.5, 19, -7.02], "size": [3, 1, 0], "uv": [0, 1], "mirror": true}
					]
				},
				{
					"name": "eye_emote_left",
					"parent": "eye_left",
					"pivot": [3, 20.5, -7.02],
					"cubes": [
						{"origin": [1.5, 20, -7.02], "size": [3, 1, 0], "uv": [0, 0], "mirror": true}
					]
				},
				{
					"name": "iris_left",
					"parent": "eye_left",
					"pivot": [2.5, 20, -7.02],
					"cubes": [
						{"origin": [1.5, 19, -7.02], "size": [2, 1, 0], "inflate": 0.005, "uv": [1, 4], "mirror": true}
					]
				},
				{
					"name": "iris_emote_left",
					"parent": "iris_left",
					"pivot": [2.5, 20.5, -7.02],
					"cubes": [
						{"origin": [1.5, 20, -7.02], "size": [2, 1, 0], "inflate": 0.01, "uv": [1, 3], "mirror": true}
					]
				},
				{
					"name": "pupil_left",
					"parent": "iris_left",
					"pivot": [2.4, 20, -7.09],
					"cubes": [
						{"origin": [1.9, 19.5, -7.05], "size": [1, 1, 0], "uv": [2, 6], "mirror": true}
					]
				},
				{
					"name": "eyelid_left",
					"parent": "eye_left",
					"pivot": [3, 19.5, -6.9]
				},
				{
					"name": "eyelid_inner_left",
					"parent": "eyelid_left",
					"pivot": [2, 19.5, -6.93],
					"cubes": [
						{"origin": [1.5, 19, -6.93], "size": [1, 1, 0], "uv": [3, 8], "mirror": true}
					]
				},
				{
					"name": "eyelid_middle_left",
					"parent": "eyelid_left",
					"pivot": [3, 19.5, -6.93],
					"cubes": [
						{"origin": [2.5, 19, -6.93], "size": [1, 1, 0], "inflate": 0.005, "uv": [3, 9], "mirror": true}
					]
				},
				{
					"name": "eyelid_outer_left",
					"parent": "eyelid_left",
					"pivot": [4, 19.5, -6.93],
					"cubes": [
						{"origin": [3.5, 19, -6.93], "size": [1, 1, 0], "uv": [3, 10], "mirror": true}
					]
				},
				{
					"name": "iris_cover",
					"parent": "eyes",
					"pivot": [0, 20, -7.04],
					"cubes": [
						{"origin": [-2.5, 18.5, -7.04], "size": [5, 4, 0], "uv": [80, 22], "mirror": true},
						{"origin": [1.5, 20, -7.04], "size": [1, 1, 0], "uv": [88, 27], "mirror": true},
						{"origin": [-2.5, 20, -7.04], "size": [1, 1, 0], "uv": [85, 27], "mirror": true}
					]
				},
				{
					"name": "hair3",
					"parent": "head",
					"pivot": [0, 25.5, 8],
					"cubes": [
						{"origin": [-7, 12.5, -1], "size": [14, 13, 9], "inflate": 0.01, "uv": [82, 21]}
					]
				},
				{
					"name": "hair",
					"parent": "hair3",
					"pivot": [0, 25.5, 8],
					"rotation": [30, 0, 0],
					"cubes": [
						{"origin": [-7, 20.5, 8], "size": [14, 5, 0], "uv": [100, 105]},
						{"origin": [7, 22.5, 6], "size": [0, 3, 2], "uv": [97, 92]},
						{"origin": [-7, 22.5, 6], "size": [0, 3, 2], "uv": [92, 92]}
					]
				},
				{
					"name": "hair2",
					"parent": "hair3",
					"pivot": [0, 21.5, 8],
					"rotation": [20, 0, 0],
					"cubes": [
						{"origin": [-7, 16.5, 8], "size": [14, 5, 0], "uv": [100, 112]},
						{"origin": [7, 18.5, 6], "size": [0, 3, 2], "uv": [97, 96]},
						{"origin": [-7, 18.5, 6], "size": [0, 3, 2], "uv": [92, 96]}
					]
				},
				{
					"name": "hair4",
					"parent": "hair3",
					"pivot": [0, 13.5, 0.5],
					"cubes": [
						{"origin": [-8, 1.5, -1.5], "size": [16, 12, 10], "uv": [76, 43]}
					]
				},
				{
					"name": "hair5",
					"parent": "hair4",
					"pivot": [0, 1.5, -1.5],
					"cubes": [
						{"origin": [-8, -10.5, -1.5], "size": [16, 12, 5], "inflate": -0.01, "uv": [86, 65]}
					]
				},
				{
					"name": "hair6",
					"parent": "hair5",
					"pivot": [0, -10.5, 1],
					"cubes": [
						{"origin": [-7.5, -16.48, 1.02], "size": [15, 6, 0], "uv": [98, 119]}
					]
				},
				{
					"name": "arms",
					"parent": "torso",
					"pivot": [-0.05, 19, -2]
				},
				{
					"name": "arm_left",
					"parent": "arms",
					"pivot": [6.7, 19, -2],
					"cubes": [
						{"origin": [5.7, 16.5, -4.5], "size": [5, 5, 5], "inflate": 0.01, "uv": [26, 52]}
					]
				},
				{
					"name": "arm_left2",
					"parent": "arm_left",
					"pivot": [10.2, 19, -2],
					"cubes": [
						{"origin": [10.2, 18, -3], "size": [6, 2, 2], "inflate": 0.01, "uv": [15, 52]}
					]
				},
				{
					"name": "leaves_left",
					"parent": "arm_left2",
					"pivot": [15.7, 19, -2]
				},
				{
					"name": "leaf_middle_left",
					"parent": "leaves_left",
					"pivot": [15.7, 19, -2],
					"cubes": [
						{"origin": [15.7, 19, -4.5], "size": [18, 0, 5], "uv": [34, 80]}
					]
				},
				{
					"name": "leaf_front_left",
					"parent": "leaves_left",
					"pivot": [15.7, 18.975, -2],
					"rotation": [0, 50, 0],
					"cubes": [
						{"origin": [15.7, 18.9, -3.5], "size": [14, 0, 5], "uv": [34, 94]}
					]
				},
				{
					"name": "leaf_back_left",
					"parent": "leaves_left",
					"pivot": [15.7, 18.975, -2],
					"rotation": [0, -50, 0],
					"cubes": [
						{"origin": [15.7, 18.9, -5.5], "size": [14, 0, 5], "inflate": 0.01, "uv": [34, 108]}
					]
				},
				{
					"name": "arm_right",
					"parent": "arms",
					"pivot": [-6.7, 19, -2],
					"cubes": [
						{"origin": [-10.7, 16.5, -4.5], "size": [5, 5, 5], "inflate": 0.01, "uv": [0, 52]}
					]
				},
				{
					"name": "arm_right2",
					"parent": "arm_right",
					"pivot": [-10.2, 19, -2],
					"cubes": [
						{"origin": [-16.2, 18, -3], "size": [6, 2, 2], "inflate": 0.01, "uv": [41, 52]}
					]
				},
				{
					"name": "leaves_right",
					"parent": "arm_right2",
					"pivot": [-15.7, 19, -2]
				},
				{
					"name": "leaf_middle_right",
					"parent": "leaves_right",
					"pivot": [-15.7, 19, -2],
					"cubes": [
						{"origin": [-33.7, 19, -4.5], "size": [18, 0, 5], "uv": [34, 73]}
					]
				},
				{
					"name": "leaf_front_right",
					"parent": "leaves_right",
					"pivot": [-15.7, 18.975, -2],
					"rotation": [0, -50, 0],
					"cubes": [
						{"origin": [-29.7, 18.9, -3.5], "size": [14, 0, 5], "uv": [34, 87]}
					]
				},
				{
					"name": "leaf_back_right",
					"parent": "leaves_right",
					"pivot": [-15.7, 18.975, -2],
					"rotation": [0, 50, 0],
					"cubes": [
						{"origin": [-29.7, 18.9, -5.5], "size": [14, 0, 5], "inflate": 0.01, "uv": [34, 101]}
					]
				},
				{
					"name": "legs",
					"parent": "body",
					"pivot": [0, 12.5, -1]
				},
				{
					"name": "leg_left",
					"parent": "legs",
					"pivot": [6.5, 12.5, -1],
					"cubes": [
						{"origin": [3, 7.5, -4.5], "size": [7, 7, 7], "inflate": -0.01, "uv": [28, 38]}
					]
				},
				{
					"name": "leg_left2",
					"parent": "leg_left",
					"pivot": [6.5, 7.5, -2],
					"cubes": [
						{"origin": [5, 4.5, -2], "size": [3, 5, 3], "inflate": 0.01, "uv": [44, 62]}
					]
				},
				{
					"name": "foot_left",
					"parent": "leg_left2",
					"pivot": [6.5, 5, -0.5],
					"cubes": [
						{"origin": [4, 3, -5.5], "size": [5, 2, 8], "uv": [26, 62]},
						{"origin": [4, 0, -1.5], "size": [5, 3, 2], "uv": [0, 26]}
					]
				},
				{
					"name": "leg_right",
					"parent": "legs",
					"pivot": [-6.5, 12.5, -1],
					"cubes": [
						{"origin": [-10, 7.5, -4.5], "size": [7, 7, 7], "inflate": -0.01, "uv": [0, 38]}
					]
				},
				{
					"name": "leg_right2",
					"parent": "leg_right",
					"pivot": [-6.5, 7.5, -2],
					"cubes": [
						{"origin": [-8, 4.5, -2], "size": [3, 5, 3], "inflate": 0.01, "uv": [18, 62]}
					]
				},
				{
					"name": "foot_right",
					"parent": "leg_right2",
					"pivot": [-6.5, 5, -0.5],
					"cubes": [
						{"origin": [-9, 3, -5.5], "size": [5, 2, 8], "uv": [0, 62]},
						{"origin": [-9, 0, -1.5], "size": [5, 3, 2], "uv": [0, 21]}
					]
				}
			]
		}
	]
}