{
	"format_version": "1.12.0",
	"minecraft:geometry": [
		{
			"description": {
				"identifier": "geometry.unknown",
				"texture_width": 256,
				"texture_height": 128,
				"visible_bounds_width": 5,
				"visible_bounds_height": 5.5,
				"visible_bounds_offset": [0, 2.25, 0]
			},
			"bones": [
				{
					"name": "blaziken",
					"pivot": [0, 0, 0]
				},
				{
					"name": "body",
					"parent": "blaziken",
					"pivot": [0, 32, 0.5]
				},
				{
                    "name": "locator_seat_1",
                    "parent": "body",
                    "pivot": [0, 36, 6],
                    "locators": {
                        "seat_1": [0, 36, 6]
                    }
                },
				{
					"name": "waist",
					"parent": "body",
					"pivot": [0, 33, 0.5],
					"cubes": [
						{"origin": [-5, 28, -2.5], "size": [10, 7, 6], "uv": [64, 50]}
					]
				},
				{
					"name": "body_fluff",
					"parent": "waist",
					"pivot": [0, 30.5, -2.25]
				},
				{
					"name": "torso",
					"parent": "waist",
					"pivot": [0, 34.5, 0.5]
				},
				{
					"name": "abdomen",
					"parent": "torso",
					"pivot": [0, 39.5, 0.5],
					"cubes": [
						{"origin": [-3, 34, -2], "size": [6, 11, 5], "uv": [44, 75]},
						{"origin": [-2.5, 38, -2], "size": [5, 8, 0], "inflate": 0.01, "uv": [161, 0]}
					]
				},
				{
					"name": "torso2",
					"parent": "torso",
					"pivot": [0, 43.75, 0.5],
					"rotation": [5, 0, 0]
				},
				{
					"name": "chest",
					"parent": "torso2",
					"pivot": [0, 44, 0.5],
					"cubes": [
						{"origin": [-4.5, 42.75, -3], "size": [9, 6, 7], "inflate": 0.01, "uv": [139, 115]},
						{"origin": [-4, 36.75, 4], "size": [8, 6, 0], "inflate": 0.01, "uv": [36, 102]},
						{"origin": [-4, 37.75, 4], "size": [8, 2, 0], "inflate": 0.01, "pivot": [0, 39.75, 4], "rotation": [20, 0, 0], "uv": [39, 110]}
					]
				},
				{
					"name": "jacket_left",
					"parent": "chest",
					"pivot": [0, 42.75, 0.5],
					"rotation": [0, 0, -32.5],
					"cubes": [
						{"origin": [0, 38.75, -3], "size": [4, 4, 7], "inflate": 0.02, "uv": [94, 14]},
						{"origin": [3, 41.45, -3], "size": [4, 4, 7], "inflate": -0.01, "uv": [94, 14]},
						{"origin": [4, 35.75, -3], "size": [0, 3, 7], "uv": [0, -2]},
						{"origin": [4.02606, 32.93092, -3], "size": [0, 6, 7], "pivot": [4.02606, 35.93092, 0.5], "rotation": [0, 0, 5], "uv": [136, 56], "mirror": true},
						{"origin": [7.61303, 42.64046, -3], "size": [0, 3, 7], "pivot": [7.61303, 44.14046, 0.5], "rotation": [0, 0, -30], "uv": [136, 67], "mirror": true},
						{"origin": [-0.04683, 33.82726, -2.85886], "size": [4, 5, 0], "pivot": [1.95317, 36.32726, -2.85886], "rotation": [-0.29728, -5.38095, 2.20295], "uv": [151, 63], "mirror": true},
						{"origin": [0, 35.75, 4], "size": [4, 3, 0], "uv": [122, 9]},
						{"origin": [-0.07855, 33.79768, 3.50852], "size": [4, 5, 0], "pivot": [2, 38.75, 4], "rotation": [1.18334, -11.61158, 1.93045], "uv": [151, 63]}
					]
				},
				{
					"name": "jacket_right",
					"parent": "chest",
					"pivot": [0, 42.75, 0.5],
					"rotation": [0, 0, 32.5],
					"cubes": [
						{"origin": [-4, 38.75, -3], "size": [4, 4, 7], "inflate": 0.02, "uv": [94, 34]},
						{"origin": [-7, 41.35, -3], "size": [4, 4, 7], "inflate": -0.01, "uv": [94, 34]},
						{"origin": [-4, 35.75, -3], "size": [0, 3, 7], "uv": [14, -2]},
						{"origin": [-4.02606, 32.93092, -3], "size": [0, 6, 7], "pivot": [-4.02606, 35.93092, 0.5], "rotation": [0, 0, -5], "uv": [136, 56]},
						{"origin": [-7.61303, 42.64046, -3], "size": [0, 3, 7], "pivot": [-7.61303, 44.14046, 0.5], "rotation": [0, 0, 30], "uv": [136, 67]},
						{"origin": [-3.95317, 33.82726, -2.85886], "size": [4, 5, 0], "pivot": [-1.95317, 36.32726, -2.85886], "rotation": [-0.29728, 5.38095, -2.20295], "uv": [151, 63]},
						{"origin": [-4, 35.75, 4], "size": [4, 3, 0], "uv": [171, 8]},
						{"origin": [-3.92145, 33.79768, 3.50852], "size": [4, 5, 0], "pivot": [-2, 38.75, 4], "rotation": [1.18334, 11.61158, -1.93045], "uv": [151, 63], "mirror": true}
					]
				},
				{
					"name": "neck",
					"parent": "torso2",
					"pivot": [0.5, 46.75, 0.25],
					"rotation": [10, 0, 0],
					"cubes": [
						{"origin": [-2.5, 48.75, -1.75], "size": [5, 4, 5], "uv": [0, 102]}
					]
				},
				{
					"name": "head",
					"parent": "neck",
					"pivot": [0, 53.25, 0.25],
					"cubes": [
						{"origin": [-2, 50.25, -1.75], "size": [4, 5, 2], "inflate": 0.01, "uv": [120, 40]}
					]
				},
				{
					"name": "beak",
					"parent": "head",
					"pivot": [0, 52, -5.25],
					"cubes": [
						{"origin": [-1, 51, -5.85], "size": [2, 3, 2], "inflate": 0.01, "pivot": [0, 52, -4.85], "rotation": [0, 45, 0], "uv": [112, 100]},
						{"origin": [-2, 54, -4.75], "size": [1, 0, 1], "inflate": 0.01, "pivot": [0, 52, -4.75], "rotation": [0, 45, 0], "uv": [40, 27]},
						{"origin": [1, 54, -4.75], "size": [1, 0, 1], "inflate": 0.01, "pivot": [0, 52, -4.75], "rotation": [0, -45, 0], "uv": [44, 27]},
						{"origin": [-1.5, 51, -5.35], "size": [3, 3, 4], "uv": [118, 26]},
						{"origin": [-1.5, 51.1, -4.35], "size": [3, 3, 4], "inflate": 0.01, "uv": [116, 13]},
						{"origin": [0, 50.5, -5.75], "size": [1, 1, 0], "pivot": [0, 51.5, -4.75], "rotation": [0, 45, 0], "uv": [48, 27]},
						{"origin": [1, 50.5, -5.75], "size": [0, 1, 1], "pivot": [0, 51.5, -4.75], "rotation": [0, 45, 0], "uv": [70, 24]}
					]
				},
				{
					"name": "brow_left",
					"parent": "beak",
					"pivot": [0.35, 54, -5.35],
					"rotation": [30, 37.5, 0]
				},
				{
					"name": "brow_right",
					"parent": "beak",
					"pivot": [-0.35, 54, -5.35],
					"rotation": [30, -37.5, 0]
				},
				{
					"name": "face_left",
					"parent": "beak",
					"pivot": [1.5, 51.25, -3.85],
					"rotation": [5, 38.5, -6],
					"cubes": [
						{"origin": [1.5, 49.75, -4.35], "size": [0, 4, 8], "uv": [20, 102]},
						{"origin": [-0.5, 51.25, -4.35], "size": [2, 2, 4], "inflate": -0.01, "uv": [54, 120]},
						{"origin": [1.49, 50, -2.6], "size": [0, 3, 4], "pivot": [1.5, 52, 0.4], "rotation": [37.5, 0, 0], "uv": [55, 107]}
					]
				},
				{
					"name": "eye_left",
					"parent": "face_left",
					"pivot": [1.51, 52.7, -1.35],
					"cubes": [
						{"origin": [1.51, 51.7, -3.85], "size": [0, 2, 4], "uv": [0, 121]}
					]
				},
				{
					"name": "pupil_left",
					"parent": "eye_left",
					"pivot": [1.52, 52.7, -2.35],
					"cubes": [
						{"origin": [1.52, 51.7, -2.85], "size": [0, 2, 1], "uv": [106, 125], "mirror": true}
					]
				},
				{
					"name": "eyelid_left",
					"parent": "eye_left",
					"pivot": [1.41, 52.7, -2.35],
					"cubes": [
						{"origin": [1.42, 51.7, -3.85], "size": [0, 2, 4], "inflate": 0.01, "uv": [8, 121]}
					]
				},
				{
					"name": "eyelid_recoil_left",
					"parent": "eye_left",
					"pivot": [1.41, 52.7, -2.35],
					"cubes": [
						{"origin": [1.42, 51.7, -3.85], "size": [0, 2, 4], "inflate": 0.01, "uv": [97, 122]}
					]
				},
				{
					"name": "face_right",
					"parent": "beak",
					"pivot": [-1.5, 51.25, -3.85],
					"rotation": [5, -38.5, 6],
					"cubes": [
						{"origin": [-1.5, 49.75, -4.35], "size": [0, 4, 8], "uv": [54, 108]},
						{"origin": [-1.5, 51.25, -4.35], "size": [2, 2, 4], "inflate": -0.01, "uv": [120, 58]},
						{"origin": [-1.49, 50, -2.6], "size": [0, 3, 4], "pivot": [-1.5, 52, 0.4], "rotation": [37.5, 0, 0], "uv": [63, 107]}
					]
				},
				{
					"name": "eye_right",
					"parent": "face_right",
					"pivot": [-1.51, 52.7, -1.35],
					"cubes": [
						{"origin": [-1.51, 51.7, -3.85], "size": [0, 2, 4], "uv": [85, 16]}
					]
				},
				{
					"name": "pupil_right",
					"parent": "eye_right",
					"pivot": [-1.52, 52.7, -2.35],
					"cubes": [
						{"origin": [-1.52, 51.7, -2.85], "size": [0, 2, 1], "uv": [106, 125]}
					]
				},
				{
					"name": "eyelid_right",
					"parent": "eye_right",
					"pivot": [-1.41, 52.7, -2.35],
					"cubes": [
						{"origin": [-1.42, 51.7, -3.85], "size": [0, 2, 4], "inflate": 0.01, "uv": [124, 72]}
					]
				},
				{
					"name": "eyelid_recoil_right",
					"parent": "eye_right",
					"pivot": [-1.41, 52.7, -2.35],
					"cubes": [
						{"origin": [-1.42, 51.7, -3.85], "size": [0, 2, 4], "inflate": 0.01, "uv": [97, 122], "mirror": true}
					]
				},
				{
					"name": "jaw",
					"parent": "beak",
					"pivot": [0, 51.5, -2.25],
					"rotation": [-11.5, 0, 0],
					"cubes": [
						{"origin": [-1, 50.5, -4.5], "size": [2, 1, 3], "inflate": 0.02, "uv": [52, 91]}
					]
				},
				{
					"name": "hair",
					"parent": "head",
					"pivot": [0, 55, -3.35],
					"rotation": [2.5, 0, 0],
					"cubes": [
						{"origin": [-1.5, 53.25, -2.6], "size": [3, 4, 6], "inflate": 0.01, "uv": [88, 105]},
						{"origin": [-1.5, 53.25, -2.9], "size": [3, 4, 6], "inflate": 0.01, "uv": [88, 105]},
						{"origin": [1.5, 56.25, 0.15], "size": [1, 1, 3], "inflate": 0.01, "uv": [105, 107]},
						{"origin": [-2.5, 56.25, 0.15], "size": [1, 1, 3], "inflate": 0.01, "uv": [114, 107], "mirror": true},
						{"origin": [-0.5, 56.03497, -7.14565], "size": [1, 2, 6], "inflate": 0.01, "pivot": [0.5, 57.53497, -2.14565], "rotation": [53, 0, 0], "uv": [145, 84]},
						{"origin": [0, 53.33497, -7.54565], "size": [0, 7, 9], "inflate": 0.01, "pivot": [1, 57.83497, -2.54565], "rotation": [53, 0, 0], "uv": [144, 85]}
					]
				},
				{
					"name": "hair_back",
					"parent": "hair",
					"pivot": [0, 57.25, 4.9],
					"rotation": [-57.5, 0, 0],
					"cubes": [
						{"origin": [0, 49.25, 4.9], "size": [0, 8, 20], "uv": [0, 0]}
					]
				},
				{
					"name": "hairpos_left",
					"parent": "hair",
					"pivot": [1.5, 57.25, -2.6],
					"rotation": [90, 41, 0],
					"cubes": [
						{"origin": [-4.2, 52.45, -6.6], "size": [6, 5, 4], "uv": [96, 0]}
					]
				},
				{
					"name": "hair_left",
					"parent": "hairpos_left",
					"pivot": [-1.5, 52.25, -2.6],
					"rotation": [-50, 0, 0],
					"cubes": [
						{"origin": [-8.85337, 38.76794, 3.24317], "size": [4, 10, 1], "pivot": [-7.17784, 50.98747, -2.88093], "rotation": [85.2224, -2.21025, 87.62976], "uv": [19, 115]},
						{"origin": [-9.73622, 49.0411, 6.8294], "size": [6, 11, 2], "inflate": 0.01, "pivot": [-7.17784, 51.98747, 1.11907], "rotation": [85.2224, -2.21025, 87.62976], "uv": [94, 77]}
					]
				},
				{
					"name": "hair_left2",
					"parent": "hair_left",
					"pivot": [-1.5, 41.25, -4.6]
				},
				{
					"name": "hair_left_end",
					"parent": "hair_left2",
					"pivot": [1, 31.25, -4.6],
					"rotation": [0, 7.5, 2.5]
				},
				{
					"name": "hair_left_end2",
					"parent": "hair_left2",
					"pivot": [-4, 31.25, -4.6],
					"rotation": [0, -7.5, -2.5]
				},
				{
					"name": "hairpos_right",
					"parent": "hair",
					"pivot": [-1.5, 57.25, -2.6],
					"rotation": [90, -41, 0],
					"cubes": [
						{"origin": [-1.8, 52.45, -6.6], "size": [6, 5, 4], "uv": [96, 50]}
					]
				},
				{
					"name": "hair_right",
					"parent": "hairpos_right",
					"pivot": [1.5, 52.25, -2.6],
					"rotation": [-50, 0, 0],
					"cubes": [
						{"origin": [4.85337, 38.76794, 3.24317], "size": [4, 10, 1], "pivot": [7.17784, 50.98747, -2.88093], "rotation": [85.2224, 2.21025, -87.62976], "uv": [83, 116]},
						{"origin": [3.73622, 49.0411, 6.8294], "size": [6, 11, 2], "inflate": 0.01, "pivot": [7.17784, 51.98747, 1.11907], "rotation": [85.2224, 2.21025, -87.62976], "uv": [94, 92]}
					]
				},
				{
					"name": "hair_right2",
					"parent": "hair_right",
					"pivot": [1.5, 41.25, -4.6]
				},
				{
					"name": "hair_right_end",
					"parent": "hair_right2",
					"pivot": [-1, 31.25, -4.6],
					"rotation": [0, -7.5, -2.5]
				},
				{
					"name": "hair_right_end2",
					"parent": "hair_right2",
					"pivot": [4, 31.25, -4.6],
					"rotation": [0, 7.5, 2.5]
				},
				{
					"name": "arm_left",
					"parent": "torso2",
					"pivot": [4.5, 46.25, 0.5],
					"cubes": [
						{"origin": [3.5, 43.25, -1.5], "size": [3, 4, 4], "inflate": 0.01, "uv": [116, 12]}
					]
				},
				{
					"name": "arm_left2",
					"parent": "arm_left",
					"pivot": [5.1, 45.5, 0.5],
					"cubes": [
						{"origin": [5, 44, -1], "size": [7, 2, 3], "uv": [112, 90]}
					]
				},
				{
					"name": "arm_left3",
					"parent": "arm_left2",
					"pivot": [12, 44.25, 2],
					"cubes": [
						{"origin": [12, 44, -1], "size": [10, 2, 3], "inflate": 0.02, "uv": [94, 45]}
					]
				},
				{
					"name": "wrist_left",
					"parent": "arm_left3",
					"pivot": [22, 45, 0.5]
				},
				{
					"name": "hand_left",
					"parent": "wrist_left",
					"pivot": [22, 45, 0.5],
					"cubes": [
						{"origin": [22, 44, -1.5], "size": [4, 2, 4], "uv": [116, 34]}
					]
				},
				{
					"name": "finger_left1",
					"parent": "hand_left",
					"pivot": [25.5, 45.25, 0.5],
					"cubes": [
						{"origin": [25.5, 44.25, -0.5], "size": [2, 2, 2], "uv": [96, 59]}
					]
				},
				{
					"name": "finger_left2",
					"parent": "finger_left1",
					"pivot": [27.5, 46.25, 0.5],
					"cubes": [
						{"origin": [27.5, 44.25, -0.5], "size": [2, 2, 2], "inflate": 0.01, "uv": [104, 59]}
					]
				},
				{
					"name": "finger_left3",
					"parent": "finger_left2",
					"pivot": [29.5, 46.25, 0.5],
					"cubes": [
						{"origin": [29.5, 44.25, 0.5], "size": [2, 2, 0], "uv": [96, 12]}
					]
				},
				{
					"name": "finger_left4",
					"parent": "hand_left",
					"pivot": [25.5, 44.75, -1],
					"cubes": [
						{"origin": [25.5, 43.75, -2], "size": [2, 2, 2], "uv": [112, 59]}
					]
				},
				{
					"name": "finger_left5",
					"parent": "finger_left4",
					"pivot": [27.5, 45.75, -1],
					"cubes": [
						{"origin": [27.5, 43.75, -2], "size": [2, 2, 2], "inflate": 0.01, "uv": [120, 100]}
					]
				},
				{
					"name": "finger_left6",
					"parent": "finger_left5",
					"pivot": [29.5, 45.75, -1],
					"cubes": [
						{"origin": [29.5, 43.75, -1], "size": [2, 2, 0], "uv": [100, 12]}
					]
				},
				{
					"name": "finger_left7",
					"parent": "hand_left",
					"pivot": [25.5, 44.75, 2],
					"cubes": [
						{"origin": [25.5, 43.75, 1], "size": [2, 2, 2], "uv": [124, 104]}
					]
				},
				{
					"name": "finger_left8",
					"parent": "finger_left7",
					"pivot": [27.5, 45.75, 2],
					"cubes": [
						{"origin": [27.5, 43.75, 1], "size": [2, 2, 2], "inflate": 0.01, "uv": [124, 108]}
					]
				},
				{
					"name": "finger_left9",
					"parent": "finger_left8",
					"pivot": [29.5, 45.75, 2],
					"cubes": [
						{"origin": [29.5, 43.75, 2], "size": [2, 2, 0], "uv": [104, 12]}
					]
				},
				{
					"name": "hand_fire_left4",
					"parent": "hand_left",
					"pivot": [22, 45, -1],
					"rotation": [0, 65, 0],
					"cubes": [
						{"origin": [23.4535, 46.95606, -14.25905], "size": [0, 6, 15], "pivot": [22, 45.5, -8.5], "rotation": [-30, 0, 0], "uv": [137, 88]}
					]
				},
				{
					"name": "hand_fire_left5",
					"parent": "hand_left",
					"pivot": [22, 45, 2],
					"rotation": [0, -65, 0],
					"cubes": [
						{"origin": [23.92744, 46.84555, 0.45045], "size": [0, 6, 15], "pivot": [22, 45.5, 9.5], "rotation": [30, 0, 0], "uv": [152, 88]}
					]
				},
				{
					"name": "hand_fire_left",
					"parent": "wrist_left",
					"pivot": [22, 46, 0.5]
				},
				{
					"name": "hand_fire_left1",
					"parent": "hand_fire_left",
					"pivot": [22, 46, 0.5],
					"rotation": [0, 0, -60]
				},
				{
					"name": "hand_fire_left2",
					"parent": "hand_fire_left",
					"pivot": [22, 45, -1],
					"rotation": [0, 65, 0]
				},
				{
					"name": "hand_fire_left3",
					"parent": "hand_fire_left",
					"pivot": [22, 45, 2],
					"rotation": [0, -65, 0]
				},
				{
					"name": "arm_right",
					"parent": "torso2",
					"pivot": [-4.5, 46.25, 0.5],
					"cubes": [
						{"origin": [-6.5, 43.25, -1.5], "size": [3, 4, 4], "inflate": 0.01, "uv": [116, 50]}
					]
				},
				{
					"name": "arm_right2",
					"parent": "arm_right",
					"pivot": [-5, 45.5, 0.5],
					"cubes": [
						{"origin": [-12, 44, -1], "size": [7, 2, 3], "uv": [112, 95]}
					]
				},
				{
					"name": "arm_right3",
					"parent": "arm_right2",
					"pivot": [-12, 44, 2],
					"cubes": [
						{"origin": [-22, 44, -1], "size": [10, 2, 3], "inflate": 0.02, "uv": [94, 63]}
					]
				},
				{
					"name": "wrist_right",
					"parent": "arm_right3",
					"pivot": [-22, 45, 0.5]
				},
				{
					"name": "hand_right",
					"parent": "wrist_right",
					"pivot": [-22, 45, 0.5],
					"cubes": [
						{"origin": [-26, 44, -1.5], "size": [4, 2, 4], "uv": [118, 20]}
					]
				},
				{
					"name": "finger_right1",
					"parent": "hand_right",
					"pivot": [-25.5, 45.25, 0.5],
					"cubes": [
						{"origin": [-27.5, 44.25, -0.5], "size": [2, 2, 2], "uv": [147, 7]}
					]
				},
				{
					"name": "finger_right2",
					"parent": "finger_right1",
					"pivot": [-27.5, 46.25, 0.5],
					"cubes": [
						{"origin": [-29.5, 44.25, -0.5], "size": [2, 2, 2], "inflate": 0.01, "uv": [0, 8]}
					]
				},
				{
					"name": "finger_right3",
					"parent": "finger_right2",
					"pivot": [-29.5, 46.25, 0.5],
					"cubes": [
						{"origin": [-31.5, 44.25, 0.5], "size": [2, 2, 0], "uv": [108, 12]}
					]
				},
				{
					"name": "finger_right4",
					"parent": "hand_right",
					"pivot": [-25.5, 44.75, -1],
					"cubes": [
						{"origin": [-27.5, 43.75, -2], "size": [2, 2, 2], "uv": [8, 8]}
					]
				},
				{
					"name": "finger_right5",
					"parent": "finger_right4",
					"pivot": [-27.5, 45.75, -1],
					"cubes": [
						{"origin": [-29.5, 43.75, -2], "size": [2, 2, 2], "inflate": 0.01, "uv": [16, 8]}
					]
				},
				{
					"name": "finger_right6",
					"parent": "finger_right5",
					"pivot": [-29.5, 45.75, -1],
					"cubes": [
						{"origin": [-31.5, 43.75, -1], "size": [2, 2, 0], "uv": [112, 12]}
					]
				},
				{
					"name": "finger_right7",
					"parent": "hand_right",
					"pivot": [-25.5, 44.75, 2],
					"cubes": [
						{"origin": [-27.5, 43.75, 1], "size": [2, 2, 2], "uv": [24, 8]}
					]
				},
				{
					"name": "finger_right8",
					"parent": "finger_right7",
					"pivot": [-27.5, 45.75, 2],
					"cubes": [
						{"origin": [-29.5, 43.75, 1], "size": [2, 2, 2], "inflate": 0.01, "uv": [133, 8]}
					]
				},
				{
					"name": "finger_right9",
					"parent": "finger_right8",
					"pivot": [-29.5, 45.75, 2],
					"cubes": [
						{"origin": [-31.5, 43.75, 2], "size": [2, 2, 0], "uv": [82, 113]}
					]
				},
				{
					"name": "hand_fire_right4",
					"parent": "hand_right",
					"pivot": [-22, 45, -1],
					"rotation": [0, -65, 0],
					"cubes": [
						{"origin": [-23.4535, 46.95606, -14.25905], "size": [0, 6, 15], "pivot": [-22, 45.5, -8.5], "rotation": [-30, 0, 0], "uv": [137, 88], "mirror": true}
					]
				},
				{
					"name": "hand_fire_right5",
					"parent": "hand_right",
					"pivot": [-22, 45, 2],
					"rotation": [0, 65, 0],
					"cubes": [
						{"origin": [-23.92744, 46.84555, 0.45045], "size": [0, 6, 15], "pivot": [-22, 45.5, 9.5], "rotation": [30, 0, 0], "uv": [152, 88]}
					]
				},
				{
					"name": "hand_fire_right",
					"parent": "wrist_right",
					"pivot": [-22, 46, 0.5]
				},
				{
					"name": "hand_fire_right1",
					"parent": "hand_fire_right",
					"pivot": [-22, 46, 0.5],
					"rotation": [0, 0, 60]
				},
				{
					"name": "hand_fire_right2",
					"parent": "hand_fire_right",
					"pivot": [-22, 45, -1],
					"rotation": [0, -65, 0]
				},
				{
					"name": "hand_fire_right3",
					"parent": "hand_fire_right",
					"pivot": [-22, 45, 2],
					"rotation": [0, 65, 0]
				},
				{
					"name": "leg_right",
					"parent": "body",
					"pivot": [-3.5, 31, 0.25],
					"cubes": [
						{"origin": [-7, 16, -3.5], "size": [7, 17, 7], "uv": [40, 0]}
					]
				},
				{
					"name": "leg_right2",
					"parent": "leg_right",
					"pivot": [-3.25, 17, -2],
					"cubes": [
						{"origin": [-8, 4.5, -4.5], "size": [9, 13, 9], "inflate": 0.01, "uv": [0, 28]}
					]
				},
				{
					"name": "claw_right",
					"parent": "leg_right2",
					"pivot": [-3.5, 12.15, 4],
					"rotation": [25, 0, 0],
					"cubes": [
						{"origin": [-3.5, 11.25, 4], "size": [0, 2, 4], "uv": [124, 84]}
					]
				},
				{
					"name": "foot_right",
					"parent": "leg_right2",
					"pivot": [-3.5, 4.5, 0.25],
					"cubes": [
						{"origin": [-8, 2, -4.5], "size": [9, 3, 9], "uv": [28, 50]},
						{"origin": [-8.5, 2, -7.5], "size": [10, 0, 3], "pivot": [-5, 2, -4.5], "rotation": [15, 0, 0], "uv": [40, 24]},
						{"origin": [-8.5, 2, 4.5], "size": [10, 0, 3], "pivot": [-3.25, 2, 4.5], "rotation": [-15, 0, 0], "uv": [94, 68]},
						{"origin": [-11, 2, -5.25], "size": [3, 0, 10], "pivot": [-8, 2, 0], "rotation": [0, 0, -15], "uv": [66, 75]},
						{"origin": [1, 2, -5], "size": [3, 0, 10], "pivot": [1, 2, 0], "rotation": [0, 0, 15], "uv": [66, 85]}
					]
				},
				{
					"name": "foot_fire_right",
					"parent": "foot_right",
					"pivot": [-3.5, 1, 0]
				},
				{
					"name": "foot_fire_right1",
					"parent": "foot_fire_right",
					"pivot": [-8.5, 1, 0],
					"rotation": [0, 0, -52.5]
				},
				{
					"name": "foot_fire_right2",
					"parent": "foot_fire_right",
					"pivot": [-5.5, 1, -5],
					"rotation": [52.5, 0, 0]
				},
				{
					"name": "foot_fire_right3",
					"parent": "foot_fire_right",
					"pivot": [-5.5, 1, 5],
					"rotation": [-52.5, 0, 0]
				},
				{
					"name": "nail_right1",
					"parent": "foot_right",
					"pivot": [-5.5, 2.5, -2.5],
					"rotation": [-10, -32.5, 0],
					"cubes": [
						{"origin": [-5.5, -0.5, -3], "size": [0, 3, 2], "uv": [82, 108]}
					]
				},
				{
					"name": "nail_right2",
					"parent": "foot_right",
					"pivot": [-1.5, 2.5, -2.5],
					"rotation": [-10, 32.5, 0],
					"cubes": [
						{"origin": [-1.5, -0.5, -3], "size": [0, 3, 2], "uv": [116, 40]}
					]
				},
				{
					"name": "nail_right3",
					"parent": "foot_right",
					"pivot": [-3.5, 2.5, 2.75],
					"rotation": [10, 0, 0],
					"cubes": [
						{"origin": [-3.5, -0.5, 1.25], "size": [0, 3, 2], "uv": [95, 117]}
					]
				},
				{
					"name": "leg_left",
					"parent": "body",
					"pivot": [3.5, 31, 0.25],
					"cubes": [
						{"origin": [0, 16, -3.5], "size": [7, 17, 7], "uv": [0, 50]}
					]
				},
				{
					"name": "leg_left2",
					"parent": "leg_left",
					"pivot": [3.25, 17, -2],
					"cubes": [
						{"origin": [-1, 4.5, -4.5], "size": [9, 13, 9], "inflate": 0.01, "uv": [36, 28]}
					]
				},
				{
					"name": "claw_left",
					"parent": "leg_left2",
					"pivot": [3.5, 12.25, 4],
					"rotation": [25, 0, 0],
					"cubes": [
						{"origin": [3.5, 11.25, 4], "size": [0, 2, 4], "uv": [124, 78]}
					]
				},
				{
					"name": "foot_left",
					"parent": "leg_left2",
					"pivot": [3.5, 4.5, 0.25],
					"cubes": [
						{"origin": [-1, 2, -4.5], "size": [9, 3, 9], "uv": [28, 62]},
						{"origin": [-1.5, 2, -7.5], "size": [10, 0, 3], "pivot": [5, 2, -4.5], "rotation": [15, 0, 0], "uv": [94, 71]},
						{"origin": [-1.5, 2, 4.5], "size": [10, 0, 3], "pivot": [3.25, 2, 4.5], "rotation": [-15, 0, 0], "uv": [96, 9]},
						{"origin": [8, 2, -5.25], "size": [3, 0, 10], "pivot": [8, 2, 0], "rotation": [0, 0, 15], "uv": [0, 92]},
						{"origin": [-4, 2, -5], "size": [3, 0, 10], "pivot": [-1, 2, 0], "rotation": [0, 0, -15], "uv": [26, 92]}
					]
				},
				{
					"name": "foot_fire_left",
					"parent": "foot_left",
					"pivot": [3.5, 1, 0]
				},
				{
					"name": "foot_fire_left1",
					"parent": "foot_fire_left",
					"pivot": [8.5, 1, 0],
					"rotation": [0, 0, 52.5]
				},
				{
					"name": "foot_fire_left2",
					"parent": "foot_fire_left",
					"pivot": [5.5, 1, -5],
					"rotation": [52.5, 0, 0]
				},
				{
					"name": "foot_fire_left3",
					"parent": "foot_fire_left",
					"pivot": [5.5, 1, 5],
					"rotation": [-52.5, 0, 0]
				},
				{
					"name": "nail_left1",
					"parent": "foot_left",
					"pivot": [5.5, 2.5, -2.5],
					"rotation": [-10, 32.5, 0],
					"cubes": [
						{"origin": [5.5, -0.5, -3], "size": [0, 3, 2], "uv": [155, 7]}
					]
				},
				{
					"name": "nail_left2",
					"parent": "foot_left",
					"pivot": [1.5, 2.5, -2.5],
					"rotation": [-10, -32.5, 0],
					"cubes": [
						{"origin": [1.5, -0.5, -3], "size": [0, 3, 2], "uv": [141, 8]}
					]
				},
				{
					"name": "nail_left3",
					"parent": "foot_left",
					"pivot": [3.5, 2.5, 2.75],
					"rotation": [10, 0, 0],
					"cubes": [
						{"origin": [3.5, -0.5, 1.25], "size": [0, 3, 2], "uv": [77, 19]}
					]
				},
				{
					"name": "tail1",
					"parent": "body",
					"pivot": [0, 30.5, 2],
					"rotation": [-12.5, 0, 0],
					"cubes": [
						{"origin": [-4, 25.25, 0.5], "size": [8, 8, 6], "inflate": 0.02, "uv": [68, 0]}
					]
				},
				{
					"name": "locator_seat",
					"parent": "tail1",
					"pivot": [0, 33.3, 4],
					"locators": {
						"seat": [0, 33.3, 4]
					}
				},
				{
					"name": "tail2",
					"parent": "tail1",
					"pivot": [0, 29.5, 6.5],
					"rotation": [7.5, 0, 0],
					"cubes": [
						{"origin": [-2.5, 26.5, 5.5], "size": [5, 6, 4], "inflate": 0.02, "uv": [0, 111]}
					]
				},
				{
					"name": "tail3",
					"parent": "tail2",
					"pivot": [0, 29.75, 9.5],
					"rotation": [5, 0, 0],
					"cubes": [
						{"origin": [-1, 27.75, 8.5], "size": [2, 4, 5], "inflate": 0.02, "uv": [116, 0]}
					]
				}
			]
		}
	]
}