{
	"format_version": "1.12.0",
	"minecraft:geometry": [
		{
			"description": {
				"identifier": "geometry.cetitan",
				"texture_width": 256,
				"texture_height": 256,
				"visible_bounds_width": 12,
				"visible_bounds_height": 4.5,
				"visible_bounds_offset": [0, 1.75, 0]
			},
			"bones": [
				{
					"name": "cetitan",
					"pivot": [0, 0, 0]
				},
				{
					"name": "body",
					"parent": "cetitan",
					"pivot": [9, 15, 4]
				},
				{
                    "name": "locator_seat_1",
                    "parent": "body",
                    "pivot": [0, 46, -19],
                    "locators": {
                        "seat_1": [0, 46, -19]
                    }
                },
				{
					"name": "torso",
					"parent": "body",
					"pivot": [0, 20, 3],
					"cubes": [
						{"origin": [-14.5, 15.5, 1], "size": [29, 28, 14], "uv": [110, 108]},
						{"origin": [-4, 27.5, -33], "size": [8, 8, 5], "uv": [0, 176]},
						{"origin": [-3, 28.5, -38], "size": [6, 6, 5], "uv": [26, 176]}
					]
				},
				{
					"name": "spike_left2",
					"parent": "torso",
					"pivot": [15, 46, -11.5],
					"rotation": [0, 0, 40],
					"cubes": [
						{"origin": [11.5, 43.5, -15], "size": [7, 5, 7], "uv": [0, 12]},
						{"origin": [12.5, 48.5, -14], "size": [5, 5, 5], "uv": [176, 36]}
					]
				},
				{
					"name": "spike_right2",
					"parent": "torso",
					"pivot": [-15, 46, -11.5],
					"rotation": [0, 0, -40],
					"cubes": [
						{"origin": [-18.5, 43.5, -15], "size": [7, 5, 7], "uv": [0, 0]},
						{"origin": [-17.5, 48.5, -14], "size": [5, 5, 5], "uv": [176, 19]}
					]
				},
				{
					"name": "torso_closed",
					"parent": "torso",
					"pivot": [0, 31, -13.5],
					"cubes": [
						{"origin": [-16.5, 15, -28], "size": [33, 32, 29], "uv": [0, 0]}
					]
				},
				{
					"name": "spike_left_closed",
					"parent": "torso_closed",
					"pivot": [13, 36.5, -27],
					"rotation": [-7.5, -22.5, 0],
					"cubes": [
						{"origin": [9, 32.5, -30], "size": [8, 8, 5], "uv": [0, 74]},
						{"origin": [10, 33.5, -35], "size": [6, 6, 5], "uv": [40, 158]}
					]
				},
				{
					"name": "spike_right_closed",
					"parent": "torso_closed",
					"pivot": [-13, 36.5, -27],
					"rotation": [-7.5, 22.5, 0],
					"cubes": [
						{"origin": [-17, 32.5, -30], "size": [8, 8, 5], "uv": [0, 61]},
						{"origin": [-16, 33.5, -35], "size": [6, 6, 5], "uv": [146, 150]}
					]
				},
				{
					"name": "torso_open",
					"parent": "torso",
					"pivot": [0, 31, -13.5],
					"cubes": [
						{"origin": [-16.5, 15, -28], "size": [33, 32, 29], "uv": [0, 61]}
					]
				},
				{
					"name": "spike_right_open",
					"parent": "torso_open",
					"pivot": [-13, 21.5, -27],
					"rotation": [7.5, 22.5, 0],
					"cubes": [
						{"origin": [-17, 17.5, -30], "size": [8, 8, 5], "uv": [84, 122]},
						{"origin": [-16, 18.5, -35], "size": [6, 6, 5], "uv": [112, 174]}
					]
				},
				{
					"name": "spike_left_open",
					"parent": "torso_open",
					"pivot": [13, 21.5, -27],
					"rotation": [7.5, -22.5, 0],
					"cubes": [
						{"origin": [9, 17.5, -30], "size": [8, 8, 5], "uv": [58, 122]},
						{"origin": [10, 18.5, -35], "size": [6, 6, 5], "uv": [86, 162]}
					]
				},
				{
					"name": "arm_left",
					"parent": "torso",
					"pivot": [15, 27, -10],
					"cubes": [
						{"origin": [11.5, 23.5, -17], "size": [19, 7, 14], "uv": [124, 36]}
					]
				},
				{
					"name": "hand_left",
					"parent": "arm_left",
					"pivot": [30.5, 27, -5],
					"cubes": [
						{"origin": [30.5, 24, -16], "size": [14, 6, 12], "uv": [158, 150]}
					]
				},
				{
					"name": "finger_left",
					"parent": "hand_left",
					"pivot": [35, 27, -15.5],
					"cubes": [
						{"origin": [33.5, 25, -23], "size": [3, 4, 9], "uv": [176, 6]}
					]
				},
				{
					"name": "arm_right",
					"parent": "torso",
					"pivot": [-15, 27, -10],
					"cubes": [
						{"origin": [-30.5, 23.5, -17], "size": [19, 7, 14], "uv": [124, 15]}
					]
				},
				{
					"name": "hand_right",
					"parent": "arm_right",
					"pivot": [-30.5, 27, -5],
					"cubes": [
						{"origin": [-44.5, 24, -16], "size": [14, 6, 12], "uv": [0, 158]}
					]
				},
				{
					"name": "finger_right",
					"parent": "hand_right",
					"pivot": [-35, 27, -15.5],
					"cubes": [
						{"origin": [-36.5, 25, -23], "size": [3, 4, 9], "uv": [169, 93]}
					]
				},
				{
					"name": "tail",
					"parent": "torso",
					"pivot": [0, 26.5, 13],
					"cubes": [
						{"origin": [-10.5, 16.5, 9], "size": [21, 20, 16], "uv": [0, 122]}
					]
				},
				{
					"name": "tail2",
					"parent": "tail",
					"pivot": [0, 26, 24],
					"cubes": [
						{"origin": [-7.5, 19, 23], "size": [15, 14, 12], "uv": [124, 76]}
					]
				},
				{
					"name": "tail3",
					"parent": "tail2",
					"pivot": [0, 26, 34],
					"cubes": [
						{"origin": [-5.5, 21, 32], "size": [11, 10, 12], "uv": [146, 168]},
						{"origin": [5.5, 25, 36], "size": [15, 0, 9], "uv": [86, 76]},
						{"origin": [-20.5, 25, 36], "size": [15, 0, 9], "uv": [86, 15]}
					]
				},
				{
					"name": "tail4",
					"parent": "tail3",
					"pivot": [0, 25.5, 43],
					"cubes": [
						{"origin": [-3.5, 22, 41], "size": [7, 7, 12], "uv": [86, 174]}
					]
				},
				{
					"name": "tail5",
					"parent": "tail4",
					"pivot": [0, 25, 49],
					"cubes": [
						{"origin": [-0.5, 25, 44], "size": [42, 0, 15], "pivot": [0, 25, 51.5], "rotation": [0, -32.5, 0], "uv": [80, 61]},
						{"origin": [-41.5, 25, 44], "size": [42, 0, 15], "pivot": [0, 25, 51.5], "rotation": [0, 32.5, 0], "uv": [80, 0]}
					]
				},
				{
					"name": "eye_right",
					"parent": "torso",
					"pivot": [0, 31, -9],
					"cubes": [
						{"origin": [-16.51, 31, -24], "size": [1, 5, 6], "uv": [180, 168]}
					]
				},
				{
					"name": "eyelid_right",
					"parent": "eye_right",
					"pivot": [0.1, 31, -9],
					"cubes": [
						{"origin": [-16.41, 31, -24], "size": [1, 5, 6], "inflate": 0.01, "uv": [128, 179]}
					]
				},
				{
					"name": "eye_left",
					"parent": "torso",
					"pivot": [0, 31, -9],
					"cubes": [
						{"origin": [15.51, 31, -24], "size": [1, 5, 6], "uv": [124, 36]}
					]
				},
				{
					"name": "eyelid_left",
					"parent": "eye_left",
					"pivot": [-0.1, 31, -9],
					"cubes": [
						{"origin": [15.41, 31, -24], "size": [1, 5, 6], "inflate": 0.01, "uv": [0, 122]}
					]
				},
				{
					"name": "leg_left",
					"parent": "body",
					"pivot": [12, 20, 3],
					"cubes": [
						{"origin": [6, 12, -3], "size": [12, 12, 12], "uv": [110, 150]}
					]
				},
				{
					"name": "leg_left2",
					"parent": "leg_left",
					"pivot": [12, 12, -3],
					"cubes": [
						{"origin": [6.5, 0, -3], "size": [11, 12, 12], "uv": [168, 64]}
					]
				},
				{
					"name": "toe_left",
					"parent": "leg_left2",
					"pivot": [9, 2, -3],
					"cubes": [
						{"origin": [9, 0, -11], "size": [0, 4, 8], "uv": [111, 16]}
					]
				},
				{
					"name": "toe_left2",
					"parent": "leg_left2",
					"pivot": [15, 2, -3],
					"cubes": [
						{"origin": [15, 0, -11], "size": [0, 4, 8], "uv": [95, 77]}
					]
				},
				{
					"name": "leg_right",
					"parent": "body",
					"pivot": [-12, 20, 3],
					"cubes": [
						{"origin": [-18, 12, -3], "size": [12, 12, 12], "uv": [74, 138]}
					]
				},
				{
					"name": "leg_right2",
					"parent": "leg_right",
					"pivot": [-12, 12, -3],
					"cubes": [
						{"origin": [-17.5, 0, -3], "size": [11, 12, 12], "uv": [52, 162]}
					]
				},
				{
					"name": "toe_right",
					"parent": "leg_right2",
					"pivot": [-9, 2, -3],
					"cubes": [
						{"origin": [-9, 0, -11], "size": [0, 4, 8], "uv": [95, 16]}
					]
				},
				{
					"name": "toe_right2",
					"parent": "leg_right2",
					"pivot": [-15, 2, -3],
					"cubes": [
						{"origin": [-15, 0, -11], "size": [0, 4, 8], "uv": [0, 16]}
					]
				}
			]
		}
	]
}