{
	"format_version": "1.12.0",
	"minecraft:geometry": [
		{
			"description": {
				"identifier": "geometry.unknown",
				"texture_width": 128,
				"texture_height": 128,
				"visible_bounds_width": 3,
				"visible_bounds_height": 3.5,
				"visible_bounds_offset": [0, 1.25, 0]
			},
			"bones": [
				{
					"name": "appletun",
					"pivot": [0, 0, 0]
				},
				{
					"name": "overall_body",
					"parent": "appletun",
					"pivot": [7, 8, -8]
				},
				{
					"name": "body",
					"parent": "overall_body",
					"pivot": [7, 8, -8],
					"cubes": [
						{"origin": [-7, 2, -8], "size": [14, 14, 16], "uv": [0, 27]},
						{"origin": [-8, 7.95, -9], "size": [16, 9, 18], "uv": [0, 0]}
					]
				},
				{
					"name": "neck",
					"parent": "body",
					"pivot": [1, 4.025, -6],
					"cubes": [
						{"origin": [-2, 2.025, -12], "size": [4, 4, 6], "uv": [68, 40]}
					]
				},
				{
					"name": "head",
					"parent": "neck",
					"pivot": [1.5, 3.975, -10],
					"cubes": [
						{"origin": [-2.5, 1.975, -15], "size": [5, 5, 5], "uv": [68, 30]},
						{"origin": [-2, 2.975, -18], "size": [4, 2, 3], "uv": [26, 63]},
						{"origin": [-2, 3.025, -18.925], "size": [4, 2, 2], "inflate": 0.01, "pivot": [-0.5, 4.025, -17.925], "rotation": [-22.5, 0, 0], "uv": [52, 70]},
						{"origin": [2.5, 1.975, -15], "size": [1, 3, 3], "uv": [64, 70]},
						{"origin": [-3.5, 1.975, -15], "size": [1, 3, 3], "uv": [70, 60]}
					]
				},
				{
                    "name": "locator_seat_1",
                    "parent": "body",
                    "pivot": [0, 18, -4],
                    "locators": {
                        "seat_1": [0, 18, -4]
                    }
                },
				{
					"name": "right_ear",
					"parent": "head",
					"pivot": [-2.95, 6.1, -12.5],
					"rotation": [0, 0, -62.5],
					"cubes": [
						{"origin": [-7.95, 6.1, -14], "size": [6, 0, 3], "inflate": 0.01, "uv": [0, 38]}
					]
				},
				{
					"name": "left_ear",
					"parent": "head",
					"pivot": [2.95, 6.1, -12.5],
					"rotation": [0, 0, 62.5],
					"cubes": [
						{"origin": [1.95, 6.1, -14], "size": [6, 0, 3], "inflate": 0.01, "uv": [52, 30]}
					]
				},
				{
					"name": "head_cap",
					"parent": "head",
					"pivot": [2, 4.975, -14.625],
					"cubes": [
						{"origin": [-3, 4.975, -15.625], "size": [6, 4, 6], "uv": [52, 60]}
					]
				},
				{
					"name": "jaw",
					"parent": "head",
					"pivot": [0.5, 2.5, -14.875],
					"rotation": [-5, 0, 0],
					"cubes": [
						{"origin": [-1.5, 2.07179, -16.87595], "size": [3, 1, 2], "uv": [69, 51]}
					]
				},
				{
					"name": "appleleaves_top",
					"parent": "body",
					"pivot": [7, 8, -8]
				},
				{
					"name": "appleleave_right",
					"parent": "appleleaves_top",
					"pivot": [-0.02075, 16.97331, 0],
					"rotation": [0, 0, -27.5],
					"cubes": [
						{"origin": [-0.01431, 16.47948, -1.5], "size": [0, 9, 3], "inflate": 0.01, "uv": [0, 61]}
					]
				},
				{
					"name": "appleleave_left",
					"parent": "appleleaves_top",
					"pivot": [0.02075, 16.97331, 0],
					"rotation": [0, 0, 27.5],
					"cubes": [
						{"origin": [0.01431, 16.47948, -1.5], "size": [0, 9, 3], "inflate": 0.01, "uv": [6, 61]}
					]
				},
				{
					"name": "apple_crust",
					"parent": "body",
					"pivot": [0, 16.475, 0],
					"cubes": [
						{"origin": [-6, 14.975, -10], "size": [4, 3, 20], "uv": [40, 37]},
						{"origin": [2, 14.975, -10], "size": [4, 3, 20], "uv": [48, 7]},
						{"origin": [2, 11.975, -10], "size": [4, 3, 1], "uv": [76, 17]},
						{"origin": [2, 11.975, 9], "size": [4, 3, 1], "uv": [76, 13]},
						{"origin": [-6, 11.975, 9], "size": [4, 3, 1], "uv": [76, 9]},
						{"origin": [-6, 11.975, -10], "size": [4, 3, 1], "uv": [76, 5]}
					]
				},
				{
					"name": "bone2",
					"parent": "apple_crust",
					"pivot": [-1, 17.475, 0],
					"rotation": [0, -90, 0],
					"cubes": [
						{"origin": [-7, 15.975, -10], "size": [4, 3, 18], "uv": [26, 60]},
						{"origin": [-7, 12.975, -10], "size": [4, 3, 1], "uv": [72, 74]},
						{"origin": [-7, 12.975, 7], "size": [4, 3, 1], "uv": [72, 74]},
						{"origin": [1, 12.975, -10], "size": [4, 3, 1], "uv": [72, 70]},
						{"origin": [1, 12.975, 7], "size": [4, 3, 1], "uv": [72, 70]},
						{"origin": [1, 15.975, -10], "size": [4, 3, 18], "uv": [0, 57]}
					]
				},
				{
					"name": "tails",
					"parent": "body",
					"pivot": [1, 4.175, 7],
					"cubes": [
						{"origin": [-2, 2.175, 6], "size": [4, 4, 5], "uv": [0, 0]}
					]
				},
				{
					"name": "tails2",
					"parent": "tails",
					"pivot": [0.5, 4.325, 11],
					"cubes": [
						{"origin": [-1.5, 2.725, 9], "size": [3, 3, 5], "uv": [0, 9]}
					]
				},
				{
					"name": "leg_front_right",
					"parent": "overall_body",
					"pivot": [-7, 5, -4.025],
					"cubes": [
						{"origin": [-7.95, 1, -6.025], "size": [3, 5, 4], "inflate": 0.01, "uv": [50, 0]}
					]
				},
				{
					"name": "foot_front_right",
					"parent": "leg_front_right",
					"pivot": [-7, 1, -3.025],
					"cubes": [
						{"origin": [-7.95, 0, -7.025], "size": [3, 1, 4], "uv": [64, 0]}
					]
				},
				{
					"name": "leg_front_left",
					"parent": "overall_body",
					"pivot": [7, 5, -4.025],
					"cubes": [
						{"origin": [4.95, 1, -6.025], "size": [3, 5, 4], "inflate": 0.01, "uv": [50, 9]}
					]
				},
				{
					"name": "foot_front_left",
					"parent": "leg_front_left",
					"pivot": [7, 1, -3.025],
					"cubes": [
						{"origin": [4.95, 0, -7.025], "size": [3, 1, 4], "uv": [26, 68]}
					]
				},
				{
					"name": "leg_back_right",
					"parent": "overall_body",
					"pivot": [-6.45, 6, 4.525],
					"cubes": [
						{"origin": [-7.95, 1, 2.025], "size": [3, 6, 5], "inflate": 0.01, "uv": [0, 27]}
					]
				},
				{
					"name": "foot_back_right",
					"parent": "leg_back_right",
					"pivot": [-7, 1, 6.025],
					"cubes": [
						{"origin": [-7.95, 0, 1.025], "size": [3, 1, 5], "uv": [0, 57]}
					]
				},
				{
					"name": "leg_back_left",
					"parent": "overall_body",
					"pivot": [6.45, 6, 4.525],
					"cubes": [
						{"origin": [4.95, 1, 2.025], "size": [3, 6, 5], "inflate": 0.01, "uv": [44, 30]}
					]
				},
				{
					"name": "foot_back_left",
					"parent": "leg_back_left",
					"pivot": [7, 1, 6.025],
					"cubes": [
						{"origin": [4.95, 0, 1.025], "size": [3, 1, 5], "uv": [26, 57]}
					]
				}
			]
		}
	]
}