{
	"format_version": "1.12.0",
	"minecraft:geometry": [
		{
			"description": {
				"identifier": "geometry.probopass",
				"texture_width": 128,
				"texture_height": 128,
				"visible_bounds_width": 5,
				"visible_bounds_height": 3.5,
				"visible_bounds_offset": [0, 1.25, 0]
			},
			"bones": [
				{
					"name": "probopass",
					"pivot": [0, 0, 0]
				},
				{
					"name": "body",
					"parent": "probopass",
					"pivot": [0, 12, 0]
				},
				{
					"name": "torso",
					"parent": "body",
					"pivot": [0, 12, 0],
					"cubes": [
						{"origin": [-1.75736, 7, -2.58579], "size": [12, 11, 8], "pivot": [4.24264, 12.5, 1.41421], "rotation": [0, 45, 0], "uv": [60, 49], "mirror": true},
						{"origin": [-10.24264, 7, -2.58579], "size": [12, 11, 8], "pivot": [-4.24264, 12.5, 1.41421], "rotation": [0, -45, 0], "uv": [60, 30]},
						{"origin": [-2, 7, 6.48528], "size": [4, 11, 4], "pivot": [0, 12.5, 8.48528], "rotation": [0, -45, 0], "uv": [0, 48]},
						{"origin": [-10, 0, -10], "size": [20, 7, 20], "pivot": [0, 3.5, 0], "rotation": [0, -45, 0], "uv": [0, 48]},
						{"origin": [-4.5, 7, -4.5], "size": [9, 15, 9], "pivot": [0, 14.5, 0], "rotation": [0, -45, 0], "uv": [0, 79]},
						{"origin": [-3, 6.55, -11.4], "size": [7, 12, 7], "pivot": [0, 11.8, -8.4], "rotation": [-44.71911, -35.39626, 29.83757], "uv": [62, 99]},
						{"origin": [-6, 5, -14.5], "size": [12, 5, 12], "pivot": [0, 7.5, -8.5], "rotation": [0, -45, 0], "uv": [48, 79]}
					]
				},
				{
                    "name": "locator_seat_1",
                    "parent": "body",
                    "pivot": [0, 30, 0],
                    "locators": {
                        "seat_1": [0, 30, 0]
                    }
                },
				{
					"name": "iron_sand",
					"parent": "torso",
					"pivot": [0, 4.5, -11.48528],
					"cubes": [
						{"origin": [-2.44294, -0.01852, -12.24945], "size": [13, 6, 0], "pivot": [4.05706, 2.98148, -12.24945], "rotation": [-30, -45, 0], "uv": [31, 81]},
						{"origin": [-2.44294, -0.01852, -12.24945], "size": [13, 6, 0], "pivot": [4.05706, 2.98148, -12.24945], "rotation": [30, -45, 0], "uv": [31, 81]},
						{"origin": [-10.55706, -0.01852, -12.24945], "size": [13, 6, 0], "pivot": [-4.05706, 2.98148, -12.24945], "rotation": [-30, 45, 0], "uv": [31, 75]},
						{"origin": [-10.55706, -0.01852, -12.24945], "size": [13, 6, 0], "pivot": [-4.05706, 2.98148, -12.24945], "rotation": [30, 45, 0], "uv": [31, 75]}
					]
				},
				{
					"name": "hat",
					"parent": "torso",
					"pivot": [0, 22, 0],
					"cubes": [
						{"origin": [-4, 29, -4], "size": [8, 2, 8], "pivot": [0, 30, 0], "rotation": [0, -45, 0], "uv": [56, 118]},
						{"origin": [-7, 22, -7], "size": [14, 7, 14], "pivot": [0, 25.5, 0], "rotation": [0, -45, 0], "uv": [0, 107]}
					]
				},
				{
					"name": "eyes",
					"parent": "torso",
					"pivot": [0, 21, -4]
				},
				{
					"name": "eye_left",
					"parent": "eyes",
					"pivot": [3.53553, 20.5, -3.53553],
					"cubes": [
						{"origin": [2.03553, 19, -4.53553], "size": [3, 3, 2], "pivot": [3.53553, 20.5, -3.53553], "rotation": [0, -45, 0], "uv": [90, 76]}
					]
				},
				{
					"name": "eye_right",
					"parent": "eyes",
					"pivot": [-3.53553, 20.5, -3.53553],
					"cubes": [
						{"origin": [-5.03553, 19, -4.53553], "size": [3, 3, 2], "pivot": [-3.53553, 20.5, -3.53553], "rotation": [0, 45, 0], "uv": [90, 71], "mirror": true}
					]
				},
				{
					"name": "mini_nose_left",
					"parent": "body",
					"pivot": [19, 13.25, 0.5],
					"cubes": [
						{"origin": [14, 9, -3], "size": [7, 9, 7], "uv": [100, 75], "mirror": true},
						{"origin": [18, 12.5, -1.5], "size": [5, 6, 4], "pivot": [24.5, 14.5, 0.5], "rotation": [0, 0, -35], "uv": [110, 91], "mirror": true}
					]
				},
				{
					"name": "mini_nose_right",
					"parent": "body",
					"pivot": [-19, 13.25, 0.5],
					"cubes": [
						{"origin": [-21, 9, -3], "size": [7, 9, 7], "uv": [100, 49]},
						{"origin": [-23, 12.5, -1.5], "size": [5, 6, 4], "pivot": [-24.5, 14.5, 0.5], "rotation": [0, 0, 35], "uv": [110, 65]}
					]
				},
				{
					"name": "mini_nose_back",
					"parent": "body",
					"pivot": [-0.5, 13.5, 17.5],
					"cubes": [
						{"origin": [-4, 9, 14], "size": [7, 9, 7], "uv": [100, 101], "mirror": true},
						{"origin": [-2.5, 12.5, 18], "size": [4, 6, 5], "pivot": [-0.5, 14.5, 24.5], "rotation": [35, 0, 0], "uv": [110, 117], "mirror": true}
					]
				}
			]
		}
	]
}