{
	"format_version": "1.12.0",
	"minecraft:geometry": [
		{
			"description": {
				"identifier": "geometry.talonflame",
				"texture_width": 128,
				"texture_height": 64,
				"visible_bounds_width": 6,
				"visible_bounds_height": 3.5,
				"visible_bounds_offset": [0, 1.25, 0]
			},
			"bones": [
				{
					"name": "talonflame",
					"pivot": [0, 0, 0]
				},
				{
					"name": "body",
					"parent": "talonflame",
					"pivot": [0, 14.5, -2]
				},
				{
                    "name": "locator_seat_1",
                    "parent": "body",
                    "pivot": [0, 16, 2],
                    "locators": {
                        "seat_1": [0, 16, 2]
                    }
                },
				{
					"name": "torso",
					"parent": "body",
					"pivot": [0, 10, -1.25],
					"rotation": [-37.5, 0, 0],
					"cubes": [
						{"origin": [-5, 7.5, -10.5], "size": [10, 10, 10], "uv": [0, 0]},
						{"origin": [-4.5, 9, -0.5], "size": [9, 8, 5], "uv": [0, 45]}
					]
				},
				{
					"name": "wing_left",
					"parent": "torso",
					"pivot": [5, 13.5, -8.75],
					"cubes": [
						{"origin": [5, 13.5, -12.25], "size": [9, 0, 10], "uv": [36, 20]}
					]
				},
				{
					"name": "wing_left2",
					"parent": "wing_left",
					"pivot": [14, 13.5, -2.25],
					"cubes": [
						{"origin": [14, 13.5, -12.25], "size": [9, 0, 10], "inflate": 0.01, "uv": [31, 35]}
					]
				},
				{
					"name": "wing_left3",
					"parent": "wing_left2",
					"pivot": [23, 13.5, -11.25],
					"cubes": [
						{"origin": [23, 13.5, -12.25], "size": [14, 0, 10], "uv": [20, 0]}
					]
				},
				{
					"name": "wing_right",
					"parent": "torso",
					"pivot": [-5, 13.5, -8.75],
					"cubes": [
						{"origin": [-14, 13.5, -12.25], "size": [9, 0, 10], "uv": [13, 35]}
					]
				},
				{
					"name": "wing_right2",
					"parent": "wing_right",
					"pivot": [-14, 13.5, -2.25],
					"cubes": [
						{"origin": [-23, 13.5, -12.25], "size": [9, 0, 10], "inflate": 0.01, "uv": [30, 10]}
					]
				},
				{
					"name": "wing_right3",
					"parent": "wing_right2",
					"pivot": [-23, 13.5, -11.25],
					"cubes": [
						{"origin": [-37, 13.5, -12.25], "size": [14, 0, 10], "uv": [0, 20]}
					]
				},
				{
					"name": "tail",
					"parent": "torso",
					"pivot": [0, 14.5, 4.5]
				},
				{
					"name": "tail_left",
					"parent": "tail",
					"pivot": [-0.75, 14.5, 4.5],
					"rotation": [0, 12.5, 0],
					"cubes": [
						{"origin": [-1.75, 14.5, 4.5], "size": [4, 0, 15], "inflate": 0.02, "uv": [82, 49]}
					]
				},
				{
					"name": "tail_right",
					"parent": "tail",
					"pivot": [0.75, 14.5, 4.5],
					"rotation": [0, -12.5, 0],
					"cubes": [
						{"origin": [-2.25, 14.5, 4.5], "size": [4, 0, 15], "inflate": 0.01, "uv": [105, 39]}
					]
				},
				{
					"name": "tail_right2",
					"parent": "tail",
					"pivot": [-0.25, 14.5, 4.5],
					"rotation": [0, -40, 0],
					"cubes": [
						{"origin": [-2.25, 14.5, 4.5], "size": [3, 0, 10], "uv": [48, 10]}
					]
				},
				{
					"name": "tail_left2",
					"parent": "tail",
					"pivot": [0.25, 14.5, 4.5],
					"rotation": [0, 40, 0],
					"cubes": [
						{"origin": [-0.75, 14.5, 4.5], "size": [3, 0, 10], "uv": [48, 0]}
					]
				},
				{
					"name": "neck",
					"parent": "torso",
					"pivot": [0, 10.75, -8.75],
					"rotation": [50, 0, 0],
					"cubes": [
						{"origin": [-3.5, 10.25, -11.75], "size": [7, 6, 7], "uv": [28, 45]}
					]
				},
				{
					"name": "head",
					"parent": "neck",
					"pivot": [0, 16.25, -8],
					"rotation": [-10, 0, 0],
					"cubes": [
						{"origin": [-3.5, 14.25, -12], "size": [7, 6, 7], "inflate": 0.01, "uv": [100, 11]}
					]
				},
				{
					"name": "beak",
					"parent": "head",
					"pivot": [0, 17.25, -12.5],
					"rotation": [5, 0, 0],
					"cubes": [
						{"origin": [-1.5, 16.25, -14.5], "size": [3, 2, 3], "inflate": 0.01, "uv": [0, 27]},
						{"origin": [-0.5, 15.75, -14.5], "size": [1, 1, 0], "uv": [0, 0]}
					]
				},
				{
					"name": "hair",
					"parent": "head",
					"pivot": [0, 20.27179, -8.00095],
					"rotation": [12.5, 0, 0],
					"cubes": [
						{"origin": [0, 17.25, -8.25], "size": [0, 3, 9], "uv": [46, 21]}
					]
				},
				{
					"name": "eye_left",
					"parent": "head",
					"pivot": [2.51167, 17.58333, -11.18],
					"cubes": [
						{"origin": [1.515, 16.75, -12.015], "size": [2, 1, 2], "inflate": 0.01, "uv": [0, 36]},
						{"origin": [2.01, 17.25, -12.0175], "size": [1, 1, 1], "inflate": 0.01, "uv": [4, 8]},
						{"origin": [1.51, 16.25, -12.01], "size": [2, 2, 2], "inflate": 0.01, "uv": [6, 34]}
					]
				},
				{
					"name": "eyelid_left",
					"parent": "eye_left",
					"pivot": [2.41, 17.25, -10.91],
					"cubes": [
						{"origin": [1.41, 16.25, -11.91], "size": [2, 2, 2], "inflate": 0.02, "uv": [0, 32]}
					]
				},
				{
					"name": "eye_right",
					"parent": "head",
					"pivot": [-2.51167, 17.58333, -11.18],
					"cubes": [
						{"origin": [-3.515, 16.75, -12.015], "size": [2, 1, 2], "inflate": 0.01, "uv": [29, 32]},
						{"origin": [-3.01, 17.25, -12.0175], "size": [1, 1, 1], "inflate": 0.01, "uv": [0, 8]},
						{"origin": [-3.51, 16.25, -12.01], "size": [2, 2, 2], "inflate": 0.01, "uv": [23, 30]}
					]
				},
				{
					"name": "eyelid_right",
					"parent": "eye_right",
					"pivot": [-2.41, 17.25, -10.91],
					"cubes": [
						{"origin": [-3.41, 16.25, -11.91], "size": [2, 2, 2], "inflate": 0.02, "uv": [0, 23]}
					]
				},
				{
					"name": "jaw",
					"parent": "head",
					"pivot": [0, 16, -12],
					"rotation": [-5, 0, 0],
					"cubes": [
						{"origin": [-1.5, 15.5, -14], "size": [3, 1, 2], "uv": [0, 20]}
					]
				},
				{
					"name": "leg_left",
					"parent": "body",
					"pivot": [3.25, 7.5, -0.25],
					"rotation": [5, 0, 0],
					"cubes": [
						{"origin": [1.25, 3.25, -2.25], "size": [4, 7, 4], "inflate": 0.01, "uv": [112, 0]}
					]
				},
				{
					"name": "leg_left2",
					"parent": "leg_left",
					"pivot": [3.25, 3.25, 0.75],
					"rotation": [-15, 0, 0],
					"cubes": [
						{"origin": [2.75, 0.25, -0.75], "size": [1, 3, 1], "uv": [49, 45]}
					]
				},
				{
					"name": "foot_left",
					"parent": "leg_left2",
					"pivot": [3.25, 0.5, 0],
					"rotation": [10, 0, 0],
					"cubes": [
						{"origin": [2.25, -0.32635, -1.98481], "size": [2, 1, 3], "uv": [0, 4]}
					]
				},
				{
					"name": "toe_back_left",
					"parent": "foot_left",
					"pivot": [3.25, 0.67365, 1.01519],
					"cubes": [
						{"origin": [2.75, -0.32635, 1.01519], "size": [1, 1, 2], "inflate": 0.01, "uv": [28, 48]}
					]
				},
				{
					"name": "claw_back_left",
					"parent": "toe_back_left",
					"pivot": [3.25, 0.67365, 3.01519],
					"cubes": [
						{"origin": [3.25, -0.32635, 3.01519], "size": [0, 1, 1], "uv": [3, 7]}
					]
				},
				{
					"name": "toe_inner_left",
					"parent": "foot_left",
					"pivot": [3, 0.67365, -1.73481],
					"rotation": [0, 20, 0],
					"cubes": [
						{"origin": [2, -0.32635, -3.73481], "size": [1, 1, 2], "inflate": 0.01, "uv": [29, 45]}
					]
				},
				{
					"name": "claw_inner_left",
					"parent": "toe_inner_left",
					"pivot": [2.5, 0.67365, -3.73481],
					"cubes": [
						{"origin": [2.5, -0.32635, -4.73481], "size": [0, 1, 1], "uv": [7, 1]}
					]
				},
				{
					"name": "toe_middle_left",
					"parent": "foot_left",
					"pivot": [3.25, 0.67365, -1.73481],
					"cubes": [
						{"origin": [2.75, -0.32635, -3.73481], "size": [1, 1, 2], "inflate": 0.01, "uv": [23, 45]}
					]
				},
				{
					"name": "claw_middle_left",
					"parent": "toe_middle_left",
					"pivot": [3.25, 0.67365, -3.73481],
					"cubes": [
						{"origin": [3.25, -0.32635, -4.73481], "size": [0, 1, 1], "uv": [7, 0]}
					]
				},
				{
					"name": "toe_outer_left",
					"parent": "foot_left",
					"pivot": [3.5, 0.67365, -1.73481],
					"rotation": [0, -20, 0],
					"cubes": [
						{"origin": [3.5, -0.32635, -3.73481], "size": [1, 1, 2], "inflate": 0.01, "uv": [8, 42]}
					]
				},
				{
					"name": "claw_outer_left",
					"parent": "toe_outer_left",
					"pivot": [4, 0.67365, -3.73481],
					"cubes": [
						{"origin": [4, -0.32635, -4.73481], "size": [0, 1, 1], "uv": [0, 5]}
					]
				},
				{
					"name": "leg_right",
					"parent": "body",
					"pivot": [-3.25, 7.5, -0.25],
					"rotation": [5, 0, 0],
					"cubes": [
						{"origin": [-5.25, 3.25, -2.25], "size": [4, 7, 4], "inflate": 0.01, "uv": [96, 0]}
					]
				},
				{
					"name": "leg_right2",
					"parent": "leg_right",
					"pivot": [-3.25, 3.25, 0.75],
					"rotation": [-15, 0, 0],
					"cubes": [
						{"origin": [-3.75, 0.25, -0.75], "size": [1, 3, 1], "uv": [0, 45]}
					]
				},
				{
					"name": "foot_right",
					"parent": "leg_right2",
					"pivot": [-3.25, 0.5, 0],
					"rotation": [10, 0, 0],
					"cubes": [
						{"origin": [-4.25, -0.32635, -1.98481], "size": [2, 1, 3], "uv": [0, 0]}
					]
				},
				{
					"name": "toe_back_right",
					"parent": "foot_right",
					"pivot": [-3.25, 0.67365, 1.01519],
					"cubes": [
						{"origin": [-3.75, -0.32635, 1.01519], "size": [1, 1, 2], "inflate": 0.01, "uv": [0, 42]}
					]
				},
				{
					"name": "claw_back_right",
					"parent": "toe_back_right",
					"pivot": [-3.25, 0.67365, 3.01519],
					"cubes": [
						{"origin": [-3.25, -0.32635, 3.01519], "size": [0, 1, 1], "uv": [0, 4]}
					]
				},
				{
					"name": "toe_inner_right",
					"parent": "foot_right",
					"pivot": [-3, 0.67365, -1.73481],
					"rotation": [0, -20, 0],
					"cubes": [
						{"origin": [-3, -0.32635, -3.73481], "size": [1, 1, 2], "inflate": 0.01, "uv": [4, 41]}
					]
				},
				{
					"name": "claw_inner_right",
					"parent": "toe_inner_right",
					"pivot": [-2.5, 0.67365, -3.73481],
					"cubes": [
						{"origin": [-2.5, -0.32635, -4.73481], "size": [0, 1, 1], "uv": [0, 3]}
					]
				},
				{
					"name": "toe_middle_right",
					"parent": "foot_right",
					"pivot": [-3.25, 0.67365, -1.73481],
					"cubes": [
						{"origin": [-3.75, -0.32635, -3.73481], "size": [1, 1, 2], "inflate": 0.01, "uv": [0, 39]}
					]
				},
				{
					"name": "claw_middle_right",
					"parent": "toe_middle_right",
					"pivot": [-3.25, 0.67365, -3.73481],
					"cubes": [
						{"origin": [-3.25, -0.32635, -4.73481], "size": [0, 1, 1], "uv": [0, 1]}
					]
				},
				{
					"name": "toe_outer_right",
					"parent": "foot_right",
					"pivot": [-3.5, 0.67365, -1.73481],
					"rotation": [0, 20, 0],
					"cubes": [
						{"origin": [-4.5, -0.32635, -3.73481], "size": [1, 1, 2], "inflate": 0.01, "uv": [6, 38]}
					]
				},
				{
					"name": "claw_outer_right",
					"parent": "toe_outer_right",
					"pivot": [-4, 0.67365, -3.73481],
					"cubes": [
						{"origin": [-4, -0.32635, -4.73481], "size": [0, 1, 1], "uv": [0, 0]}
					]
				}
			]
		}
	]
}