{
  "format_version": "1.12.0",
  "minecraft:geometry": [
    {
      "description": {
        "identifier": "geometry.arbok",
        "texture_width": 128,
        "texture_height": 64,
        "visible_bounds_width": 8,
        "visible_bounds_height": 4,
        "visible_bounds_offset": [0, 1, 0]
      },
      "bones": [
        {
          "name": "arbok",
          "pivot": [0, 0, 0]
        },
        {
          "name": "locator_root",
          "parent": "arbok",
          "pivot": [0, 0, 0],
          "locators": {
            "root": [0, 0, 0]
          }
        },
        {
          "name": "locator_top",
          "parent": "arbok",
          "pivot": [0, 16, 0],
          "locators": {
            "top": [0, 16, 0]
          }
        },
        {
          "name": "body",
          "parent": "arbok",
          "pivot": [0, 3, 0]
        },
        {
          "name": "locator_seat_1",
          "parent": "body",
          "pivot": [0, 5, 3],
          "locators": {
            "seat_1": [0, 5, 3]
          }
        },
        {
          "name": "body_upper",
          "parent": "body",
          "pivot": [0, 0.5, -5.5],
          "rotation": [-50, 0, 0],
          "cubes": [
            { "origin": [-3.5, 0.5, -13.5], "size": [7, 5, 8], "inflate": 0.1, "uv": [0, 15] }
          ]
        },
        {
          "name": "hood",
          "parent": "body_upper",
          "pivot": [0, 1, -13.5],
          "rotation": [-35, 0, 0],
          "cubes": [
            { "origin": [-7.5, 1, -34.5], "size": [15, 4, 3], "uv": [36, 0] },
            { "origin": [-11, 2, -31.5], "size": [22, 4, 12], "uv": [60, 0] },
            { "origin": [-9.5, 2, -31.5], "size": [19, 0, 12], "inflate": 0.01, "uv": [77, 52] },
            { "origin": [-8.5, 1.5, -19.5], "size": [17, 4, 3], "uv": [88, 16] },
            { "origin": [-7.5, 1.5, -19.5], "size": [15, 1, 3], "inflate": 0.01, "uv": [92, 48] },
            { "origin": [-6, 1, -16.5], "size": [12, 4, 3], "uv": [98, 23] },
            { "origin": [-5.5, 1, -16.5], "size": [11, 1, 3], "inflate": 0.01, "uv": [98, 44] }
          ]
        },
        {
          "name": "neck",
          "parent": "hood",
          "pivot": [0, 3.5, -32.75],
          "cubes": [
            {
              "origin": [-2.5, -2.43412, -34.7309],
              "size": [5, 6, 4],
              "pivot": [0, 3.5, -32.75],
              "rotation": [-10, 0, 0],
              "uv": [18, 0]
            }
          ]
        },
        {
          "name": "head",
          "parent": "neck",
          "pivot": [0, -2, -35.75],
          "rotation": [175, 0, 0]
        },
        {
          "name": "head_correction",
          "parent": "head",
          "pivot": [0, -2, -35.75],
          "rotation": [-90, 0, 0]
        },
        {
          "name": "head_ai",
          "parent": "head_correction",
          "pivot": [0, -2, -35.75]
        },
        {
          "name": "head_angle",
          "parent": "head_ai",
          "pivot": [0, -2, -35.75],
          "rotation": [-80, 0, 0],
          "cubes": [
            { "origin": [-2.5, -4, -36], "size": [5, 2, 5], "inflate": 0.02, "uv": [40, 7] },
            { "origin": [-3, -9, -36], "size": [6, 5, 3], "uv": [0, 0] },
            { "origin": [-2, -11, -36], "size": [4, 2, 3], "uv": [12, 10] },
            {
              "origin": [-1.24, -10.65, -33.5],
              "size": [0, 1, 1],
              "pivot": [-1.24, -10.15, -33],
              "rotation": [45, 0, -20],
              "uv": [117, 6]
            },
            {
              "origin": [1.24, -10.65, -33.5],
              "size": [0, 1, 1],
              "pivot": [1.24, -10.15, -33],
              "rotation": [45, 0, 20],
              "uv": [120, 6]
            }
          ]
        },
        {
          "name": "eyes",
          "parent": "head_angle",
          "pivot": [0, -6.75, -34.25]
        },
        {
          "name": "eye_right",
          "parent": "eyes",
          "pivot": [-3.01, -6.75, -34.25],
          "rotation": [5, 0, 0],
          "cubes": [
            { "origin": [-3.01, -8.25, -34.75], "size": [0, 3, 1], "uv": [126, -1] },
            { "origin": [-3.02, -7.75, -34.75], "size": [0, 1, 1], "uv": [121, 35] }
          ]
        },
        {
          "name": "eyelid_right",
          "parent": "eye_right",
          "pivot": [-2.51, -6.75, -34.25],
          "cubes": [
            { "origin": [-2.92, -8.25, -34.75], "size": [1, 3, 1], "inflate": 0.01, "uv": [124, 3] }
          ]
        },
        {
          "name": "eye_left",
          "parent": "eyes",
          "pivot": [3.01, -6.75, -34.25],
          "rotation": [5, 0, 0],
          "cubes": [
            { "origin": [3.01, -8.25, -34.75], "size": [0, 3, 1], "uv": [124, -1], "mirror": true },
            { "origin": [3.02, -7.75, -34.75], "size": [0, 1, 1], "uv": [121, 35], "mirror": true }
          ]
        },
        {
          "name": "eyelid_left",
          "parent": "eye_left",
          "pivot": [2.41, -6.75, -34.25],
          "cubes": [
            { "origin": [1.92, -8.25, -34.75], "size": [1, 3, 1], "inflate": 0.01, "uv": [124, 7] }
          ]
        },
        {
          "name": "jaw",
          "parent": "head_angle",
          "pivot": [0, -4, -33],
          "rotation": [-7.5, 0, 0],
          "cubes": [
            { "origin": [-2, -8.75, -33], "size": [4, 5, 2], "uv": [0, 8] },
            { "origin": [-1.5, -10.75, -33], "size": [3, 2, 2], "uv": [26, 10] },
            {
              "origin": [-1.5, -10.25, -33.5],
              "size": [1, 0, 1],
              "pivot": [-1, -10.25, -33],
              "rotation": [0, 45, 45],
              "uv": [116, 8],
              "mirror": true
            },
            {
              "origin": [0.5, -10.25, -33.5],
              "size": [1, 0, 1],
              "pivot": [1, -10.25, -33],
              "rotation": [0, -45, -45],
              "uv": [119, 8]
            },
            {
              "origin": [-1.25, -9.75, -33.25],
              "size": [0, 1, 1],
              "pivot": [-1.25, -9.25, -32.75],
              "rotation": [-45, 0, -25],
              "uv": [117, 8]
            },
            {
              "origin": [1.25, -9.75, -33.25],
              "size": [0, 1, 1],
              "pivot": [1.25, -9.25, -32.75],
              "rotation": [-45, 0, 25],
              "uv": [120, 8]
            },
            {
              "origin": [-1.5, -8.75, -33.25],
              "size": [0, 1, 1],
              "pivot": [-1.5, -8.25, -32.75],
              "rotation": [-45, 0, -20],
              "uv": [117, 9]
            },
            {
              "origin": [1.5, -8.75, -33.25],
              "size": [0, 1, 1],
              "pivot": [1.5, -8.25, -32.75],
              "rotation": [-45, 0, 20],
              "uv": [120, 9]
            }
          ]
        },
        {
          "name": "tongue_opening",
          "parent": "jaw",
          "pivot": [0, -10.655, -32.49],
          "cubes": [
            { "origin": [-0.5, -10.655, -32.99], "size": [1, 0, 1], "uv": [120, 4] }
          ]
        },
        {
          "name": "tongue",
          "parent": "jaw",
          "pivot": [0, -2, -33],
          "rotation": [-2.5, 0, 0],
          "cubes": [
            { "origin": [-0.5, -7, -33], "size": [1, 5, 0], "uv": [117, 0] }
          ]
        },
        {
          "name": "tongue2",
          "parent": "tongue",
          "pivot": [0, -3, -32.99],
          "cubes": [
            { "origin": [-0.5, -7, -32.99], "size": [1, 4, 0], "uv": [119, 0] }
          ]
        },
        {
          "name": "tongue3",
          "parent": "tongue2",
          "pivot": [0, -3, -32.98],
          "cubes": [
            { "origin": [-0.5, -6, -32.98], "size": [1, 3, 0], "uv": [121, 0] }
          ]
        },
        {
          "name": "tongue4",
          "parent": "tongue3",
          "pivot": [0, -6, -33],
          "cubes": [
            { "origin": [-1, -7, -32.98], "size": [2, 1, 0], "uv": [117, 5] }
          ]
        },
        {
          "name": "tongue5",
          "parent": "tongue4",
          "pivot": [0, -7, -33],
          "cubes": [
            { "origin": [-1.5, -8, -32.98], "size": [3, 1, 0], "uv": [117, 6] }
          ]
        },
        {
          "name": "tail",
          "parent": "body",
          "pivot": [0, 3, -5.5],
          "cubes": [
            { "origin": [-3.5, 0, -5.5], "size": [7, 6, 11], "inflate": 0.05, "uv": [30, 14] }
          ]
        },
        {
          "name": "tail2",
          "parent": "tail",
          "pivot": [0, 3, 5.5],
          "cubes": [
            { "origin": [-3, 0, 4.5], "size": [6, 6, 12], "uv": [0, 28] }
          ]
        },
        {
          "name": "tail3",
          "parent": "tail2",
          "pivot": [0, 2.5, 16.5],
          "cubes": [
            { "origin": [-2.5, 0, 15.5], "size": [5, 5, 12], "uv": [0, 46] }
          ]
        },
        {
          "name": "tail4",
          "parent": "tail3",
          "pivot": [0, 2, 27.5],
          "cubes": [
            { "origin": [-2, 0, 26.5], "size": [4, 4, 12], "uv": [36, 31] }
          ]
        },
        {
          "name": "tail5",
          "parent": "tail4",
          "pivot": [0, 1.5, 38.5],
          "cubes": [
            { "origin": [-1.5, 0, 37.5], "size": [3, 3, 12], "uv": [34, 47] }
          ]
        }
      ]
    }
  ]
}
