{
  "format_version": "1.12.0",
  "minecraft:geometry": [
    {
      "description": {
        "identifier": "geometry.pidgeot",
        "texture_width": 128,
        "texture_height": 128,
        "visible_bounds_width": 6,
        "visible_bounds_height": 3.5,
        "visible_bounds_offset": [0, 1.25, 0]
      },
      "bones": [
        {
          "name": "pidgeot",
          "pivot": [0, 0, 0]
        },
        {
          "name": "locator_root",
          "parent": "pidgeot",
          "pivot": [0, 0, 0],
          "locators": {
            "root": [0, 0, 0]
          }
        },
        {
          "name": "locator_top",
          "parent": "pidgeot",
          "pivot": [0, 25.25, -1.75],
          "locators": {
            "top": [0, 25.25, -1.75]
          }
        },
        {
          "name": "body",
          "parent": "pidgeot",
          "pivot": [0, 7, -2]
        },
        {
          "name": "locator_target",
          "parent": "body",
          "pivot": [0, 12.75, -12.25],
          "locators": {
            "target": [0, 12.75, -12.25]
          }
        },
        {
          "name": "locator_middle",
          "parent": "body",
          "pivot": [0, 11, -3],
          "locators": {
            "middle": [0, 11, -3]
          }
        },
        {
          "name": "torso",
          "parent": "body",
          "pivot": [0, 7.5, -0.75],
          "cubes": [
            {
              "origin": [-4.5, 5, -9],
              "size": [9, 10, 8],
              "inflate": 0.01,
              "uv": [0, 24]
            },
            {
              "origin": [-4, 5.5, -5],
              "size": [8, 8, 8],
              "uv": [40, 21]
            },
            {
              "origin": [-3, 6.5, 2],
              "size": [6, 6, 5],
              "uv": [26, 18]
            }
          ]
        },
        {
          "name": "locator_seat1",
          "parent": "torso",
          "pivot": [0, 13.5, 0.5],
          "locators": {
            "seat_1": [0, 13.5, 0.5]
          }
        },
        {
          "name": "neck",
          "parent": "torso",
          "pivot": [0, 8.75, -6.75],
          "cubes": [
            {
              "origin": [-3.5, 8.75, -8.5],
              "size": [7, 10, 7],
              "uv": [20, 1]
            }
          ]
        },
        {
          "name": "head",
          "parent": "neck",
          "pivot": [0, 16.75, -6.25],
          "cubes": [
            {
              "origin": [-3.5, 14.25, -9.25],
              "size": [7, 7, 7],
              "inflate": 0.01,
              "uv": [48, 0]
            }
          ]
        },
        {
          "name": "beak",
          "parent": "head",
          "pivot": [0, 17.25, -9.25],
          "rotation": [5, 0, 0],
          "cubes": [
            {
              "origin": [-1.5, 16.25, -11.25],
              "size": [3, 2, 3],
              "inflate": 0.01,
              "uv": [0, 7]
            },
            {
              "origin": [-0.5, 15.75, -11.25],
              "size": [1, 1, 0],
              "uv": [0, 0]
            }
          ]
        },
        {
          "name": "hair",
          "parent": "beak",
          "pivot": [-1.5, 17.5, -9.5],
          "rotation": [5, 0, 0],
          "cubes": [
            {
              "origin": [3.5, 19, -9.5],
              "size": [0, 2, 1],
              "pivot": [3.5, 20, -9.5],
              "rotation": [0, 15, 0],
              "uv": [0, 6]
            },
            {
              "origin": [-3.5, 17, -9.5],
              "size": [7, 4, 0],
              "uv": [13, 0]
            },
            {
              "origin": [-3.5, 19, -9.5],
              "size": [0, 2, 1],
              "pivot": [-3.5, 20, -9.5],
              "rotation": [0, -15, 0],
              "uv": [0, 0]
            }
          ]
        },
        {
          "name": "hair2",
          "parent": "hair",
          "pivot": [-1.5, 21, -9.5],
          "rotation": [-82.5, 0, 0],
          "cubes": [
            {
              "origin": [-4, 21, -10.5],
              "size": [8, 6, 3],
              "inflate": 0.02,
              "uv": [0, 53]
            }
          ]
        },
        {
          "name": "hair3",
          "parent": "hair2",
          "pivot": [0, 27, -10.5],
          "rotation": [-42.5, 0, 0],
          "cubes": [
            {
              "origin": [-3.5, 27, -10.5],
              "size": [7, 7, 3],
              "inflate": 0.02,
              "uv": [34, 37]
            }
          ]
        },
        {
          "name": "hair4",
          "parent": "hair3",
          "pivot": [0, 34, -9],
          "cubes": [
            {
              "origin": [-3.5, 33.61732, -9.92388],
              "size": [7, 6, 2],
              "uv": [34, 47]
            }
          ]
        },
        {
          "name": "hair5",
          "parent": "hair4",
          "pivot": [0, 39.61732, -8.92388],
          "cubes": [
            {
              "origin": [-3, 39.48791, -9.44092],
              "size": [6, 6, 1],
              "uv": [48, 14]
            }
          ]
        },
        {
          "name": "hair6",
          "parent": "hair5",
          "pivot": [0, 45.48791, -8.94092],
          "cubes": [
            {
              "origin": [-2.5, 45.48791, -8.94092],
              "size": [5, 6, 0],
              "uv": [41, 0]
            }
          ]
        },
        {
          "name": "locator_beak",
          "parent": "beak",
          "pivot": [0, 16.925, -11.25],
          "locators": {
            "beak": [0, 16.925, -11.25],
            "jaw1": [0, 16.925, -11.25],
            "physical": [0, 16.925, -11.25]
          }
        },
        {
          "name": "locator_mouth",
          "parent": "head",
          "pivot": [0, 16.1, -9.3],
          "locators": {
            "mouth": [0, 16.1, -9.3],
            "special": [0, 16.1, -9.3]
          }
        },
        {
          "name": "locator_head",
          "parent": "head",
          "pivot": [0, 21.25, -6.75],
          "locators": {
            "head": [0, 21.25, -6.75]
          }
        },
        {
          "name": "locator_item_hat",
          "parent": "head",
          "pivot": [0, 23.25, -5.75],
          "locators": {
            "item_hat": [0, 23.25, -5.75]
          }
        },
        {
          "name": "locator_item_face",
          "parent": "head",
          "pivot": [0, 18.25, -9.25],
          "locators": {
            "item_face": [0, 18.25, -9.25]
          }
        },
        {
          "name": "locator_face",
          "parent": "head",
          "pivot": [0, 18, -9.5],
          "locators": {
            "face": [0, 18, -9.5]
          }
        },
        {
          "name": "eye_left",
          "parent": "head",
          "pivot": [2.51167, 18.58333, -8.43],
          "cubes": [
            {
              "origin": [1.515, 19.25, -9.27],
              "size": [2, 1, 2],
              "inflate": 0.01,
              "uv": [15, 18]
            },
            {
              "origin": [1.51, 17.25, -9.26],
              "size": [2, 2, 2],
              "inflate": 0.01,
              "uv": [12, 7]
            }
          ]
        },
        {
          "name": "pupil_left",
          "parent": "eye_left",
          "pivot": [2.26, 18.25, -9.015],
          "cubes": [
            {
              "origin": [2.01, 17.75, -9.265],
              "size": [1, 2, 1],
              "inflate": 0.01,
              "uv": [12, 4]
            }
          ]
        },
        {
          "name": "locator_eye_left",
          "parent": "pupil_left",
          "pivot": [2.55, 18.525, -9.275],
          "locators": {
            "eye2": [2.55, 18.525, -9.275]
          }
        },
        {
          "name": "eyelid_left",
          "parent": "eye_left",
          "pivot": [2.41, 18.25, -8.16],
          "cubes": [
            {
              "origin": [1.41, 17.25, -9.16],
              "size": [2, 2, 2],
              "inflate": 0.02,
              "uv": [11, 11]
            }
          ]
        },
        {
          "name": "eye_right",
          "parent": "head",
          "pivot": [-2.51167, 18.58333, -8.43],
          "cubes": [
            {
              "origin": [-3.515, 19, -9.27],
              "size": [2, 1, 2],
              "inflate": 0.01,
              "uv": [26, 29]
            },
            {
              "origin": [-3.51, 17.25, -9.26],
              "size": [2, 2, 2],
              "inflate": 0.01,
              "uv": [0, 27]
            }
          ]
        },
        {
          "name": "pupil_right",
          "parent": "eye_right",
          "pivot": [-2.26, 18.25, -9.015],
          "cubes": [
            {
              "origin": [-3.01, 17.75, -9.265],
              "size": [1, 2, 1],
              "inflate": 0.01,
              "uv": [16, 4],
              "mirror": true
            }
          ]
        },
        {
          "name": "locator_eye_right",
          "parent": "pupil_right",
          "pivot": [-2.55, 18.525, -9.275],
          "locators": {
            "eye1": [-2.55, 18.525, -9.275]
          }
        },
        {
          "name": "eyelid_right",
          "parent": "eye_right",
          "pivot": [-2.41, 18.25, -8.16],
          "cubes": [
            {
              "origin": [-3.41, 17.25, -9.16],
              "size": [2, 2, 2],
              "inflate": 0.02,
              "uv": [0, 23]
            }
          ]
        },
        {
          "name": "jaw",
          "parent": "head",
          "pivot": [0, 16, -9.25],
          "rotation": [-7.5, 0, 0],
          "cubes": [
            {
              "origin": [-1.5, 15.5, -10.75],
              "size": [3, 1, 2],
              "uv": [10, 15]
            }
          ]
        },
        {
          "name": "locator_jaw_lower",
          "parent": "jaw",
          "pivot": [0, 16.5, -10.75],
          "locators": {
            "jaw2": {
              "offset": [0, 16.5, -10.75],
              "rotation": [-90, 0, 0]
            }
          }
        },
        {
          "name": "locator_item",
          "parent": "jaw",
          "pivot": [0, 16.5, -10.75],
          "locators": {
            "item": {
              "offset": [0, 16.5, -10.75],
              "rotation": [-90, 0, 0]
            }
          }
        },
        {
          "name": "wing_closed_left",
          "parent": "torso",
          "pivot": [4.75, 12.25, -7.5],
          "cubes": [
            {
              "origin": [3.97742, 5.31815, -7.73285],
              "size": [2, 10, 9],
              "inflate": 0.01,
              "uv": [35, 55],
              "mirror": true
            }
          ]
        },
        {
          "name": "wing_closed_left2",
          "parent": "wing_closed_left",
          "pivot": [4.72742, 5.56815, 1.26715],
          "cubes": [
            {
              "origin": [4.22742, 5.56815, 1.26715],
              "size": [1, 8, 5],
              "uv": [48, 50]
            }
          ]
        },
        {
          "name": "wing_closed_left3",
          "parent": "wing_closed_left2",
          "pivot": [4.72742, 5.56815, 6.31715],
          "cubes": [
            {
              "origin": [4.72742, 5.56815, 6.26715],
              "size": [0, 8, 9],
              "uv": [80, 44],
              "mirror": true
            }
          ]
        },
        {
          "name": "wing_closed_right",
          "parent": "torso",
          "pivot": [-4.75, 12.25, -7.5],
          "cubes": [
            {
              "origin": [-5.97742, 5.31815, -7.73285],
              "size": [2, 10, 9],
              "inflate": 0.01,
              "uv": [13, 53]
            }
          ]
        },
        {
          "name": "wing_closed_right2",
          "parent": "wing_closed_right",
          "pivot": [-4.72742, 5.56815, 1.26715],
          "cubes": [
            {
              "origin": [-5.22742, 5.56815, 1.26715],
              "size": [1, 8, 5],
              "uv": [54, 37],
              "mirror": true
            }
          ]
        },
        {
          "name": "wing_closed_right3",
          "parent": "wing_closed_right2",
          "pivot": [-4.72742, 5.56815, 6.31715],
          "cubes": [
            {
              "origin": [-4.72742, 5.56815, 6.26715],
              "size": [0, 8, 9],
              "uv": [61, 44]
            }
          ]
        },
        {
          "name": "wing_open_left",
          "parent": "torso",
          "pivot": [4, 12.5, -5.75],
          "cubes": [
            {
              "origin": [3, 11.5, -7.5],
              "size": [8, 2, 8],
              "uv": [66, 18],
              "mirror": true
            },
            {
              "origin": [1, 12.5, -2.25],
              "size": [9, 0, 7],
              "pivot": [8.5, 12.6, 4.25],
              "rotation": [0, -10, 0],
              "uv": [13, 107],
              "mirror": true
            }
          ]
        },
        {
          "name": "wing_open_left2",
          "parent": "wing_open_left",
          "pivot": [11, 12.55, -7.5],
          "cubes": [
            {
              "origin": [10.5, 12, -7.75],
              "size": [9, 1, 9],
              "inflate": 0.01,
              "uv": [63, 28],
              "mirror": true
            },
            {
              "origin": [9.5, 12.6, 0.25],
              "size": [10, 0, 6],
              "uv": [-6, 100]
            }
          ]
        },
        {
          "name": "locator_wing_left",
          "parent": "wing_open_left2",
          "pivot": [18.95, 12.5, -7.3],
          "rotation": [0, -90, 0],
          "locators": {
            "wing2": {
              "offset": [18.95, 12.5, -7.3],
              "rotation": [0, -90, 0]
            }
          }
        },
        {
          "name": "wing_open_left3",
          "parent": "wing_open_left2",
          "pivot": [19.5, 12.6, -7.75],
          "cubes": [
            {
              "origin": [18.5, 12.6, -7.75],
              "size": [8, 0, 13],
              "uv": [4, 73],
              "mirror": true
            }
          ]
        },
        {
          "name": "wing_open_left4",
          "parent": "wing_open_left3",
          "pivot": [26.5, 12.6, -6.75],
          "cubes": [
            {
              "origin": [26.5, 12.6, -6.75],
              "size": [7, 0, 11],
              "uv": [4, 87],
              "mirror": true
            }
          ]
        },
        {
          "name": "wing_open_right",
          "parent": "torso",
          "pivot": [-4, 12.5, -5.75],
          "cubes": [
            {
              "origin": [-11, 11.5, -7.5],
              "size": [8, 2, 8],
              "uv": [58, 42]
            },
            {
              "origin": [-10, 12.5, -2.25],
              "size": [9, 0, 7],
              "pivot": [-8.5, 12.6, 4.25],
              "rotation": [0, 10, 0],
              "uv": [-7, 107]
            }
          ]
        },
        {
          "name": "wing_open_right2",
          "parent": "wing_open_right",
          "pivot": [-10.5, 12.5, -7.5],
          "cubes": [
            {
              "origin": [-19.5, 12, -7.75],
              "size": [9, 1, 9],
              "inflate": 0.01,
              "uv": [67, 8]
            },
            {
              "origin": [-19.5, 12.6, 0.25],
              "size": [10, 0, 6],
              "uv": [15, 100],
              "mirror": true
            }
          ]
        },
        {
          "name": "locator_wing_right",
          "parent": "wing_open_right2",
          "pivot": [-18.95, 12.5, -7.3],
          "rotation": [0, 90, 0],
          "locators": {
            "wing1": {
              "offset": [-18.95, 12.5, -7.3],
              "rotation": [0, 90, 0]
            }
          }
        },
        {
          "name": "wing_open_right3",
          "parent": "wing_open_right2",
          "pivot": [-19.5, 12.6, -7.75],
          "cubes": [
            {
              "origin": [-26.5, 12.6, -7.75],
              "size": [8, 0, 13],
              "uv": [-13, 73]
            }
          ]
        },
        {
          "name": "wing_open_right4",
          "parent": "wing_open_right3",
          "pivot": [-26.5, 12.6, -6.75],
          "cubes": [
            {
              "origin": [-33.5, 12.6, -6.75],
              "size": [7, 0, 11],
              "uv": [-11, 87]
            }
          ]
        },
        {
          "name": "tail",
          "parent": "torso",
          "pivot": [0, 9.6, 6]
        },
        {
          "name": "tail_left",
          "parent": "tail",
          "pivot": [-0.75, 9.6, 6],
          "rotation": [0, 6.5, 0],
          "cubes": [
            {
              "origin": [-1, 9.6, 6],
              "size": [3, 0, 11],
              "inflate": 0.01,
              "uv": [5, 42]
            }
          ]
        },
        {
          "name": "tail_right",
          "parent": "tail",
          "pivot": [0.75, 9.6, 6],
          "rotation": [0, -6.5, 0],
          "cubes": [
            {
              "origin": [-2, 9.6, 6],
              "size": [3, 0, 11],
              "uv": [11, 42]
            }
          ]
        },
        {
          "name": "tail_left2",
          "parent": "tail",
          "pivot": [-0.25, 9.5, 6],
          "rotation": [0, 20.5, 0],
          "cubes": [
            {
              "origin": [-0.25, 9.5, 6],
              "size": [3, 0, 11],
              "uv": [-1, 42]
            }
          ]
        },
        {
          "name": "tail_right2",
          "parent": "tail",
          "pivot": [0.25, 9.5, 6],
          "rotation": [0, -20.5, 0],
          "cubes": [
            {
              "origin": [-2.75, 9.5, 6],
              "size": [3, 0, 11],
              "uv": [17, 42]
            }
          ]
        },
        {
          "name": "locator_tail",
          "parent": "tail",
          "pivot": [0, 9.6, 13],
          "rotation": [180, 0, -180],
          "locators": {
            "tail": [0, 9.6, 13]
          }
        },
        {
          "name": "locator_tail_tip",
          "parent": "tail",
          "pivot": [0, 9.6, 17],
          "rotation": [180, 0, -180],
          "locators": {
            "tail_tip": [0, 9.6, 17]
          }
        },
        {
          "name": "legs",
          "parent": "body",
          "pivot": [-2.25, 5, -0.25]
        },
        {
          "name": "leg_right",
          "parent": "legs",
          "pivot": [-2.25, 5, -0.25],
          "rotation": [5, 0, 0],
          "cubes": [
            {
              "origin": [-3.25, 2.75, -1.75],
              "size": [2, 4, 3],
              "inflate": 0.01,
              "uv": [0, 12]
            }
          ]
        },
        {
          "name": "leg_right2",
          "parent": "leg_right",
          "pivot": [-2.25, 2.75, 0.25],
          "rotation": [-15, 0, 0],
          "cubes": [
            {
              "origin": [-2.75, 0.75, -0.75],
              "size": [1, 2, 1],
              "uv": [7, 12]
            }
          ]
        },
        {
          "name": "foot_right",
          "parent": "leg_right2",
          "pivot": [-2.25, 0.75, 0.25],
          "rotation": [10, 0, 0],
          "cubes": [
            {
              "origin": [-3.25, -0.07635, -1.98481],
              "size": [2, 1, 3],
              "uv": [8, 18]
            }
          ]
        },
        {
          "name": "locator_foot_primary",
          "parent": "foot_right",
          "pivot": [-2.25, 0.5, -0.25],
          "rotation": [90, 0, 0],
          "locators": {
            "foot_primary": [-2.25, 0.5, -0.25]
          }
        },
        {
          "name": "toe_back_right",
          "parent": "foot_right",
          "pivot": [-2.25, 0.92365, 1.01519],
          "cubes": [
            {
              "origin": [-2.75, -0.07635, 1.01519],
              "size": [1, 1, 2],
              "inflate": 0.01,
              "uv": [0, 48]
            }
          ]
        },
        {
          "name": "claw_back_right",
          "parent": "toe_back_right",
          "pivot": [-2.25, 0.92365, 3.01519],
          "cubes": [
            {
              "origin": [-2.25, -0.07635, 3.01519],
              "size": [0, 1, 1],
              "uv": [10, 5]
            }
          ]
        },
        {
          "name": "toe_inner_right",
          "parent": "foot_right",
          "pivot": [-2, 0.92365, -1.73481],
          "rotation": [0, -20, 0],
          "cubes": [
            {
              "origin": [-2, -0.07635, -3.73481],
              "size": [1, 1, 2],
              "inflate": 0.01,
              "uv": [4, 43]
            }
          ]
        },
        {
          "name": "claw_inner_right",
          "parent": "toe_inner_right",
          "pivot": [-1.5, 0.92365, -3.73481],
          "cubes": [
            {
              "origin": [-1.5, -0.07635, -4.73481],
              "size": [0, 1, 1],
              "uv": [10, 4]
            }
          ]
        },
        {
          "name": "toe_middle_right",
          "parent": "foot_right",
          "pivot": [-2.25, 0.92365, -1.73481],
          "cubes": [
            {
              "origin": [-2.75, -0.07635, -3.73481],
              "size": [1, 1, 2],
              "inflate": 0.01,
              "uv": [4, 49]
            }
          ]
        },
        {
          "name": "claw_middle_right",
          "parent": "toe_middle_right",
          "pivot": [-2.25, 0.92365, -3.73481],
          "cubes": [
            {
              "origin": [-2.25, -0.07635, -4.73481],
              "size": [0, 1, 1],
              "uv": [10, 2]
            }
          ]
        },
        {
          "name": "toe_outer_right",
          "parent": "foot_right",
          "pivot": [-2.5, 0.92365, -1.73481],
          "rotation": [0, 20, 0],
          "cubes": [
            {
              "origin": [-3.5, -0.07635, -3.73481],
              "size": [1, 1, 2],
              "inflate": 0.01,
              "uv": [0, 42]
            }
          ]
        },
        {
          "name": "claw_outer_right",
          "parent": "toe_outer_right",
          "pivot": [-3, 0.92365, -3.73481],
          "cubes": [
            {
              "origin": [-3, -0.07635, -4.73481],
              "size": [0, 1, 1],
              "uv": [10, 3]
            }
          ]
        },
        {
          "name": "leg_left",
          "parent": "legs",
          "pivot": [2.25, 5, -1.25],
          "rotation": [5, 0, 0],
          "cubes": [
            {
              "origin": [1.25, 2.66284, -1.75381],
              "size": [2, 4, 3],
              "inflate": 0.01,
              "uv": [0, 0]
            }
          ]
        },
        {
          "name": "leg_left2",
          "parent": "leg_left",
          "pivot": [2.25, 2.66284, 0.24619],
          "rotation": [-15, 0, 0],
          "cubes": [
            {
              "origin": [1.75, 0.66284, -0.75381],
              "size": [1, 2, 1],
              "uv": [7, 0]
            }
          ]
        },
        {
          "name": "foot_left",
          "parent": "leg_left2",
          "pivot": [2.25, 0.66284, 0.24619],
          "rotation": [10, 0, 0],
          "cubes": [
            {
              "origin": [1.25, -0.16351, -1.98861],
              "size": [2, 1, 3],
              "uv": [0, 19]
            }
          ]
        },
        {
          "name": "locator_foot_secondary",
          "parent": "foot_left",
          "pivot": [2.25, 0.5, -0.25],
          "rotation": [90, 0, 0],
          "locators": {
            "foot_secondary": [2.25, 0.5, -0.25]
          }
        },
        {
          "name": "toe_back_left",
          "parent": "foot_left",
          "pivot": [2.25, 0.83649, 1.01139],
          "cubes": [
            {
              "origin": [1.75, -0.16351, 1.01139],
              "size": [1, 1, 2],
              "inflate": 0.01,
              "uv": [4, 46]
            }
          ]
        },
        {
          "name": "claw_back_left",
          "parent": "toe_back_left",
          "pivot": [2.25, 0.83649, 3.01139],
          "cubes": [
            {
              "origin": [2.25, -0.16351, 3.01139],
              "size": [0, 1, 1],
              "uv": [9, 8]
            }
          ]
        },
        {
          "name": "toe_inner_left",
          "parent": "foot_left",
          "pivot": [2, 0.83649, -1.73861],
          "rotation": [0, 20, 0],
          "cubes": [
            {
              "origin": [1, -0.16351, -3.73861],
              "size": [1, 1, 2],
              "inflate": 0.01,
              "uv": [0, 45]
            }
          ]
        },
        {
          "name": "claw_inner_left",
          "parent": "toe_inner_left",
          "pivot": [1.5, 0.83649, -3.73861],
          "cubes": [
            {
              "origin": [1.5, -0.16351, -4.73861],
              "size": [0, 1, 1],
              "uv": [9, 7]
            }
          ]
        },
        {
          "name": "toe_middle_left",
          "parent": "foot_left",
          "pivot": [2.25, 0.83649, -1.73861],
          "cubes": [
            {
              "origin": [1.75, -0.16351, -3.73861],
              "size": [1, 1, 2],
              "inflate": 0.01,
              "uv": [25, 19]
            }
          ]
        },
        {
          "name": "claw_middle_left",
          "parent": "toe_middle_left",
          "pivot": [2.25, 0.83649, -3.73861],
          "cubes": [
            {
              "origin": [2.25, -0.16351, -4.73861],
              "size": [0, 1, 1],
              "uv": [9, 6]
            }
          ]
        },
        {
          "name": "toe_outer_left",
          "parent": "foot_left",
          "pivot": [2.5, 0.83649, -1.73861],
          "rotation": [0, -20, 0],
          "cubes": [
            {
              "origin": [2.5, -0.16351, -3.73861],
              "size": [1, 1, 2],
              "inflate": 0.01,
              "uv": [21, 20]
            }
          ]
        },
        {
          "name": "claw_outer_left",
          "parent": "toe_outer_left",
          "pivot": [3, 0.83649, -3.73861],
          "cubes": [
            {
              "origin": [3, -0.16351, -4.73861],
              "size": [0, 1, 1],
              "uv": [0, 8]
            }
          ]
        }
      ]
    }
  ]
}
