{
	"format_version": "1.12.0",
	"minecraft:geometry": [
		{
			"description": {
				"identifier": "geometry.copperajah",
				"texture_width": 256,
				"texture_height": 256,
				"visible_bounds_width": 14,
				"visible_bounds_height": 6.5,
				"visible_bounds_offset": [0, 2.75, 0]
			},
			"bones": [
				{
					"name": "copperajah",
					"pivot": [0, 0, 0]
				},
				{
					"name": "body",
					"parent": "copperajah",
					"pivot": [0, 25, 0]
				},
				{
                    "name": "locator_seat_1",
                    "parent": "body",
                    "pivot": [0, 61, 0],
                    "locators": {
                        "seat_1": [0, 61, 0]
                    }
                },
				{
					"name": "torso",
					"parent": "body",
					"pivot": [0, 23, -1.5],
					"cubes": [
						{"origin": [-15, 17, -27], "size": [30, 44, 51], "uv": [0, 0]},
						{"origin": [0.75, 54, -30], "size": [13.5, 14, 17], "pivot": [6, 61, -21.5], "rotation": [28.48124, -9.84655, 17.49524], "uv": [151, 78]},
						{"origin": [2.5, 54, -13.5], "size": [9, 13, 9], "pivot": [8, 60.5, -9], "rotation": [-7.5, 0, 12.5], "uv": [183, 179]},
						{"origin": [-11.5, 54, -13.5], "size": [9, 13, 9], "pivot": [-8, 60.5, -9], "rotation": [-7.5, 0, -12.5], "uv": [181, 0]},
						{"origin": [-14.25, 54, -30], "size": [13.5, 14, 17], "pivot": [-6, 61, -21.5], "rotation": [28.48124, 9.84655, -17.49524], "uv": [130, 132]}
					]
				},
				{
					"name": "trunk",
					"parent": "torso",
					"pivot": [0, 48.5, -23.5],
					"cubes": [
						{"origin": [-8, 41, -38], "size": [16, 14, 17], "uv": [0, 127]}
					]
				},
				{
					"name": "trunk2",
					"parent": "trunk",
					"pivot": [0, 48.5, -35.5],
					"cubes": [
						{"origin": [-7, 41.5, -51], "size": [14, 13, 18], "uv": [66, 132]}
					]
				},
				{
					"name": "trunk3",
					"parent": "trunk2",
					"pivot": [0, 48.75, -48.5],
					"cubes": [
						{"origin": [-8, 41.25, -66], "size": [16, 14, 19], "uv": [111, 0]}
					]
				},
				{
					"name": "trunk4",
					"parent": "trunk3",
					"pivot": [0, 48.25, -64.5],
					"cubes": [
						{"origin": [-10, 40, -83], "size": [20, 16, 21], "uv": [90, 95]},
						{"origin": [-2, 55.75, -81], "size": [4, 2, 17], "uv": [0, 28]},
						{"origin": [4.5, 55.75, -80], "size": [3, 2, 13], "uv": [112, 132]},
						{"origin": [-7.5, 55.75, -80], "size": [3, 2, 13], "uv": [49, 127]}
					]
				},
				{
					"name": "trunk5",
					"parent": "trunk4",
					"pivot": [0, 56, -83],
					"cubes": [
						{"origin": [-12, 45, -104], "size": [24, 11, 21], "uv": [0, 95]}
					]
				},
				{
					"name": "trunk6",
					"parent": "trunk5",
					"pivot": [0, 56, -104],
					"cubes": [
						{"origin": [-11, 48, -113], "size": [22, 8, 9], "uv": [111, 33]},
						{"origin": [-3, 49, -120], "size": [6, 7, 7], "uv": [115, 188]},
						{"origin": [5, 49, -120], "size": [6, 7, 7], "uv": [89, 188]},
						{"origin": [-11, 49, -120], "size": [6, 7, 7], "uv": [25, 28]}
					]
				},
				{
					"name": "mouth_open",
					"parent": "torso",
					"pivot": [0, 37.5, -26.91],
					"cubes": [
						{"origin": [-5, 34, -26.91], "size": [10, 7, 0], "uv": [0, 109]}
					]
				},
				{
					"name": "tusk_left",
					"parent": "torso",
					"pivot": [12, 41, -25],
					"cubes": [
						{"origin": [6.5, 37, -29], "size": [8, 8, 3], "uv": [131, 163]},
						{"origin": [7.5, 38, -37], "size": [6, 6, 8], "uv": [181, 22]},
						{"origin": [8, 38.5, -44], "size": [5, 5, 8], "pivot": [10.5, 41, -36], "rotation": [-10, 0, 0], "uv": [162, 65]}
					]
				},
				{
					"name": "tusk_right",
					"parent": "torso",
					"pivot": [-12, 41, -25],
					"cubes": [
						{"origin": [-14.5, 37, -29], "size": [8, 8, 3], "uv": [83, 163]},
						{"origin": [-13.5, 38, -37], "size": [6, 6, 8], "uv": [173, 134]},
						{"origin": [-13, 38.5, -44], "size": [5, 5, 8], "pivot": [-10.5, 41, -36], "rotation": [-10, 0, 0], "uv": [35, 158]}
					]
				},
				{
					"name": "tail",
					"parent": "torso",
					"pivot": [0, 51, 22.5],
					"cubes": [
						{"origin": [0, 48.5, 21], "size": [0, 5, 9], "inflate": 0.01, "uv": [0, 86]}
					]
				},
				{
					"name": "tail2",
					"parent": "tail",
					"pivot": [0, 51, 29],
					"cubes": [
						{"origin": [0, 49, 28.5], "size": [0, 4, 9], "uv": [0, 38]}
					]
				},
				{
					"name": "tail3",
					"parent": "tail2",
					"pivot": [0, 51, 36.5],
					"cubes": [
						{"origin": [-2.5, 48.5, 35.5], "size": [5, 5, 3], "uv": [0, 28]},
						{"origin": [-3.5, 47.5, 38.5], "size": [7, 7, 4], "uv": [188, 65]}
					]
				},
				{
					"name": "eye_left",
					"parent": "torso",
					"pivot": [12.01, 48.5, -22.51],
					"cubes": [
						{"origin": [9.01, 47, -27.01], "size": [6, 5, 4], "uv": [162, 0]}
					]
				},
				{
					"name": "pupil_left",
					"parent": "eye_left",
					"pivot": [12.01, 48, -27.015],
					"cubes": [
						{"origin": [10.01, 47, -27.015], "size": [4, 2, 0], "uv": [163, 10]}
					]
				},
				{
					"name": "shine_left",
					"parent": "pupil_left",
					"pivot": [11.51, 48.5, -27.02],
					"cubes": [
						{"origin": [11.01, 48, -27.02], "size": [1, 1, 0], "uv": [163, 1]}
					]
				},
				{
					"name": "eyelid_left",
					"parent": "eye_left",
					"pivot": [11.91, 49.5, -24.91],
					"cubes": [
						{"origin": [8.91, 47, -26.915], "size": [6, 5, 4], "inflate": 0.01, "uv": [217, 0]}
					]
				},
				{
					"name": "eye_right",
					"parent": "torso",
					"pivot": [-12.01, 48.5, -22.51],
					"cubes": [
						{"origin": [-15.01, 47, -27.01], "size": [6, 5, 4], "uv": [0, 100]}
					]
				},
				{
					"name": "pupil_right",
					"parent": "eye_right",
					"pivot": [-12.01, 48, -27.015],
					"cubes": [
						{"origin": [-14.01, 47, -27.015], "size": [4, 2, 0], "uv": [172, 10]}
					]
				},
				{
					"name": "shine_right",
					"parent": "pupil_right",
					"pivot": [-11.51, 48.5, -27.02],
					"cubes": [
						{"origin": [-12.01, 48, -27.02], "size": [1, 1, 0], "uv": [163, 2]}
					]
				},
				{
					"name": "eyelid_right",
					"parent": "eye_right",
					"pivot": [-11.91, 49.5, -24.91],
					"cubes": [
						{"origin": [-14.91, 47, -26.915], "size": [6, 5, 4], "inflate": 0.01, "uv": [217, 9]}
					]
				},
				{
					"name": "ear_left",
					"parent": "torso",
					"pivot": [15, 49.5, -16],
					"cubes": [
						{"origin": [15, 40, -16], "size": [19, 19, 0], "uv": [0, 186]}
					]
				},
				{
					"name": "ear_right",
					"parent": "torso",
					"pivot": [-15, 49.5, -16],
					"cubes": [
						{"origin": [-34, 40, -16], "size": [19, 19, 0], "uv": [69, 95]}
					]
				},
				{
					"name": "leg_front_left",
					"parent": "body",
					"pivot": [9.5, 23.5, -16.5],
					"cubes": [
						{"origin": [4.25, 12, -23], "size": [11, 15, 13], "uv": [162, 37]}
					]
				},
				{
					"name": "leg_front_left2",
					"parent": "leg_front_left",
					"pivot": [9.5, 12, -23],
					"cubes": [
						{"origin": [4.25, 0, -23], "size": [11, 12, 13], "inflate": 0.01, "uv": [173, 109]}
					]
				},
				{
					"name": "leg_front_right",
					"parent": "body",
					"pivot": [-9.5, 23.5, -16.5],
					"cubes": [
						{"origin": [-15.25, 12, -23], "size": [11, 15, 13], "uv": [0, 158]}
					]
				},
				{
					"name": "leg_front_right2",
					"parent": "leg_front_right",
					"pivot": [-9.5, 12, -23],
					"cubes": [
						{"origin": [-15.25, 0, -23], "size": [11, 12, 13], "inflate": 0.01, "uv": [144, 163]}
					]
				},
				{
					"name": "leg_back_left",
					"parent": "body",
					"pivot": [9.5, 23.5, 16.5],
					"cubes": [
						{"origin": [4.25, 12, 10], "size": [11, 15, 13], "uv": [48, 163]}
					]
				},
				{
					"name": "leg_back_left2",
					"parent": "leg_back_left",
					"pivot": [9.5, 12, 10],
					"cubes": [
						{"origin": [4.25, 0, 10], "size": [11, 12, 13], "inflate": 0.01, "uv": [179, 150]}
					]
				},
				{
					"name": "leg_back_right",
					"parent": "body",
					"pivot": [-9.5, 23.5, 16.5],
					"cubes": [
						{"origin": [-15.25, 12, 10], "size": [11, 15, 13], "uv": [0, 0]}
					]
				},
				{
					"name": "leg_back_right2",
					"parent": "leg_back_right",
					"pivot": [-9.5, 12, 10],
					"cubes": [
						{"origin": [-15.25, 0, 10], "size": [11, 12, 13], "inflate": 0.01, "uv": [96, 163]}
					]
				}
			]
		}
	]
}