{
	"format_version": "1.12.0",
	"minecraft:geometry": [
		{
			"description": {
				"identifier": "geometry.goodra_hisui",
				"texture_width": 128,
				"texture_height": 256,
				"visible_bounds_width": 5,
				"visible_bounds_height": 6.5,
				"visible_bounds_offset": [0, 2.75, 0]
			},
			"bones": [
				{
					"name": "goodra_hisuian",
					"pivot": [0, 0, 0]
				},
				{
					"name": "body",
					"parent": "goodra_hisuian",
					"pivot": [0, 20.5, -7]
				},
				{
					"name": "torso",
					"parent": "body",
					"pivot": [0, 6, -0.5],
					"rotation": [60, 0, 0],
					"cubes": [
						{"origin": [-7, 6, -0.5], "size": [14, 14, 18], "inflate": 0.01, "uv": [46, 10]}
					]
				},
				{
                    "name": "locator_seat_1",
                    "parent": "body",
                    "pivot": [0, 22, 3],
                    "locators": {
                        "seat_1": [0, 22, 3]
                    }
                },
				{
					"name": "belly",
					"parent": "torso",
					"pivot": [0, 13, 5.5],
					"cubes": [
						{"origin": [-7, 6, -0.5], "size": [14, 14, 6], "inflate": 0.02, "uv": [63, 42]}
					]
				},
				{
					"name": "chest",
					"parent": "torso",
					"pivot": [0, 20, 1.5],
					"rotation": [-20, 0, 0],
					"cubes": [
						{"origin": [-6.5, 20, 1.5], "size": [13, 7, 13], "uv": [7, 29]}
					]
				},
				{
					"name": "chest2",
					"parent": "chest",
					"pivot": [0, 27, 3.5],
					"rotation": [-5, 0, 0],
					"cubes": [
						{"origin": [-5, 27, 3.5], "size": [10, 6, 9], "uv": [26, 10]}
					]
				},
				{
					"name": "arms",
					"parent": "chest2",
					"pivot": [0, 30, 8],
					"rotation": [-10, 0, 0]
				},
				{
					"name": "arm_left",
					"parent": "arms",
					"pivot": [5, 32, 9.5],
					"cubes": [
						{"origin": [5, 28, 6.5], "size": [7, 4, 3], "uv": [78, 3]}
					]
				},
				{
					"name": "arm_left2",
					"parent": "arm_left",
					"pivot": [12, 28, 9.5],
					"cubes": [
						{"origin": [12, 28, 6.5], "size": [7, 4, 3], "inflate": 0.01, "uv": [98, 8]}
					]
				},
				{
					"name": "hand_left",
					"parent": "arm_left2",
					"pivot": [19, 30, 9.5],
					"cubes": [
						{"origin": [19, 28.5, 6.5], "size": [2, 3, 3], "uv": [98, 22]}
					]
				},
				{
					"name": "arm_slime_left",
					"parent": "arm_left2",
					"pivot": [13, 28, 8.5],
					"cubes": [
						{"origin": [12, 22.5, 8.5], "size": [2, 6, 0], "uv": [92, 10]}
					]
				},
				{
					"name": "arm_slime_left2",
					"parent": "arm_left2",
					"pivot": [15.5, 28, 8.5],
					"cubes": [
						{"origin": [14.5, 25.5, 8.5], "size": [2, 3, 0], "uv": [92, 22]}
					]
				},
				{
					"name": "arm_right",
					"parent": "arms",
					"pivot": [-5, 32, 9.5],
					"cubes": [
						{"origin": [-12, 28, 6.5], "size": [7, 4, 3], "uv": [98, 1], "mirror": true}
					]
				},
				{
					"name": "arm_right2",
					"parent": "arm_right",
					"pivot": [-12, 28, 9.5],
					"cubes": [
						{"origin": [-19, 28, 6.5], "size": [7, 4, 3], "inflate": 0.01, "uv": [98, 15], "mirror": true}
					]
				},
				{
					"name": "hand_right",
					"parent": "arm_right2",
					"pivot": [-19, 30, 9.5],
					"cubes": [
						{"origin": [-21, 28.5, 6.5], "size": [2, 3, 3], "uv": [108, 22], "mirror": true}
					]
				},
				{
					"name": "arm_slime_right",
					"parent": "arm_right2",
					"pivot": [-13, 28, 8.5],
					"cubes": [
						{"origin": [-14, 22.5, 8.5], "size": [2, 6, 0], "uv": [92, 16], "mirror": true}
					]
				},
				{
					"name": "arm_slime_right2",
					"parent": "arm_right2",
					"pivot": [-15.5, 28, 8.5],
					"cubes": [
						{"origin": [-16.5, 25.5, 8.5], "size": [2, 3, 0], "uv": [92, 25], "mirror": true}
					]
				},
				{
					"name": "neck",
					"parent": "chest2",
					"pivot": [0, 33, 11],
					"rotation": [0, 0, 0],
					"cubes": [
						{"origin": [-3.5, 33, 5], "size": [7, 5, 6], "inflate": 0.02, "uv": [0, 16]}
					]
				},
				{
					"name": "neck2",
					"parent": "neck",
					"pivot": [0, 38, 11],
					"rotation": [0, 0, 0],
					"cubes": [
						{"origin": [-3, 38, 5], "size": [6, 4, 6], "inflate": 0.01, "uv": [34, 0]}
					]
				},
				{
					"name": "neck3",
					"parent": "neck2",
					"pivot": [0, 42, 10.5],
					"rotation": [17.5, 0, 0],
					"cubes": [
						{"origin": [-2.5, 42, 5.5], "size": [5, 5, 5], "inflate": 0.01, "uv": [24, 49]}
					]
				},
				{
					"name": "neck4",
					"parent": "neck3",
					"pivot": [0, 47, 10.5],
					"rotation": [37.5, 0, 0],
					"cubes": [
						{"origin": [-2.5, 47, 5.5], "size": [5, 5, 5], "uv": [58, 0]}
					]
				},
				{
					"name": "head",
					"parent": "neck4",
					"pivot": [0, 51, 8],
					"rotation": [-90, 0, 0]
				},
				{
					"name": "head_rotation",
					"parent": "head",
					"pivot": [0, 51, 8]
				},
				{
					"name": "head_ai",
					"parent": "head_rotation",
					"pivot": [0, 51, 8],
					"cubes": [
						{"origin": [-4, 47.5, 0], "size": [8, 8, 8], "uv": [0, 0]}
					]
				},
				{
					"name": "eyes",
					"parent": "head_ai",
					"pivot": [0, 52.5, 0.5]
				},
				{
					"name": "eye_left",
					"parent": "eyes",
					"pivot": [3.01, 51, 0.99],
					"cubes": [
						{"origin": [2.01, 50, -0.01], "size": [2, 2, 2], "uv": [0, 27]},
						{"origin": [4.01, 51.5, 0.99], "size": [0, 1, 1], "inflate": 0.01, "uv": [6, 5]},
						{"origin": [3.01, 52, -0.02], "size": [1, 1, 0], "inflate": 0.01, "uv": [6, 4]}
					]
				},
				{
					"name": "pupil_left",
					"parent": "eye_left",
					"pivot": [3.01, 51.2, -0.02],
					"cubes": [
						{"origin": [2.01, 50.2, -0.02], "size": [2, 2, 0], "uv": [0, 35]}
					]
				},
				{
					"name": "eye_shine_left",
					"parent": "pupil_left",
					"pivot": [3.01, 51.7, -0.03],
					"cubes": [
						{"origin": [2.51, 51.2, -0.04], "size": [1, 1, 0], "uv": [6, 27]}
					]
				},
				{
					"name": "eyelid_left",
					"parent": "eye_left",
					"pivot": [2.91, 51.5, 1.07],
					"cubes": [
						{"origin": [1.91, 50, 0.07], "size": [2, 3, 2], "inflate": 0.02, "uv": [8, 27]}
					]
				},
				{
					"name": "eye_right",
					"parent": "eyes",
					"pivot": [-3.01, 51, 0.99],
					"cubes": [
						{"origin": [-4.01, 50, -0.01], "size": [2, 2, 2], "uv": [0, 31], "mirror": true},
						{"origin": [-4.01, 51.5, 0.99], "size": [0, 1, 1], "inflate": 0.01, "uv": [6, 6], "mirror": true},
						{"origin": [-4.01, 52, -0.02], "size": [1, 1, 0], "inflate": 0.01, "uv": [6, 5], "mirror": true}
					]
				},
				{
					"name": "pupil_right",
					"parent": "eye_right",
					"pivot": [-3.01, 51.2, -0.02],
					"cubes": [
						{"origin": [-4.01, 50.2, -0.02], "size": [2, 2, 0], "uv": [4, 35], "mirror": true}
					]
				},
				{
					"name": "eye_shine_right",
					"parent": "pupil_right",
					"pivot": [-3.01, 51.7, -0.03],
					"cubes": [
						{"origin": [-3.51, 51.2, -0.04], "size": [1, 1, 0], "uv": [6, 28], "mirror": true}
					]
				},
				{
					"name": "eyelid_right",
					"parent": "eye_right",
					"pivot": [-2.91, 51.5, 1.07],
					"cubes": [
						{"origin": [-3.91, 50, 0.07], "size": [2, 3, 2], "inflate": 0.02, "uv": [8, 32], "mirror": true}
					]
				},
				{
					"name": "chin_slime",
					"parent": "head_ai",
					"pivot": [0, 47.5, 4],
					"cubes": [
						{"origin": [0, 43, 2.5], "size": [0, 5, 3], "uv": [0, -3]}
					]
				},
				{
					"name": "muzzle",
					"parent": "head_ai",
					"pivot": [0, 47.5, 0],
					"rotation": [-10, 0, 0],
					"cubes": [
						{"origin": [-3, 47.5, -2], "size": [6, 3, 2], "uv": [24, 0]}
					]
				},
				{
					"name": "mouth",
					"parent": "muzzle",
					"pivot": [0, 47.59, -0.5],
					"cubes": [
						{"origin": [-1.5, 47.59, -1.5], "size": [3, 0, 2], "uv": [-2, 6]}
					]
				},
				{
					"name": "antennae",
					"parent": "head_ai",
					"pivot": [0, 55.5, 6]
				},
				{
					"name": "antenna_front_left",
					"parent": "antennae",
					"pivot": [2, 55.5, 3],
					"rotation": [0, 0, 5]
				},
				{
					"name": "antenna_front_left_rotation",
					"parent": "antenna_front_left",
					"pivot": [2, 55.5, 3],
					"rotation": [15, 0, 0],
					"cubes": [
						{"origin": [2, 55.5, 1], "size": [0, 6, 2], "uv": [99, 60]}
					]
				},
				{
					"name": "antenna_back_left",
					"parent": "antennae",
					"pivot": [2, 55.5, 3],
					"rotation": [0, 0, 25]
				},
				{
					"name": "antenna_back_left_rotation",
					"parent": "antenna_back_left",
					"pivot": [2, 55.5, 3],
					"cubes": [
						{"origin": [1, 54.5, 3], "size": [2, 3, 3], "uv": [59, 42]}
					]
				},
				{
					"name": "antenna_back_left2",
					"parent": "antenna_back_left_rotation",
					"pivot": [2, 57.5, 3],
					"cubes": [
						{"origin": [0, 57.5, 2], "size": [4, 9, 5], "inflate": 0.01, "uv": [107, 39]}
					]
				},
				{
					"name": "antenna_back_left3",
					"parent": "antenna_back_left2",
					"pivot": [2, 66.5, 4.5],
					"cubes": [
						{"origin": [0, 65.5, 2.5], "size": [4, 7, 4], "uv": [110, 28]}
					]
				},
				{
					"name": "antenna_back_left4",
					"parent": "antenna_back_left3",
					"pivot": [2, 72.5, 4.5],
					"cubes": [
						{"origin": [0.5, 71.5, 3], "size": [3, 8, 3], "uv": [106, 100]}
					]
				},
				{
					"name": "antenna_back_left5",
					"parent": "antenna_back_left4",
					"pivot": [2, 79.5, 4.5],
					"cubes": [
						{"origin": [1, 78.5, 3.5], "size": [2, 8, 2], "inflate": 0.02, "uv": [112, 89]}
					]
				},
				{
					"name": "antenna_back_left6",
					"parent": "antenna_back_left5",
					"pivot": [2, 86.5, 4.5],
					"cubes": [
						{"origin": [1.5, 85.5, 3.5], "size": [1, 8, 2], "inflate": 0.01, "uv": [122, 103]}
					]
				},
				{
					"name": "antenna_back_left7",
					"parent": "antenna_back_left6",
					"pivot": [2, 93.5, 4.5],
					"cubes": [
						{"origin": [1.5, 92.5, 4], "size": [1, 6, 1], "uv": [95, 72]}
					]
				},
				{
					"name": "antenna_end_back_left",
					"parent": "antenna_back_left7",
					"pivot": [2, 98.5, 5],
					"rotation": [-47.5, 0, 0],
					"cubes": [
						{"origin": [1.5, 94.5, 3], "size": [1, 4, 2], "inflate": 0.01, "uv": [117, 78]}
					]
				},
				{
					"name": "antenna_front_right",
					"parent": "antennae",
					"pivot": [-2, 55.5, 3],
					"rotation": [0, 0, -5]
				},
				{
					"name": "antenna_front_right_rotation",
					"parent": "antenna_front_right",
					"pivot": [-2, 55.5, 3],
					"rotation": [15, 0, 0],
					"cubes": [
						{"origin": [-2, 55.5, 1], "size": [0, 6, 2], "uv": [103, 60], "mirror": true}
					]
				},
				{
					"name": "antenna_back_right",
					"parent": "antennae",
					"pivot": [-2, 55.5, 3],
					"rotation": [0, 0, -25]
				},
				{
					"name": "antenna_back_right_rotation",
					"parent": "antenna_back_right",
					"pivot": [-2, 55.5, 3],
					"cubes": [
						{"origin": [-3, 54.5, 3], "size": [2, 3, 3], "uv": [97, 42], "mirror": true}
					]
				},
				{
					"name": "antenna_back_right2",
					"parent": "antenna_back_right_rotation",
					"pivot": [-2, 57.5, 3],
					"cubes": [
						{"origin": [-4, 57.5, 2], "size": [4, 9, 5], "inflate": 0.01, "uv": [107, 53], "mirror": true}
					]
				},
				{
					"name": "antenna_back_right3",
					"parent": "antenna_back_right2",
					"pivot": [-2, 66.5, 4.5],
					"cubes": [
						{"origin": [-4, 65.5, 2.5], "size": [4, 7, 4], "uv": [109, 67], "mirror": true}
					]
				},
				{
					"name": "antenna_back_right4",
					"parent": "antenna_back_right3",
					"pivot": [-2, 72.5, 4.5],
					"cubes": [
						{"origin": [-3.5, 71.5, 3], "size": [3, 8, 3], "uv": [100, 89], "mirror": true}
					]
				},
				{
					"name": "antenna_back_right5",
					"parent": "antenna_back_right4",
					"pivot": [-2, 79.5, 4.5],
					"cubes": [
						{"origin": [-3, 78.5, 3.5], "size": [2, 8, 2], "inflate": 0.02, "uv": [120, 93], "mirror": true}
					]
				},
				{
					"name": "antenna_back_right6",
					"parent": "antenna_back_right5",
					"pivot": [-2, 86.5, 4.5],
					"cubes": [
						{"origin": [-2.5, 85.5, 3.5], "size": [1, 8, 2], "inflate": 0.01, "uv": [100, 100], "mirror": true}
					]
				},
				{
					"name": "antenna_back_right7",
					"parent": "antenna_back_right6",
					"pivot": [-2, 93.5, 4.5],
					"cubes": [
						{"origin": [-2.5, 92.5, 4], "size": [1, 6, 1], "uv": [99, 72], "mirror": true}
					]
				},
				{
					"name": "antenna_end_back_right",
					"parent": "antenna_back_right7",
					"pivot": [-2, 98.5, 5],
					"rotation": [-47.5, 0, 0],
					"cubes": [
						{"origin": [-2.5, 94.5, 3], "size": [1, 4, 2], "inflate": 0.01, "uv": [120, 87], "mirror": true}
					]
				},
				{
					"name": "tail",
					"parent": "torso",
					"pivot": [0, 6, -0.5],
					"rotation": [-42.5, 0, 0],
					"cubes": [
						{"origin": [-7, 6, -0.5], "size": [14, 16, 22], "uv": [50, 89]}
					]
				},
				{
					"name": "tail2",
					"parent": "tail",
					"pivot": [0, 6, 21.5],
					"rotation": [37.5, 0, 0],
					"cubes": [
						{"origin": [-6.5, 6, 21.5], "size": [13, 12, 15], "uv": [34, 62]}
					]
				},
				{
					"name": "shell",
					"parent": "tail2",
					"pivot": [0, 6, 36.5],
					"rotation": [-52.5, 0, 0],
					"cubes": [
						{"origin": [-12, 6, 2.5], "size": [24, 32, 34], "uv": [0, 127]}
					]
				},
				{
					"name": "legs",
					"parent": "body",
					"pivot": [0, 1.5, 4]
				},
				{
					"name": "leg_left",
					"parent": "legs",
					"pivot": [7, 15, -1],
					"cubes": [
						{"origin": [3.5, 6, -5], "size": [7, 14, 10], "inflate": 0.01, "uv": [0, 49]}
					]
				},
				{
					"name": "leg_left2",
					"parent": "leg_left",
					"pivot": [7.5, 6, 0.5],
					"cubes": [
						{"origin": [5, 3.5, -3], "size": [5, 3, 7], "uv": [39, 52]}
					]
				},
				{
					"name": "leg_left3",
					"parent": "leg_left2",
					"pivot": [8, 3.5, -1.5],
					"cubes": [
						{"origin": [6, 1.5, -1.5], "size": [3, 2, 5], "uv": [106, 82]}
					]
				},
				{
					"name": "foot_left",
					"parent": "leg_left3",
					"pivot": [7.5, 2, 1],
					"cubes": [
						{"origin": [6, 0, -4.5], "size": [3, 2, 8], "inflate": 0.01, "uv": [95, 72]}
					]
				},
				{
					"name": "leg_right",
					"parent": "legs",
					"pivot": [-7, 15, -1],
					"cubes": [
						{"origin": [-10.5, 6, -5], "size": [7, 14, 10], "inflate": 0.01, "uv": [0, 73], "mirror": true}
					]
				},
				{
					"name": "leg_right2",
					"parent": "leg_right",
					"pivot": [-7.5, 6, 0.5],
					"cubes": [
						{"origin": [-10, 3.5, -3], "size": [5, 3, 7], "uv": [82, 62], "mirror": true}
					]
				},
				{
					"name": "leg_right3",
					"parent": "leg_right2",
					"pivot": [-8, 3.5, -1.5],
					"cubes": [
						{"origin": [-9, 1.5, -1.5], "size": [3, 2, 5], "uv": [90, 82], "mirror": true}
					]
				},
				{
					"name": "foot_right",
					"parent": "leg_right3",
					"pivot": [-7.5, 2, 1],
					"cubes": [
						{"origin": [-9, 0, -4.5], "size": [3, 2, 8], "inflate": 0.01, "uv": [27, 67], "mirror": true}
					]
				}
			]
		}
	]
}