{
	"format_version": "1.12.0",
	"minecraft:geometry": [
		{
			"description": {
				"identifier": "geometry.sawsbuck_winter",
				"texture_width": 128,
				"texture_height": 64,
				"visible_bounds_width": 4,
				"visible_bounds_height": 4.5,
				"visible_bounds_offset": [0, 1.75, 0]
			},
			"bones": [
				{
					"name": "sawsbuck",
					"pivot": [0, 0, 0]
				},
				{
					"name": "body",
					"parent": "sawsbuck",
					"pivot": [0, 0, 0]
				},
				{
					"name": "torso",
					"parent": "body",
					"pivot": [0, 14.75, 6.75],
					"cubes": [
						{"origin": [-4, 10.25, -7], "size": [8, 8, 17], "uv": [0, 0]}
					]
				},
				{
                    "name": "locator_seat_1",
                    "parent": "body",
                    "pivot": [0, 17, 2],
                    "locators": {
                        "seat_1": [0, 17, 2]
                    }
                },
				{
					"name": "neck",
					"parent": "torso",
					"pivot": [0, 16.25, -5],
					"rotation": [7.5, 0, 0],
					"cubes": [
						{"origin": [-3, 12.25, -7.5], "size": [6, 11, 6], "uv": [30, 25]}
					]
				},
				{
					"name": "head",
					"parent": "neck",
					"pivot": [0, 22.25, -4.5],
					"cubes": [
						{"origin": [-3.5, 22.25, -8.75], "size": [7, 7, 8], "uv": [0, 25]}
					]
				},
				{
					"name": "eyes",
					"parent": "head",
					"pivot": [0, 26.25, -7.25]
				},
				{
					"name": "eye_right",
					"parent": "eyes",
					"pivot": [0, 4.75, -0.75],
					"cubes": [
						{"origin": [-3.5, 25.25, -8.75], "size": [1, 2, 3], "inflate": 0.01, "uv": [93, 0], "mirror": true}
					]
				},
				{
					"name": "eyelid_right",
					"parent": "eye_right",
					"pivot": [-2.9, 26.25, -7.15],
					"cubes": [
						{"origin": [-3.4, 25.25, -8.65], "size": [1, 2, 3], "inflate": 0.02, "uv": [93, 5], "mirror": true}
					]
				},
				{
					"name": "eye_left",
					"parent": "eyes",
					"pivot": [0, 4.75, -0.75],
					"cubes": [
						{"origin": [2.5, 25.25, -8.75], "size": [1, 2, 3], "inflate": 0.01, "uv": [85, 0]}
					]
				},
				{
					"name": "eyelid_left",
					"parent": "eye_left",
					"pivot": [2.9, 26.25, -7.15],
					"cubes": [
						{"origin": [2.4, 25.25, -8.65], "size": [1, 2, 3], "inflate": 0.02, "uv": [85, 5]}
					]
				},
				{
					"name": "muzzle",
					"parent": "head",
					"pivot": [0, 23.5, -8.75],
					"rotation": [-2.5, 0, 0],
					"cubes": [
						{"origin": [-2, 23.5, -13.75], "size": [4, 3, 5], "inflate": 0.01, "uv": [16, 41]}
					]
				},
				{
					"name": "jaw",
					"parent": "muzzle",
					"pivot": [0, 23, -8.75],
					"rotation": [-2.5, 0, 0],
					"cubes": [
						{"origin": [-2, 22.5, -11.5], "size": [4, 1, 3], "uv": [33, 13]},
						{"origin": [-1.5, 22.5, -13.5], "size": [3, 1, 2], "uv": [11, 40]}
					]
				},
				{
					"name": "antler_right",
					"parent": "head",
					"pivot": [2.25, 29.25, -5],
					"rotation": [-10, -20, 25],
					"cubes": [
						{"origin": [1.25, 28.25, -5], "size": [2, 6, 0], "inflate": 0.01, "uv": [4, 25]}
					]
				},
				{
					"name": "antler_right_front",
					"parent": "antler_right",
					"pivot": [2.25, 30.5, -5],
					"rotation": [42.5, 0, -20],
					"cubes": [
						{"origin": [1.25, 30.5, -5], "size": [2, 6, 0], "uv": [94, 25]}
					]
				},
				{
					"name": "antler_right2",
					"parent": "antler_right",
					"pivot": [1.25, 34.25, -5],
					"rotation": [0, 0, 25],
					"cubes": [
						{"origin": [1.25, 34.25, -5], "size": [2, 11, 0], "inflate": 0.01, "uv": [94, 14]}
					]
				},
				{
					"name": "antler_right4",
					"parent": "antler_right2",
					"pivot": [3.25, 37.75, -5],
					"rotation": [0, 0, 50],
					"cubes": [
						{"origin": [1.25, 37.75, -5], "size": [2, 4, 0], "uv": [39, 42]}
					]
				},
				{
					"name": "antler_right5",
					"parent": "antler_right2",
					"pivot": [1.25, 40.75, -5],
					"rotation": [0, 0, -45],
					"cubes": [
						{"origin": [1.25, 40.75, -5], "size": [2, 4, 0], "uv": [93, 10]}
					]
				},
				{
					"name": "antler_right3",
					"parent": "antler_right",
					"pivot": [3.25, 33.75, -5],
					"rotation": [0, 0, -45],
					"cubes": [
						{"origin": [1.25, 33.75, -5], "size": [2, 5, 0], "uv": [35, 42]}
					]
				},
				{
					"name": "antler_left",
					"parent": "head",
					"pivot": [-2.25, 29.25, -5],
					"rotation": [-10, 20, -25],
					"cubes": [
						{"origin": [-3.25, 28.25, -5], "size": [2, 6, 0], "inflate": 0.01, "uv": [0, 25]}
					]
				},
				{
					"name": "antler_left_front",
					"parent": "antler_left",
					"pivot": [-2.25, 30.5, -5],
					"rotation": [42.5, 0, 20],
					"cubes": [
						{"origin": [-3.25, 30.5, -5], "size": [2, 6, 0], "uv": [90, 25], "mirror": true}
					]
				},
				{
					"name": "antler_left2",
					"parent": "antler_left",
					"pivot": [-1.25, 34.25, -5],
					"rotation": [0, 0, -25],
					"cubes": [
						{"origin": [-3.25, 34.25, -5], "size": [2, 11, 0], "inflate": 0.01, "uv": [90, 14]}
					]
				},
				{
					"name": "antler_left4",
					"parent": "antler_left2",
					"pivot": [-3.25, 37.75, -5],
					"rotation": [0, 0, -47.5],
					"cubes": [
						{"origin": [-3.25, 37.75, -5], "size": [2, 3, 0], "uv": [44, 13]}
					]
				},
				{
					"name": "antler_left5",
					"parent": "antler_left2",
					"pivot": [-1.25, 39.75, -5],
					"rotation": [0, 0, 60],
					"cubes": [
						{"origin": [-3.25, 39.75, -5], "size": [2, 4, 0], "uv": [89, 10]}
					]
				},
				{
					"name": "antler_left3",
					"parent": "antler_left",
					"pivot": [-3.25, 33.75, -5],
					"rotation": [0, 0, 45],
					"cubes": [
						{"origin": [-3.25, 33.75, -5], "size": [2, 4, 0], "uv": [85, 10]}
					]
				},
				{
					"name": "ear_right",
					"parent": "head",
					"pivot": [-3, 28.25, -3.5],
					"rotation": [5, 20, 27.5],
					"cubes": [
						{"origin": [-10, 26.25, -3.5], "size": [7, 4, 0], "uv": [22, 25]}
					]
				},
				{
					"name": "ear_left",
					"parent": "head",
					"pivot": [3, 28.25, -3.5],
					"rotation": [5, -20, -27.5],
					"cubes": [
						{"origin": [3, 26.25, -3.5], "size": [7, 4, 0], "uv": [0, 13]}
					]
				},
				{
					"name": "neck_ruff_right",
					"parent": "neck",
					"pivot": [0.25, 19.75, -7.25],
					"rotation": [-5, 10, -2.5],
					"cubes": [
						{"origin": [-3.75, 12.75, -9.25], "size": [4, 7, 2], "uv": [12, 55], "mirror": true}
					]
				},
				{
					"name": "neck_ruff_right2",
					"parent": "neck_ruff_right",
					"pivot": [-3.75, 19.5, -9.25],
					"rotation": [0, 55, 0],
					"cubes": [
						{"origin": [-7.75, 13.5, -9.25], "size": [4, 6, 2], "uv": [24, 56], "mirror": true}
					]
				},
				{
					"name": "neck_ruff_right3",
					"parent": "neck_ruff_right2",
					"pivot": [-7.75, 13.5, -8.75],
					"rotation": [0, 12.5, 15],
					"cubes": [
						{"origin": [-16.75, 13.5, -8.75], "size": [9, 7, 0], "uv": [66, 57], "mirror": true}
					]
				},
				{
					"name": "neck_ruff_left",
					"parent": "neck",
					"pivot": [-0.25, 19.75, -7.25],
					"rotation": [-5, -10, 2.5],
					"cubes": [
						{"origin": [-0.25, 12.75, -9.25], "size": [4, 7, 2], "uv": [0, 55]}
					]
				},
				{
					"name": "neck_ruff_left2",
					"parent": "neck_ruff_left",
					"pivot": [3.75, 19.5, -9.25],
					"rotation": [0, -50, 0],
					"cubes": [
						{"origin": [3.75, 13.5, -9.25], "size": [4, 6, 2], "uv": [36, 56]}
					]
				},
				{
					"name": "neck_ruff_left3",
					"parent": "neck_ruff_left2",
					"pivot": [7.75, 13.5, -8.75],
					"rotation": [0, -12.5, -15],
					"cubes": [
						{"origin": [7.75, 13.5, -8.75], "size": [9, 7, 0], "uv": [48, 57]}
					]
				},
				{
					"name": "tail",
					"parent": "torso",
					"pivot": [0, 17, 9.5],
					"rotation": [7.5, 0, 0],
					"cubes": [
						{"origin": [0, 14, 9], "size": [0, 5, 8], "uv": [0, 0]}
					]
				},
				{
					"name": "leg_front_right",
					"parent": "torso",
					"pivot": [-3, 14.25, -5],
					"rotation": [5, 0, 0],
					"cubes": [
						{"origin": [-4.5, 7.75, -6.5], "size": [3, 8, 3], "inflate": 0.01, "uv": [62, 12]}
					]
				},
				{
					"name": "leg_front_right2",
					"parent": "leg_front_right",
					"pivot": [-3, 7.75, -3.5],
					"rotation": [-15, 0, 0],
					"cubes": [
						{"origin": [-4.5, 0.75, -6.5], "size": [3, 7, 3], "uv": [50, 11]},
						{"origin": [-4.81923, -0.5404, -7], "size": [0, 4, 4], "pivot": [-3, 1.78038, -5], "rotation": [-90, -80, 90], "uv": [112, 8], "mirror": true},
						{"origin": [-1.18077, -0.5404, -7], "size": [0, 4, 4], "pivot": [-3, 1.78038, -5], "rotation": [90, -80, -90], "uv": [112, -4]},
						{"origin": [-1.5, -0.25, -7], "size": [0, 4, 4], "pivot": [-1.5, 3.75, -5], "rotation": [0, 0, -10], "uv": [112, 0]},
						{"origin": [-4.5, -0.25, -7], "size": [0, 4, 4], "pivot": [-4.5, 3.75, -5], "rotation": [0, 0, 10], "uv": [112, 4], "mirror": true}
					]
				},
				{
					"name": "leg_front_right3",
					"parent": "leg_front_right2",
					"pivot": [-3, 1.25, -5],
					"rotation": [10, 0, 0],
					"cubes": [
						{"origin": [-4.5, -0.5, -6.75], "size": [3, 2, 3], "inflate": 0.01, "uv": [54, 31]}
					]
				},
				{
					"name": "leg_front_left",
					"parent": "torso",
					"pivot": [3, 14.25, -5],
					"rotation": [5, 0, 0],
					"cubes": [
						{"origin": [1.5, 7.75, -6.5], "size": [3, 8, 3], "inflate": 0.01, "uv": [49, 0]}
					]
				},
				{
					"name": "leg_front_left2",
					"parent": "leg_front_left",
					"pivot": [3, 7.75, -3.5],
					"rotation": [-15, 0, 0],
					"cubes": [
						{"origin": [1.5, 0.75, -6.5], "size": [3, 7, 3], "uv": [50, 21]},
						{"origin": [4.5, -0.25, -7], "size": [0, 4, 4], "pivot": [4.5, 3.75, -5], "rotation": [0, 0, -10], "uv": [120, 4]},
						{"origin": [1.5, -0.25, -7], "size": [0, 4, 4], "pivot": [1.5, 3.75, -5], "rotation": [0, 0, 10], "uv": [120, 0], "mirror": true},
						{"origin": [1.18077, -0.5404, -7], "size": [0, 4, 4], "pivot": [3, 1.78038, -5], "rotation": [90, 80, 90], "uv": [120, -4], "mirror": true},
						{"origin": [4.81923, -0.5404, -7], "size": [0, 4, 4], "pivot": [3, 1.78038, -5], "rotation": [-90, 80, -90], "uv": [120, 8]}
					]
				},
				{
					"name": "leg_front_left3",
					"parent": "leg_front_left2",
					"pivot": [3, 1.25, -5],
					"rotation": [10, 0, 0],
					"cubes": [
						{"origin": [1.5, -0.5, -6.75], "size": [3, 2, 3], "inflate": 0.01, "uv": [54, 36]}
					]
				},
				{
					"name": "leg_back_right",
					"parent": "body",
					"pivot": [-3, 14.75, 6.75],
					"rotation": [5, 0, 0],
					"cubes": [
						{"origin": [-4.5, 8.25, 4.25], "size": [3, 8, 5], "inflate": 0.01, "uv": [33, 0]}
					]
				},
				{
					"name": "leg_back_right2",
					"parent": "leg_back_right",
					"pivot": [-3, 9, 8.75],
					"rotation": [-15, 0, 0],
					"cubes": [
						{"origin": [-4.5, 0.5, 6.75], "size": [3, 9, 3], "uv": [61, 0]},
						{"origin": [-1.18077, -0.4404, 6.25], "size": [0, 4, 4], "pivot": [-3, 1.88038, 8.25], "rotation": [90, -80, -90], "uv": [112, 12]},
						{"origin": [-1.5, -0.15, 6.25], "size": [0, 4, 4], "pivot": [-1.5, 3.85, 8.25], "rotation": [0, 0, -10], "uv": [112, 16]},
						{"origin": [-4.81923, -0.4404, 6.25], "size": [0, 4, 4], "pivot": [-3, 1.88038, 8.25], "rotation": [-90, -80, 90], "uv": [112, 24], "mirror": true},
						{"origin": [-4.5, -0.15, 6.25], "size": [0, 4, 4], "pivot": [-4.5, 3.85, 8.25], "rotation": [0, 0, 10], "uv": [112, 20], "mirror": true}
					]
				},
				{
					"name": "leg_back_right3",
					"parent": "leg_back_right2",
					"pivot": [-3, 1, 8.25],
					"rotation": [10, 0, 0],
					"cubes": [
						{"origin": [-4.5, -0.5, 6.5], "size": [3, 2, 3], "inflate": 0.01, "uv": [66, 31]}
					]
				},
				{
					"name": "leg_back_left",
					"parent": "body",
					"pivot": [3, 14.75, 6.75],
					"rotation": [5, 0, 0],
					"cubes": [
						{"origin": [1.5, 8.25, 4.25], "size": [3, 8, 5], "inflate": 0.01, "uv": [74, 12]}
					]
				},
				{
					"name": "leg_back_left2",
					"parent": "leg_back_left",
					"pivot": [3, 9, 8.75],
					"rotation": [-15, 0, 0],
					"cubes": [
						{"origin": [1.5, 0.5, 6.75], "size": [3, 9, 3], "uv": [73, 0]},
						{"origin": [4.5, -0.15, 6.25], "size": [0, 4, 4], "pivot": [4.5, 3.85, 8.25], "rotation": [0, 0, -10], "uv": [120, 20]},
						{"origin": [4.81923, -0.4404, 6.25], "size": [0, 4, 4], "pivot": [3, 1.88038, 8.25], "rotation": [-90, 80, -90], "uv": [120, 24]},
						{"origin": [1.5, -0.15, 6.25], "size": [0, 4, 4], "pivot": [1.5, 3.85, 8.25], "rotation": [0, 0, 10], "uv": [120, 16], "mirror": true},
						{"origin": [1.18077, -0.4404, 6.25], "size": [0, 4, 4], "pivot": [3, 1.88038, 8.25], "rotation": [90, 80, 90], "uv": [120, 12], "mirror": true}
					]
				},
				{
					"name": "leg_back_left3",
					"parent": "leg_back_left2",
					"pivot": [3, 1, 8.25],
					"rotation": [10, 0, 0],
					"cubes": [
						{"origin": [1.5, -0.5, 6.5], "size": [3, 2, 3], "inflate": 0.01, "uv": [66, 36]}
					]
				}
			]
		}
	]
}