{
	"format_version": "1.12.0",
	"minecraft:geometry": [
		{
			"description": {
				"identifier": "geometry.carracosta",
				"texture_width": 128,
				"texture_height": 128,
				"visible_bounds_width": 5,
				"visible_bounds_height": 3.5,
				"visible_bounds_offset": [0, 1.25, 0]
			},
			"bones": [
				{
					"name": "carracosta",
					"pivot": [0, 0, 0]
				},
				{
					"name": "body",
					"parent": "carracosta",
					"pivot": [0, 15, 0]
				},
				{
					"name": "torso",
					"parent": "body",
					"pivot": [0, 8, 1],
					"rotation": [22.5, 0, 0],
					"cubes": [
						{"origin": [-7, 7, -4], "size": [14, 16, 11], "inflate": 0.01, "uv": [0, 0]},
						{"origin": [-7, 16.5, -4], "size": [5, 5, 3], "pivot": [-7, 22.5, -4], "rotation": [0, 15, 0], "uv": [67, 79]},
						{"origin": [-7, 8.5, -4], "size": [5, 5, 3], "pivot": [-7, 14.5, -4], "rotation": [0, 15, 0], "uv": [78, 57]},
						{"origin": [2, 8.5, -4], "size": [5, 5, 3], "pivot": [7, 14.5, -4], "rotation": [0, -15, 0], "uv": [77, 37]},
						{"origin": [2, 16.5, -4], "size": [5, 5, 3], "pivot": [7, 22.5, -4], "rotation": [0, -15, 0], "uv": [78, 23]}
					]
				},
				{
					"name": "arm_right",
					"parent": "torso",
					"pivot": [-5.5, 21, 0.5],
					"cubes": [
						{"origin": [-15, 20, -2], "size": [10, 2, 5], "uv": [50, 9]}
					]
				},
				{
					"name": "arm_right2",
					"parent": "arm_right",
					"pivot": [-14, 21, 3],
					"cubes": [
						{"origin": [-22, 20, -3], "size": [8, 2, 7], "inflate": 0.01, "uv": [37, 43]}
					]
				},
				{
					"name": "arm_right3",
					"parent": "arm_right2",
					"pivot": [-22, 22, 3],
					"cubes": [
						{"origin": [-29, 20, -2], "size": [7, 2, 5], "inflate": 0.01, "uv": [62, 16]},
						{"origin": [-27, 22.01, -0.5], "size": [3, 0, 2], "inflate": 0.01, "uv": [0, 2]}
					]
				},
				{
					"name": "arm_left",
					"parent": "torso",
					"pivot": [5.5, 21, 0.5],
					"cubes": [
						{"origin": [5, 20, -2], "size": [10, 2, 5], "uv": [0, 50]}
					]
				},
				{
					"name": "arm_left2",
					"parent": "arm_left",
					"pivot": [14, 21, 3],
					"cubes": [
						{"origin": [14, 20, -3], "size": [8, 2, 7], "inflate": 0.01, "uv": [39, 0]}
					]
				},
				{
					"name": "arm_left3",
					"parent": "arm_left2",
					"pivot": [22, 22, 3],
					"cubes": [
						{"origin": [22, 20, -2], "size": [7, 2, 5], "inflate": 0.01, "uv": [62, 0]},
						{"origin": [24, 22.01, -0.5], "size": [3, 0, 2], "inflate": 0.01, "uv": [0, 0]}
					]
				},
				{
					"name": "tail",
					"parent": "torso",
					"pivot": [0, 8, 3.5],
					"rotation": [-35, 0, 0],
					"cubes": [
						{"origin": [-3.5, 6.5, 2.5], "size": [7, 3, 7], "uv": [44, 31]}
					]
				},
				{
					"name": "tail2",
					"parent": "tail",
					"pivot": [0, 8, 9.5],
					"cubes": [
						{"origin": [-3, 7, 8.5], "size": [6, 2, 5], "uv": [62, 50]}
					]
				},
				{
					"name": "tail3",
					"parent": "tail2",
					"pivot": [0, 8, 12.5],
					"cubes": [
						{"origin": [-2, 7.5, 12.5], "size": [4, 1, 4], "uv": [80, 66]}
					]
				},
				{
					"name": "neck",
					"parent": "torso",
					"pivot": [0, 23, 1.5],
					"rotation": [10, 0, 0],
					"cubes": [
						{"origin": [-2.5, 21, -1], "size": [5, 5, 5], "uv": [63, 60]}
					]
				},
				{
					"name": "head",
					"parent": "neck",
					"pivot": [0, 26, 1],
					"rotation": [-22.5, 0, 0],
					"cubes": [
						{"origin": [-3, 26, -6], "size": [6, 4, 10], "uv": [40, 17]},
						{"origin": [-1, 25, -6], "size": [2, 2, 0], "pivot": [0, 26, -6], "rotation": [0, 0, 45], "uv": [0, 31]},
						{"origin": [3, 23, -4], "size": [0, 3, 3], "uv": [5, 1]},
						{"origin": [-3, 23, -4], "size": [0, 3, 3], "uv": [0, 5]},
						{"origin": [-3, 24, -1], "size": [6, 2, 5], "uv": [19, 65]}
					]
				},
				{
					"name": "eye_left",
					"parent": "head",
					"pivot": [0, 28.5, -3.5],
					"cubes": [
						{"origin": [2.01, 27.5, -3.5], "size": [1, 2, 2], "uv": [39, 0]},
						{"origin": [2.015, 28, -3.25], "size": [1, 1, 1], "uv": [6, 9]},
						{"origin": [2.015, 29, -4], "size": [1, 1, 3], "inflate": 0.01, "uv": [62, 23]}
					]
				},
				{
					"name": "eyelid_left",
					"parent": "eye_left",
					"pivot": [2.41, 28.5, -2.5],
					"cubes": [
						{"origin": [1.91, 27.5, -3.5], "size": [1, 2, 2], "inflate": 0.01, "uv": [0, 90]}
					]
				},
				{
					"name": "eye_right",
					"parent": "head",
					"pivot": [0, 28.5, -3.5],
					"cubes": [
						{"origin": [-3.01, 27.5, -3.5], "size": [1, 2, 2], "uv": [0, 27]},
						{"origin": [-3.015, 28, -3.25], "size": [1, 1, 1], "uv": [7, 7]},
						{"origin": [-3.015, 29, -4], "size": [1, 1, 3], "inflate": 0.01, "uv": [0, 4]}
					]
				},
				{
					"name": "eyelid_right",
					"parent": "eye_right",
					"pivot": [-2.41, 28.5, -2.5],
					"cubes": [
						{"origin": [-2.91, 27.5, -3.5], "size": [1, 2, 2], "inflate": 0.01, "uv": [0, 85]}
					]
				},
				{
					"name": "jaw",
					"parent": "head",
					"pivot": [0, 26, -1],
					"cubes": [
						{"origin": [-2.5, 24, -5], "size": [5, 2, 4], "uv": [75, 7]}
					]
				},
				{
					"name": "shell",
					"parent": "torso",
					"pivot": [0, 15.54821, 5.16208],
					"cubes": [
						{"origin": [-8, 6.5, 4.5], "size": [16, 17, 6], "inflate": 0.01, "uv": [0, 27]},
						{"origin": [-7, 23.5, 4.5], "size": [4, 5, 5], "inflate": 0.01, "pivot": [-3, 23.5, 9.5], "rotation": [22.5, 0, -15], "uv": [0, 66]},
						{"origin": [3, 23.5, 4.5], "size": [4, 5, 5], "inflate": 0.01, "pivot": [3, 23.5, 9.5], "rotation": [22.5, 0, 15], "uv": [41, 65]},
						{"origin": [-2, 12.5, 10], "size": [4, 5, 2], "inflate": 0.01, "uv": [81, 13]},
						{"origin": [-2, 7.5, 9.5], "size": [4, 4, 2], "inflate": 0.01, "pivot": [0, 9.5, 9.5], "rotation": [-15, 0, 0], "uv": [22, 72]},
						{"origin": [-2, 18.5, 9.5], "size": [4, 4, 2], "inflate": 0.01, "pivot": [0, 20.5, 9.5], "rotation": [15, 0, 0], "uv": [40, 52]},
						{"origin": [-9, 9.5, 4.5], "size": [2, 3, 6], "uv": [38, 75]},
						{"origin": [-9, 9.5, -1.5], "size": [2, 3, 6], "inflate": 0.01, "pivot": [-9, 11, 4.5], "rotation": [0, -20, 0], "uv": [28, 72]},
						{"origin": [7, 9.5, -1.5], "size": [2, 3, 6], "inflate": 0.01, "pivot": [9, 11, 4.5], "rotation": [0, 20, 0], "uv": [12, 72]},
						{"origin": [7, 9.5, 4.5], "size": [2, 3, 6], "uv": [70, 70]},
						{"origin": [-9, 15.5, 4.5], "size": [1, 3, 6], "uv": [79, 45]},
						{"origin": [8, 15.5, 4.5], "size": [1, 3, 6], "uv": [0, 76]}
					]
				},
				{
					"name": "locator_seat_1",
					"parent": "shell",
					"pivot": [0, 18, 10.3],
					"rotation": [-76.5, 0, 0],
					"locators": {
						"seat_1": [0, 18, 10.3]
					}
				},
				{
					"name": "leg_left",
					"parent": "body",
					"pivot": [-5.5, 7.5, -0.5],
					"rotation": [-17.5, 0, 0],
					"cubes": [
						{"origin": [-9, 3, -3.5], "size": [5, 7, 6], "uv": [46, 52]}
					]
				},
				{
					"name": "leg_left2",
					"parent": "leg_left",
					"pivot": [-6.5, 5, -1.5],
					"rotation": [22.5, 0, 0],
					"cubes": [
						{"origin": [-8, 0, -3], "size": [3, 6, 5], "uv": [54, 70]}
					]
				},
				{
					"name": "foot_left",
					"parent": "leg_left2",
					"pivot": [-6.5, 1, 0],
					"rotation": [-5, 0, 0],
					"cubes": [
						{"origin": [-9, -0.5, -4.5], "size": [5, 2, 7], "uv": [60, 41]}
					]
				},
				{
					"name": "leg_right",
					"parent": "body",
					"pivot": [5.5, 7.5, -0.5],
					"rotation": [-17.5, 0, 0],
					"cubes": [
						{"origin": [4, 3, -3.5], "size": [5, 7, 6], "uv": [24, 52]}
					]
				},
				{
					"name": "leg_right2",
					"parent": "leg_right",
					"pivot": [6.5, 5, -1.5],
					"rotation": [22.5, 0, 0],
					"cubes": [
						{"origin": [5, 0, -3], "size": [3, 6, 5], "uv": [67, 26]}
					]
				},
				{
					"name": "foot_right",
					"parent": "leg_right2",
					"pivot": [6.5, 1, 0],
					"rotation": [-5, 0, 0],
					"cubes": [
						{"origin": [4, -0.5, -4.5], "size": [5, 2, 7], "uv": [0, 57]}
					]
				}
			]
		}
	]
}