{
	"format_version": "1.12.0",
	"minecraft:geometry": [
		{
			"description": {
				"identifier": "geometry.basculin_whitestripe",
				"texture_width": 64,
				"texture_height": 64,
				"visible_bounds_width": 4,
				"visible_bounds_height": 2.5,
				"visible_bounds_offset": [0, 0.75, 0]
			},
			"bones": [
				{
					"name": "basculin",
					"pivot": [0, 0, 0]
				},
				{
					"name": "locator_root",
					"parent": "basculin",
					"pivot": [0, 0, 0],
					"locators": {
						"root": [0, 0, 0]
					}
				},
				{
					"name": "locator_top",
					"parent": "basculin",
					"pivot": [0, 18, 0],
					"locators": {
						"top": [0, 18, 0]
					}
				},
				{
					"name": "body",
					"parent": "basculin",
					"pivot": [0, 7, 0]
				},
				{
                    "name": "locator_seat_1",
                    "parent": "body",
                    "pivot": [0, 13, 3],
                    "locators": {
                        "seat_1": [0, 13, 3]
                    }
                },
				{
					"name": "locator_target",
					"parent": "body",
					"pivot": [0, 7.5, -14],
					"locators": {
						"target": [0, 7.5, -14]
					}
				},
				{
					"name": "locator_middle",
					"parent": "body",
					"pivot": [0, 8, 0],
					"locators": {
						"middle": [0, 8, 0]
					}
				},
				{
					"name": "torso",
					"parent": "body",
					"pivot": [0, 6.5, -3.5],
					"cubes": [
						{"origin": [-4, 0, -4.5], "size": [8, 14, 10], "uv": [0, 0]},
						{"origin": [-4, 4.5, 3.5], "size": [8, 3, 2], "inflate": 0.01, "uv": [36, 18]},
						{"origin": [0, 13, -4.9], "size": [0, 6, 10], "pivot": [0, 17.25, 1.25], "rotation": [-2.5, 0, 0], "uv": [36, 27]}
					]
				},
				{
					"name": "locator_mouth",
					"parent": "torso",
					"pivot": [0, 5.25, -8.75],
					"locators": {
						"mouth": [0, 5.25, -8.75],
						"special": [0, 5.25, -8.75],
						"physical": [0, 5.25, -8.75]
					}
				},
				{
					"name": "head",
					"parent": "torso",
					"pivot": [0, 6.75, -3.75],
					"cubes": [
						{"origin": [-3.5, 0.75, -5.75], "size": [7, 12, 4], "uv": [18, 39]}
					]
				},
				{
					"name": "locator_item_face",
					"parent": "head",
					"pivot": [0, 8.5, -11.75],
					"locators": {
						"item_face": [0, 8.5, -11.75]
					}
				},
				{
					"name": "head_rot",
					"parent": "head",
					"pivot": [0, 13, -4.75],
					"rotation": [-2.5, 0, 0],
					"cubes": [
						{"origin": [-3.5, 6, -11.5], "size": [7, 7, 8], "inflate": 0.01, "uv": [0, 24]},
						{"origin": [-1.25, 5.25, -11.5], "size": [2, 2, 0], "inflate": 0.015, "pivot": [0, 6, -11.5], "rotation": [0, 0, 45], "uv": [0, 53]}
					]
				},
				{
					"name": "locator_jaw_upper",
					"parent": "head_rot",
					"pivot": [0, 6, -10.5],
					"rotation": [-90, 0, 0],
					"locators": {
						"jaw1": [0, 6, -10.5]
					}
				},
				{
					"name": "eyes",
					"parent": "head_rot",
					"pivot": [0, 10, -7]
				},
				{
					"name": "right_eye",
					"parent": "eyes",
					"pivot": [-3.51, 9.5, -8.5],
					"cubes": [
						{"origin": [-3.515, 6.5, -10], "size": [0, 5, 3], "uv": [53, -1]}
					]
				},
				{
					"name": "locator_eye_right",
					"parent": "right_eye",
					"pivot": [-3.6, 8.75, -8.5],
					"locators": {
						"eye1": [-3.6, 8.75, -8.5]
					}
				},
				{
					"name": "right_pupil",
					"parent": "right_eye",
					"pivot": [-3.5125, 8.75, -8.5],
					"cubes": [
						{"origin": [-3.51, 7.25, -9.5], "size": [0, 3, 2], "inflate": 0.01, "uv": [0, 53]},
						{"origin": [-3.515, 8.25, -9], "size": [0, 1, 1], "inflate": 0.01, "uv": [1, 47]}
					]
				},
				{
					"name": "right_eyelid",
					"parent": "right_eye",
					"pivot": [-3.41, 8.5, -8.5],
					"cubes": [
						{"origin": [-3.415, 6.5, -10], "size": [1, 5, 3], "inflate": 0.02, "uv": [26, 2]}
					]
				},
				{
					"name": "right_step_eyelid1",
					"parent": "right_eyelid",
					"pivot": [-3.31, 7.5, -9.5],
					"cubes": [
						{"origin": [-3.31, 6.5, -10], "size": [0, 2, 1], "inflate": 0.021, "uv": [15, 55]}
					]
				},
				{
					"name": "right_step_eyelid2",
					"parent": "right_eyelid",
					"pivot": [-3.41, 8.5, -8],
					"cubes": [
						{"origin": [-3.31, 7.5, -9], "size": [0, 2, 2], "inflate": 0.021, "uv": [56, 19]}
					]
				},
				{
					"name": "right_angry_eyelid",
					"parent": "right_eye",
					"pivot": [-2.91, 10.25, -8.5],
					"cubes": [
						{"origin": [-3.41, 8.75, -10], "size": [1, 3, 3], "inflate": 0.005, "uv": [18, 55]}
					]
				},
				{
					"name": "right_emote_eyelid2",
					"parent": "right_eye",
					"pivot": [-2.91, 9.75, -9],
					"cubes": [
						{"origin": [-3.41, 9.25, -9.5], "size": [1, 1, 1], "inflate": 0.02, "uv": [0, 49]}
					]
				},
				{
					"name": "right_sad_eyelid",
					"parent": "right_eye",
					"pivot": [-2.91, 10, -8],
					"cubes": [
						{"origin": [-3.41, 8.5, -9], "size": [1, 3, 2], "inflate": 0.005, "uv": [26, 56]}
					]
				},
				{
					"name": "left_eye",
					"parent": "eyes",
					"pivot": [3.51, 9.5, -8.5],
					"cubes": [
						{"origin": [3.515, 6.5, -10], "size": [0, 5, 3], "uv": [37, -1]}
					]
				},
				{
					"name": "locator_eye_left",
					"parent": "left_eye",
					"pivot": [3.6, 8.75, -8.5],
					"locators": {
						"eye2": [3.6, 8.75, -8.5]
					}
				},
				{
					"name": "left_pupil",
					"parent": "left_eye",
					"pivot": [3.5125, 8.75, -8.5],
					"cubes": [
						{"origin": [3.515, 7.25, -9.5], "size": [0, 3, 2], "inflate": 0.01, "uv": [0, 56]},
						{"origin": [3.52, 8.25, -9], "size": [0, 1, 1], "inflate": 0.01, "uv": [40, 50]}
					]
				},
				{
					"name": "left_eyelid",
					"parent": "left_eye",
					"pivot": [3.31, 8.5, -8.5],
					"cubes": [
						{"origin": [2.415, 6.5, -10], "size": [1, 5, 3], "inflate": 0.02, "uv": [0, 2]}
					]
				},
				{
					"name": "left_step_eyelid1",
					"parent": "left_eyelid",
					"pivot": [3.31, 7.5, -9.5],
					"cubes": [
						{"origin": [3.315, 6.5, -10], "size": [0, 2, 1], "inflate": 0.021, "uv": [24, 60]}
					]
				},
				{
					"name": "left_step_eyelid2",
					"parent": "left_eyelid",
					"pivot": [3.41, 8.5, -8],
					"cubes": [
						{"origin": [3.315, 7.5, -9], "size": [0, 2, 2], "inflate": 0.021, "uv": [20, 59]}
					]
				},
				{
					"name": "left_angry_eyelid",
					"parent": "left_eye",
					"pivot": [2.91, 10.25, -8.5],
					"cubes": [
						{"origin": [2.415, 8.75, -10], "size": [1, 3, 3], "inflate": 0.005, "uv": [18, 55]}
					]
				},
				{
					"name": "left_emote_eyelid2",
					"parent": "left_eye",
					"pivot": [2.91, 9.75, -9],
					"cubes": [
						{"origin": [2.41, 9.25, -9.5], "size": [1, 1, 1], "inflate": 0.02, "uv": [0, 49]}
					]
				},
				{
					"name": "left_sad_eyelid",
					"parent": "left_eye",
					"pivot": [2.91, 10, -8],
					"cubes": [
						{"origin": [2.415, 8.5, -9], "size": [1, 3, 2], "inflate": 0.005, "uv": [26, 56]}
					]
				},
				{
					"name": "top_teeth",
					"parent": "head_rot",
					"pivot": [1.2, 6, -11],
					"cubes": [
						{"origin": [-3.15, 5.5, -9.5], "size": [0, 1, 1], "pivot": [-3.15, 6, -9], "rotation": [45, -10, 0], "uv": [60, 19]},
						{"origin": [-2.55, 5.5, -10.9], "size": [0, 1, 1], "pivot": [-2.55, 6, -10.4], "rotation": [45, -37.5, 0], "uv": [60, 20]},
						{"origin": [-1.2, 5.5, -11.5], "size": [0, 1, 1], "pivot": [-1.2, 6, -11], "rotation": [0, -85, 45], "uv": [60, 16]},
						{"origin": [3.15, 5.5, -9.5], "size": [0, 1, 1], "pivot": [3.15, 6, -9], "rotation": [45, 10, 0], "uv": [60, 21]},
						{"origin": [2.55, 5.5, -10.9], "size": [0, 1, 1], "pivot": [2.55, 6, -10.4], "rotation": [45, 37.5, 0], "uv": [60, 17]},
						{"origin": [1.2, 5.5, -11.5], "size": [0, 1, 1], "pivot": [1.2, 6, -11], "rotation": [0, 85, -45], "uv": [60, 18]}
					]
				},
				{
					"name": "jaw",
					"parent": "head",
					"pivot": [0, 5, -4.7],
					"rotation": [12.5, 0, 0],
					"cubes": [
						{"origin": [-3.5, 0.75, -11.7], "size": [7, 4, 9], "inflate": 0.02, "uv": [30, 24]},
						{"origin": [-0.75, 3.25, -11.7], "size": [2, 2, 0], "inflate": 0.02, "pivot": [0, 4.5, -11.7], "rotation": [0, 0, 45], "uv": [0, 51]},
						{"origin": [-3.5, 4.75, -6.5], "size": [0, 3, 2], "pivot": [-3.5, 4.75, -5.5], "rotation": [0, 0, -10], "uv": [14, 56]},
						{"origin": [3.5, 4.75, -6.5], "size": [0, 3, 2], "pivot": [3.5, 4.75, -5.5], "rotation": [0, 0, 10], "uv": [56, 16]}
					]
				},
				{
					"name": "locator_jaw_lower",
					"parent": "jaw",
					"pivot": [0, 4.75, -10.75],
					"rotation": [-90, 0, 0],
					"locators": {
						"jaw2": [0, 4.75, -10.75]
					}
				},
				{
					"name": "tongue",
					"parent": "jaw",
					"pivot": [0, 5, -4.95],
					"cubes": [
						{"origin": [-2, 4.5, -9.95], "size": [4, 1, 6], "inflate": 0.02, "uv": [0, 55]}
					]
				},
				{
					"name": "bottom_teeth",
					"parent": "jaw",
					"pivot": [3.3, 4.75, -7.95],
					"cubes": [
						{"origin": [-1.95, 4.25, -11.65], "size": [0, 1, 1], "pivot": [-1.95, 4.75, -11.15], "rotation": [-45, -75, 0], "uv": [39, 22]},
						{"origin": [-3.1, 4.25, -10.5], "size": [0, 1, 1], "pivot": [-3.1, 4.75, -10], "rotation": [-45, -17.5, 0], "uv": [41, 22]},
						{"origin": [-3.3, 4.25, -8.45], "size": [0, 1, 1], "pivot": [-3.3, 4.75, -7.95], "rotation": [-45, 0, 0], "uv": [43, 22]},
						{"origin": [1.95, 4.25, -11.65], "size": [0, 1, 1], "pivot": [1.95, 4.75, -11.15], "rotation": [-45, 75, 0], "uv": [45, 22]},
						{"origin": [3.1, 4.25, -10.5], "size": [0, 1, 1], "pivot": [3.1, 4.75, -10], "rotation": [-45, 17.5, 0], "uv": [47, 22]},
						{"origin": [3.3, 4.25, -8.45], "size": [0, 1, 1], "pivot": [3.3, 4.75, -7.95], "rotation": [-45, 0, 0], "uv": [49, 22]}
					]
				},
				{
					"name": "fins",
					"parent": "torso",
					"pivot": [0, 5, -3]
				},
				{
					"name": "fin_right",
					"parent": "fins",
					"pivot": [-4, 6, -3],
					"cubes": [
						{"origin": [-8, 2, -3], "size": [4, 8, 0], "uv": [40, 43]}
					]
				},
				{
					"name": "fin_right2",
					"parent": "fin_right",
					"pivot": [-8, 6, -3],
					"cubes": [
						{"origin": [-12, 1, -3], "size": [4, 10, 0], "uv": [48, 43]}
					]
				},
				{
					"name": "fin_left",
					"parent": "fins",
					"pivot": [4, 6, -3],
					"cubes": [
						{"origin": [4, 2, -3], "size": [4, 8, 0], "uv": [48, 53], "mirror": true}
					]
				},
				{
					"name": "fin_left2",
					"parent": "fin_left",
					"pivot": [8, 6, -3],
					"cubes": [
						{"origin": [8, 1, -3], "size": [4, 10, 0], "uv": [40, 52]}
					]
				},
				{
					"name": "tail",
					"parent": "torso",
					"pivot": [0, 6.25, 4.5],
					"cubes": [
						{"origin": [-2.5, 1.25, 2.5], "size": [5, 11, 7], "uv": [36, 0]},
						{"origin": [0, -5.5, 5.75], "size": [0, 7, 5], "pivot": [0, -1.5, 6.25], "rotation": [32.5, 0, 0], "uv": [22, 20]},
						{"origin": [0, 9.5, 6.5], "size": [0, 7, 7], "pivot": [0, 14.5, 9], "rotation": [-45, 0, 0], "uv": [4, 41]}
					]
				},
				{
					"name": "tail_fin",
					"parent": "tail",
					"pivot": [0, 5.25, 9.5],
					"cubes": [
						{"origin": [0, 0.75, 8.5], "size": [0, 9, 9], "uv": [0, 30]}
					]
				},
				{
					"name": "locator_tail_tip",
					"parent": "tail_fin",
					"pivot": [0, 5.75, 14.5],
					"rotation": [-180, 0, 180],
					"locators": {
						"tail_tip": [0, 5.75, 14.5]
					}
				}
			]
		}
	]
}