{
	"format_version": "1.12.0",
	"minecraft:geometry": [
		{
			"description": {
				"identifier": "geometry.crobat",
				"texture_width": 128,
				"texture_height": 64,
				"visible_bounds_width": 5,
				"visible_bounds_height": 6.5,
				"visible_bounds_offset": [0, 2.75, 0]
			},
			"bones": [
				{
					"name": "crobat",
					"pivot": [0, 0, 0]
				},
				{
					"name": "locator_root",
					"parent": "crobat",
					"pivot": [0, 0, 0],
					"locators": {
						"root": [0, 0, 0]
					}
				},
				{
					"name": "locator_top",
					"parent": "crobat",
					"pivot": [0, 32, 0],
					"locators": {
						"top": [0, 32, 0]
					}
				},
				{
					"name": "body",
					"parent": "crobat",
					"pivot": [0, 15.5, 0],
					"cubes": [
						{"origin": [-5.5, 8, -5], "size": [10, 15, 10], "pivot": [0, 15.5, -0.5], "rotation": [0, 45, 0], "uv": [0, 0]}
					]
				},
				{
					"name": "locator_middle",
					"parent": "body",
					"pivot": [0, 15, 0],
					"locators": {
						"middle": [0, 15, 0]
					}
				},
				{
					"name": "locator_target",
					"parent": "body",
					"pivot": [0, 15, -8],
					"locators": {
						"target": [0, 15, -8]
					}
				},
				{
					"name": "locator_face",
					"parent": "body",
					"pivot": [0, 18, -7],
					"locators": {
						"face": [0, 18, -7]
					}
				},
				{
					"name": "locator_item_face",
					"parent": "body",
					"pivot": [0, 19, -7],
					"locators": {
						"item_face": [0, 19, -7]
					}
				},
				{
					"name": "locator_head",
					"parent": "body",
					"pivot": [0, 23, -3],
					"locators": {
						"head": [0, 23, -3]
					}
				},
				{
					"name": "locator_item_hat",
					"parent": "body",
					"pivot": [0, 23, 0.25],
					"locators": {
						"item_hat": [0, 23, 0.25]
					}
				},
				{
					"name": "locator_seat_1",
					"parent": "body",
					"pivot": [0, 23, 3],
					"locators": {
						"seat_1": [0, 23, 3]
					}
				},
				{
					"name": "mouth",
					"parent": "body",
					"pivot": [0, 17.05, -4.79]
				},
				{
					"name": "locator_mouth",
					"parent": "mouth",
					"pivot": [0, 17, -7],
					"locators": {
						"mouth": [0, 17, -7],
						"special": [0, 17, -7],
						"physical": [0, 17, -7]
					}
				},
				{
					"name": "mouth_closed",
					"parent": "mouth",
					"pivot": [0, 17.05, -4.78],
					"rotation": [0, -45, 0],
					"cubes": [
						{"origin": [-1.5, 15, -6.28], "size": [6, 4, 6], "uv": [54, 0]}
					]
				},
				{
					"name": "mouth_closed_happy",
					"parent": "mouth",
					"pivot": [0, 16.05, -4.68],
					"rotation": [0, -45, 0],
					"cubes": [
						{"origin": [-1.5, 13, -6.18], "size": [6, 5, 6], "uv": [104, 0]}
					]
				},
				{
					"name": "mouth_closed_wide",
					"parent": "mouth",
					"pivot": [0, 14.05, -4.68],
					"rotation": [0, -45, 0],
					"cubes": [
						{"origin": [-1.5, 12, -6.18], "size": [5, 8, 5], "uv": [78, 20]}
					]
				},
				{
					"name": "mouth_open",
					"parent": "mouth",
					"pivot": [0, 17.05, -4.68],
					"rotation": [0, -45, 0],
					"cubes": [
						{"origin": [-1.5, 15, -6.18], "size": [6, 4, 6], "uv": [50, 10]}
					]
				},
				{
					"name": "mouth_open_wide",
					"parent": "mouth",
					"pivot": [0, 17.05, -4.68],
					"rotation": [0, -45, 0],
					"cubes": [
						{"origin": [-1.5, 12, -6.18], "size": [5, 8, 5], "uv": [74, 7]}
					]
				},
				{
					"name": "mouth_open_pbr",
					"parent": "mouth",
					"pivot": [0, 17.05, -2.78],
					"rotation": [0, -45, 0],
					"cubes": [
						{"origin": [-1.5, 15, -4.28], "size": [6, 4, 6], "uv": [94, 11]},
						{"origin": [-1.5, 15, -1.78], "size": [0, 2, 3], "pivot": [-1.5, 15, 0.22], "rotation": [0, 0, -25], "uv": [36, -3]},
						{"origin": [1, 15, -4.28], "size": [3, 2, 0], "pivot": [3, 15, -4.28], "rotation": [25, 0, 0], "uv": [30, 0]}
					]
				},
				{
					"name": "eyes",
					"parent": "body",
					"pivot": [0, 17.35, -3.05],
					"rotation": [0, -45, 0]
				},
				{
					"name": "eye_left",
					"parent": "eyes",
					"pivot": [2.7, 19.9, -5.76],
					"rotation": [0, 0, -7.5],
					"cubes": [
						{"origin": [0.7, 18.4, -5.76], "size": [4, 3, 0], "uv": [0, 0]}
					]
				},
				{
					"name": "locator_eye_left",
					"parent": "eye_left",
					"pivot": [2.25, 20.4, -5.75],
					"locators": {
						"eye2": [2.25, 20.4, -5.75]
					}
				},
				{
					"name": "pupil_left",
					"parent": "eye_left",
					"pivot": [2.25, 20.4, -5.77],
					"cubes": [
						{"origin": [1.25, 19.4, -5.77], "size": [2, 2, 0], "uv": [0, 6]}
					]
				},
				{
					"name": "pupil_small_left",
					"parent": "eye_left",
					"pivot": [2.25, 19.9, -5.67],
					"cubes": [
						{"origin": [1.75, 19.4, -5.67], "size": [1, 1, 0], "uv": [4, 6]}
					]
				},
				{
					"name": "eyelid_left",
					"parent": "eye_left",
					"pivot": [2.7, 19.9, -5.17],
					"cubes": [
						{"origin": [0.7, 18.4, -5.67], "size": [4, 3, 1], "inflate": 0.01, "uv": [84, 0]}
					]
				},
				{
					"name": "eyelid_happy_left",
					"parent": "eye_left",
					"pivot": [2.7, 19.9, -5.17],
					"cubes": [
						{"origin": [0.7, 18.4, -5.67], "size": [4, 3, 1], "inflate": 0.01, "uv": [96, 0]}
					]
				},
				{
					"name": "eye_right",
					"parent": "eyes",
					"pivot": [-2.7, 19.9, -0.26],
					"rotation": [7.5, 0, 0],
					"cubes": [
						{"origin": [-2.7, 18.4, -2.26], "size": [0, 3, 4], "uv": [0, -1], "mirror": true}
					]
				},
				{
					"name": "locator_eye_right",
					"parent": "eye_right",
					"pivot": [-2.75, 20.4, -0.75],
					"locators": {
						"eye1": [-2.75, 20.4, -0.75]
					}
				},
				{
					"name": "pupil_right",
					"parent": "eye_right",
					"pivot": [-2.71, 20.4, -0.77],
					"cubes": [
						{"origin": [-2.71, 19.4, -1.77], "size": [0, 2, 2], "uv": [0, 6], "mirror": true}
					]
				},
				{
					"name": "pupil_small_right",
					"parent": "eye_right",
					"pivot": [-2.61, 19.9, -0.77],
					"cubes": [
						{"origin": [-2.61, 19.4, -1.27], "size": [0, 1, 1], "uv": [4, 6], "mirror": true}
					]
				},
				{
					"name": "eyelid_right",
					"parent": "eye_right",
					"pivot": [-2.11, 19.9, -0.26],
					"cubes": [
						{"origin": [-2.61, 18.4, -2.26], "size": [1, 3, 4], "inflate": 0.01, "uv": [78, 0], "mirror": true}
					]
				},
				{
					"name": "eyelid_happy_right",
					"parent": "eye_right",
					"pivot": [-2.11, 19.9, -0.26],
					"cubes": [
						{"origin": [-2.61, 18.4, -2.26], "size": [1, 3, 4], "inflate": 0.01, "uv": [90, 0], "mirror": true}
					]
				},
				{
					"name": "feet",
					"parent": "body",
					"pivot": [0, 9.5, 3]
				},
				{
					"name": "foot_right",
					"parent": "feet",
					"pivot": [-2.3, 9.5, 5],
					"rotation": [60, -35, 5],
					"cubes": [
						{"origin": [-4, 4.5, 5], "size": [3, 6, 0], "uv": [54, 0], "mirror": true}
					]
				},
				{
					"name": "locator_foot_primary",
					"parent": "foot_right",
					"pivot": [-2.5, 6.5, 5],
					"locators": {
						"foot_primary": [-2.5, 6.5, 5]
					}
				},
				{
					"name": "foot_left",
					"parent": "feet",
					"pivot": [2.3, 9.5, 5],
					"rotation": [60, 35, -5],
					"cubes": [
						{"origin": [1, 4.5, 5], "size": [3, 6, 0], "uv": [72, 0]}
					]
				},
				{
					"name": "locator_foot_secondary",
					"parent": "foot_left",
					"pivot": [2.5, 6.5, 5],
					"locators": {
						"foot_secondary": [2.5, 6.5, 5]
					}
				},
				{
					"name": "ears",
					"parent": "body",
					"pivot": [0, 23, 0.5]
				},
				{
					"name": "ear_left",
					"parent": "ears",
					"pivot": [4.5, 23, -2],
					"rotation": [-15, 0, 15]
				},
				{
					"name": "ear_left_rotation",
					"parent": "ear_left",
					"pivot": [4.5, 23, -2],
					"rotation": [0, -45, 0],
					"cubes": [
						{"origin": [4.5, 23, -2], "size": [3, 5, 3], "inflate": 0.01, "uv": [30, 2]},
						{"origin": [5.5, 28, -2], "size": [2, 5, 2], "uv": [40, 8]}
					]
				},
				{
					"name": "ear_right",
					"parent": "ears",
					"pivot": [-4.5, 23, -2],
					"rotation": [-15, 0, -15]
				},
				{
					"name": "ear_right_rotation",
					"parent": "ear_right",
					"pivot": [-4.5, 23, -2],
					"rotation": [0, 45, 0],
					"cubes": [
						{"origin": [-7.5, 23, -2], "size": [3, 5, 3], "inflate": 0.01, "uv": [42, 0], "mirror": true},
						{"origin": [-7.5, 28, -2], "size": [2, 5, 2], "uv": [48, 8], "mirror": true}
					]
				},
				{
					"name": "wings",
					"parent": "body",
					"pivot": [0, 18, -0.3]
				},
				{
					"name": "wing_top_right",
					"parent": "wings",
					"pivot": [-7, 17.5, 0.25],
					"cubes": [
						{"origin": [-18, 15.5, 0.2], "size": [14, 10, 0], "inflate": 0.005, "uv": [0, 33], "mirror": true}
					]
				},
				{
					"name": "wing_top_right2",
					"parent": "wing_top_right",
					"pivot": [-18, 25.5, 0.2],
					"cubes": [
						{"origin": [-28, 14.5, 0.2], "size": [10, 17, 0], "uv": [58, 30], "mirror": true}
					]
				},
				{
					"name": "locator_wing_right",
					"parent": "wing_top_right2",
					"pivot": [-26, 31.5, 0],
					"locators": {
						"wing1": [-26, 31.5, 0]
					}
				},
				{
					"name": "wing_top_right3",
					"parent": "wing_top_right2",
					"pivot": [-28, 28.5, 0.2],
					"cubes": [
						{"origin": [-37, 14.5, 0.2], "size": [9, 17, 0], "inflate": 0.005, "uv": [40, 25], "mirror": true}
					]
				},
				{
					"name": "wing_top_right4",
					"parent": "wing_top_right3",
					"pivot": [-37, 27.5, 0.2],
					"cubes": [
						{"origin": [-49, 21.5, 0.2], "size": [12, 6, 0], "uv": [28, 42], "mirror": true}
					]
				},
				{
					"name": "wing_top_left",
					"parent": "wings",
					"pivot": [7, 17.5, 0.25],
					"cubes": [
						{"origin": [4, 15.5, 0.2], "size": [14, 10, 0], "inflate": 0.005, "uv": [0, 43]}
					]
				},
				{
					"name": "wing_top_left2",
					"parent": "wing_top_left",
					"pivot": [18, 25.5, 0.2],
					"cubes": [
						{"origin": [18, 14.5, 0.2], "size": [10, 17, 0], "uv": [70, 47]}
					]
				},
				{
					"name": "locator_wing_left",
					"parent": "wing_top_left2",
					"pivot": [26, 31.5, 0],
					"locators": {
						"wing2": [26, 31.5, 0]
					}
				},
				{
					"name": "wing_top_left3",
					"parent": "wing_top_left2",
					"pivot": [28, 28.5, 0.2],
					"cubes": [
						{"origin": [28, 14.5, 0.2], "size": [9, 17, 0], "inflate": 0.005, "uv": [52, 47]}
					]
				},
				{
					"name": "wing_top_left4",
					"parent": "wing_top_left3",
					"pivot": [37, 27.5, 0.2],
					"cubes": [
						{"origin": [37, 21.5, 0.2], "size": [12, 6, 0], "uv": [28, 48]}
					]
				},
				{
					"name": "wing_bottom_right",
					"parent": "wings",
					"pivot": [-7, 12, 0.2],
					"cubes": [
						{"origin": [-15, 5.5, 0.2], "size": [10, 8, 0], "uv": [0, 25], "mirror": true}
					]
				},
				{
					"name": "wing_bottom_right2",
					"parent": "wing_bottom_right",
					"pivot": [-15, 10.5, 0.2],
					"cubes": [
						{"origin": [-26, 0.5, 0.2], "size": [11, 10, 0], "inflate": 0.005, "uv": [0, 54], "mirror": true}
					]
				},
				{
					"name": "locator_wing_right2",
					"parent": "wing_bottom_right2",
					"pivot": [-17, 10.5, 0],
					"locators": {
						"wing3": [-17, 10.5, 0]
					}
				},
				{
					"name": "wing_bottom_left",
					"parent": "wings",
					"pivot": [7, 12, 0.2],
					"cubes": [
						{"origin": [5, 5.5, 0.2], "size": [10, 8, 0], "uv": [20, 25]}
					]
				},
				{
					"name": "wing_bottom_left2",
					"parent": "wing_bottom_left",
					"pivot": [15, 10.5, 0.2],
					"cubes": [
						{"origin": [15, 0.5, 0.2], "size": [11, 10, 0], "inflate": 0.005, "uv": [22, 54]}
					]
				},
				{
					"name": "locator_wing_left2",
					"parent": "wing_bottom_left2",
					"pivot": [17, 10.5, 0],
					"locators": {
						"wing4": [17, 10.5, 0]
					}
				}
			]
		}
	]
}