{
	"format_version": "1.12.0",
	"minecraft:geometry": [
		{
			"description": {
				"identifier": "geometry.furfrou_matron",
				"texture_width": 128,
				"texture_height": 128,
				"visible_bounds_width": 4,
				"visible_bounds_height": 3.5,
				"visible_bounds_offset": [0, 1.25, 0]
			},
			"bones": [
				{
					"name": "furfrou",
					"pivot": [0, 0, 0]
				},
				{
					"name": "locator_root",
					"parent": "furfrou",
					"pivot": [0, 0, 0],
					"locators": {
						"root": [0, 0, 0]
					}
				},
				{
					"name": "locator_top",
					"parent": "furfrou",
					"pivot": [0, 28, 0],
					"locators": {
						"top": [0, 28, 0]
					}
				},
				{
					"name": "body",
					"parent": "furfrou",
					"pivot": [0, 9.75, 0.5]
				},
				{
                    "name": "locator_seat_1",
                    "parent": "body",
                    "pivot": [0, 12, 0],
                    "locators": {
                        "seat_1": [0, 12, 0]
                    }
                },
				{
					"name": "locator_middle",
					"parent": "body",
					"pivot": [0, 13, 0],
					"locators": {
						"middle": [0, 13, 0]
					}
				},
				{
					"name": "waist",
					"parent": "body",
					"pivot": [0, 9.75, 4.25]
				},
				{
					"name": "torso",
					"parent": "waist",
					"pivot": [0, 9.75, 4.25],
					"cubes": [
						{"origin": [-3, 6.75, 2], "size": [6, 6, 5], "uv": [4, 49]}
					]
				},
				{
					"name": "locator_target",
					"parent": "torso",
					"pivot": [0, 13, -14],
					"locators": {
						"target": [0, 13, -14]
					}
				},
				{
					"name": "torso2",
					"parent": "torso",
					"pivot": [0, 9, 2.5],
					"cubes": [
						{"origin": [-2, 7.75, -1.5], "size": [4, 5, 4], "inflate": -0.1, "uv": [7, 39]}
					]
				},
				{
					"name": "torso3",
					"parent": "torso2",
					"pivot": [0, 8.75, -0.5],
					"rotation": [-10, 0, 0],
					"cubes": [
						{"origin": [-4, 6.25, -10.5], "size": [8, 8, 9], "inflate": 0.01, "uv": [1, 14]}
					]
				},
				{
					"name": "neck_base",
					"parent": "torso3",
					"pivot": [0, 7.25, -7.5],
					"rotation": [47.5, 0, 0],
					"cubes": [
						{"origin": [-2.5, 7.25, -7.5], "size": [5, 3, 5], "uv": [33, 39]}
					]
				},
				{
					"name": "neck_bend",
					"parent": "neck_base",
					"pivot": [0, 10.25, -7],
					"rotation": [-32.5, 0, 0],
					"cubes": [
						{"origin": [-2, 10.25, -7], "size": [4, 5, 4], "uv": [35, 30]}
					]
				},
				{
					"name": "neck",
					"parent": "neck_bend",
					"pivot": [0, 15.25, -4.5],
					"cubes": [
						{"origin": [-1.5, 15.25, -6.5], "size": [3, 4, 3], "uv": [37, 22]},
						{"origin": [-1.5, 15.25, -6.5], "size": [3, 4, 3], "inflate": 0.25, "uv": [46, 18]}
					]
				},
				{
					"name": "head",
					"parent": "neck",
					"pivot": [0, 16.75, -5]
				},
				{
					"name": "head_ai",
					"parent": "head",
					"pivot": [0, 16.75, -5]
				},
				{
					"name": "head_angle",
					"parent": "head_ai",
					"pivot": [0, 16.75, -5],
					"cubes": [
						{"origin": [-2, 16.75, -9], "size": [4, 5, 5], "inflate": 0.01, "uv": [1, 1]},
						{"origin": [-1, 16.75, -10.5], "size": [2, 2, 2], "uv": [14, 2]}
					]
				},
				{
					"name": "locator_item_face",
					"parent": "head_angle",
					"pivot": [0, 18.9, -9],
					"locators": {
						"item_face": [0, 18.9, -9]
					}
				},
				{
					"name": "locator_face",
					"parent": "head_angle",
					"pivot": [0, 18.7, -10],
					"locators": {
						"face": [0, 18.7, -10]
					}
				},
				{
					"name": "mouth",
					"parent": "head_angle",
					"pivot": [0, 16.83, -8.5]
				},
				{
					"name": "mouth_open",
					"parent": "mouth",
					"pivot": [0, 16.83, -8.5],
					"cubes": [
						{"origin": [-0.5, 16.83, -9.5], "size": [1, 0, 2], "uv": [-2, 0]}
					]
				},
				{
					"name": "locator_mouth",
					"parent": "mouth",
					"pivot": [0, 16.75, -8.7],
					"locators": {
						"mouth": [0, 16.75, -8.7],
						"special": [0, 16.75, -8.7]
					}
				},
				{
					"name": "locator_item",
					"parent": "mouth",
					"pivot": [0, 16.5, -9.7],
					"locators": {
						"item": [0, 16.5, -9.7]
					}
				},
				{
					"name": "locator_jaw_upper",
					"parent": "mouth",
					"pivot": [0, 16.75, -9.5],
					"locators": {
						"jaw1": [0, 16.75, -9.5]
					}
				},
				{
					"name": "locator_jaw_lower",
					"parent": "mouth",
					"pivot": [0, 16.75, -7.8],
					"locators": {
						"jaw2": [0, 16.75, -7.8]
					}
				},
				{
					"name": "eyes",
					"parent": "head_angle",
					"pivot": [0, 18.75, -8]
				},
				{
					"name": "right_eye",
					"parent": "eyes",
					"pivot": [-1.51, 19.125, -8],
					"cubes": [
						{"origin": [-2.02, 18.25, -9], "size": [1, 1, 2], "uv": [25, 6]}
					]
				},
				{
					"name": "pupil_right",
					"parent": "right_eye",
					"pivot": [-1.52, 18.75, -8.5],
					"cubes": [
						{"origin": [-2.02, 18.25, -9], "size": [1, 1, 1], "inflate": 0.01, "uv": [26, 9]}
					]
				},
				{
					"name": "locator_eye_right",
					"parent": "pupil_right",
					"pivot": [-2, 18.8, -8.5],
					"rotation": [0, 90, 0],
					"locators": {
						"eye1": [-2, 18.8, -8.5]
					}
				},
				{
					"name": "brow_right",
					"parent": "right_eye",
					"pivot": [-1.5, 19.5, -8],
					"cubes": [
						{"origin": [-2, 19, -9], "size": [1, 1, 2], "inflate": 0.04, "uv": [25, 3]}
					]
				},
				{
					"name": "right_eyelid",
					"parent": "right_eye",
					"pivot": [-1.43, 18.75, -8],
					"cubes": [
						{"origin": [-1.93, 18.25, -9], "size": [1, 1, 2], "inflate": 0.015, "uv": [25, 0]}
					]
				},
				{
					"name": "left_eye",
					"parent": "eyes",
					"pivot": [1.51, 19.125, -8],
					"cubes": [
						{"origin": [1.02, 18.25, -9], "size": [1, 1, 2], "uv": [31, 6]}
					]
				},
				{
					"name": "pupil_left",
					"parent": "left_eye",
					"pivot": [1.52, 18.75, -8.5],
					"cubes": [
						{"origin": [1.02, 18.25, -9], "size": [1, 1, 1], "inflate": 0.01, "uv": [32, 9]}
					]
				},
				{
					"name": "locator_eye_left",
					"parent": "pupil_left",
					"pivot": [2, 18.8, -8.5],
					"rotation": [0, -90, 0],
					"locators": {
						"eye2": [2, 18.8, -8.5]
					}
				},
				{
					"name": "brow_rleft",
					"parent": "left_eye",
					"pivot": [1.5, 19.5, -8],
					"cubes": [
						{"origin": [1, 19, -9], "size": [1, 1, 2], "inflate": 0.04, "uv": [31, 3]}
					]
				},
				{
					"name": "left_eyelid",
					"parent": "left_eye",
					"pivot": [1.43, 18.75, -8],
					"cubes": [
						{"origin": [0.93, 18.25, -9], "size": [1, 1, 2], "inflate": 0.015, "uv": [31, 0]}
					]
				},
				{
					"name": "nose",
					"parent": "head_angle",
					"pivot": [0, 17.75, -10.5],
					"rotation": [-15, 0, 0],
					"cubes": [
						{"origin": [-0.5, 17.75, -11.5], "size": [1, 1, 1], "uv": [16, 0]}
					]
				},
				{
					"name": "nose_tip",
					"parent": "nose",
					"pivot": [0, 17.75, -11.5],
					"rotation": [-5, 0, 0],
					"cubes": [
						{"origin": [0, 18, -13.5], "size": [0, 1, 2], "uv": [20, 1]}
					]
				},
				{
					"name": "hair_hat",
					"parent": "head_angle",
					"pivot": [0, 21, -9],
					"rotation": [-25, 0, 0],
					"cubes": [
						{"origin": [-3, 21.25, -9.6], "size": [6, 4, 6], "inflate": 0.25, "uv": [58, 19]}
					]
				},
				{
					"name": "locator_head",
					"parent": "hair_hat",
					"pivot": [0, 23.05, -10.35],
					"locators": {
						"head": [0, 23.05, -10.35]
					}
				},
				{
					"name": "locator_item_hat",
					"parent": "hair_hat",
					"pivot": [0, 25.2, -6.6],
					"locators": {
						"item_hat": [0, 25.2, -6.6]
					}
				},
				{
					"name": "rim",
					"parent": "hair_hat",
					"pivot": [0, 21, -10.1],
					"rotation": [-5, 0, 0],
					"cubes": [
						{"origin": [3, 21, -11.1], "size": [2, 0, 6], "pivot": [3, 21, -11.1], "rotation": [-7, -22.5, 60], "uv": [64, 13]},
						{"origin": [-5, 21, -11.1], "size": [2, 0, 6], "pivot": [-3, 21, -11.1], "rotation": [-7, 22.5, -60], "uv": [68, 13], "mirror": true},
						{"origin": [-3, 21, -12.6], "size": [6, 0, 3], "uv": [55, 16]}
					]
				},
				{
					"name": "hair_hat_mass",
					"parent": "hair_hat",
					"pivot": [0, 19, -6.1],
					"rotation": [25, 0, 0],
					"cubes": [
						{"origin": [1.75, 19, -6.1], "size": [3, 3, 3], "inflate": -0.25, "uv": [57, 41]},
						{"origin": [2.5, 20, -4], "size": [3, 3, 3], "inflate": -0.25, "uv": [69, 41]},
						{"origin": [1, 20.75, -2], "size": [3, 3, 3], "inflate": -0.25, "uv": [69, 35]},
						{"origin": [-1.5, 21.25, -1.25], "size": [3, 3, 3], "inflate": -0.25, "uv": [57, 35]},
						{"origin": [-4.75, 19, -6.1], "size": [3, 3, 3], "inflate": -0.25, "uv": [81, 41], "mirror": true},
						{"origin": [-5.5, 20, -4], "size": [3, 3, 3], "inflate": -0.25, "uv": [81, 35], "mirror": true},
						{"origin": [-4, 20.75, -2], "size": [3, 3, 3], "inflate": -0.25, "uv": [69, 29], "mirror": true}
					]
				},
				{
					"name": "ears",
					"parent": "head_angle",
					"pivot": [0, 20.75, -5.65]
				},
				{
					"name": "ear_right",
					"parent": "ears",
					"pivot": [-2, 20.75, -5.65],
					"cubes": [
						{"origin": [-3, 17.75, -6.65], "size": [1, 3, 2], "uv": [92, 5]}
					]
				},
				{
					"name": "ear_right2",
					"parent": "ear_right",
					"pivot": [-2.5, 17.75, -5.65],
					"cubes": [
						{"origin": [-3.5, 14, -7.15], "size": [2, 4, 3], "uv": [88, 10]}
					]
				},
				{
					"name": "ear_right3",
					"parent": "ear_right2",
					"pivot": [-2.5, 14, -5.65],
					"cubes": [
						{"origin": [-3.5, 8.25, -7.65], "size": [2, 6, 4], "inflate": 0.01, "uv": [86, 17]},
						{"origin": [-2.5, 5.75, -8.15], "size": [0, 3, 5], "uv": [98, 22]}
					]
				},
				{
					"name": "ear_left",
					"parent": "ears",
					"pivot": [2, 20.75, -5.65],
					"cubes": [
						{"origin": [2, 17.75, -6.65], "size": [1, 3, 2], "uv": [98, 5]}
					]
				},
				{
					"name": "ear_left2",
					"parent": "ear_left",
					"pivot": [2.5, 17.75, -5.65],
					"cubes": [
						{"origin": [1.5, 14, -7.15], "size": [2, 4, 3], "uv": [98, 10]}
					]
				},
				{
					"name": "ear_left3",
					"parent": "ear_left2",
					"pivot": [2.5, 14, -5.65],
					"cubes": [
						{"origin": [1.5, 8.25, -7.65], "size": [2, 6, 4], "inflate": 0.01, "uv": [98, 17]},
						{"origin": [2.5, 5.75, -8.15], "size": [0, 3, 5], "uv": [88, 22]}
					]
				},
				{
					"name": "ftorso2",
					"parent": "waist",
					"pivot": [0, 9, 2.5]
				},
				{
					"name": "ftorso3",
					"parent": "ftorso2",
					"pivot": [0, 8.75, -0.5]
				},
				{
					"name": "legs_front",
					"parent": "ftorso3",
					"pivot": [0, 9.9, -5],
					"rotation": [5, 0, 0]
				},
				{
					"name": "leg_front_right",
					"parent": "legs_front",
					"pivot": [-3, 9.9, -5],
					"cubes": [
						{"origin": [-4, 5.9, -6.5], "size": [3, 5, 3], "uv": [42, 68]}
					]
				},
				{
					"name": "leg_front_left2",
					"parent": "leg_front_right",
					"pivot": [-2.5, 5.9, -3.5],
					"rotation": [-5, 0, 0],
					"cubes": [
						{"origin": [-4, 4.15, -6.5], "size": [3, 2, 3], "inflate": 0.01, "uv": [42, 76]},
						{"origin": [-4.5, 0.15, -7], "size": [4, 4, 4], "uv": [38, 81]},
						{"origin": [-7.5, 1.15, -5], "size": [4, 4, 0], "uv": [54, 92]}
					]
				},
				{
					"name": "foot_front_right",
					"parent": "leg_front_left2",
					"pivot": [-2.5, 0.4, -6],
					"cubes": [
						{"origin": [-3, -0.11, -6], "size": [1, 0, 1], "uv": [45, 90]},
						{"origin": [-3.5, -0.1, -7], "size": [2, 1, 2], "uv": [46, 89]}
					]
				},
				{
					"name": "locator_foot_primary",
					"parent": "foot_front_right",
					"pivot": [-2.5, 0.2, -6.5],
					"rotation": [90, 0, 0],
					"locators": {
						"foot_primary": [-2.5, 0.2, -6.5],
						"physical": [-2.5, 0.2, -6.5]
					}
				},
				{
					"name": "toe_front_right",
					"parent": "foot_front_right",
					"pivot": [-2.5, -0.1, -7],
					"cubes": [
						{"origin": [-3.5, -0.1, -8], "size": [2, 1, 1], "uv": [40, 89]}
					]
				},
				{
					"name": "leg_front_left",
					"parent": "legs_front",
					"pivot": [3, 9.9, -5],
					"cubes": [
						{"origin": [1, 5.9, -6.5], "size": [3, 5, 3], "uv": [54, 68]}
					]
				},
				{
					"name": "leg_front_right2",
					"parent": "leg_front_left",
					"pivot": [2.5, 5.9, -3.5],
					"rotation": [-5, 0, 0],
					"cubes": [
						{"origin": [1, 4.15, -6.5], "size": [3, 2, 3], "inflate": 0.01, "uv": [54, 76]},
						{"origin": [0.5, 0.15, -7], "size": [4, 4, 4], "uv": [54, 81]},
						{"origin": [3.5, 1.15, -5], "size": [4, 4, 0], "uv": [46, 92]}
					]
				},
				{
					"name": "foot_front_left",
					"parent": "leg_front_right2",
					"pivot": [2.5, 0.4, -6],
					"cubes": [
						{"origin": [2, -0.11, -6], "size": [1, 0, 1], "uv": [59, 90]},
						{"origin": [1.5, -0.1, -7], "size": [2, 1, 2], "uv": [54, 89]}
					]
				},
				{
					"name": "locator_foot_secondary1",
					"parent": "foot_front_left",
					"pivot": [2.5, 0.2, -6.5],
					"rotation": [90, 0, 0],
					"locators": {
						"foot_secondary1": [2.5, 0.2, -6.5]
					}
				},
				{
					"name": "toe_front_left",
					"parent": "foot_front_left",
					"pivot": [2.5, -0.1, -7],
					"cubes": [
						{"origin": [1.5, -0.1, -8], "size": [2, 1, 1], "uv": [62, 89]}
					]
				},
				{
					"name": "tail_small",
					"parent": "body",
					"pivot": [0, 12.5, 6.75],
					"rotation": [35, 0, 0],
					"cubes": [
						{"origin": [-2.5, 10, 6.75], "size": [5, 5, 5], "uv": [98, 48]}
					]
				},
				{
					"name": "locator_tail_tip",
					"parent": "tail_small",
					"pivot": [0, 12.5, 11.75],
					"rotation": [-180, 0, 180],
					"locators": {
						"tail_tip": [0, 12.5, 11.75]
					}
				},
				{
					"name": "locator_tail",
					"parent": "tail_small",
					"pivot": [0, 12.5, 9.25],
					"rotation": [-180, 0, 180],
					"locators": {
						"tail": [0, 12.5, 9.25]
					}
				},
				{
					"name": "legs_back",
					"parent": "body",
					"pivot": [0, 9.85, 4.25]
				},
				{
					"name": "leg_back_right",
					"parent": "legs_back",
					"pivot": [-3.5, 9.85, 4.25],
					"cubes": [
						{"origin": [-4, 5.85, 2.25], "size": [3, 6, 4], "uv": [5, 66]},
						{"origin": [-3.5, 3.85, 2.25], "size": [2, 2, 1], "uv": [9, 63]}
					]
				},
				{
					"name": "leg_back_right2",
					"parent": "leg_back_right",
					"pivot": [-2.5, 5.85, 3.25],
					"rotation": [35, 0, 0],
					"cubes": [
						{"origin": [-4, 3.85, 3.25], "size": [3, 2, 3], "inflate": -0.01, "uv": [7, 76]}
					]
				},
				{
					"name": "knee_back_left",
					"parent": "leg_back_right2",
					"pivot": [-2.5, 3.85, 6.25],
					"rotation": [-35, 0, 0],
					"cubes": [
						{"origin": [-4, 1.95, 3.35], "size": [3, 2, 3], "inflate": -0.1, "uv": [7, 81]},
						{"origin": [-4.5, -1.8, 2.85], "size": [4, 4, 4], "uv": [3, 86]},
						{"origin": [-7.5, -0.8, 4.85], "size": [4, 4, 0], "uv": [11, 97]}
					]
				},
				{
					"name": "foot_back_right",
					"parent": "knee_back_left",
					"pivot": [-2.5, -1.55, 3.6],
					"cubes": [
						{"origin": [-3, -2.06, 3.6], "size": [1, 0, 1], "uv": [10, 95]},
						{"origin": [-3.5, -2.05, 2.6], "size": [2, 1, 2], "uv": [11, 94]}
					]
				},
				{
					"name": "locator_foot_secondary2",
					"parent": "foot_back_right",
					"pivot": [-2.5, -1.8, 3.1],
					"rotation": [90, 0, 0],
					"locators": {
						"foot_secondary2": [-2.5, -1.8, 3.1]
					}
				},
				{
					"name": "toe_back_right",
					"parent": "foot_back_right",
					"pivot": [-2.5, -2.05, 2.6],
					"cubes": [
						{"origin": [-3.5, -2.05, 1.6], "size": [2, 1, 1], "uv": [5, 94]}
					]
				},
				{
					"name": "leg_back_left",
					"parent": "legs_back",
					"pivot": [3.5, 9.85, 4.25],
					"cubes": [
						{"origin": [1, 5.85, 2.25], "size": [3, 6, 4], "uv": [19, 66]},
						{"origin": [1.5, 3.85, 2.25], "size": [2, 2, 1], "uv": [23, 63]}
					]
				},
				{
					"name": "leg_back_left2",
					"parent": "leg_back_left",
					"pivot": [2.5, 5.85, 3.25],
					"rotation": [35, 0, 0],
					"cubes": [
						{"origin": [1, 3.85, 3.25], "size": [3, 2, 3], "inflate": -0.01, "uv": [19, 76]}
					]
				},
				{
					"name": "knee_back_right",
					"parent": "leg_back_left2",
					"pivot": [2.5, 3.85, 6.25],
					"rotation": [-35, 0, 0],
					"cubes": [
						{"origin": [1, 1.95, 3.35], "size": [3, 2, 3], "inflate": -0.1, "uv": [19, 81]},
						{"origin": [0.5, -1.8, 2.85], "size": [4, 4, 4], "uv": [19, 86]},
						{"origin": [3.5, -0.8, 4.85], "size": [4, 4, 0], "uv": [19, 97]}
					]
				},
				{
					"name": "foot_back_left",
					"parent": "knee_back_right",
					"pivot": [2.5, -1.55, 3.6],
					"cubes": [
						{"origin": [2, -2.06, 3.6], "size": [1, 0, 1], "uv": [24, 95]},
						{"origin": [1.5, -2.05, 2.6], "size": [2, 1, 2], "uv": [19, 94]}
					]
				},
				{
					"name": "locator_foot_secondary3",
					"parent": "foot_back_left",
					"pivot": [2.5, -1.8, 3.1],
					"rotation": [90, 0, 0],
					"locators": {
						"foot_secondary3": [2.5, -1.8, 3.1]
					}
				},
				{
					"name": "toe_back_left",
					"parent": "foot_back_left",
					"pivot": [2.5, -2.05, 2.6],
					"cubes": [
						{"origin": [1.5, -2.05, 1.6], "size": [2, 1, 1], "uv": [27, 94]}
					]
				}
			]
		}
	]
}