{
	"format_version": "1.12.0",
	"minecraft:geometry": [
		{
			"description": {
				"identifier": "geometry.unknown",
				"texture_width": 128,
				"texture_height": 128,
				"visible_bounds_width": 5,
				"visible_bounds_height": 3.5,
				"visible_bounds_offset": [0, 1.25, 0]
			},
			"bones": [
				{
					"name": "beartic",
					"pivot": [0, 0, 0]
				},
				{
					"name": "body",
					"parent": "beartic",
					"pivot": [0, 3, 0.5]
				},
				{
					"name": "torso",
					"parent": "body",
					"pivot": [0, 9, 0.5],
					"cubes": [
						{"origin": [-7.5, 7, -5], "size": [15, 12, 12], "uv": [0, 0]}
					]
				},
				{
                    "name": "locator_seat_1",
                    "parent": "body",
                    "pivot": [0, 27, 5],
                    "locators": {
                        "seat_1": [0, 27, 5]
                    }
                },
				{
					"name": "front_fluff",
					"parent": "torso",
					"pivot": [0, 10.5, 2],
					"rotation": [7.5, 0, 0],
					"cubes": [
						{"origin": [-5, 7.5, -6], "size": [8, 8, 3], "pivot": [0, 10.5, -6.5], "rotation": [0, 0, 45], "uv": [0, 66]},
						{"origin": [0, 6, -8], "size": [0, 12, 6], "uv": [44, 67]},
						{"origin": [-6, 12, -8], "size": [12, 0, 8], "uv": [25, 24]},
						{"origin": [-6.5, 11.5, -8], "size": [11, 0, 8], "pivot": [0, 10.5, 2], "rotation": [0, 0, 45], "uv": [34, 0]},
						{"origin": [-5.25, 11.75, -8], "size": [11, 0, 8], "pivot": [0, 11.5, 2], "rotation": [0, 0, -45], "uv": [34, 32]}
					]
				},
				{
					"name": "rear_fluff",
					"parent": "torso",
					"pivot": [0, 9.5, 1],
					"rotation": [7.5, 180, 0],
					"cubes": [
						{"origin": [-4.5, 7, -7], "size": [7, 7, 6], "pivot": [0, 9.5, -7.5], "rotation": [0, 0, 45], "uv": [30, 55]},
						{"origin": [0, 6, -14], "size": [0, 10, 13], "uv": [0, 28]},
						{"origin": [-5, 11, -10], "size": [10, 0, 8], "uv": [46, 8]},
						{"origin": [-5.5, 10.5, -10], "size": [9, 0, 8], "pivot": [0, 9.5, 0], "rotation": [0, 0, 45], "uv": [48, 40]},
						{"origin": [-4.25, 10.75, -10], "size": [9, 0, 8], "pivot": [0, 10.5, 0], "rotation": [0, 0, -45], "uv": [46, 16]}
					]
				},
				{
					"name": "torso2",
					"parent": "torso",
					"pivot": [0, 18, 1.25],
					"cubes": [
						{"origin": [-6, 18, -3.25], "size": [12, 8, 9], "uv": [0, 24]},
						{"origin": [-4, 26, -1.5], "size": [8, 3, 6], "uv": [56, 55]}
					]
				},
				{
					"name": "head",
					"parent": "torso2",
					"pivot": [0, 30, 1.75],
					"cubes": [
						{"origin": [-2.5, 29, -0.25], "size": [5, 5, 4], "uv": [56, 73]},
						{"origin": [-2, 33, -2.15], "size": [4, 1, 2], "uv": [70, 64]},
						{"origin": [-1.5, 33.15, 0.5], "size": [3, 3, 3], "pivot": [0, 34, 2], "rotation": [-10, 0, 0], "uv": [57, 24]}
					]
				},
				{
					"name": "snout",
					"parent": "head",
					"pivot": [0, 1.5, 2],
					"cubes": [
						{"origin": [-1.5, 31.5, -4.75], "size": [3, 2, 5], "inflate": 0.01, "uv": [26, 41]},
						{"origin": [-1.59, 33, -2.1], "size": [1, 1, 2], "pivot": [-1.5, 33.5, -4.65], "rotation": [0, -11.25, 0], "uv": [0, 7]},
						{"origin": [0.59, 33, -2.1], "size": [1, 1, 2], "pivot": [1.5, 33.5, -4.65], "rotation": [0, 11.25, 0], "uv": [0, 0]},
						{"origin": [0.5, 31.5, -4.75], "size": [1, 2, 5], "pivot": [1.5, 33.5, -4.75], "rotation": [0, 11.25, 0], "uv": [0, 77]},
						{"origin": [-1.5, 31.5, -4.75], "size": [1, 2, 5], "pivot": [-1.5, 33.5, -4.75], "rotation": [0, -11.25, 0], "uv": [74, 76]},
						{"origin": [-1, 32.25, -4.77], "size": [2, 1, 0], "uv": [22, 58]},
						{"origin": [0.5, 30.5, -1], "size": [1, 1, 1], "pivot": [1.5, 30.5, -3], "rotation": [0, 19, 0], "uv": [30, 58]},
						{"origin": [-1.5, 30.5, -1], "size": [1, 1, 1], "pivot": [-1.5, 30.5, -3], "rotation": [0, -19, 0], "uv": [37, 44]}
					]
				},
				{
					"name": "jaw",
					"parent": "head",
					"pivot": [0, 26.75, -1.75],
					"cubes": [
						{"origin": [-1.5, 29.75, -3], "size": [3, 1, 3], "inflate": 0.01, "uv": [64, 51]},
						{"origin": [0.5, 29.75, -3], "size": [1, 1, 3], "pivot": [1.5, 30.75, -3], "rotation": [0, 19, 0], "uv": [81, 61]},
						{"origin": [-1.5, 29.75, -3], "size": [1, 1, 3], "pivot": [-1.5, 30.75, -3], "rotation": [0, -19, 0], "uv": [0, 29]}
					]
				},
				{
					"name": "left_tooth",
					"parent": "jaw",
					"pivot": [1, 30.5, -2.5],
					"rotation": [0, -22.5, 0],
					"cubes": [
						{"origin": [0.5, 30, -2.5], "size": [1, 1, 0], "pivot": [1, 30.5, 3.25], "rotation": [0, 0, 45], "uv": [4, 0]}
					]
				},
				{
					"name": "right_tooth",
					"parent": "jaw",
					"pivot": [-1, 30.5, -2.5],
					"rotation": [0, 22.5, 0],
					"cubes": [
						{"origin": [-1.5, 30, -2.5], "size": [1, 1, 0], "pivot": [-1, 30.5, 3.25], "rotation": [0, 0, -45], "uv": [0, 0]}
					]
				},
				{
					"name": "middle_icicle",
					"parent": "jaw",
					"pivot": [0, 29.75, -2.75],
					"rotation": [-35, 0, 0],
					"cubes": [
						{"origin": [-1.5, 27.25, -2.75], "size": [3, 3, 3], "uv": [50, 55]},
						{"origin": [-1, 24.25, -2.25], "size": [2, 3, 2], "uv": [78, 56]},
						{"origin": [-0.5, 22.25, -1.75], "size": [1, 2, 1], "uv": [32, 55]},
						{"origin": [0, 20.25, -3.75], "size": [0, 4, 3], "uv": [0, 0]}
					]
				},
				{
					"name": "right_icicle",
					"parent": "jaw",
					"pivot": [-2, 29.75, -1.75],
					"rotation": [-52.5, 20, 0],
					"cubes": [
						{"origin": [-3, 28.25, -1.75], "size": [2, 3, 2], "uv": [0, 51]},
						{"origin": [-2.5, 26.25, -1.25], "size": [1, 2, 1], "uv": [22, 51]},
						{"origin": [-2, 25.25, -1.25], "size": [0, 1, 1], "uv": [4, 6]}
					]
				},
				{
					"name": "left_icicle",
					"parent": "jaw",
					"pivot": [2, 29.75, -1.75],
					"rotation": [-52.5, -20, 0],
					"cubes": [
						{"origin": [1, 28.25, -1.75], "size": [2, 3, 2], "uv": [0, 24]},
						{"origin": [1.5, 26.25, -1.25], "size": [1, 2, 1], "uv": [26, 43]},
						{"origin": [2, 25.25, -1.25], "size": [0, 1, 1], "uv": [0, 0]}
					]
				},
				{
					"name": "right_ear",
					"parent": "head",
					"pivot": [-3.45, 34.1, 0.75],
					"rotation": [0, 0, -47.5]
				},
				{
					"name": "left_ear",
					"parent": "head",
					"pivot": [3.45, 34.1, 0.75],
					"rotation": [0, 0, 47.5],
					"cubes": [
						{"origin": [1.85, 32.6, 1.25], "size": [2, 2, 2], "uv": [81, 76]}
					]
				},
				{
					"name": "left_ear2",
					"parent": "head",
					"pivot": [-3.45, 34.1, 0.75],
					"rotation": [0, 0, -47.5],
					"cubes": [
						{"origin": [-3.85, 32.6, 1.25], "size": [2, 2, 2], "uv": [35, 80]}
					]
				},
				{
					"name": "eyes",
					"parent": "head",
					"pivot": [0, 3, 0.25]
				},
				{
					"name": "right_eye",
					"parent": "eyes",
					"pivot": [-2, 32, -1.5],
					"cubes": [
						{"origin": [-1.51, 32, -1.75], "size": [0, 1, 2], "pivot": [-1.5, 33.5, -4.75], "rotation": [0, -11.25, 0], "uv": [37, 41]},
						{"origin": [-1.52, 32.25, -1.65], "size": [0, 1, 1], "pivot": [-1.5, 33.5, -4.75], "rotation": [0, -11.25, 0], "uv": [0, 6]}
					]
				},
				{
					"name": "left_eye",
					"parent": "eyes",
					"pivot": [2, 32, -1.5],
					"cubes": [
						{"origin": [1.51, 32, -1.75], "size": [0, 1, 2], "pivot": [1.5, 33.5, -4.75], "rotation": [0, 11.25, 0], "uv": [5, 27]},
						{"origin": [1.52, 32.25, -1.65], "size": [0, 1, 1], "pivot": [1.5, 33.5, -4.75], "rotation": [0, 11.25, 0], "uv": [4, 0]}
					]
				},
				{
					"name": "right_eye_closed",
					"parent": "eyes",
					"pivot": [-1.9, 32, -2.75],
					"cubes": [
						{"origin": [-1.43, 32, -1.78], "size": [0, 1, 2], "pivot": [-1.4, 33.5, -4.75], "rotation": [0, -11.25, 0], "uv": [0, 9]}
					]
				},
				{
					"name": "left_eye_closed",
					"parent": "eyes",
					"pivot": [1.9, 32, -2.75],
					"cubes": [
						{"origin": [1.43, 32, -1.78], "size": [0, 1, 2], "pivot": [1.4, 33.5, -4.75], "rotation": [0, 11.25, 0], "uv": [0, 8]}
					]
				},
				{
					"name": "right_arm",
					"parent": "torso2",
					"pivot": [-6, 26, 3.25],
					"cubes": [
						{"origin": [-13, 23, -0.75], "size": [7, 3, 4], "uv": [64, 33]}
					]
				},
				{
					"name": "right_elbow",
					"parent": "right_arm",
					"pivot": [-13, 26, 3.25],
					"cubes": [
						{"origin": [-20, 23.01, -1.76], "size": [7, 3, 6], "uv": [50, 64]}
					]
				},
				{
					"name": "right_hand",
					"parent": "right_elbow",
					"pivot": [-20, 26, 1.25]
				},
				{
					"name": "right_fingers",
					"parent": "right_hand",
					"pivot": [-20, 26, 1.25]
				},
				{
					"name": "right_finger_in",
					"parent": "right_fingers",
					"pivot": [-20, 26, 0.25],
					"cubes": [
						{"origin": [-23, 23, -1.75], "size": [3, 3, 2], "uv": [78, 51]},
						{"origin": [-24.5, 2.25, 21.75], "size": [2, 0, 1], "pivot": [-1.5, 2, -0.5], "rotation": [90, 0, 0], "uv": [36, 42]},
						{"origin": [-25.5, 2.25, 20.75], "size": [3, 0, 1], "pivot": [-1.5, 2, -0.5], "rotation": [90, 0, 0], "uv": [0, 58]}
					]
				},
				{
					"name": "right_middle_finger",
					"parent": "right_fingers",
					"pivot": [-20, 26, 1.25],
					"cubes": [
						{"origin": [-23, 23, 0.25], "size": [3, 3, 2], "uv": [27, 77]},
						{"origin": [-25.5, 0.25, 20.75], "size": [3, 0, 1], "pivot": [-1.5, 2, -0.5], "rotation": [90, 0, 0], "uv": [0, 57]},
						{"origin": [-24.5, 0.25, 21.75], "size": [2, 0, 1], "pivot": [-1.5, 2, -0.5], "rotation": [90, 0, 0], "uv": [25, 42]}
					]
				},
				{
					"name": "right_finger_out",
					"parent": "right_fingers",
					"pivot": [-20, 26, 2.25],
					"cubes": [
						{"origin": [-25.5, -1.75, 20.75], "size": [3, 0, 1], "pivot": [-1.5, 2, -0.5], "rotation": [90, 0, 0], "uv": [56, 31]},
						{"origin": [-23, 23, 2.25], "size": [3, 3, 2], "uv": [17, 77]},
						{"origin": [-24.5, -1.75, 21.75], "size": [2, 0, 1], "pivot": [-1.5, 2, -0.5], "rotation": [90, 0, 0], "uv": [36, 41]}
					]
				},
				{
					"name": "left_arm",
					"parent": "torso2",
					"pivot": [6, 26, 3.25],
					"cubes": [
						{"origin": [6, 23, -0.75], "size": [7, 3, 4], "uv": [64, 0]}
					]
				},
				{
					"name": "left_elbow",
					"parent": "left_arm",
					"pivot": [13, 26, 3.25],
					"cubes": [
						{"origin": [13, 23.01, -1.76], "size": [7, 3, 6], "uv": [64, 24]}
					]
				},
				{
					"name": "left_hand",
					"parent": "left_elbow",
					"pivot": [20, 26, 1.25]
				},
				{
					"name": "left_fingers",
					"parent": "left_hand",
					"pivot": [20, 26, 1.25]
				},
				{
					"name": "left_finger_in",
					"parent": "left_fingers",
					"pivot": [20, 26, 0.25],
					"cubes": [
						{"origin": [20, 23, -1.75], "size": [3, 3, 2], "uv": [7, 77]},
						{"origin": [22.5, 2.25, 21.75], "size": [2, 0, 1], "pivot": [1.5, 2, -0.5], "rotation": [90, 0, 0], "uv": [25, 41]},
						{"origin": [22.5, 2.25, 20.75], "size": [3, 0, 1], "pivot": [1.5, 2, -0.5], "rotation": [90, 0, 0], "uv": [56, 30]}
					]
				},
				{
					"name": "left_middle_finger",
					"parent": "left_fingers",
					"pivot": [20, 26, 1.25],
					"cubes": [
						{"origin": [20, 23, 0.25], "size": [3, 3, 2], "uv": [72, 19]},
						{"origin": [22.5, 0.25, 20.75], "size": [3, 0, 1], "pivot": [1.5, 2, -0.5], "rotation": [90, 0, 0], "uv": [0, 56]},
						{"origin": [22.5, 0.25, 21.75], "size": [2, 0, 1], "pivot": [1.5, 2, -0.5], "rotation": [90, 0, 0], "uv": [4, 31]}
					]
				},
				{
					"name": "left_finger_out",
					"parent": "left_fingers",
					"pivot": [20, 26, 2.25],
					"cubes": [
						{"origin": [22.5, -1.75, 20.75], "size": [3, 0, 1], "pivot": [1.5, 2, -0.5], "rotation": [90, 0, 0], "uv": [32, 32]},
						{"origin": [20, 23, 2.25], "size": [3, 3, 2], "uv": [38, 68]},
						{"origin": [22.5, -1.75, 21.75], "size": [2, 0, 1], "pivot": [1.5, 2, -0.5], "rotation": [90, 0, 0], "uv": [4, 30]}
					]
				},
				{
					"name": "right_leg",
					"parent": "body",
					"pivot": [-5.5, 9, 0.5],
					"cubes": [
						{"origin": [-8.99, 5, -3.5], "size": [7, 7, 8], "uv": [0, 51]}
					]
				},
				{
					"name": "right_knee",
					"parent": "right_leg",
					"pivot": [-5.5, 5, -2.75],
					"cubes": [
						{"origin": [-7.98, 3.01, -2.76], "size": [5, 3, 6], "uv": [72, 10]}
					]
				},
				{
					"name": "right_foot",
					"parent": "right_knee",
					"pivot": [-5.5, 2.75, 0.25],
					"cubes": [
						{"origin": [-7.99, 0, -2.75], "size": [5, 3, 6], "uv": [70, 67]}
					]
				},
				{
					"name": "right_foot_fluff",
					"parent": "right_foot",
					"pivot": [-8, 0.25, 0.25],
					"cubes": [
						{"origin": [-9.99, 0.25, -2.75], "size": [2, 0, 6], "pivot": [-8, 0.25, 0.75], "rotation": [0, 0, -7.5], "uv": [24, 48]}
					]
				},
				{
					"name": "left_foot_fluff",
					"parent": "right_foot",
					"pivot": [-3, 0.25, 0.25],
					"cubes": [
						{"origin": [-3.01, 0.25, -2.75], "size": [2, 0, 6], "pivot": [-3, 0.25, 0.75], "rotation": [0, 0, 7.5], "uv": [20, 48]}
					]
				},
				{
					"name": "right_foot_fluff2",
					"parent": "right_foot",
					"pivot": [-5.5, 0.25, -2.75],
					"cubes": [
						{"origin": [-7.99, 0.25, -4.75], "size": [5, 0, 2], "pivot": [-5.5, 0.25, -2.75], "rotation": [7.5, 0, 0], "uv": [20, 56]}
					]
				},
				{
					"name": "right_foot_fluff3",
					"parent": "right_foot",
					"pivot": [-5.5, 0.25, 3.25],
					"cubes": [
						{"origin": [-7.99, 0.25, 3.25], "size": [5, 0, 2], "pivot": [-5.5, 0.25, 3.25], "rotation": [-7.5, 0, 0], "uv": [20, 54]}
					]
				},
				{
					"name": "left_leg",
					"parent": "body",
					"pivot": [5.5, 9, 0.5],
					"cubes": [
						{"origin": [1.99, 5, -3.5], "size": [7, 7, 8], "uv": [34, 40]}
					]
				},
				{
					"name": "left_knee",
					"parent": "left_leg",
					"pivot": [5.5, 5, -2.75],
					"cubes": [
						{"origin": [2.98, 3.01, -2.76], "size": [5, 3, 6], "uv": [68, 42]}
					]
				},
				{
					"name": "left_foot",
					"parent": "left_knee",
					"pivot": [5.5, 2.75, 0.25],
					"cubes": [
						{"origin": [2.99, 0, -2.75], "size": [5, 3, 6], "uv": [22, 68]}
					]
				},
				{
					"name": "right_foot_fluff4",
					"parent": "left_foot",
					"pivot": [8, 0.25, 0.25],
					"cubes": [
						{"origin": [7.99, 0.25, -2.75], "size": [2, 0, 6], "pivot": [8, 0.25, 0.75], "rotation": [0, 0, 7.5], "uv": [0, 6]}
					]
				},
				{
					"name": "left_foot_fluff2",
					"parent": "left_foot",
					"pivot": [3, 0.25, 0.25],
					"cubes": [
						{"origin": [1.01, 0.25, -2.75], "size": [2, 0, 6], "pivot": [3, 0.25, 0.75], "rotation": [0, 0, -7.5], "uv": [0, 0]}
					]
				},
				{
					"name": "right_foot_fluff5",
					"parent": "left_foot",
					"pivot": [5.5, 0.25, -2.75],
					"cubes": [
						{"origin": [2.99, 0.25, -4.75], "size": [5, 0, 2], "pivot": [5.5, 0.25, -2.75], "rotation": [7.5, 0, 0], "uv": [40, 10]}
					]
				},
				{
					"name": "left_foot_fluff3",
					"parent": "left_foot",
					"pivot": [5.5, 0.25, 3.25],
					"cubes": [
						{"origin": [2.99, 0.25, 3.25], "size": [5, 0, 2], "pivot": [5.5, 0.25, 3.25], "rotation": [-7.5, 0, 0], "uv": [40, 8]}
					]
				}
			]
		}
	]
}