{
  "format_version": "1.12.0",
  "minecraft:geometry": [
    {
      "description": {
        "identifier": "geometry.nidoqueen",
        "texture_width": 128,
        "texture_height": 128,
        "visible_bounds_width": 4,
        "visible_bounds_height": 3.5,
        "visible_bounds_offset": [0, 1.25, 0]
      },
      "bones": [
        {
          "name": "nidoqueen",
          "pivot": [0, 0, 0]
        },
        {
          "name": "body",
          "parent": "nidoqueen",
          "pivot": [0, 0, 0]
        },
        {
				"name": "locator_seat_1",
				"parent": "body",
				"pivot": [0, 18, 0],
				"locators": {
					"seat_1": [0, 18, 0]
				}
				},
        {
          "name": "torso",
          "parent": "body",
          "pivot": [0, 8, 0],
          "rotation": [22.5, 0, 0],
          "cubes": [
            { "origin": [-6, 3, -5.5], "size": [12, 10, 12], "uv": [0, 0] },
            {
              "origin": [0, 7.5, 5.75],
              "size": [0, 3, 5],
              "pivot": [0, 9, 6.5],
              "rotation": [2.5, 0, 0],
              "uv": [0, 17]
            }
          ]
        },
        {
          "name": "upper_torso",
          "parent": "torso",
          "pivot": [0, 13, 0],
          "rotation": [-7.5, 0, 0],
          "cubes": [
            { "origin": [-5, 12, -4.5], "size": [10, 8, 10], "uv": [0, 22] },
            {
              "origin": [0, 17.25, 4],
              "size": [0, 3, 6],
              "pivot": [0, 19.5, 5],
              "rotation": [12.5, 0, 0],
              "uv": [0, 3]
            },
            {
              "origin": [0, 12.75, 4.75],
              "size": [0, 3, 6],
              "pivot": [0, 14.75, 5.5],
              "rotation": [10, 0, 0],
              "uv": [0, 0]
            }
          ]
        },
        {
          "name": "head",
          "parent": "upper_torso",
          "pivot": [0, 19.5, 1],
          "rotation": [-15, 0, 0],
          "cubes": [
            { "origin": [-4.5, 17.75, -2.5], "size": [9, 9, 4], "uv": [0, 54] },
            {
              "origin": [-4.5, 18.75, -3.5],
              "size": [9, 8, 5],
              "inflate": -0.01,
              "pivot": [0, 26.87414, 1.58],
              "rotation": [25, 0, 0],
              "uv": [48, 0]
            },
            { "origin": [-4.5, 20.75, -7.5], "size": [9, 6, 5], "uv": [28, 48] },
            {
              "origin": [0, 25, -8],
              "size": [0, 5, 3],
              "pivot": [0, 25.87414, -6.42],
              "rotation": [35, 0, 0],
              "uv": [30, 21]
            },
            { "origin": [0, 26.5, -2.5], "size": [0, 3, 4], "uv": [0, 24] },
            {
              "origin": [0, 22.25, 2.25],
              "size": [0, 3, 5],
              "pivot": [0, 24.75, 2.75],
              "rotation": [30, 0, 0],
              "uv": [0, 20]
            },
            { "origin": [-3, 20.25, -9.5], "size": [6, 4, 2], "uv": [79, 8] }
          ]
        },
        {
          "name": "jaw",
          "parent": "head",
          "pivot": [0, 21.5, -2],
          "rotation": [-5, 0, 0],
          "cubes": [
            {
              "origin": [-4, 18.88261, -7.10329],
              "size": [8, 3, 5],
              "uv": [62, 57]
            },
            {
              "origin": [-2.5, 18.88261, -9.10329],
              "size": [5, 3, 2],
              "uv": [36, 0]
            }
          ]
        },
        {
          "name": "eyes",
          "parent": "head",
          "pivot": [0, 19.5, 1]
        },
        {
          "name": "left_eye",
          "parent": "eyes",
          "pivot": [4.5, 23.5, -5],
          "rotation": [7.5, 0, 0],
          "cubes": [
            {
              "origin": [4.5, 22.5, -7],
              "size": [0, 2, 4],
              "inflate": 0.01,
              "uv": [30, 18]
            },
            {
              "origin": [4.5, 23, -6.5],
              "size": [0, 1, 1],
              "inflate": 0.02,
              "uv": [0, 2]
            }
          ]
        },
        {
          "name": "left_eyelid",
          "parent": "eyes",
          "pivot": [4.4, 23.5, -5],
          "rotation": [7.5, 0, 0],
          "cubes": [
            {
              "origin": [4.4, 22.5, -7],
              "size": [0, 2, 4],
              "inflate": 0.03,
              "uv": [0, 82]
            }
          ]
        },
        {
          "name": "right_eyelid",
          "parent": "eyes",
          "pivot": [-4.4, 23.5, -5],
          "rotation": [7.5, 0, 0],
          "cubes": [
            {
              "origin": [-4.4, 22.5, -7],
              "size": [0, 2, 4],
              "inflate": 0.03,
              "uv": [0, 84],
              "mirror": true
            }
          ]
        },
        {
          "name": "right_eye",
          "parent": "eyes",
          "pivot": [-4.5, 23.5, -5],
          "rotation": [7.5, 0, 0],
          "cubes": [
            {
              "origin": [-4.5, 22.5, -7],
              "size": [0, 2, 4],
              "inflate": 0.01,
              "uv": [0, 0]
            },
            {
              "origin": [-4.5, 23, -6.5],
              "size": [0, 1, 1],
              "inflate": 0.02,
              "uv": [0, 0]
            }
          ]
        },
        {
          "name": "left_ear",
          "parent": "head",
          "pivot": [4.5, 26.75, -2],
          "rotation": [-45, 35, 25],
          "cubes": [
            {
              "origin": [4.5, 24.75, -5],
              "size": [0, 9, 9],
              "uv": [44, 50]
            }
          ]
        },
        {
          "name": "right_ear",
          "parent": "head",
          "pivot": [-4.5, 26.75, -2],
          "rotation": [-45, -35, -25],
          "cubes": [
            {
              "origin": [-4.5, 24.75, -5],
              "size": [0, 9, 9],
              "uv": [26, 50]
            }
          ]
        },
        {
          "name": "left_breast",
          "parent": "upper_torso",
          "pivot": [5, 16.5, -1],
          "rotation": [0, 0, -5],
          "cubes": [
            {
              "origin": [1.5, 14.5, -5.5],
              "size": [4, 4, 4],
              "uv": [18, 78]
            }
          ]
        },
        {
          "name": "right_breast",
          "parent": "upper_torso",
          "pivot": [-5, 16.5, -1],
          "rotation": [0, 0, 5],
          "cubes": [
            {
              "origin": [-5.5, 14.5, -5.5],
              "size": [4, 4, 4],
              "uv": [77, 70]
            }
          ]
        },
        {
          "name": "left_shoulder",
          "parent": "upper_torso",
          "pivot": [5, 19.5, 0.5],
          "cubes": [
            {
              "origin": [4, 14.5, -2.5],
              "size": [4, 5, 5],
              "uv": [0, 76]
            }
          ]
        },
        {
          "name": "left_upper_arm",
          "parent": "left_shoulder",
          "pivot": [8, 19, 0],
          "cubes": [
            {
              "origin": [7.75, 15, -2],
              "size": [5, 4, 4],
              "uv": [76, 22]
            }
          ]
        },
        {
          "name": "left_lower_arm",
          "parent": "left_upper_arm",
          "pivot": [12.5, 17, 2],
          "cubes": [
            {
              "origin": [12.5, 15, -2.5],
              "size": [7, 4, 5],
              "inflate": 0.01,
              "uv": [0, 67]
            }
          ]
        },
        {
          "name": "left_middle_finger",
          "parent": "left_lower_arm",
          "pivot": [19.5, 18.5, 0],
          "rotation": [0, 0, 10],
          "cubes": [
            {
              "origin": [19.25, 17.5, -0.5],
              "size": [2, 1, 1],
              "uv": [42, 5]
            }
          ]
        },
        {
          "name": "left_index_finger",
          "parent": "left_lower_arm",
          "pivot": [19.5, 17.5, -1.75],
          "rotation": [0, -5, 10],
          "cubes": [
            {
              "origin": [19.25, 16.5, -2.25],
              "size": [2, 1, 1],
              "uv": [0, 42]
            }
          ]
        },
        {
          "name": "left_ring_finger",
          "parent": "left_lower_arm",
          "pivot": [19.5, 17.5, 1.75],
          "rotation": [0, 5, 10],
          "cubes": [
            {
              "origin": [19.25, 16.5, 1.25],
              "size": [2, 1, 1],
              "uv": [25, 41]
            }
          ]
        },
        {
          "name": "right_shoulder",
          "parent": "upper_torso",
          "pivot": [-5, 19.5, 0.5],
          "cubes": [
            {
              "origin": [-8, 14.5, -2.5],
              "size": [4, 5, 5],
              "uv": [75, 40]
            }
          ]
        },
        {
          "name": "right_upper_arm",
          "parent": "right_shoulder",
          "pivot": [-8, 19, 0],
          "cubes": [
            {
              "origin": [-12.75, 15, -2],
              "size": [5, 4, 4],
              "uv": [76, 0]
            }
          ]
        },
        {
          "name": "right_lower_arm",
          "parent": "right_upper_arm",
          "pivot": [-12.5, 17, 2],
          "cubes": [
            {
              "origin": [-19.5, 15, -2.5],
              "size": [7, 4, 5],
              "inflate": 0.01,
              "uv": [57, 65]
            }
          ]
        },
        {
          "name": "right_middle_finger",
          "parent": "right_lower_arm",
          "pivot": [-19.5, 18.5, 0],
          "rotation": [0, 0, -10],
          "cubes": [
            {
              "origin": [-21.25, 17.5, -0.5],
              "size": [2, 1, 1],
              "uv": [20, 40]
            }
          ]
        },
        {
          "name": "right_index_finger",
          "parent": "right_lower_arm",
          "pivot": [-19.5, 17.5, -1.75],
          "rotation": [0, 5, -10],
          "cubes": [
            {
              "origin": [-21.25, 16.5, -2.25],
              "size": [2, 1, 1],
              "uv": [0, 40]
            }
          ]
        },
        {
          "name": "right_ring_finger",
          "parent": "right_lower_arm",
          "pivot": [-19.5, 17.5, 1.75],
          "rotation": [0, -5, -10],
          "cubes": [
            {
              "origin": [-21.25, 16.5, 1.25],
              "size": [2, 1, 1],
              "uv": [6, 0]
            }
          ]
        },
        {
          "name": "tail",
          "parent": "torso",
          "pivot": [0, 5.5, 3.25],
          "rotation": [-45, 0, 0],
          "cubes": [
            {
              "origin": [-4.5, 1.95914, 0.42896],
              "size": [9, 8, 9],
              "uv": [31, 31]
            }
          ]
        },
        {
          "name": "tail2",
          "parent": "tail",
          "pivot": [0, 5.95914, 9.42896],
          "rotation": [15, 0, 0],
          "cubes": [
            {
              "origin": [-3, 2.95914, 8.42896],
              "size": [6, 6, 6],
              "uv": [58, 28]
            },
            {
              "origin": [0, 7.75, 10.5],
              "size": [0, 4, 3],
              "pivot": [0, 9, 12.5],
              "rotation": [-25, 0, 0],
              "uv": [36, 2]
            }
          ]
        },
        {
          "name": "tail3",
          "parent": "tail2",
          "pivot": [0, 5.95914, 14.42896],
          "rotation": [10, 0, 0],
          "cubes": [
            {
              "origin": [-2, 3.95914, 13.42896],
              "size": [4, 4, 6],
              "uv": [24, 68]
            }
          ]
        },
        {
          "name": "left_upper_leg",
          "parent": "body",
          "pivot": [6, 6, -1],
          "rotation": [10.81605, -24.48539, -3.105],
          "cubes": [
            {
              "origin": [3, 4, -6],
              "size": [6, 6, 8],
              "uv": [40, 14]
            }
          ]
        },
        {
          "name": "left_lower_leg",
          "parent": "left_upper_leg",
          "pivot": [6, 4, -5.5],
          "rotation": [12.5, 0, 0],
          "cubes": [
            {
              "origin": [3.5, 0.5, -5.5],
              "size": [5, 4, 5],
              "uv": [59, 74]
            }
          ]
        },
        {
          "name": "left_foot",
          "parent": "left_lower_leg",
          "pivot": [6, 1.5, -3],
          "rotation": [-21.97307, 0, 3.37536],
          "cubes": [
            {
              "origin": [3, -0.5, -7],
              "size": [6, 2, 7],
              "inflate": 0.01,
              "uv": [60, 13]
            }
          ]
        },
        {
          "name": "left_claws",
          "parent": "left_foot",
          "pivot": [6, 0.5, -7],
          "cubes": [
            {
              "origin": [3.25, -0.5, -9],
              "size": [2, 1, 2],
              "pivot": [5.25, 0.5, -7],
              "rotation": [0, 5, 0],
              "uv": [36, 28]
            },
            {
              "origin": [6.75, -0.5, -9],
              "size": [2, 1, 2],
              "pivot": [6.75, 0.5, -7],
              "rotation": [0, -5, 0],
              "uv": [36, 9]
            }
          ]
        },
        {
          "name": "right_upper_leg",
          "parent": "body",
          "pivot": [-6, 6, -1],
          "rotation": [10.81605, 24.48539, 3.105],
          "cubes": [
            {
              "origin": [-9, 4, -6],
              "size": [6, 6, 8],
              "uv": [0, 40]
            }
          ]
        },
        {
          "name": "right_lower_leg",
          "parent": "right_upper_leg",
          "pivot": [-6, 4, -5.5],
          "rotation": [12.5, 0, 0],
          "cubes": [
            {
              "origin": [-8.5, 0.5, -5.5],
              "size": [5, 4, 5],
              "uv": [39, 73]
            }
          ]
        },
        {
          "name": "right_foot",
          "parent": "right_lower_leg",
          "pivot": [-6, 1.5, -3],
          "rotation": [-21.97307, 0, -3.37536],
          "cubes": [
            {
              "origin": [-9, -0.5, -7],
              "size": [6, 2, 7],
              "inflate": 0.01,
              "uv": [56, 48]
            }
          ]
        },
        {
          "name": "right_claws",
          "parent": "right_foot",
          "pivot": [-6, 0.5, -7],
          "cubes": [
            {
              "origin": [-5.25, -0.5, -9],
              "size": [2, 1, 2],
              "pivot": [-5.25, 0.5, -7],
              "rotation": [0, -5, 0],
              "uv": [30, 29]
            },
            {
              "origin": [-8.75, -0.5, -9],
              "size": [2, 1, 2],
              "pivot": [-6.75, 0.5, -7],
              "rotation": [0, 5, 0],
              "uv": [0, 0]
            }
          ]
        }
      ]
    }
  ]
}
