{
	"format_version": "1.12.0",
	"minecraft:geometry": [
		{
			"description": {
				"identifier": "geometry.whiscash",
				"texture_width": 128,
				"texture_height": 128,
				"visible_bounds_width": 9,
				"visible_bounds_height": 2.5,
				"visible_bounds_offset": [0, 0.75, 0]
			},
			"bones": [
				{
					"name": "whiscash",
					"pivot": [0, 0, 0]
				},
				{
					"name": "body",
					"parent": "whiscash",
					"pivot": [0, 9, -9]
				},
				{
					"name": "torso",
					"parent": "body",
					"pivot": [0, 7.5, 1.75],
					"cubes": [
						{"origin": [-12, 0, -20], "size": [24, 16, 23], "uv": [0, 0]},
						{"origin": [-11, 6, -22.5], "size": [22, 2, 3], "inflate": 0.01, "uv": [50, 44]}
					]
				},
				{
                    "name": "locator_seat_1",
                    "parent": "body",
                    "pivot": [0, 14, -11],
                    "locators": {
                        "seat_1": [0, 14, -11]
                    }
                },
				{
					"name": "whisker_right",
					"parent": "torso",
					"pivot": [-11, 7, -17],
					"cubes": [
						{"origin": [-20, 6.5, -17], "size": [9, 1, 0], "uv": [71, 17]}
					]
				},
				{
					"name": "whisker_right2",
					"parent": "whisker_right",
					"pivot": [-20, 7, -17],
					"cubes": [
						{"origin": [-29, 6.5, -17], "size": [9, 1, 0], "uv": [71, 16]}
					]
				},
				{
					"name": "whisker_right3",
					"parent": "whisker_right2",
					"pivot": [-29, 7, -17],
					"cubes": [
						{"origin": [-38, 6.5, -17], "size": [9, 1, 0], "uv": [71, 15]}
					]
				},
				{
					"name": "whisker_right4",
					"parent": "whisker_right3",
					"pivot": [-38, 7, -17],
					"cubes": [
						{"origin": [-47, 6.5, -17], "size": [9, 1, 0], "uv": [71, 14]}
					]
				},
				{
					"name": "whisker_right5",
					"parent": "whisker_right4",
					"pivot": [-47, 7, -17],
					"cubes": [
						{"origin": [-56, 6.5, -17], "size": [9, 1, 0], "uv": [0, 22]}
					]
				},
				{
					"name": "whisker_right6",
					"parent": "whisker_right5",
					"pivot": [-56, 7, -17],
					"cubes": [
						{"origin": [-62, 2.5, -17], "size": [6, 5, 0], "uv": [71, 18]}
					]
				},
				{
					"name": "whisker_left",
					"parent": "torso",
					"pivot": [11, 7, -17],
					"cubes": [
						{"origin": [11, 6.5, -17], "size": [9, 1, 0], "uv": [0, 21]}
					]
				},
				{
					"name": "whisker_left2",
					"parent": "whisker_left",
					"pivot": [20, 7, -17],
					"cubes": [
						{"origin": [20, 6.5, -17], "size": [9, 1, 0], "uv": [0, 20]}
					]
				},
				{
					"name": "whisker_left3",
					"parent": "whisker_left2",
					"pivot": [29, 7, -17],
					"cubes": [
						{"origin": [29, 6.5, -17], "size": [9, 1, 0], "uv": [0, 19]}
					]
				},
				{
					"name": "whisker_left4",
					"parent": "whisker_left3",
					"pivot": [38, 7, -17],
					"cubes": [
						{"origin": [38, 6.5, -17], "size": [9, 1, 0], "uv": [0, 8]}
					]
				},
				{
					"name": "whisker_left5",
					"parent": "whisker_left4",
					"pivot": [47, 7, -17],
					"cubes": [
						{"origin": [47, 6.5, -17], "size": [9, 1, 0], "uv": [0, 7]}
					]
				},
				{
					"name": "whisker_left6",
					"parent": "whisker_left5",
					"pivot": [56, 7, -17],
					"cubes": [
						{"origin": [56, 2.5, -17], "size": [6, 5, 0], "uv": [40, 68]}
					]
				},
				{
					"name": "fin_left",
					"parent": "torso",
					"pivot": [11, 4, -9.5],
					"cubes": [
						{"origin": [11, 4, -13], "size": [5, 0, 7], "uv": [38, 61]}
					]
				},
				{
					"name": "fin_left2",
					"parent": "fin_left",
					"pivot": [16, 4, -9.5],
					"cubes": [
						{"origin": [16, 4, -13], "size": [5, 0, 7], "uv": [28, 59]}
					]
				},
				{
					"name": "fin_right",
					"parent": "torso",
					"pivot": [-11, 4, -9.5],
					"cubes": [
						{"origin": [-16, 4, -13], "size": [5, 0, 7], "uv": [18, 59]}
					]
				},
				{
					"name": "fin_right2",
					"parent": "fin_right",
					"pivot": [-16, 4, -9.5],
					"cubes": [
						{"origin": [-21, 4, -13], "size": [5, 0, 7], "uv": [0, 0]}
					]
				},
				{
					"name": "jaw",
					"parent": "torso",
					"pivot": [0, 6.5, -21.5],
					"cubes": [
						{"origin": [-11, 4, -22.5], "size": [22, 2, 3], "inflate": 0.01, "uv": [41, 39]}
					]
				},
				{
					"name": "dangle_right",
					"parent": "jaw",
					"pivot": [-8.5, 5.5, -21.5],
					"cubes": [
						{"origin": [-10.5, -2.5, -21.5], "size": [4, 9, 0], "uv": [46, 74]}
					]
				},
				{
					"name": "dangle_left",
					"parent": "jaw",
					"pivot": [8.5, 5.5, -21.5],
					"cubes": [
						{"origin": [6.5, -2.5, -21.5], "size": [4, 9, 0], "uv": [0, 39]}
					]
				},
				{
					"name": "mouth_opening",
					"parent": "jaw",
					"pivot": [0, -3, -9.1],
					"cubes": [
						{"origin": [-11, 4, -20.1], "size": [22, 4, 0], "uv": [50, 57]},
						{"origin": [8, 4, -22.5], "size": [3, 4, 3], "uv": [0, 73]},
						{"origin": [-11, 4, -22.5], "size": [3, 4, 3], "uv": [12, 73]}
					]
				},
				{
					"name": "eye_right",
					"parent": "torso",
					"pivot": [-9.51, 10, -18.01],
					"cubes": [
						{"origin": [-12.01, 8, -20.01], "size": [4, 4, 3], "uv": [71, 7]}
					]
				},
				{
					"name": "eyelid_right",
					"parent": "eye_right",
					"pivot": [-9.41, 10, -17.91],
					"cubes": [
						{"origin": [-11.91, 8, -19.91], "size": [4, 4, 3], "inflate": 0.01, "uv": [71, 0]}
					]
				},
				{
					"name": "eye_left",
					"parent": "torso",
					"pivot": [9.51, 10, -18.01],
					"cubes": [
						{"origin": [8.01, 8, -20.01], "size": [4, 4, 3], "uv": [66, 67]}
					]
				},
				{
					"name": "eyelid_left",
					"parent": "eye_left",
					"pivot": [9.41, 10, -17.91],
					"cubes": [
						{"origin": [7.91, 8, -19.91], "size": [4, 4, 3], "inflate": 0.01, "uv": [52, 67]}
					]
				},
				{
					"name": "fin",
					"parent": "torso",
					"pivot": [0, 14.5, -0.5],
					"rotation": [-25, 0, 0],
					"cubes": [
						{"origin": [0, 12.5, -5], "size": [0, 10, 9], "uv": [0, 0]}
					]
				},
				{
					"name": "tail",
					"parent": "torso",
					"pivot": [0, 6, 1],
					"rotation": [0, 0, 0],
					"cubes": [
						{"origin": [-8, 0.5, 1], "size": [16, 11, 9], "uv": [0, 39]}
					]
				},
				{
					"name": "tail2",
					"parent": "tail",
					"pivot": [0, 4.5, 8],
					"cubes": [
						{"origin": [-4.5, 1.5, 8], "size": [9, 7, 7], "uv": [0, 59]}
					]
				},
				{
					"name": "tail3",
					"parent": "tail2",
					"pivot": [0, 5, 13],
					"cubes": [
						{"origin": [-2, 3, 13], "size": [4, 4, 6], "uv": [26, 67]}
					]
				},
				{
					"name": "tail4",
					"parent": "tail3",
					"pivot": [0, 5, 18],
					"rotation": [0, 0, 0],
					"cubes": [
						{"origin": [-6.5, 5, 17], "size": [13, 0, 8], "uv": [42, 49]}
					]
				},
				{
					"name": "fin_left3",
					"parent": "tail2",
					"pivot": [7, 5, 8],
					"cubes": [
						{"origin": [7, 5, 6], "size": [6, 0, 6], "uv": [61, 61]}
					]
				},
				{
					"name": "fin_right3",
					"parent": "tail2",
					"pivot": [-7, 5, 8],
					"cubes": [
						{"origin": [-13, 5, 6], "size": [6, 0, 6], "uv": [49, 61]}
					]
				}
			]
		}
	]
}