{
	"format_version": "1.12.0",
	"minecraft:geometry": [
		{
			"description": {
				"identifier": "geometry.unfezant_female",
				"texture_width": 128,
				"texture_height": 128,
				"visible_bounds_width": 7,
				"visible_bounds_height": 3.5,
				"visible_bounds_offset": [0, 1.25, 0]
			},
			"bones": [
				{
					"name": "unfezant",
					"pivot": [0, 0, 0]
				},
				{
					"name": "locator_root",
					"parent": "unfezant",
					"pivot": [0, 0, 0],
					"locators": {
						"root": [0, 0, 2]
					}
				},
				{
					"name": "locator_top",
					"parent": "unfezant",
					"pivot": [0, 35, 0],
					"locators": {
						"top": [0, 35, 0]
					}
				},
				{
					"name": "body",
					"parent": "unfezant",
					"pivot": [0, 14.5, 0]
				},
				{
					"name": "locator_target",
					"parent": "body",
					"pivot": [0, 17, -10.5],
					"locators": {
						"target": [0, 17, -10.5]
					}
				},
				{
					"name": "locator_middle",
					"parent": "body",
					"pivot": [0, 17, 0],
					"locators": {
						"middle": [0, 17, 0]
					}
				},
				{
					"name": "torso",
					"parent": "body",
					"pivot": [0, 13, 0.25],
					"rotation": [-5, 0, 0],
					"cubes": [
						{"origin": [-4, 10.5, -3.5], "size": [8, 9, 9], "uv": [52, 0]}
					]
				},
				{
					"name": "locator_seat_1",
					"parent": "torso",
					"pivot": [0, 19.5, 2.5],
					"locators": {
						"seat_1": [0, 19.5, 2.5]
					}
				},
				{
					"name": "chest",
					"parent": "torso",
					"pivot": [0, 17.5, 0],
					"rotation": [-35, 0, 0],
					"cubes": [
						{"origin": [-5, 9, -7], "size": [10, 12, 8], "uv": [0, 52]}
					]
				},
				{
					"name": "neck",
					"parent": "chest",
					"pivot": [0, 10.5, -7.05],
					"rotation": [37.5, 0, 0],
					"cubes": [
						{"origin": [-3.5, 10.5, -7.05], "size": [7, 6, 7], "uv": [36, 61]}
					]
				},
				{
					"name": "neck_feathers",
					"parent": "neck",
					"pivot": [-0.5, 15, -7.05],
					"rotation": [-12.5, 0, 0],
					"cubes": [
						{"origin": [-3, 12, -7.05], "size": [6, 3, 0], "uv": [52, 49]}
					]
				},
				{
					"name": "neck2",
					"parent": "neck",
					"pivot": [0, 16.5, -3.5],
					"rotation": [2.5, 0, 0],
					"cubes": [
						{"origin": [-2.5, 15.5, -6], "size": [5, 8, 5], "uv": [86, 0]}
					]
				},
				{
					"name": "head",
					"parent": "neck2",
					"pivot": [0, 24.5, -4]
				},
				{
					"name": "head_ai",
					"parent": "head",
					"pivot": [0, 24.5, -4]
				},
				{
					"name": "head_angle",
					"parent": "head_ai",
					"pivot": [0, 24.5, -4],
					"rotation": [2.5, 0, 0],
					"cubes": [
						{"origin": [-3, 22.5, -6.75], "size": [6, 6, 6], "inflate": 0.01, "uv": [30, 74]}
					]
				},
				{
					"name": "locator_head",
					"parent": "head_angle",
					"pivot": [0, 28.5, -3.75],
					"locators": {
						"head": [0, 28.5, -3.75]
					}
				},
				{
					"name": "locator_face",
					"parent": "head_angle",
					"pivot": [0, 26, -6.75],
					"rotation": [-90, 0, 0],
					"locators": {
						"face": [0, 26, -6.75]
					}
				},
				{
					"name": "locator_mouth",
					"parent": "head_angle",
					"pivot": [0, 24.1, -6.75],
					"locators": {
						"mouth": [0, 24.1, -6.75],
						"special": [0, 24.1, -6.75],
						"item": [0, 24.1, -6.75]
					}
				},
				{
					"name": "beak",
					"parent": "head_angle",
					"pivot": [0, 25.09965, -7.22686],
					"rotation": [32.5, 0, 0],
					"cubes": [
						{"origin": [-1.5, 24, -8.5], "size": [3, 1, 3], "inflate": 0.01, "uv": [70, 57]},
						{"origin": [-1, 24, -9.5], "size": [2, 1, 1], "uv": [30, 72]},
						{"origin": [-0.5, 23.4, -9.5], "size": [1, 1, 0], "inflate": 0.01, "uv": [54, 74]}
					]
				},
				{
					"name": "locator_beak",
					"parent": "beak",
					"pivot": [0, 24.3, -9.5],
					"locators": {
						"beak": [0, 24.3, -9.5]
					}
				},
				{
					"name": "locator_jaw_upper",
					"parent": "beak",
					"pivot": [0, 24, -8.8],
					"locators": {
						"jaw1": [0, 24, -8.8]
					}
				},
				{
					"name": "hair",
					"parent": "head_angle",
					"pivot": [0, 27.09965, -2.22686],
					"rotation": [17.5, 0, 0],
					"cubes": [
						{"origin": [0, 25.75, -2.5], "size": [0, 4, 4], "uv": [40, 86]}
					]
				},
				{
					"name": "eyes",
					"parent": "head_angle",
					"pivot": [0, 25, -5]
				},
				{
					"name": "eye_left",
					"parent": "eyes",
					"pivot": [2.01167, 25.03298, -5.65686],
					"rotation": [15, 0, 0],
					"cubes": [
						{"origin": [2.01, 24.85, -6.25], "size": [1, 1, 3], "inflate": 0.02, "uv": [82, 57]},
						{"origin": [2.01, 24.35, -5.75], "size": [1, 2, 2], "inflate": 0.01, "uv": [50, 101]}
					]
				},
				{
					"name": "pupil_left",
					"parent": "eye_left",
					"pivot": [1, 21.19965, -2.72686],
					"cubes": [
						{"origin": [2.01, 24.35, -5.75], "size": [1, 2, 1], "inflate": 0.03, "uv": [98, 102]}
					]
				},
				{
					"name": "locator_eye_left",
					"parent": "pupil_left",
					"pivot": [3, 25, -5.3],
					"locators": {
						"eye2": [3, 25, -5.3]
					}
				},
				{
					"name": "eyelid_left",
					"parent": "eye_left",
					"pivot": [2.21, 24.69965, -5.68686],
					"cubes": [
						{"origin": [1.91, 24.35, -6.25], "size": [1, 2, 3], "inflate": 0.04, "uv": [96, 62]}
					]
				},
				{
					"name": "eyelid_unamused_left",
					"parent": "eye_left",
					"pivot": [2.31, 24.69965, -5.68686],
					"cubes": [
						{"origin": [2.01, 25.75, -6.25], "size": [1, 1, 3], "inflate": 0.04, "uv": [8, 98]}
					]
				},
				{
					"name": "eyelid_mad_left",
					"parent": "eye_left",
					"pivot": [2.31, 23.79965, -5.68686],
					"cubes": [
						{"origin": [1.91, 25.85, -6.25], "size": [1, 1, 1], "inflate": 0.04, "uv": [50, 94]}
					]
				},
				{
					"name": "eyelid_sad_left",
					"parent": "eye_left",
					"pivot": [2.21, 24.69965, -5.68686],
					"cubes": [
						{"origin": [1.91, 25.75, -5.25], "size": [1, 1, 2], "inflate": 0.04, "uv": [64, 49]}
					]
				},
				{
					"name": "eyelid_happy_left",
					"parent": "eye_left",
					"pivot": [2.21, 24.69965, -5.68686],
					"cubes": [
						{"origin": [1.91, 24.35, -6.25], "size": [1, 2, 3], "inflate": 0.04, "uv": [66, 96]}
					]
				},
				{
					"name": "eyelid_recoil_left",
					"parent": "eye_left",
					"pivot": [2.21, 24.69965, -5.68686],
					"cubes": [
						{"origin": [1.91, 24.35, -6.25], "size": [1, 2, 3], "inflate": 0.04, "uv": [96, 67]}
					]
				},
				{
					"name": "eye_right",
					"parent": "eyes",
					"pivot": [-2.01167, 25.03298, -5.65686],
					"rotation": [15, 0, 0],
					"cubes": [
						{"origin": [-3.01, 24.85, -6.25], "size": [1, 1, 3], "inflate": 0.02, "uv": [16, 99]},
						{"origin": [-3.01, 24.35, -5.75], "size": [1, 2, 2], "inflate": 0.01, "uv": [66, 101]}
					]
				},
				{
					"name": "pupil_right",
					"parent": "eye_right",
					"pivot": [-1, 21.19965, -2.72686],
					"cubes": [
						{"origin": [-3.01, 24.35, -5.75], "size": [1, 2, 1], "inflate": 0.03, "uv": [0, 103]}
					]
				},
				{
					"name": "locator_eye_right",
					"parent": "pupil_right",
					"pivot": [-3, 25, -5.3],
					"locators": {
						"eye1": [-3, 25, -5.3]
					}
				},
				{
					"name": "eyelid_right",
					"parent": "eye_right",
					"pivot": [-2.21, 24.69965, -5.68686],
					"cubes": [
						{"origin": [-2.91, 24.35, -6.25], "size": [1, 2, 3], "inflate": 0.04, "uv": [74, 96]}
					]
				},
				{
					"name": "eyelid_unamused_right",
					"parent": "eye_right",
					"pivot": [-2.31, 24.69965, -5.68686],
					"cubes": [
						{"origin": [-3.01, 25.75, -6.25], "size": [1, 1, 3], "inflate": 0.04, "uv": [24, 99]}
					]
				},
				{
					"name": "eyelid_mad_right",
					"parent": "eye_right",
					"pivot": [-2.31, 23.79965, -5.68686],
					"cubes": [
						{"origin": [-2.91, 25.85, -6.25], "size": [1, 1, 1], "inflate": 0.04, "uv": [4, 103]}
					]
				},
				{
					"name": "eyelid_sad_right",
					"parent": "eye_right",
					"pivot": [-2.21, 24.69965, -5.68686],
					"cubes": [
						{"origin": [-2.91, 25.75, -5.25], "size": [1, 1, 2], "inflate": 0.04, "uv": [72, 101]}
					]
				},
				{
					"name": "eyelid_happy_right",
					"parent": "eye_right",
					"pivot": [-2.21, 24.69965, -5.68686],
					"cubes": [
						{"origin": [-2.91, 24.35, -6.25], "size": [1, 2, 3], "inflate": 0.04, "uv": [82, 96]}
					]
				},
				{
					"name": "eyelid_recoil_right",
					"parent": "eye_right",
					"pivot": [-2.21, 24.69965, -5.68686],
					"cubes": [
						{"origin": [-2.91, 24.35, -6.25], "size": [1, 2, 3], "inflate": 0.04, "uv": [0, 98]}
					]
				},
				{
					"name": "jaw",
					"parent": "head_angle",
					"pivot": [0, 24.14965, -6.72686],
					"cubes": [
						{"origin": [-1, 23.14965, -8.22686], "size": [2, 1, 2], "inflate": -0.01, "uv": [96, 72]}
					]
				},
				{
					"name": "locator_jaw_lower",
					"parent": "jaw",
					"pivot": [0, 24.15, -7.85],
					"locators": {
						"jaw2": {
							"offset": [0, 24.15, -7.85],
							"rotation": [-90, 0, 0]
						}
					}
				},
				{
					"name": "wings_closed",
					"parent": "chest",
					"pivot": [5, 17.5, -7.25]
				},
				{
					"name": "wing_closed_left",
					"parent": "wings_closed",
					"pivot": [5.5, 16.525, -4.15],
					"rotation": [10, -2.5, -7.5],
					"cubes": [
						{"origin": [4.5, 11.725, -6.25], "size": [3, 8, 7], "uv": [54, 81]}
					]
				},
				{
					"name": "wing_closed_left2",
					"parent": "wing_closed_left",
					"pivot": [6, 16.025, 0.85],
					"rotation": [10, -7.5, 0],
					"cubes": [
						{"origin": [5, 12.525, -1.25], "size": [2, 6, 7], "uv": [22, 86]}
					]
				},
				{
					"name": "wing_closed_left3",
					"parent": "wing_closed_left2",
					"pivot": [6, 14.025, 5.85],
					"rotation": [35, 0, 0],
					"cubes": [
						{"origin": [6, 13.225, 4.75], "size": [0, 3, 8], "uv": [88, 26]}
					]
				},
				{
					"name": "wing_closed_right",
					"parent": "wings_closed",
					"pivot": [-5.5, 16.525, -4.15],
					"rotation": [10, 2.5, 7.5],
					"cubes": [
						{"origin": [-7.5, 11.725, -6.25], "size": [3, 8, 7], "uv": [74, 81]}
					]
				},
				{
					"name": "wing_closed_right2",
					"parent": "wing_closed_right",
					"pivot": [-6, 16.025, 0.85],
					"rotation": [10, 7.5, 0],
					"cubes": [
						{"origin": [-7, 12.525, -1.25], "size": [2, 6, 7], "uv": [88, 13]}
					]
				},
				{
					"name": "wing_closed_right3",
					"parent": "wing_closed_right2",
					"pivot": [-6, 14.025, 5.85],
					"rotation": [35, 0, 0],
					"cubes": [
						{"origin": [-6, 13.225, 4.75], "size": [0, 3, 8], "uv": [88, 37]}
					]
				},
				{
					"name": "wings_open",
					"parent": "chest",
					"pivot": [5, 17.5, -7.25]
				},
				{
					"name": "wing_open_left",
					"parent": "wings_open",
					"pivot": [5, 17.5, -7.25],
					"cubes": [
						{"origin": [2, 16.5, -8.25], "size": [9, 2, 6], "uv": [70, 49]},
						{"origin": [2, 17.5, -3.75], "size": [9, 0, 6], "pivot": [6.5, 17.5, -1.75], "rotation": [0, -22.5, 0], "uv": [54, 75]}
					]
				},
				{
					"name": "wing_open_left2",
					"parent": "wing_open_left",
					"pivot": [11, 17.5, -7.25],
					"cubes": [
						{"origin": [10, 17, -8.25], "size": [9, 1, 8], "uv": [36, 52]},
						{"origin": [19, 17, -8.25], "size": [0, 1, 8], "pivot": [19, 17.5, -4.25], "rotation": [0, 0, -0.5], "uv": [94, 93]},
						{"origin": [10, 17.5, -0.75], "size": [9, 0, 7], "inflate": 0.02, "uv": [64, 61]}
					]
				},
				{
					"name": "wing_open_left3",
					"parent": "wing_open_left2",
					"pivot": [19, 17.5, -8.25],
					"cubes": [
						{"origin": [18, 17.5, -8.25], "size": [13, 0, 13], "inflate": 0.01, "uv": [0, 0]}
					]
				},
				{
					"name": "locator_wing_left",
					"parent": "wing_open_left3",
					"pivot": [20, 17.5, -7.75],
					"rotation": [0, -90, 22.5],
					"locators": {
						"wing2": [20, 17.5, -7.75]
					}
				},
				{
					"name": "wing_open_left4",
					"parent": "wing_open_left3",
					"pivot": [31, 17.5, -7.25],
					"cubes": [
						{"origin": [31, 17.5, -7.25], "size": [13, 0, 13], "uv": [0, 13]}
					]
				},
				{
					"name": "wing_open_right",
					"parent": "wings_open",
					"pivot": [-5, 17.5, -7.25],
					"cubes": [
						{"origin": [-11, 16.5, -8.25], "size": [9, 2, 6], "uv": [0, 72]},
						{"origin": [-11, 17.5, -3.75], "size": [9, 0, 6], "pivot": [-6.5, 17.5, -1.75], "rotation": [0, 22.5, 0], "uv": [0, 80]}
					]
				},
				{
					"name": "wing_open_right2",
					"parent": "wing_open_right",
					"pivot": [-11, 17.5, -7.25],
					"cubes": [
						{"origin": [-19, 17, -8.25], "size": [9, 1, 8], "uv": [52, 40]},
						{"origin": [-19, 17.5, -0.75], "size": [9, 0, 7], "inflate": 0.02, "uv": [64, 68]}
					]
				},
				{
					"name": "wing_open_right3",
					"parent": "wing_open_right2",
					"pivot": [-19, 17.5, -8.25],
					"cubes": [
						{"origin": [-31, 17.5, -8.25], "size": [13, 0, 13], "inflate": 0.01, "uv": [0, 26]}
					]
				},
				{
					"name": "locator_wing_right",
					"parent": "wing_open_right3",
					"pivot": [-20, 17.5, -7.75],
					"rotation": [0, 90, -22.5],
					"locators": {
						"wing1": [-20, 17.5, -7.75]
					}
				},
				{
					"name": "wing_open_right4",
					"parent": "wing_open_right3",
					"pivot": [-31, 17.5, -7.25],
					"cubes": [
						{"origin": [-44, 17.5, -7.25], "size": [13, 0, 13], "uv": [0, 39]}
					]
				},
				{
					"name": "tail",
					"parent": "torso",
					"pivot": [0, 17.5, 5.5],
					"rotation": [7.5, 0, 0],
					"cubes": [
						{"origin": [-2.5, 12.5, 2.5], "size": [5, 6, 6], "uv": [0, 86]}
					]
				},
				{
					"name": "tail2",
					"parent": "tail",
					"pivot": [0, 15.5, 8.5],
					"rotation": [27.5, 0, 0],
					"cubes": [
						{"origin": [-3.5, 15.5, 8], "size": [7, 0, 11], "uv": [52, 18]}
					]
				},
				{
					"name": "tail3",
					"parent": "tail2",
					"pivot": [0, 15.5, 19],
					"cubes": [
						{"origin": [-3.5, 15.5, 19], "size": [7, 0, 11], "uv": [52, 29]}
					]
				},
				{
					"name": "locator_tail",
					"parent": "tail3",
					"pivot": [0, 15.5, 20],
					"locators": {
						"tail": [0, 15.5, 20]
					}
				},
				{
					"name": "locator_tail_tip",
					"parent": "tail3",
					"pivot": [0, 15.5, 30],
					"locators": {
						"tail_tip": [0, 15.5, 30]
					}
				},
				{
					"name": "leg_left",
					"parent": "body",
					"pivot": [2.5, 10.5, 0.75],
					"cubes": [
						{"origin": [1, 8.25, -1.75], "size": [3, 4, 5], "inflate": 0.01, "uv": [94, 75]},
						{"origin": [1.5, 6.75, -0.75], "size": [2, 2, 3], "inflate": 0.01, "uv": [84, 75]}
					]
				},
				{
					"name": "leg_left2",
					"parent": "leg_left",
					"pivot": [2.5, 6.75, 1.25],
					"rotation": [-10, 0, 0],
					"cubes": [
						{"origin": [2, 0.75, -0.25], "size": [1, 6, 2], "uv": [48, 86]},
						{"origin": [2.5, 3.75, 1.25], "size": [0, 2, 2], "uv": [78, 101]}
					]
				},
				{
					"name": "foot_left",
					"parent": "leg_left2",
					"pivot": [2.5, 1.75, 1.25],
					"rotation": [10, 0, 0],
					"cubes": [
						{"origin": [1.5, -0.07635, -0.98481], "size": [2, 2, 3], "uv": [40, 94]}
					]
				},
				{
					"name": "locator_foot_secondary",
					"parent": "foot_left",
					"pivot": [2.5, 0.9, 0.3],
					"locators": {
						"foot_secondary": [2.5, 0.9, 0.3]
					}
				},
				{
					"name": "toe_back_left",
					"parent": "foot_left",
					"pivot": [2.5, 0.92365, 2.01519],
					"cubes": [
						{"origin": [2, -0.07635, 2.01519], "size": [1, 2, 1], "inflate": 0.01, "uv": [94, 102]}
					]
				},
				{
					"name": "claw_back_left",
					"parent": "toe_back_left",
					"pivot": [2.5, 0.92365, 3.01519],
					"cubes": [
						{"origin": [2.5, -0.07635, 3.01519], "size": [0, 1, 1], "uv": [86, 13]}
					]
				},
				{
					"name": "toe_inner_left",
					"parent": "foot_left",
					"pivot": [2.25, 0.92365, -0.73481],
					"rotation": [0, 20, 0],
					"cubes": [
						{"origin": [1.25, -0.07635, -2.73481], "size": [1, 2, 2], "inflate": 0.01, "uv": [90, 57]}
					]
				},
				{
					"name": "claw_inner_left",
					"parent": "toe_inner_left",
					"pivot": [1.75, 1.92365, -2.73481],
					"cubes": [
						{"origin": [1.75, -0.07635, -4.73481], "size": [0, 2, 2], "uv": [90, 96]}
					]
				},
				{
					"name": "toe_middle_left",
					"parent": "foot_left",
					"pivot": [2.5, 0.92365, -0.73481],
					"cubes": [
						{"origin": [2, -0.07635, -2.73481], "size": [1, 2, 2], "inflate": 0.02, "uv": [32, 99]}
					]
				},
				{
					"name": "claw_middle_left",
					"parent": "toe_middle_left",
					"pivot": [2.5, 1.92365, -2.73481],
					"cubes": [
						{"origin": [2.5, -0.07635, -4.73481], "size": [0, 2, 2], "uv": [90, 100]}
					]
				},
				{
					"name": "toe_outer_left",
					"parent": "foot_left",
					"pivot": [2.75, 0.92365, -0.73481],
					"rotation": [0, -20, 0],
					"cubes": [
						{"origin": [2.75, -0.07635, -2.73481], "size": [1, 2, 2], "inflate": 0.01, "uv": [38, 99]}
					]
				},
				{
					"name": "claw_outer_left",
					"parent": "toe_outer_left",
					"pivot": [3.25, 1.92365, -2.73481],
					"cubes": [
						{"origin": [3.25, -0.07635, -4.73481], "size": [0, 2, 2], "uv": [56, 101]}
					]
				},
				{
					"name": "leg_right",
					"parent": "body",
					"pivot": [-2.5, 10.5, 0.75],
					"cubes": [
						{"origin": [-4, 8.25, -1.75], "size": [3, 4, 5], "inflate": 0.01, "uv": [94, 84]},
						{"origin": [-3.5, 6.75, -0.75], "size": [2, 2, 3], "inflate": 0.01, "uv": [50, 96]}
					]
				},
				{
					"name": "leg_right2",
					"parent": "leg_right",
					"pivot": [-2.5, 6.75, 1.25],
					"rotation": [-10, 0, 0],
					"cubes": [
						{"origin": [-3, 0.75, -0.25], "size": [1, 6, 2], "uv": [60, 96]},
						{"origin": [-2.5, 3.75, 1.25], "size": [0, 2, 2], "uv": [82, 101]}
					]
				},
				{
					"name": "foot_right",
					"parent": "leg_right2",
					"pivot": [-2.5, 1.75, 1.25],
					"rotation": [10, 0, 0],
					"cubes": [
						{"origin": [-3.5, -0.07635, -0.98481], "size": [2, 2, 3], "uv": [96, 57]}
					]
				},
				{
					"name": "locator_foot_primary",
					"parent": "foot_right",
					"pivot": [-2.5, 0.9, 0.3],
					"locators": {
						"foot_primary": [-2.5, 0.9, 0.3],
						"physical": [-2.5, 0.9, 0.3]
					}
				},
				{
					"name": "toe_back_right",
					"parent": "foot_right",
					"pivot": [-2.5, 0.92365, 2.01519],
					"cubes": [
						{"origin": [-3, -0.07635, 2.01519], "size": [1, 2, 1], "inflate": 0.01, "uv": [102, 102]}
					]
				},
				{
					"name": "claw_back_right",
					"parent": "toe_back_right",
					"pivot": [-2.5, 0.92365, 3.01519],
					"cubes": [
						{"origin": [-2.5, -0.07635, 3.01519], "size": [0, 1, 1], "uv": [86, 15]}
					]
				},
				{
					"name": "toe_inner_right",
					"parent": "foot_right",
					"pivot": [-2.25, 0.92365, -0.73481],
					"rotation": [0, -20, 0],
					"cubes": [
						{"origin": [-2.25, -0.07635, -2.73481], "size": [1, 2, 2], "inflate": 0.01, "uv": [44, 99]}
					]
				},
				{
					"name": "claw_inner_right",
					"parent": "toe_inner_right",
					"pivot": [-1.75, 1.92365, -2.73481],
					"cubes": [
						{"origin": [-1.75, -0.07635, -4.73481], "size": [0, 2, 2], "uv": [86, 101]}
					]
				},
				{
					"name": "toe_middle_right",
					"parent": "foot_right",
					"pivot": [-2.5, 0.92365, -0.73481],
					"cubes": [
						{"origin": [-3, -0.07635, -2.73481], "size": [1, 2, 2], "inflate": 0.02, "uv": [100, 48]}
					]
				},
				{
					"name": "claw_middle_right",
					"parent": "toe_middle_right",
					"pivot": [-2.5, 1.92365, -2.73481],
					"cubes": [
						{"origin": [-2.5, -0.07635, -4.73481], "size": [0, 2, 2], "uv": [8, 102]}
					]
				},
				{
					"name": "toe_outer_right",
					"parent": "foot_right",
					"pivot": [-2.75, 0.92365, -0.73481],
					"rotation": [0, 20, 0],
					"cubes": [
						{"origin": [-3.75, -0.07635, -2.73481], "size": [1, 2, 2], "inflate": 0.01, "uv": [100, 52]}
					]
				},
				{
					"name": "claw_outer_right",
					"parent": "toe_outer_right",
					"pivot": [-3.25, 1.92365, -2.73481],
					"cubes": [
						{"origin": [-3.25, -0.07635, -4.73481], "size": [0, 2, 2], "uv": [12, 102]}
					]
				}
			]
		}
	]
}