{
	"format_version": "1.12.0",
	"minecraft:geometry": [
		{
			"description": {
				"identifier": "geometry.unknown",
				"texture_width": 96,
				"texture_height": 96,
				"visible_bounds_width": 5,
				"visible_bounds_height": 4.5,
				"visible_bounds_offset": [0, 1.75, 0]
			},
			"bones": [
				{
					"name": "dragalge",
					"pivot": [0, -4, -6]
				},
				{
					"name": "body",
					"parent": "dragalge",
					"pivot": [0, 17.25, -4.5]
				},
				{
					"name": "torso",
					"parent": "body",
					"pivot": [0, 13.25, 0],
					"cubes": [
						{"origin": [-2, 14.25, -9.75], "size": [4, 7, 6], "pivot": [0, 25.25, -5], "rotation": [17.5, 0, 0], "uv": [18, 24]},
						{"origin": [0, 12.66, -4.45], "size": [0, 14, 3], "pivot": [0, 21.25, -3], "rotation": [17.5, 0, 0], "uv": [18, 49]},
						{"origin": [0, 18.66, -1.45], "size": [0, 2, 3], "pivot": [0, 21.25, -3], "rotation": [17.5, 0, 0], "uv": [40, 21]},
						{"origin": [0, 11.66, -2.45], "size": [0, 3, 5], "pivot": [0, 21.25, -3], "rotation": [17.5, 0, 0], "uv": [38, 24]},
						{"origin": [0, 14.66, -1.45], "size": [0, 3, 8], "pivot": [0, 21.25, -3], "rotation": [17.5, 0, 0], "uv": [35, 18]},
						{"origin": [0, 12.66, -9.45], "size": [0, 10, 2], "inflate": 0.01, "pivot": [0, 21.25, -3], "rotation": [17.5, 0, 0], "uv": [24, 50]},
						{"origin": [0, 17.66, -11.6], "size": [0, 3, 3], "uv": [26, 11]},
						{"origin": [-1.5, 12.25, -8.75], "size": [3, 2, 4], "pivot": [0, 25.25, -5], "rotation": [17.5, 0, 0], "uv": [0, 24]},
						{"origin": [-1.5, 20.7, -5.29], "size": [3, 3, 2], "pivot": [0, 21, -5.5], "rotation": [17.5, 0, 0], "uv": [8, 12]},
						{"origin": [0, 20.15294, -8.29514], "size": [0, 2, 1], "pivot": [0, 21, -5.5], "rotation": [-2.5, 0, 0], "uv": [26, 16]},
						{"origin": [-1.5, 20.15, -7.29], "size": [3, 4, 3], "inflate": 0.01, "pivot": [0, 21, -5.5], "rotation": [-2.5, 0, 0], "uv": [0, 17]}
					]
				},
				{
                    "name": "locator_seat_1",
                    "parent": "body",
                    "pivot": [0, 19, 4],
                    "locators": {
                        "seat_1": [0, 19, 4]
                    }
                },
				{
					"name": "chest",
					"parent": "torso",
					"pivot": [0, -3.75, 10.5],
					"rotation": [17.5, 0, 0],
					"cubes": [
						{"origin": [6, 25.5, -1.25], "size": [0, 6, 4], "pivot": [0, 28.5, 4.5], "rotation": [0, 0, 90], "uv": [14, 20]}
					]
				},
				{
					"name": "right_flipper",
					"parent": "chest",
					"pivot": [-3, 22.5, 1],
					"cubes": [
						{"origin": [-0.75, 23.25, 0.5], "size": [0, 5, 1], "pivot": [-1.5, 21.75, 1.5], "rotation": [0, 0, -90], "uv": [2, 36]}
					]
				},
				{
					"name": "right_flipper_elbow",
					"parent": "right_flipper",
					"pivot": [-8, 22.5, 1],
					"cubes": [
						{"origin": [-0.75, 32.25, 0.5], "size": [0, 7, 5], "pivot": [0.5, 23.75, 1.5], "rotation": [0, 0, -90], "uv": [5, 32]}
					]
				},
				{
					"name": "right_fin",
					"parent": "right_flipper_elbow",
					"pivot": [-15, 22.5, 1],
					"cubes": [
						{"origin": [-0.75, 39.25, -3.5], "size": [0, 7, 9], "pivot": [0.5, 23.75, 1.5], "rotation": [0, 0, -90], "uv": [0, 45]}
					]
				},
				{
					"name": "right_fin_flip",
					"parent": "right_fin",
					"pivot": [-22, 22.5, 1],
					"cubes": [
						{"origin": [-0.75, 46.25, -3.5], "size": [0, 10, 9], "pivot": [0.5, 23.75, 1.5], "rotation": [0, 0, -90], "uv": [0, 52]}
					]
				},
				{
					"name": "left_flipper",
					"parent": "chest",
					"pivot": [3, 22.5, 1],
					"cubes": [
						{"origin": [0.75, 23.25, 0.5], "size": [0, 5, 1], "pivot": [1.5, 21.75, 1.5], "rotation": [0, 0, 90], "uv": [0, 36]}
					]
				},
				{
					"name": "left_flipper_elbow",
					"parent": "left_flipper",
					"pivot": [8, 22.5, 1],
					"cubes": [
						{"origin": [0.75, 32.25, 0.5], "size": [0, 7, 5], "pivot": [-0.5, 23.75, 1.5], "rotation": [0, 0, 90], "uv": [15, 32]}
					]
				},
				{
					"name": "left_fin",
					"parent": "left_flipper_elbow",
					"pivot": [15, 22.5, 1],
					"cubes": [
						{"origin": [0.75, 39.25, -3.5], "size": [0, 7, 9], "pivot": [-0.5, 23.75, 1.5], "rotation": [0, 0, 90], "uv": [0, 62]}
					]
				},
				{
					"name": "left_fin_flip",
					"parent": "left_fin",
					"pivot": [22, 22.5, 1],
					"cubes": [
						{"origin": [0.75, 46.25, -3.5], "size": [0, 10, 9], "pivot": [-0.5, 23.75, 1.5], "rotation": [0, 0, 90], "uv": [0, 35]}
					]
				},
				{
					"name": "neck",
					"parent": "torso",
					"pivot": [0, 24.25, -5.5],
					"cubes": [
						{"origin": [-1, 23.75, -6.5], "size": [2, 4, 2], "uv": [0, 11]}
					]
				},
				{
					"name": "head",
					"parent": "neck",
					"pivot": [0, 27.75, -5.5],
					"cubes": [
						{"origin": [-2, 27.75, -10], "size": [4, 3, 8], "uv": [0, 0]}
					]
				},
				{
					"name": "hair",
					"parent": "head",
					"pivot": [0, 12, -6],
					"cubes": [
						{"origin": [-1.5, 31.25, -5], "size": [3, 1, 5], "inflate": -0.01, "uv": [64, 0]},
						{"origin": [-2, 30.5, -3], "size": [4, 1, 3], "inflate": -0.01, "uv": [55, 0]},
						{"origin": [-0.4, 28.75, -7], "size": [1, 4, 3], "inflate": -0.01, "pivot": [0, 30.75, -7], "rotation": [0, -20, 90], "uv": [47, 11]}
					]
				},
				{
					"name": "left_attenna",
					"parent": "hair",
					"pivot": [1.25, 31.55, -6.25],
					"rotation": [29.53112, 2.8236, 14.27574],
					"cubes": [
						{"origin": [4.2, 36, -6.25], "size": [0, 4, 5], "pivot": [0.25, 35.5, -5.25], "rotation": [0, 0, 90], "uv": [61, 26]}
					]
				},
				{
					"name": "left_attenna2",
					"parent": "left_attenna",
					"pivot": [3.75, 31.55, -1.25],
					"rotation": [-12.5, 0, 0],
					"cubes": [
						{"origin": [4.2, 36, -1.25], "size": [0, 4, 5], "pivot": [0.25, 35.5, -0.25], "rotation": [0, 0, 90], "uv": [61, 22]}
					]
				},
				{
					"name": "left_attenna3",
					"parent": "left_attenna2",
					"pivot": [2.75, 31.55, 3.75],
					"rotation": [-12.5, 0, 0],
					"cubes": [
						{"origin": [4.2, 36, 3.75], "size": [0, 4, 5], "pivot": [0.25, 35.5, 4.75], "rotation": [0, 0, 90], "uv": [61, 18]}
					]
				},
				{
					"name": "right_attenna",
					"parent": "hair",
					"pivot": [-1.25, 31.55, -6.25],
					"rotation": [29.53112, -2.8236, -14.27574],
					"cubes": [
						{"origin": [-4.2, 36, -6.25], "size": [0, 4, 5], "pivot": [-0.25, 35.5, -5.25], "rotation": [0, 0, -90], "uv": [51, 26]}
					]
				},
				{
					"name": "right_attenna2",
					"parent": "right_attenna",
					"pivot": [-3.75, 31.55, -1.25],
					"rotation": [-12.5, 0, 0],
					"cubes": [
						{"origin": [-4.2, 36, -1.25], "size": [0, 4, 5], "pivot": [-0.25, 35.5, -0.25], "rotation": [0, 0, -90], "uv": [51, 22]}
					]
				},
				{
					"name": "right_attenna3",
					"parent": "right_attenna2",
					"pivot": [-2.75, 31.55, 3.75],
					"rotation": [-12.5, 0, 0],
					"cubes": [
						{"origin": [-4.2, 36, 3.75], "size": [0, 4, 5], "pivot": [-0.25, 35.5, 4.75], "rotation": [0, 0, -90], "uv": [51, 18]}
					]
				},
				{
					"name": "bangs",
					"parent": "hair",
					"pivot": [0, 31.25, -7],
					"cubes": [
						{"origin": [-1.65, 31, -10], "size": [0, 1, 3], "pivot": [-1.5, 31.25, -7], "rotation": [-17.04296, 0.32917, -119.21946], "uv": [49, 1]},
						{"origin": [0, 29.75, -12], "size": [0, 3, 5], "pivot": [0, 31.25, -7], "rotation": [0, -7.5, 90], "uv": [75, -5]},
						{"origin": [1.65, 31, -10], "size": [0, 1, 3], "pivot": [1.5, 31.25, -7], "rotation": [-17.04296, -0.32917, 119.21946], "uv": [49, 0]}
					]
				},
				{
					"name": "hair_right",
					"parent": "hair",
					"pivot": [-1.75, 31, -5.25],
					"rotation": [22.5, 50, 0],
					"cubes": [
						{"origin": [-0.75, 33, -7.25], "size": [0, 5, 4], "pivot": [-0.25, 31.5, -7.25], "rotation": [0, 0, -90], "uv": [72, 9]}
					]
				},
				{
					"name": "hair_right_bend",
					"parent": "hair_right",
					"pivot": [-6.75, 31, -5.25],
					"cubes": [
						{"origin": [-0.75, 38, -8.75], "size": [0, 7, 7], "pivot": [-0.25, 31.5, -7.25], "rotation": [0, 0, -90], "uv": [52, -1]}
					]
				},
				{
					"name": "hair_right_end",
					"parent": "hair_right_bend",
					"pivot": [-13.75, 31, -5.25],
					"cubes": [
						{"origin": [-0.75, 45, -7.75], "size": [0, 4, 5], "pivot": [-0.25, 31.5, -7.25], "rotation": [0, 0, -90], "uv": [62, 12]}
					]
				},
				{
					"name": "hair_left",
					"parent": "hair",
					"pivot": [1.75, 31, -5.25],
					"rotation": [22.5, -50, 0],
					"cubes": [
						{"origin": [0.75, 33, -7.25], "size": [0, 5, 4], "pivot": [0.25, 31.5, -7.25], "rotation": [0, 0, 90], "uv": [72, 14]}
					]
				},
				{
					"name": "hair_left_bend",
					"parent": "hair_left",
					"pivot": [6.75, 31, -5.25],
					"cubes": [
						{"origin": [0.75, 38, -8.75], "size": [0, 7, 7], "pivot": [0.25, 31.5, -7.25], "rotation": [0, 0, 90], "uv": [66, -1]}
					]
				},
				{
					"name": "hair_left_end",
					"parent": "hair_left_bend",
					"pivot": [13.75, 31, -5.25],
					"cubes": [
						{"origin": [0.75, 45, -7.75], "size": [0, 4, 5], "pivot": [0.25, 31.5, -7.25], "rotation": [0, 0, 90], "uv": [62, 8]}
					]
				},
				{
					"name": "hair_back",
					"parent": "hair",
					"pivot": [0, 31.25, 0],
					"cubes": [
						{"origin": [0, 29.25, 0], "size": [1, 5, 5], "pivot": [0, 31.75, -7], "rotation": [0, 0, 90], "uv": [50, 13]}
					]
				},
				{
					"name": "hair_back_bend",
					"parent": "hair_back",
					"pivot": [0, 31.25, 5],
					"cubes": [
						{"origin": [0.5, 30.25, 5], "size": [0, 3, 5], "pivot": [0, 31.75, -7], "rotation": [0, 0, 90], "uv": [48, -5]}
					]
				},
				{
					"name": "nose",
					"parent": "head",
					"pivot": [0, 28.3, -9.6],
					"cubes": [
						{"origin": [0, 25.8, -8.85], "size": [0, 1, 2], "pivot": [0, 27.3, -11.85], "rotation": [152.5, 0, 0], "uv": [16, 4]},
						{"origin": [0, 25.3, -11.85], "size": [0, 2, 3], "pivot": [0, 27.3, -11.85], "rotation": [152.5, 0, 0], "uv": [16, 1]},
						{"origin": [-1, 27.31, -11.85], "size": [2, 2, 3], "pivot": [0, 27.3, -11.85], "rotation": [15, 0, 0], "uv": [24, 6]}
					]
				},
				{
					"name": "attenna",
					"parent": "head",
					"pivot": [0, 12, -4]
				},
				{
					"name": "attenna_fin",
					"parent": "attenna",
					"pivot": [0, 12, -2]
				},
				{
					"name": "attenna_bend",
					"parent": "attenna_fin",
					"pivot": [0, 12, 1]
				},
				{
					"name": "left_ear",
					"parent": "head",
					"pivot": [2, 29.25, -3],
					"rotation": [0, 22.5, 0],
					"cubes": [
						{"origin": [2, 25.75, -3], "size": [0, 5, 7], "uv": [34, -2]}
					]
				},
				{
					"name": "left_ear_attenna",
					"parent": "left_ear",
					"pivot": [2, 26.75, -3],
					"rotation": [40, 0, 0],
					"cubes": [
						{"origin": [2, 19.75, -3], "size": [0, 7, 3], "uv": [35, 14]}
					]
				},
				{
					"name": "left_ear_attenna_bend",
					"parent": "left_ear_attenna",
					"pivot": [2, 19.75, -3],
					"rotation": [37.5, 0, 0],
					"cubes": [
						{"origin": [2, 12.75, -3], "size": [0, 7, 1], "uv": [31, 16]}
					]
				},
				{
					"name": "left_ear_attenna_end",
					"parent": "left_ear_attenna_bend",
					"pivot": [2, 12.75, -2],
					"rotation": [-25, 0, 0],
					"cubes": [
						{"origin": [2, 5.75, -5], "size": [0, 7, 3], "uv": [41, 7]}
					]
				},
				{
					"name": "right_ear",
					"parent": "head",
					"pivot": [-2, 29.25, -3],
					"rotation": [0, -22.5, 0],
					"cubes": [
						{"origin": [-2, 25.75, -3], "size": [0, 5, 7], "uv": [34, -7]}
					]
				},
				{
					"name": "right_ear_attenna",
					"parent": "right_ear",
					"pivot": [-2, 26.75, -3],
					"rotation": [40, 0, 0],
					"cubes": [
						{"origin": [-2, 19.75, -3], "size": [0, 7, 3], "uv": [35, 7]}
					]
				},
				{
					"name": "right_ear_attenna_bend",
					"parent": "right_ear_attenna",
					"pivot": [-2, 19.75, -3],
					"rotation": [37.5, 0, 0],
					"cubes": [
						{"origin": [-2, 12.75, -3], "size": [0, 7, 1], "uv": [33, 16]}
					]
				},
				{
					"name": "right_ear_attenna_end",
					"parent": "right_ear_attenna_bend",
					"pivot": [-2, 12.75, -2],
					"rotation": [-25, 0, 0],
					"cubes": [
						{"origin": [-2, 5.75, -5], "size": [0, 7, 3], "uv": [41, 14]}
					]
				},
				{
					"name": "eyes",
					"parent": "head",
					"pivot": [-2, 13.75, -7.5],
					"cubes": [
						{"origin": [2.03, 29.5, -9], "size": [0, 1, 3], "pivot": [2, 28.75, -7.5], "rotation": [10, 0, 0], "uv": [0, 1]},
						{"origin": [-2.03, 29.5, -9], "size": [0, 1, 3], "pivot": [-2, 28.75, -7.5], "rotation": [10, 0, 0], "uv": [0, 2]}
					]
				},
				{
					"name": "opened",
					"parent": "eyes",
					"pivot": [-2, 13.25, -7.5]
				},
				{
					"name": "right_opened",
					"parent": "opened",
					"pivot": [2, 13.25, -7.5],
					"cubes": [
						{"origin": [2.01, 27.8, -9], "size": [0, 2, 3], "pivot": [2, 28.75, -7.5], "rotation": [10, 0, 0], "uv": [0, -1]}
					]
				},
				{
					"name": "left_opened",
					"parent": "opened",
					"pivot": [-2, 13.25, -7.5],
					"cubes": [
						{"origin": [-2.01, 27.8, -9], "size": [0, 2, 3], "pivot": [-2, 28.75, -7.5], "rotation": [10, 0, 0], "uv": [0, -3]}
					]
				},
				{
					"name": "closed",
					"parent": "eyes",
					"pivot": [2, 13.25, -7.5]
				},
				{
					"name": "right_closed",
					"parent": "closed",
					"pivot": [-2, 13.25, -7.5],
					"cubes": [
						{"origin": [1.92, 27.8, -9], "size": [0, 2, 3], "pivot": [2, 28.75, -7.5], "rotation": [10, 0, 0], "uv": [16, -3]}
					]
				},
				{
					"name": "left_closed",
					"parent": "closed",
					"pivot": [-2, 13.25, -7.5],
					"cubes": [
						{"origin": [-1.92, 27.8, -9], "size": [0, 2, 3], "pivot": [-2, 28.75, -7.5], "rotation": [10, 0, 0], "uv": [16, -1]}
					]
				},
				{
					"name": "butt",
					"parent": "body",
					"pivot": [0, 13.3, 0],
					"rotation": [-35, 0, 0],
					"cubes": [
						{"origin": [-1, 8.35, -6.34], "size": [2, 4, 3], "pivot": [-0.5, 21.35, -2.59], "rotation": [17.5, 0, 0], "uv": [0, 30]},
						{"origin": [0, 6.85, -4.44], "size": [0, 6, 2], "pivot": [-0.5, 21.35, -2.59], "rotation": [17.5, 0, 0], "uv": [38, 30]},
						{"origin": [-1, 4.35, -6.34], "size": [2, 4, 2], "inflate": 0.01, "pivot": [-0.5, 21.35, -2.59], "rotation": [17.5, 0, 0], "uv": [10, 31]},
						{"origin": [0, 2.1, -7.34], "size": [0, 8, 2], "pivot": [-0.5, 21.35, -2.59], "rotation": [17.5, 0, 0], "uv": [18, 42]},
						{"origin": [0, -0.85, -0.37], "size": [0, 4, 1], "pivot": [-0.5, 3.77, 1.62], "rotation": [-20, 0, 0], "uv": [32, 25]}
					]
				},
				{
					"name": "butt_bend",
					"parent": "butt",
					"pivot": [0, 4.95, 0.63],
					"rotation": [-90, 0, 0],
					"cubes": [
						{"origin": [-1, 3.45, -4.01], "size": [2, 3, 1], "pivot": [-0.5, 20.45, -0.26], "rotation": [17.5, 0, 0], "uv": [12, 20]},
						{"origin": [0, 3.45, -3.01], "size": [0, 14, 1], "pivot": [-0.5, 20.45, -0.26], "rotation": [17.5, 0, 0], "uv": [25, 36]},
						{"origin": [-0.5, 13.45, -4.01], "size": [1, 2, 1], "pivot": [-0.5, 20.45, -0.26], "rotation": [17.5, 0, 0], "uv": [0, 25]},
						{"origin": [-1, 6.45, -5.01], "size": [2, 7, 2], "pivot": [-0.5, 20.45, -0.26], "rotation": [17.5, 0, 0], "uv": [18, 12]},
						{"origin": [2.25, 15.45, -0.26], "size": [0, 3, 1], "pivot": [-0.5, 20.45, -0.26], "rotation": [90, 72.5, 90], "uv": [27, 36]}
					]
				},
				{
					"name": "tail",
					"parent": "butt_bend",
					"pivot": [0, 17.73, -2.28],
					"rotation": [-55, 0, 0],
					"cubes": [
						{"origin": [2.25, 18.47, -9.3], "size": [0, 6, 11], "pivot": [-0.5, 20.48, -4.28], "rotation": [90, 0, 90], "uv": [27, 35]}
					]
				},
				{
					"name": "tail2",
					"parent": "tail",
					"pivot": [0, 17.73, -8.27],
					"cubes": [
						{"origin": [2.25, 24.47, -9.3], "size": [0, 6, 11], "pivot": [-0.5, 20.48, -4.28], "rotation": [90, 0, 90], "uv": [27, 29]}
					]
				}
			]
		}
	]
}