{
	"format_version": "1.12.0",
	"minecraft:geometry": [
		{
			"description": {
				"identifier": "geometry.stantler",
				"texture_width": 64,
				"texture_height": 64,
				"visible_bounds_width": 3,
				"visible_bounds_height": 3.5,
				"visible_bounds_offset": [0, 1.25, 0]
			},
			"bones": [
				{
					"name": "stantler",
					"pivot": [0, 0, 0]
				},
				{
					"name": "body",
					"parent": "stantler",
					"pivot": [0, 12, 0]
				},
				{
					"name": "torso",
					"parent": "body",
					"pivot": [0, 11.75, 0],
					"cubes": [
						{"origin": [-3, 8.25, -6], "size": [6, 7, 6], "inflate": 0.01, "uv": [0, 14]},
						{"origin": [-3, 8.75, -1], "size": [6, 6, 8], "uv": [0, 0]}
					]
				},
				{
					"name": "neck",
					"parent": "torso",
					"pivot": [0, 13, -4.25],
					"rotation": [10, 0, 0],
					"cubes": [
						{"origin": [-2, 11, -6.25], "size": [4, 8, 4], "uv": [0, 27]}
					]
				},
				{
					"name": "head",
					"parent": "neck",
					"pivot": [0, 18, -4.25],
					"cubes": [
						{"origin": [-2.5, 18, -6.75], "size": [5, 5, 5], "uv": [23, 9]}
					]
				},
				{
					"name": "eye_right",
					"parent": "head",
					"pivot": [-1, 20.25, -3.25],
					"cubes": [
						{"origin": [-2.5, 20.25, -6.75], "size": [1, 1, 2], "inflate": 0.01, "uv": [0, 17]}
					]
				},
				{
					"name": "eyelid_right",
					"parent": "eye_right",
					"pivot": [-1.9, 20.75, -5.65],
					"cubes": [
						{"origin": [-2.4, 20.25, -6.65], "size": [1, 1, 2], "inflate": 0.02, "uv": [0, 14]}
					]
				},
				{
					"name": "eye_left",
					"parent": "head",
					"pivot": [1, 20.25, -3.25],
					"cubes": [
						{"origin": [1.5, 20.25, -6.75], "size": [1, 1, 2], "inflate": 0.01, "uv": [12, 27]}
					]
				},
				{
					"name": "eyelid_left",
					"parent": "eye_left",
					"pivot": [1.9, 20.75, -5.65],
					"cubes": [
						{"origin": [1.4, 20.25, -6.65], "size": [1, 1, 2], "inflate": 0.02, "uv": [18, 17]}
					]
				},
	
				{
                    "name": "locator_seat_1",
                    "parent": "body",
                    "pivot": [0, 13, 2],
                    "locators": {
                        "seat_1": [0, 13, 2]
                    }
                },
				{
					"name": "muzzle",
					"parent": "head",
					"pivot": [0, 20.9, -6.75],
					"rotation": [10, 0, 0],
					"cubes": [
						{"origin": [-1.5, 17.9, -9.25], "size": [3, 3, 3], "inflate": 0.01, "uv": [38, 6]},
						{"origin": [1, 18.05, -8.85], "size": [2, 2, 2], "pivot": [1.25, 19.05, -8.85], "rotation": [0, -10, 0], "uv": [43, 12]},
						{"origin": [-3, 18.05, -8.85], "size": [2, 2, 2], "pivot": [-1.25, 19.05, -8.85], "rotation": [0, 10, 0], "uv": [26, 33]}
					]
				},
				{
					"name": "jaw",
					"parent": "muzzle",
					"pivot": [0, 18.9, -6.4],
					"rotation": [-2.5, 0, 0],
					"cubes": [
						{"origin": [-1, 17.9, -9.15], "size": [2, 1, 3], "uv": [40, 0]}
					]
				},
				{
					"name": "ear_right",
					"parent": "head",
					"pivot": [-2.25, 22.75, -3.5],
					"rotation": [10, -2.5, -35],
					"cubes": [
						{"origin": [-6.25, 22.75, -4.5], "size": [4, 0, 2], "uv": [22, 19]}
					]
				},
				{
					"name": "ear_left",
					"parent": "head",
					"pivot": [2.25, 22.75, -3.5],
					"rotation": [10, 2.5, 35],
					"cubes": [
						{"origin": [2.25, 22.75, -4.5], "size": [4, 0, 2], "uv": [30, 19]}
					]
				},
				{
					"name": "antler_right",
					"parent": "head",
					"pivot": [-1.75, 22.25, -5.25],
					"rotation": [-12.5, 10, -40],
					"cubes": [
						{"origin": [-2.25, 22.25, -5.25], "size": [1, 2, 0], "uv": [0, 0]},
						{"origin": [-4.25, 24.25, -5.25], "size": [5, 7, 0], "inflate": 0.01, "uv": [0, 39]},
						{"origin": [-6, 25.25, -5.25], "size": [2, 1, 0], "pivot": [-4, 25.25, -5.25], "rotation": [0, 0, 27.5], "uv": [0, 27]},
						{"origin": [0.5, 25.25, -5.25], "size": [2, 1, 0], "pivot": [0.5, 25.25, -5.25], "rotation": [0, 0, -27.5], "uv": [18, 16]},
						{"origin": [-2.25, 25.25, -5.75], "size": [1, 1, 1], "uv": [18, 14]}
					]
				},
				{
					"name": "antler_left",
					"parent": "head",
					"pivot": [1.75, 22.25, -5.25],
					"rotation": [-12.5, -10, 40],
					"cubes": [
						{"origin": [1.25, 22.25, -5.25], "size": [1, 2, 0], "uv": [6, 0]},
						{"origin": [-0.75, 24.25, -5.25], "size": [5, 7, 0], "inflate": 0.01, "uv": [40, 28]},
						{"origin": [4, 25.25, -5.25], "size": [2, 1, 0], "pivot": [4, 25.25, -5.25], "rotation": [0, 0, -27.5], "uv": [0, 28]},
						{"origin": [-2.5, 25.25, -5.25], "size": [2, 1, 0], "pivot": [-0.5, 25.25, -5.25], "rotation": [0, 0, 27.5], "uv": [0, 29]},
						{"origin": [1.25, 25.25, -5.75], "size": [1, 1, 1], "uv": [26, 0]}
					]
				},
				{
					"name": "tail",
					"parent": "torso",
					"pivot": [0, 12.85, 5.15],
					"rotation": [5, 0, 0],
					"cubes": [
						{"origin": [-2, 9.85, 4.15], "size": [4, 6, 6], "uv": [18, 21]}
					]
				},
				{
					"name": "leg_back_right",
					"parent": "body",
					"pivot": [-2.25, 11.5, 4.5],
					"cubes": [
						{"origin": [-3.75, 6, 2.5], "size": [3, 7, 4], "inflate": 0.01, "uv": [16, 33]}
					]
				},
				{
					"name": "leg_back_right2",
					"parent": "leg_back_right",
					"pivot": [-2.5, 6.2, 6],
					"cubes": [
						{"origin": [-3.5, 1.25, 4.75], "size": [2, 5, 2], "uv": [10, 42]}
					]
				},
				{
					"name": "leg_back_right3",
					"parent": "leg_back_right2",
					"pivot": [-2.5, 1.5, 5.75],
					"cubes": [
						{"origin": [-3.5, 0, 4.5], "size": [2, 2, 2], "inflate": 0.01, "uv": [34, 44]}
					]
				},
				{
					"name": "leg_back_left",
					"parent": "body",
					"pivot": [2.25, 11.5, 4.5],
					"cubes": [
						{"origin": [0.75, 6, 2.5], "size": [3, 7, 4], "inflate": 0.01, "uv": [30, 33]}
					]
				},
				{
					"name": "leg_back_left2",
					"parent": "leg_back_left",
					"pivot": [2.5, 6.2, 6],
					"cubes": [
						{"origin": [1.5, 1.25, 4.75], "size": [2, 5, 2], "uv": [42, 42]}
					]
				},
				{
					"name": "leg_back_left3",
					"parent": "leg_back_left2",
					"pivot": [2.5, 1.5, 5.75],
					"cubes": [
						{"origin": [1.5, 0, 4.5], "size": [2, 2, 2], "inflate": 0.01, "uv": [44, 35]}
					]
				},
				{
					"name": "leg_front_right",
					"parent": "body",
					"pivot": [-2.25, 11.5, -4],
					"cubes": [
						{"origin": [-3.75, 7, -5.5], "size": [3, 6, 3], "inflate": 0.01, "uv": [28, 0]}
					]
				},
				{
					"name": "leg_front_right2",
					"parent": "leg_front_right",
					"pivot": [-2.5, 7, -2.75],
					"cubes": [
						{"origin": [-3.5, 1.25, -4.75], "size": [2, 6, 2], "uv": [0, 0]}
					]
				},
				{
					"name": "leg_front_right3",
					"parent": "leg_front_right2",
					"pivot": [-2.5, 1.5, -3.75],
					"cubes": [
						{"origin": [-3.5, 0, -5], "size": [2, 2, 2], "inflate": 0.01, "uv": [18, 44]}
					]
				},
				{
					"name": "leg_front_left",
					"parent": "body",
					"pivot": [2.25, 11.5, -4],
					"cubes": [
						{"origin": [0.75, 7, -5.5], "size": [3, 6, 3], "inflate": 0.01, "uv": [38, 19]}
					]
				},
				{
					"name": "leg_front_left2",
					"parent": "leg_front_left",
					"pivot": [2.5, 7, -2.75],
					"cubes": [
						{"origin": [1.5, 1.25, -4.75], "size": [2, 6, 2], "uv": [20, 0]}
					]
				},
				{
					"name": "leg_front_left3",
					"parent": "leg_front_left2",
					"pivot": [2.5, 1.5, -3.75],
					"cubes": [
						{"origin": [1.5, 0, -5], "size": [2, 2, 2], "inflate": 0.01, "uv": [26, 44]}
					]
				}
			]
		}
	]
}