{
	"format_version": "1.12.0",
	"minecraft:geometry": [
		{
			"description": {
				"identifier": "geometry.mr_rime",
				"texture_width": 128,
				"texture_height": 64,
				"visible_bounds_width": 4,
				"visible_bounds_height": 4.5,
				"visible_bounds_offset": [0, 1.75, 0]
			},
			"bones": [
				{
					"name": "mr_rime",
					"pivot": [0, 0, 0]
				},
				{
					"name": "body",
					"parent": "mr_rime",
					"pivot": [0, 0, 0]
				},
				{
                    "name": "locator_seat_1",
                    "parent": "body",
                    "pivot": [0, 26, 8],
                    "locators": {
                        "seat_1": [0, 26, 8]
                    }
                },
				{
					"name": "torso",
					"parent": "body",
					"pivot": [0, 11.75, 0],
					"rotation": [0, 0, 0],
					"cubes": [
						{"origin": [-8.5, 9.25, -7.5], "size": [17, 13, 15], "uv": [0, 0]},
						{"origin": [-3, 14.75, -8.5], "size": [6, 4, 2], "uv": [94, 47]}
					]
				},
				{
					"name": "belly_mouth_happy",
					"parent": "torso",
					"pivot": [0, 17.75, -0.1],
					"cubes": [
						{"origin": [-5.5, 11.25, -7.51], "size": [11, 9, 0], "uv": [64, 14]}
					]
				},
				{
					"name": "belly_mouth_sad",
					"parent": "torso",
					"pivot": [0, 17.75, 0.1],
					"cubes": [
						{"origin": [-4.5, 11.25, -7.41], "size": [9, 9, 0], "uv": [110, 44]}
					]
				},
				{
					"name": "belly_eyes",
					"parent": "torso",
					"pivot": [0, 16.75, -7.5]
				},
				{
					"name": "belly_eye_left_base",
					"parent": "belly_eyes",
					"pivot": [0, 16.75, -7.5]
				},
				{
					"name": "belly_eye_left",
					"parent": "belly_eye_left_base",
					"pivot": [0, 16.75, -7.5],
					"cubes": [
						{"origin": [-6.5, 15.25, -7.51], "size": [2, 3, 0], "uv": [8, 32]}
					]
				},
				{
					"name": "belly_eye_left_angry",
					"parent": "belly_eye_left_base",
					"pivot": [-1, 16.75, -7.4],
					"cubes": [
						{"origin": [-6.5, 15.25, -7.41], "size": [2, 3, 0], "uv": [9, 7]}
					]
				},
				{
					"name": "belly_eye_left_happy",
					"parent": "belly_eye_left_base",
					"pivot": [-0.5, 16.75, -7.4],
					"cubes": [
						{"origin": [-7, 16.25, -7.41], "size": [3, 1, 0], "uv": [122, 1], "mirror": true},
						{"origin": [-6, 15.75, -7.41], "size": [1, 2, 0], "inflate": 0.01, "uv": [2, 37], "mirror": true}
					]
				},
				{
					"name": "belly_eye_left_blink",
					"parent": "belly_eye_left_base",
					"pivot": [-0.5, 16.75, -7.4],
					"cubes": [
						{"origin": [-7, 16.25, -7.41], "size": [3, 1, 0], "uv": [122, 3], "mirror": true},
						{"origin": [-6, 15.75, -7.41], "size": [1, 2, 0], "inflate": 0.01, "uv": [13, 6], "mirror": true}
					]
				},
				{
					"name": "belly_eye_right_base",
					"parent": "belly_eyes",
					"pivot": [0, 16.75, -7.5]
				},
				{
					"name": "belly_eye_right",
					"parent": "belly_eye_right_base",
					"pivot": [0, 16.75, -7.5],
					"cubes": [
						{"origin": [4.5, 15.25, -7.51], "size": [2, 3, 0], "uv": [0, 39]}
					]
				},
				{
					"name": "belly_eye_right_angry",
					"parent": "belly_eye_right_base",
					"pivot": [0.5, 16.75, -7.4],
					"cubes": [
						{"origin": [4.5, 15.25, -7.41], "size": [2, 3, 0], "uv": [9, 0]}
					]
				},
				{
					"name": "belly_eye_right_blink",
					"parent": "belly_eye_right_base",
					"pivot": [0.5, 16.75, -7.4],
					"cubes": [
						{"origin": [4, 16.25, -7.41], "size": [3, 1, 0], "uv": [122, 2]},
						{"origin": [5, 15.75, -7.41], "size": [1, 2, 0], "inflate": 0.01, "uv": [13, 3]}
					]
				},
				{
					"name": "belly_eye_right_happy",
					"parent": "belly_eye_right_base",
					"pivot": [0.5, 16.75, -7.4],
					"cubes": [
						{"origin": [4, 16.25, -7.41], "size": [3, 1, 0], "uv": [122, 0]},
						{"origin": [5, 15.75, -7.41], "size": [1, 2, 0], "inflate": 0.01, "uv": [0, 37]}
					]
				},
				{
					"name": "chest",
					"parent": "torso",
					"pivot": [0, 20.5, 1.5],
					"cubes": [
						{"origin": [-3.5, 18.25, -4], "size": [7, 9, 8], "uv": [98, 0]},
						{"origin": [-5, 18.25, -5.5], "size": [10, 6, 11], "uv": [0, 45]}
					]
				},
				{
					"name": "arms",
					"parent": "chest",
					"pivot": [0, 0.25, 0]
				},
				{
					"name": "shoulder_right",
					"parent": "arms",
					"pivot": [-4, 25.25, 0],
					"cubes": [
						{"origin": [-7.5, 23.25, -2], "size": [4, 4, 4], "uv": [80, 36]}
					]
				},
				{
					"name": "arm_right",
					"parent": "shoulder_right",
					"pivot": [-6.5, 25.25, 0],
					"cubes": [
						{"origin": [-13.5, 24.25, -1], "size": [7, 2, 2], "inflate": 0.01, "uv": [82, 0]}
					]
				},
				{
					"name": "arm_right3",
					"parent": "arm_right",
					"pivot": [-13.5, 26.25, 1],
					"cubes": [
						{"origin": [-19.5, 24.25, -1], "size": [6, 2, 2], "uv": [79, 52]}
					]
				},
				{
					"name": "hand_right",
					"parent": "arm_right3",
					"pivot": [-19.5, 25.25, 0]
				},
				{
					"name": "wrist_right",
					"parent": "hand_right",
					"pivot": [-19.5, 25.25, 0],
					"cubes": [
						{"origin": [-23.5, 23.75, -2], "size": [4, 3, 4], "inflate": 0.01, "uv": [82, 4]}
					]
				},
				{
					"name": "fingers_right",
					"parent": "wrist_right",
					"pivot": [-23.5, 26.75, 0],
					"cubes": [
						{"origin": [-25.5, 23.75, -3], "size": [2, 3, 6], "uv": [87, 11]}
					]
				},
				{
					"name": "fingers_right2",
					"parent": "fingers_right",
					"pivot": [-25.5, 26.75, 0],
					"cubes": [
						{"origin": [-28.5, 23.75, -3], "size": [3, 3, 6], "inflate": 0.01, "uv": [110, 26]}
					]
				},
				{
					"name": "thumb_right",
					"parent": "wrist_right",
					"pivot": [-20.5, 25.75, -2.5],
					"rotation": [0, -62.5, 0]
				},
				{
					"name": "thumb_right_rotation",
					"parent": "thumb_right",
					"pivot": [-20, 25.75, -2.5],
					"cubes": [
						{"origin": [-21.75, 24.75, -2.5], "size": [2, 1, 2], "uv": [111, 53]}
					]
				},
				{
					"name": "thumb_right2",
					"parent": "thumb_right_rotation",
					"pivot": [-21.75, 25.75, -2.5],
					"cubes": [
						{"origin": [-23.75, 24.75, -2.5], "size": [2, 1, 2], "inflate": 0.01, "uv": [103, 53]}
					]
				},
				{
					"name": "shoulder_left",
					"parent": "arms",
					"pivot": [4, 25.25, 0],
					"cubes": [
						{"origin": [3.5, 23.25, -2], "size": [4, 4, 4], "uv": [80, 27]}
					]
				},
				{
					"name": "arm_left",
					"parent": "shoulder_left",
					"pivot": [6.5, 25.25, 0],
					"cubes": [
						{"origin": [6.5, 24.25, -1], "size": [7, 2, 2], "inflate": 0.01, "uv": [74, 23]}
					]
				},
				{
					"name": "arm_left3",
					"parent": "arm_left",
					"pivot": [13.5, 26.25, 1],
					"cubes": [
						{"origin": [13.5, 24.25, -1], "size": [6, 2, 2], "uv": [42, 28]}
					]
				},
				{
					"name": "hand_left",
					"parent": "arm_left3",
					"pivot": [19.5, 25.25, 0]
				},
				{
					"name": "wrist_left",
					"parent": "hand_left",
					"pivot": [19.5, 25.25, 0],
					"cubes": [
						{"origin": [19.5, 23.75, -2], "size": [4, 3, 4], "inflate": 0.01, "uv": [92, 40]}
					]
				},
				{
					"name": "fingers_left",
					"parent": "wrist_left",
					"pivot": [23.5, 26.75, 0],
					"cubes": [
						{"origin": [23.5, 23.75, -3], "size": [2, 3, 6], "uv": [112, 17]}
					]
				},
				{
					"name": "fingers_left2",
					"parent": "fingers_left",
					"pivot": [25.5, 26.75, 0],
					"cubes": [
						{"origin": [25.5, 23.75, -3], "size": [3, 3, 6], "inflate": 0.01, "uv": [31, 46]}
					]
				},
				{
					"name": "thumb_left",
					"parent": "wrist_left",
					"pivot": [20.5, 25.75, -2.5],
					"rotation": [0, 62.5, 0]
				},
				{
					"name": "thumb_left_rotation",
					"parent": "thumb_left",
					"pivot": [20, 25.75, -2.5],
					"cubes": [
						{"origin": [19.75, 24.75, -2.5], "size": [2, 1, 2], "uv": [119, 53]}
					]
				},
				{
					"name": "thumb_left2",
					"parent": "thumb_left_rotation",
					"pivot": [21.75, 25.75, -2.5],
					"cubes": [
						{"origin": [21.75, 24.75, -2.5], "size": [2, 1, 2], "inflate": 0.01, "uv": [95, 53]}
					]
				},
				{
					"name": "cane_top",
					"parent": "hand_left",
					"pivot": [25, 21.8401, -10.1599],
					"rotation": [-137.5, 0, 180],
					"cubes": [
						{"origin": [24, 21.7, -12], "size": [2, 7, 2], "inflate": 0.01, "uv": [49, 0]}
					]
				},
				{
					"name": "cane_top2",
					"parent": "cane_top",
					"pivot": [25, 21.69885, -10.04379],
					"rotation": [-90, 0, 0],
					"cubes": [
						{"origin": [24, 14.7, -12], "size": [2, 7, 2], "uv": [0, 45]}
					]
				},
				{
					"name": "cane_middle",
					"parent": "cane_top2",
					"pivot": [25, 14.69885, -10.04379],
					"rotation": [-75, 0, 0],
					"cubes": [
						{"origin": [24, 8.7, -12], "size": [2, 6, 2], "inflate": 0.01, "uv": [42, 32]}
					]
				},
				{
					"name": "cane_middle_2",
					"parent": "cane_middle",
					"pivot": [25, 8.69885, -12.04379],
					"rotation": [52.5, 0, 0],
					"cubes": [
						{"origin": [24, 1.7, -12], "size": [2, 7, 2], "uv": [0, 28]}
					]
				},
				{
					"name": "cane_middle_3",
					"parent": "cane_middle_2",
					"pivot": [25, 1.69885, -10.04379],
					"rotation": [-42.5, 0, 0],
					"cubes": [
						{"origin": [24, -3.25, -12], "size": [2, 5, 2], "inflate": 0.01, "uv": [6, 35]}
					]
				},
				{
					"name": "cane_bottom1",
					"parent": "cane_middle_3",
					"pivot": [25, -3.30115, -11.54379],
					"rotation": [20, 0, 0],
					"cubes": [
						{"origin": [24.5, -10.25, -11.5], "size": [1, 7, 1], "uv": [50, 32]}
					]
				},
				{
					"name": "head",
					"parent": "chest",
					"pivot": [0, 26.25, 1],
					"cubes": [
						{"origin": [-6, 26.25, -6], "size": [12, 7, 12], "uv": [44, 33]},
						{"origin": [-5.5, 36.25, -5.5], "size": [11, 3, 11], "uv": [49, 0]},
						{"origin": [-7, 33.25, -7], "size": [14, 3, 14], "uv": [0, 28]}
					]
				},
				{
					"name": "mustache",
					"parent": "head",
					"pivot": [0, 31.2, -6.06]
				},
				{
					"name": "mustache_right",
					"parent": "mustache",
					"pivot": [0, 31.2, -6.06],
					"rotation": [0, 0, 32.5],
					"cubes": [
						{"origin": [0, 28.2, -6.06], "size": [5, 3, 0], "inflate": 0.01, "pivot": [2.5, 29.7, -6.06], "rotation": [0, 0, 0], "uv": [59, 52]}
					]
				},
				{
					"name": "mustache_left",
					"parent": "mustache",
					"pivot": [0, 31.2, -6.06],
					"rotation": [0, 0, -32.5],
					"cubes": [
						{"origin": [-5, 28.2, -6.06], "size": [5, 3, 0], "pivot": [-2.5, 29.7, -6.06], "rotation": [0, 0, 0], "uv": [94, 4]}
					]
				},
				{
					"name": "eyes",
					"parent": "head",
					"pivot": [0, 30.75, -5.5]
				},
				{
					"name": "eye_left",
					"parent": "eyes",
					"pivot": [0, 30.75, -5.5],
					"cubes": [
						{"origin": [-4.5, 29.25, -6.01], "size": [3, 4, 0], "uv": [8, 28]}
					]
				},
				{
					"name": "eye_open_left",
					"parent": "eye_left",
					"pivot": [0, 11.25, 12.25],
					"cubes": [
						{"origin": [-3.75, 29.75, -6.02], "size": [2, 3, 0], "uv": [82, 4]},
						{"origin": [-3, 30.75, -6.03], "size": [1, 1, 0], "uv": [12, 12]}
					]
				},
				{
					"name": "eyelid_left",
					"parent": "eye_left",
					"pivot": [0, 30.25, -5.4],
					"cubes": [
						{"origin": [-4.5, 30.75, -5.92], "size": [3, 1, 1], "inflate": 0.01, "uv": [0, 62]}
					]
				},
				{
					"name": "eye_right",
					"parent": "eyes",
					"pivot": [0, 30.75, -5.5],
					"cubes": [
						{"origin": [1.5, 29.25, -6.01], "size": [3, 4, 0], "uv": [31, 45]}
					]
				},
				{
					"name": "eye_open_right",
					"parent": "eye_right",
					"pivot": [0, 11.25, 12.25],
					"cubes": [
						{"origin": [2, 30.75, -6.03], "size": [1, 1, 0], "uv": [12, 10]},
						{"origin": [1.75, 29.75, -6.02], "size": [2, 3, 0], "uv": [100, 0]}
					]
				},
				{
					"name": "eyelid_right",
					"parent": "eye_right",
					"pivot": [0, 30.25, -5.4],
					"cubes": [
						{"origin": [1.5, 30.75, -5.92], "size": [3, 1, 1], "inflate": 0.01, "uv": [0, 54]}
					]
				},
				{
					"name": "ear_left",
					"parent": "head",
					"pivot": [5.35, 36.1, 0.5],
					"rotation": [5, 0, -42.5],
					"cubes": [
						{"origin": [5.4, 28.2, -0.2], "size": [11, 8, 0], "uv": [106, 56]}
					]
				},
				{
					"name": "ear_right",
					"parent": "head",
					"pivot": [-5.35, 36.1, 0.5],
					"rotation": [5, 0, 42.5],
					"cubes": [
						{"origin": [-16.4, 28.2, -0.2], "size": [11, 8, 0], "uv": [84, 56]}
					]
				},
				{
					"name": "legs",
					"parent": "body",
					"pivot": [0, 9.25, 0]
				},
				{
					"name": "leg_right",
					"parent": "legs",
					"pivot": [5.5, 9.25, 0],
					"cubes": [
						{"origin": [3, 5.25, -2.5], "size": [5, 5, 5], "uv": [64, 52]}
					]
				},
				{
					"name": "leg_right2",
					"parent": "leg_right",
					"pivot": [5.5, 5.75, -1.5],
					"cubes": [
						{"origin": [4, 2.25, -1.5], "size": [3, 4, 3], "uv": [0, 7]}
					]
				},
				{
					"name": "foot_right",
					"parent": "leg_right2",
					"pivot": [5.5, 3, 0],
					"cubes": [
						{"origin": [3, 0, -4], "size": [5, 3, 6], "uv": [106, 35]}
					]
				},
				{
					"name": "foot_right2",
					"parent": "foot_right",
					"pivot": [5.5, 0, -4],
					"cubes": [
						{"origin": [3, 0, -9], "size": [5, 5, 5], "inflate": 0.01, "uv": [92, 20]}
					]
				},
				{
					"name": "leg_left",
					"parent": "legs",
					"pivot": [-5.5, 9.25, 0],
					"cubes": [
						{"origin": [-8, 5.25, -2.5], "size": [5, 5, 5], "uv": [44, 52]}
					]
				},
				{
					"name": "leg_left2",
					"parent": "leg_left",
					"pivot": [-5.5, 5.75, -1.5],
					"cubes": [
						{"origin": [-7, 2.25, -1.5], "size": [3, 4, 3], "uv": [0, 0]}
					]
				},
				{
					"name": "foot_left",
					"parent": "leg_left2",
					"pivot": [-5.5, 3, 0],
					"cubes": [
						{"origin": [-8, 0, -4], "size": [5, 3, 6], "uv": [58, 24]}
					]
				},
				{
					"name": "foot_left2",
					"parent": "foot_left",
					"pivot": [-5.5, 0, -4],
					"cubes": [
						{"origin": [-8, 0, -9], "size": [5, 5, 5], "inflate": 0.01, "uv": [92, 30]}
					]
				}
			]
		}
	]
}