{
	"format_version": "1.12.0",
	"minecraft:geometry": [
		{
			"description": {
				"identifier": "geometry.wobbuffet_male",
				"texture_width": 64,
				"texture_height": 64,
				"visible_bounds_width": 4,
				"visible_bounds_height": 3.5,
				"visible_bounds_offset": [0, 1.25, 0]
			},
			"bones": [
				{
					"name": "wobbuffet",
					"pivot": [0, 0, 0]
				},
				{
					"name": "body",
					"parent": "wobbuffet",
					"pivot": [0, 10.75, 0]
				},
				{
					"name": "waist",
					"parent": "body",
					"pivot": [0, 2, -0.6],
					"cubes": [
						{"origin": [-3.5, 0.5, -3.6], "size": [7, 8, 7], "uv": [36, 24]}
					]
				},
				{
					"name": "torso",
					"parent": "waist",
					"pivot": [0, 7.5, -0.1],
					"cubes": [
						{"origin": [-4.5, 6.5, -4.6], "size": [9, 7, 9], "uv": [0, 24]}
					]
				},
				{
                    "name": "locator_seat_1",
                    "parent": "body",
                    "pivot": [0, 23, 1],
                    "locators": {
                        "seat_1": [0, 23, 1]
                    }
                },
				{
					"name": "head",
					"parent": "torso",
					"pivot": [0, 12.5, -0.6],
					"cubes": [
						{"origin": [-5.5, 11.5, -5.6], "size": [11, 13, 11], "uv": [0, 0]}
					]
				},
				{
					"name": "stache",
					"parent": "head",
					"pivot": [0, 18.35, -5.6]
				},
				{
					"name": "stache_right",
					"parent": "stache",
					"pivot": [0, 17.6, -6.1],
					"rotation": [0, 0, -15],
					"cubes": [
						{"origin": [-5, 16.6, -7.1], "size": [5, 3, 2], "uv": [50, 51]},
						{"origin": [-8, 16.6, -6.1], "size": [3, 3, 0], "uv": [52, 61]}
					]
				},
				{
					"name": "stache_left",
					"parent": "stache",
					"pivot": [0, 17.6, -6.1],
					"rotation": [0, 0, 15],
					"cubes": [
						{"origin": [0, 16.6, -7.1], "size": [5, 3, 2], "uv": [50, 56], "mirror": true},
						{"origin": [5, 16.6, -6.1], "size": [3, 3, 0], "uv": [58, 61], "mirror": true}
					]
				},
				{
					"name": "eyes",
					"parent": "head",
					"pivot": [0, 21, -5.6]
				},
				{
					"name": "eye_right",
					"parent": "eyes",
					"pivot": [-2, 21, -5.61],
					"cubes": [
						{"origin": [-4.5, 19.5, -5.61], "size": [3, 3, 0], "uv": [1, 3]}
					]
				},
				{
					"name": "eye_left",
					"parent": "eyes",
					"pivot": [2, 21, -5.61],
					"cubes": [
						{"origin": [1.5, 19.5, -5.61], "size": [3, 3, 0], "uv": [1, 7]}
					]
				},
				{
					"name": "mouths",
					"parent": "head",
					"pivot": [0, 17.5, -5.6]
				},
				{
					"name": "mouth_closed",
					"parent": "mouths",
					"pivot": [0, 17.5, -5.61],
					"cubes": [
						{"origin": [-4.5, 15.5, -5.61], "size": [9, 4, 0], "uv": [0, 48]}
					]
				},
				{
					"name": "mouth_open",
					"parent": "mouths",
					"pivot": [0, 17.5, -5.51],
					"cubes": [
						{"origin": [-4.5, 13.5, -5.51], "size": [9, 6, 0], "uv": [18, 52]}
					]
				},
				{
					"name": "mouth_open_happy",
					"parent": "mouths",
					"pivot": [0, 17.5, -5.51],
					"cubes": [
						{"origin": [-4.5, 11.5, -5.51], "size": [9, 8, 0], "uv": [0, 40]}
					]
				},
				{
					"name": "head_flap",
					"parent": "head",
					"pivot": [0, 24.5, 5.4],
					"rotation": [23, 0, 0],
					"cubes": [
						{"origin": [-4.5, 17.5, 2.4], "size": [9, 7, 3], "uv": [33, 0]}
					]
				},
				{
					"name": "arms",
					"parent": "head",
					"pivot": [0, 19.85, -0.6]
				},
				{
					"name": "arm_right",
					"parent": "arms",
					"pivot": [-5.5, 15.35, -3.1],
					"cubes": [
						{"origin": [-10.5, 14.8, -4.1], "size": [5, 1, 2], "uv": [44, 21]}
					]
				},
				{
					"name": "arm_right2",
					"parent": "arm_right",
					"pivot": [-10.5, 15.85, -2.1],
					"cubes": [
						{"origin": [-16.5, 14.8, -4.6], "size": [6, 1, 3], "inflate": 0.01, "uv": [44, 14]}
					]
				},
				{
					"name": "arm_left",
					"parent": "arms",
					"pivot": [5.5, 15.35, -3.1],
					"cubes": [
						{"origin": [5.5, 14.8, -4.1], "size": [5, 1, 2], "uv": [44, 18]}
					]
				},
				{
					"name": "arm_left2",
					"parent": "arm_left",
					"pivot": [10.5, 15.85, -2.1],
					"cubes": [
						{"origin": [10.5, 14.8, -4.6], "size": [6, 1, 3], "inflate": 0.01, "uv": [44, 10]}
					]
				},
				{
					"name": "tail",
					"parent": "waist",
					"pivot": [0, 2, 3.4],
					"cubes": [
						{"origin": [-1.5, 1.5, 3.4], "size": [3, 1, 4], "uv": [30, 47]}
					]
				},
				{
					"name": "tail2",
					"parent": "tail",
					"pivot": [0, 2, 7.4],
					"cubes": [
						{"origin": [-2, 1.5, 7.4], "size": [4, 1, 4], "uv": [27, 24]}
					]
				},
				{
					"name": "tail3",
					"parent": "tail2",
					"pivot": [0, 2, 11.4],
					"cubes": [
						{"origin": [-2.5, 1.5, 11.4], "size": [5, 1, 6], "inflate": 0.01, "uv": [21, 40]}
					]
				},
				{
					"name": "lil_stache",
					"parent": "tail3",
					"pivot": [0, 2.6, 14.9],
					"cubes": [
						{"origin": [-3.5, 2.6, 12.4], "size": [7, 0, 2], "uv": [36, 62]}
					]
				},
				{
					"name": "tail_eyes",
					"parent": "tail3",
					"pivot": [0, 0, 2.4]
				},
				{
					"name": "tail_eye_right",
					"parent": "tail_eyes",
					"pivot": [-1.5, 2.51, 15.4],
					"cubes": [
						{"origin": [-2.5, 2.51, 14.4], "size": [2, 0, 2], "inflate": 0.01, "uv": [-2, 0]}
					]
				},
				{
					"name": "tail_pupil_right",
					"parent": "tail_eye_right",
					"pivot": [-1.5, 2.52, 15.4],
					"cubes": [
						{"origin": [-2, 2.52, 14.9], "size": [1, 0, 1], "inflate": 0.01, "uv": [7, 1]}
					]
				},
				{
					"name": "tail_eye_left",
					"parent": "tail_eyes",
					"pivot": [1.5, 2.51, 15.4],
					"cubes": [
						{"origin": [0.5, 2.51, 14.4], "size": [2, 0, 2], "inflate": 0.01, "uv": [2, 0]}
					]
				},
				{
					"name": "tail_pupil_left",
					"parent": "tail_eye_left",
					"pivot": [1.5, 2.52, 15.4],
					"cubes": [
						{"origin": [1, 2.52, 14.9], "size": [1, 0, 1], "inflate": 0.01, "uv": [7, 0]}
					]
				},
				{
					"name": "legs",
					"parent": "body",
					"pivot": [0, 0, 0]
				},
				{
					"name": "leg_front_left",
					"parent": "legs",
					"pivot": [2.5, 2.7, -2.5],
					"cubes": [
						{"origin": [2, 0.2, -5], "size": [3, 3, 3], "inflate": 0.2, "uv": [52, 39]}
					]
				},
				{
					"name": "leg_front_right",
					"parent": "legs",
					"pivot": [-2.5, 2.7, -2.5],
					"cubes": [
						{"origin": [-5, 0.2, -5], "size": [3, 3, 3], "inflate": 0.2, "uv": [40, 39]}
					]
				},
				{
					"name": "leg_back_left",
					"parent": "legs",
					"pivot": [2.5, 2.7, 2.5],
					"cubes": [
						{"origin": [2, 0.2, 2], "size": [3, 3, 3], "inflate": 0.2, "uv": [52, 45]}
					]
				},
				{
					"name": "leg_back_right",
					"parent": "legs",
					"pivot": [-2.5, 2.7, 2.5],
					"cubes": [
						{"origin": [-5, 0.2, 2], "size": [3, 3, 3], "inflate": 0.2, "uv": [40, 45]}
					]
				}
			]
		}
	]
}