{
	"format_version": "1.12.0",
	"minecraft:geometry": [
		{
			"description": {
				"identifier": "geometry.swoobat",
				"texture_width": 128,
				"texture_height": 64,
				"visible_bounds_width": 6,
				"visible_bounds_height": 4,
				"visible_bounds_offset": [0, 1, 0]
			},
			"bones": [
				{
					"name": "swoobat",
					"pivot": [0, 0, 0]
				},
				{
					"name": "body",
					"parent": "swoobat",
					"pivot": [0, 0, 0]
				},
				{
					"name": "torso",
					"parent": "body",
					"pivot": [0, 4, -1],
					"cubes": [
						{"origin": [-5.5, 2, -4.5], "size": [11, 11, 9], "uv": [35, 30]}
					]
				},
				{
                    "name": "locator_seat_1",
                    "parent": "body",
                    "pivot": [0, 14, 8],
                    "locators": {
                        "seat_1": [0, 14, 8]
                    }
                },
				{
					"name": "head",
					"parent": "torso",
					"pivot": [0, 13, 0],
					"cubes": [
						{"origin": [-6, 13, -5], "size": [12, 9, 10], "uv": [0, 20]}
					]
				},
				{
					"name": "nose",
					"parent": "head",
					"pivot": [0, 18, -5],
					"cubes": [
						{"origin": [-1, 16, -6], "size": [3, 4, 2], "pivot": [0, 18, -5], "rotation": [0, 0, 45], "uv": [0, 58]},
						{"origin": [-2, 16, -6], "size": [1, 3, 2], "pivot": [0, 18, -5], "rotation": [0, 0, 45], "uv": [0, 0]},
						{"origin": [-1.5, 16.5, -6], "size": [3, 3, 0], "inflate": 0.01, "pivot": [0, 18, -5], "rotation": [0, 0, -45], "uv": [0, 26]}
					]
				},
				{
					"name": "mouth",
					"parent": "head",
					"pivot": [0, 13, -5],
					"cubes": [
						{"origin": [-3.5, 13.5, -5], "size": [7, 1, 0], "inflate": 0.02, "uv": [34, 29]},
						{"origin": [1.75, 14, -5], "size": [1, 2, 0], "inflate": 0.015, "pivot": [2.25, 14, -5], "rotation": [0, 0, -7.5], "uv": [32, 39]},
						{"origin": [-2.75, 14, -5], "size": [1, 2, 0], "inflate": 0.015, "pivot": [-2.25, 14, -5], "rotation": [0, 0, 7.5], "uv": [8, 20]},
						{"origin": [-5.5, 14, -5], "size": [11, 2, 0], "inflate": 0.01, "uv": [68, 9]}
					]
				},
				{
					"name": "mouth_open",
					"parent": "head",
					"pivot": [0, 12.6, -4.9],
					"cubes": [
						{"origin": [1.75, 13.1, -4.9], "size": [1, 2, 0], "inflate": 0.03, "pivot": [2.25, 13.1, -4], "rotation": [0, 0, -7.5], "uv": [0, 20]},
						{"origin": [-2.75, 13.1, -4.9], "size": [1, 2, 0], "inflate": 0.03, "pivot": [-2.25, 13.1, -4], "rotation": [0, 0, 7.5], "uv": [4, 0]},
						{"origin": [-5.5, 13.1, -4.9], "size": [11, 3, 0], "inflate": 0.025, "uv": [34, 26]}
					]
				},
				{
					"name": "eyes",
					"parent": "head",
					"pivot": [0, 18, 0]
				},
				{
					"name": "left_eye",
					"parent": "eyes",
					"pivot": [0, 18, 0],
					"cubes": [
						{"origin": [2.75, 16, -5], "size": [3, 4, 0], "inflate": 0.01, "uv": [0, 9]},
						{"origin": [3.1, 16.65, -5], "size": [2, 3, 0], "inflate": 0.015, "uv": [30, 45]},
						{"origin": [3.6, 17.65, -5], "size": [1, 1, 0], "inflate": 0.02, "uv": [26, 39]}
					]
				},
				{
					"name": "right_eye",
					"parent": "eyes",
					"pivot": [0, 18, 0],
					"cubes": [
						{"origin": [-5.75, 16, -5], "size": [3, 4, 0], "inflate": 0.01, "uv": [0, 5]},
						{"origin": [-5.1, 16.65, -5], "size": [2, 3, 0], "inflate": 0.015, "uv": [26, 45]},
						{"origin": [-4.6, 17.65, -5], "size": [1, 1, 0], "inflate": 0.02, "uv": [0, 0]}
					]
				},
				{
					"name": "closed",
					"parent": "eyes",
					"pivot": [0, 18, 0.1]
				},
				{
					"name": "left_eyelid",
					"parent": "closed",
					"pivot": [0, 18, 0.1],
					"cubes": [
						{"origin": [2.75, 16, -4.9], "size": [3, 4, 0], "inflate": 0.03, "uv": [86, 35]}
					]
				},
				{
					"name": "right_eyelid",
					"parent": "closed",
					"pivot": [0, 18, 0.1],
					"cubes": [
						{"origin": [-5.75, 16, -4.9], "size": [3, 4, 0], "inflate": 0.03, "uv": [92, 35], "mirror": true}
					]
				},
				{
					"name": "ears",
					"parent": "head",
					"pivot": [0, 22, 5],
					"cubes": [
						{"origin": [-5, 22, 1], "size": [10, 3, 4], "uv": [75, 39]},
						{"origin": [-0.5, 22, 0.99], "size": [1, 8, 0], "uv": [53, 0]},
						{"origin": [-4, 25, 1], "size": [8, 3, 2], "uv": [66, 34]},
						{"origin": [-3, 28, 1], "size": [6, 3, 0], "uv": [68, 11]}
					]
				},
				{
					"name": "left_wing",
					"parent": "torso",
					"pivot": [7, 11, 1],
					"cubes": [
						{"origin": [6, 7, 1], "size": [6, 6, 0], "uv": [0, 52]}
					]
				},
				{
					"name": "left_wing2",
					"parent": "left_wing",
					"pivot": [12, 11, 1],
					"cubes": [
						{"origin": [12, 3, 1], "size": [8, 14, 0], "uv": [82, 20]}
					]
				},
				{
					"name": "left_wing3",
					"parent": "left_wing2",
					"pivot": [20, 11, 1],
					"cubes": [
						{"origin": [18, 3, 1], "size": [12, 17, 0], "uv": [88, 0]}
					]
				},
				{
					"name": "left_wing4",
					"parent": "left_wing3",
					"pivot": [30, 11, 1],
					"cubes": [
						{"origin": [30, 9, 1], "size": [10, 9, 0], "uv": [68, 0]}
					]
				},
				{
					"name": "right_wing",
					"parent": "torso",
					"pivot": [-7, 11, 1],
					"cubes": [
						{"origin": [-12, 7, 1], "size": [6, 6, 0], "uv": [0, 46]}
					]
				},
				{
					"name": "right_wing2",
					"parent": "right_wing",
					"pivot": [-12, 11, 1],
					"cubes": [
						{"origin": [-20, 3, 1], "size": [8, 14, 0], "uv": [66, 20]}
					]
				},
				{
					"name": "right_wing3",
					"parent": "right_wing2",
					"pivot": [-20, 11, 1],
					"cubes": [
						{"origin": [-30, 3, 1], "size": [12, 17, 0], "uv": [98, 17]}
					]
				},
				{
					"name": "right_wing4",
					"parent": "right_wing3",
					"pivot": [-30, 11, 1],
					"cubes": [
						{"origin": [-40, 9, 1], "size": [10, 9, 0], "uv": [66, 50]}
					]
				},
				{
					"name": "neck_fluff",
					"parent": "torso",
					"pivot": [0, 9, 0],
					"cubes": [
						{"origin": [-7.5, 6.25, -6.5], "size": [15, 7, 13], "uv": [0, 0]}
					]
				},
				{
					"name": "front_top_fluff",
					"parent": "neck_fluff",
					"pivot": [0, 12.25, -6.5],
					"rotation": [40, 0, 0],
					"cubes": [
						{"origin": [-7.5, 12.25, -10.5], "size": [15, 0, 5], "uv": [31, 55]}
					]
				},
				{
					"name": "left_top_fluff",
					"parent": "neck_fluff",
					"pivot": [7.5, 12.25, 0],
					"rotation": [0, 0, 40],
					"cubes": [
						{"origin": [6.5, 12.25, -6.5], "size": [5, 0, 13], "uv": [13, 50]}
					]
				},
				{
					"name": "right_top_fluff",
					"parent": "neck_fluff",
					"pivot": [-7.5, 12.25, 0],
					"rotation": [0, 0, -40],
					"cubes": [
						{"origin": [-11.5, 12.25, -6.5], "size": [5, 0, 13], "uv": [30, 0]}
					]
				},
				{
					"name": "left_bottom_fluff",
					"parent": "neck_fluff",
					"pivot": [7.5, 9.25, 0],
					"rotation": [0, 0, 60],
					"cubes": [
						{"origin": [6.5, 9.25, -7], "size": [6, 0, 14], "uv": [42, 0]}
					]
				},
				{
					"name": "right_bottom_fluff",
					"parent": "neck_fluff",
					"pivot": [-7.5, 9.25, 0],
					"rotation": [0, 0, -60],
					"cubes": [
						{"origin": [-12.5, 9.25, -7], "size": [6, 0, 14], "uv": [0, 39]}
					]
				},
				{
					"name": "back_top_fluff",
					"parent": "neck_fluff",
					"pivot": [0, 12.25, 6.5],
					"rotation": [-40, 0, 0],
					"cubes": [
						{"origin": [-7.5, 12.25, 5.5], "size": [15, 0, 5], "uv": [31, 50]}
					]
				},
				{
					"name": "front_bottom_fluff",
					"parent": "neck_fluff",
					"pivot": [0, 9.25, -6.5],
					"rotation": [60, 0, 0],
					"cubes": [
						{"origin": [-8, 9.25, -11.5], "size": [16, 0, 6], "uv": [50, 14]}
					]
				},
				{
					"name": "back_bottom_fluff",
					"parent": "neck_fluff",
					"pivot": [0, 9.25, 6.5],
					"rotation": [-60, 0, 0],
					"cubes": [
						{"origin": [-8, 9.25, 5.5], "size": [16, 0, 6], "uv": [28, 20]}
					]
				},
				{
					"name": "tail",
					"parent": "torso",
					"pivot": [0, 2, 1.5],
					"rotation": [-67.5, 0, 0],
					"cubes": [
						{"origin": [-1.5, 0.5, -0.5], "size": [3, 3, 4], "uv": [0, 39]}
					]
				},
				{
					"name": "tail2",
					"parent": "tail",
					"pivot": [0, 2, 3.5],
					"cubes": [
						{"origin": [-1, 1, 2.5], "size": [2, 2, 3], "uv": [15, 59]}
					]
				},
				{
					"name": "left_tail_tip",
					"parent": "tail2",
					"pivot": [0, 2, 5.5],
					"rotation": [0, 10, 0],
					"cubes": [
						{"origin": [0, 2, 5], "size": [3, 0, 6], "uv": [0, 6]}
					]
				},
				{
					"name": "right_tail_tip",
					"parent": "tail2",
					"pivot": [0, 2, 5.5],
					"rotation": [0, -10, 0],
					"cubes": [
						{"origin": [-3, 2, 5], "size": [3, 0, 6], "uv": [0, 0]}
					]
				},
				{
					"name": "left_upper_leg",
					"parent": "body",
					"pivot": [3, 3, -2],
					"cubes": [
						{"origin": [2, -1, -3], "size": [2, 4, 2], "inflate": 0.01, "uv": [120, 6]}
					]
				},
				{
					"name": "left_lower_leg",
					"parent": "left_upper_leg",
					"pivot": [3, -1, -1],
					"cubes": [
						{"origin": [2, -5, -3], "size": [2, 4, 2], "uv": [112, 6]}
					]
				},
				{
					"name": "left_foot",
					"parent": "left_lower_leg",
					"pivot": [3, -4.5, -1.5],
					"cubes": [
						{"origin": [1.5, -8.5, -2.5], "size": [3, 4, 2], "inflate": 0.01, "uv": [112, 0]}
					]
				},
				{
					"name": "left_toes",
					"parent": "left_foot",
					"pivot": [3, -8.25, -1.5],
					"cubes": [
						{"origin": [3, -10.25, -2.5], "size": [0, 2, 2], "inflate": 0.01, "uv": [10, 39]},
						{"origin": [2, -10.25, -2.5], "size": [0, 2, 2], "inflate": 0.01, "uv": [10, 37]},
						{"origin": [4, -10.25, -2.5], "size": [0, 2, 2], "inflate": 0.01, "uv": [0, 39]}
					]
				},
				{
					"name": "right_upper_leg",
					"parent": "body",
					"pivot": [-3, 3, -2],
					"cubes": [
						{"origin": [-4, -1, -3], "size": [2, 4, 2], "inflate": 0.01, "uv": [10, 56]}
					]
				},
				{
					"name": "right_lower_leg",
					"parent": "right_upper_leg",
					"pivot": [-3, -1, -1],
					"cubes": [
						{"origin": [-4, -5, -3], "size": [2, 4, 2], "uv": [26, 39]}
					]
				},
				{
					"name": "right_foot",
					"parent": "right_lower_leg",
					"pivot": [-3, -4.5, -1.5],
					"cubes": [
						{"origin": [-4.5, -8.5, -2.5], "size": [3, 4, 2], "inflate": 0.01, "uv": [0, 20]}
					]
				},
				{
					"name": "right_toes",
					"parent": "right_foot",
					"pivot": [-3, -8.25, -1.5],
					"cubes": [
						{"origin": [-3, -10.25, -2.5], "size": [0, 2, 2], "inflate": 0.01, "uv": [0, 37]},
						{"origin": [-2, -10.25, -2.5], "size": [0, 2, 2], "inflate": 0.01, "uv": [6, 26]},
						{"origin": [-4, -10.25, -2.5], "size": [0, 2, 2], "inflate": 0.01, "uv": [6, 24]}
					]
				}
			]
		}
	]
}