{
	"format_version": "1.12.0",
	"minecraft:geometry": [
		{
			"description": {
				"identifier": "geometry.dracozolt",
				"texture_width": 256,
				"texture_height": 128,
				"visible_bounds_width": 11,
				"visible_bounds_height": 4.5,
				"visible_bounds_offset": [0, 1.75, 0]
			},
			"bones": [
				{
					"name": "dracozolt",
					"pivot": [0, 0, 0]
				},
				{
					"name": "body",
					"parent": "dracozolt",
					"pivot": [0, 21, 6]
				},
				{
                    "name": "locator_seat_1",
                    "parent": "body",
                    "pivot": [0, 32, 2],
                    "locators": {
                        "seat_1": [0, 32, 2]
                    }
                },
				{
					"name": "torso",
					"parent": "body",
					"pivot": [0, 20.5, 5.25],
					"cubes": [
						{"origin": [-11, 8.5, -1], "size": [22, 24, 13], "inflate": 0.01, "uv": [0, 91]}
					]
				},
				{
					"name": "chest",
					"parent": "torso",
					"pivot": [0, 29, -1],
					"cubes": [
						{"origin": [-4.5, 21, -8], "size": [9, 8, 8], "uv": [26, 5]}
					]
				},
				{
					"name": "arms",
					"parent": "chest",
					"pivot": [0, 25, -6.5]
				},
				{
					"name": "arm_left",
					"parent": "arms",
					"pivot": [4.5, 25.8, -5],
					"cubes": [
						{"origin": [4.5, 23.8, -7], "size": [7, 2, 2], "uv": [0, 41]}
					]
				},
				{
					"name": "arm_fin_left",
					"parent": "arm_left",
					"pivot": [11.5, 25.8, -6],
					"cubes": [
						{"origin": [6.5, 24.8, -6], "size": [5, 13, 0], "inflate": 0.01, "uv": [52, 0]}
					]
				},
				{
					"name": "arm_fin_left2",
					"parent": "arm_fin_left",
					"pivot": [11.5, 37.8, -6],
					"cubes": [
						{"origin": [11.5, 24.8, -6], "size": [5, 13, 0], "uv": [62, 0]}
					]
				},
				{
					"name": "arm_fin_detail_left",
					"parent": "arm_fin_left",
					"pivot": [6.5, 37.8, -6],
					"cubes": [
						{"origin": [-1.5, 32.8, -6], "size": [8, 14, 0], "uv": [38, 21]}
					]
				},
				{
					"name": "arm_left2",
					"parent": "arm_left",
					"pivot": [11.5, 24.8, -5],
					"cubes": [
						{"origin": [11.5, 23.8, -7], "size": [7, 2, 2], "inflate": 0.01, "uv": [0, 49]}
					]
				},
				{
					"name": "wrist_left",
					"parent": "arm_left2",
					"pivot": [18.5, 24.8, -6]
				},
				{
					"name": "hand_left",
					"parent": "wrist_left",
					"pivot": [18.5, 25.8, -6],
					"cubes": [
						{"origin": [18.5, 23.8, -7.5], "size": [5, 2, 3], "inflate": 0.02, "uv": [18, 43]}
					]
				},
				{
					"name": "claws_left",
					"parent": "hand_left",
					"pivot": [23.5, 25.8, -6]
				},
				{
					"name": "claw_inner_left",
					"parent": "claws_left",
					"pivot": [23.5, 25.8, -5.5],
					"rotation": [0, -10, 0],
					"cubes": [
						{"origin": [23.5, 23.8, -5.5], "size": [2, 2, 1], "inflate": 0.01, "uv": [32, 35]}
					]
				},
				{
					"name": "claw_inner_left2",
					"parent": "claw_inner_left",
					"pivot": [25.5, 25.8, -5],
					"cubes": [
						{"origin": [25.5, 23.8, -5.5], "size": [3, 2, 1], "uv": [38, 35]}
					]
				},
				{
					"name": "claw_inner_left3",
					"parent": "claw_inner_left2",
					"pivot": [28.5, 25.8, -5],
					"cubes": [
						{"origin": [28.5, 23.8, -5], "size": [2, 2, 0], "uv": [56, 40]}
					]
				},
				{
					"name": "claw_middle_left",
					"parent": "claws_left",
					"pivot": [23.5, 25.8, -6],
					"cubes": [
						{"origin": [23.5, 23.8, -6.5], "size": [2, 2, 1], "inflate": 0.01, "uv": [34, 41]}
					]
				},
				{
					"name": "claw_middle_left2",
					"parent": "claw_middle_left",
					"pivot": [25.5, 25.8, -6],
					"cubes": [
						{"origin": [25.5, 23.8, -6.5], "size": [3, 2, 1], "uv": [40, 41]}
					]
				},
				{
					"name": "claw_middle_left3",
					"parent": "claw_middle_left2",
					"pivot": [28.5, 25.8, -6],
					"cubes": [
						{"origin": [28.5, 23.8, -6], "size": [2, 2, 0], "uv": [60, 40]}
					]
				},
				{
					"name": "claw_outer_left",
					"parent": "claws_left",
					"pivot": [23.5, 25.8, -6.5],
					"rotation": [0, 10, 0],
					"cubes": [
						{"origin": [23.5, 23.8, -7.5], "size": [2, 2, 1], "inflate": 0.01, "uv": [46, 35]}
					]
				},
				{
					"name": "claw_outer_left2",
					"parent": "claw_outer_left",
					"pivot": [25.5, 25.8, -7],
					"cubes": [
						{"origin": [25.5, 23.8, -7.5], "size": [3, 2, 1], "uv": [48, 41]}
					]
				},
				{
					"name": "claw_outer_left3",
					"parent": "claw_outer_left2",
					"pivot": [28.5, 25.8, -7],
					"cubes": [
						{"origin": [28.5, 23.8, -7], "size": [2, 2, 0], "uv": [64, 40]}
					]
				},
				{
					"name": "arm_right",
					"parent": "arms",
					"pivot": [-4.5, 25.8, -5],
					"cubes": [
						{"origin": [-11.5, 23.8, -7], "size": [7, 2, 2], "uv": [0, 45], "mirror": true}
					]
				},
				{
					"name": "arm_fin_right",
					"parent": "arm_right",
					"pivot": [-11.5, 25.8, -6],
					"cubes": [
						{"origin": [-11.5, 24.8, -6], "size": [5, 13, 0], "inflate": 0.01, "uv": [60, 13], "mirror": true}
					]
				},
				{
					"name": "arm_fin_right2",
					"parent": "arm_fin_right",
					"pivot": [-11.5, 37.8, -6],
					"cubes": [
						{"origin": [-16.5, 24.8, -6], "size": [5, 13, 0], "uv": [70, 13], "mirror": true}
					]
				},
				{
					"name": "arm_fin_detail_right",
					"parent": "arm_fin_right",
					"pivot": [-6.5, 37.8, -6],
					"cubes": [
						{"origin": [-6.5, 32.8, -6], "size": [8, 14, 0], "uv": [54, 26], "mirror": true}
					]
				},
				{
					"name": "arm_right2",
					"parent": "arm_right",
					"pivot": [-11.5, 24.8, -5],
					"cubes": [
						{"origin": [-18.5, 23.8, -7], "size": [7, 2, 2], "inflate": 0.01, "uv": [0, 53], "mirror": true}
					]
				},
				{
					"name": "wrist_right",
					"parent": "arm_right2",
					"pivot": [-18.5, 24.8, -6]
				},
				{
					"name": "hand_right",
					"parent": "wrist_right",
					"pivot": [-18.5, 25.8, -6],
					"cubes": [
						{"origin": [-23.5, 23.8, -7.5], "size": [5, 2, 3], "inflate": 0.02, "uv": [18, 48], "mirror": true}
					]
				},
				{
					"name": "claws_right",
					"parent": "hand_right",
					"pivot": [-23.5, 25.8, -6]
				},
				{
					"name": "claw_inner_right",
					"parent": "claws_right",
					"pivot": [-23.5, 25.8, -5.5],
					"rotation": [0, 10, 0],
					"cubes": [
						{"origin": [-25.5, 23.8, -5.5], "size": [2, 2, 1], "inflate": 0.01, "uv": [32, 38], "mirror": true}
					]
				},
				{
					"name": "claw_inner_right2",
					"parent": "claw_inner_right",
					"pivot": [-25.5, 25.8, -5],
					"cubes": [
						{"origin": [-28.5, 23.8, -5.5], "size": [3, 2, 1], "uv": [38, 38], "mirror": true}
					]
				},
				{
					"name": "claw_inner_right3",
					"parent": "claw_inner_right2",
					"pivot": [-28.5, 25.8, -5],
					"cubes": [
						{"origin": [-30.5, 23.8, -5], "size": [2, 2, 0], "uv": [56, 42], "mirror": true}
					]
				},
				{
					"name": "claw_middle_right",
					"parent": "claws_right",
					"pivot": [-23.5, 25.8, -6],
					"cubes": [
						{"origin": [-25.5, 23.8, -6.5], "size": [2, 2, 1], "inflate": 0.01, "uv": [34, 44], "mirror": true}
					]
				},
				{
					"name": "claw_middle_right2",
					"parent": "claw_middle_right",
					"pivot": [-25.5, 25.8, -6],
					"cubes": [
						{"origin": [-28.5, 23.8, -6.5], "size": [3, 2, 1], "uv": [40, 44], "mirror": true}
					]
				},
				{
					"name": "claw_middle_right3",
					"parent": "claw_middle_right2",
					"pivot": [-28.5, 25.8, -6],
					"cubes": [
						{"origin": [-30.5, 23.8, -6], "size": [2, 2, 0], "uv": [60, 42], "mirror": true}
					]
				},
				{
					"name": "claw_outer_right",
					"parent": "claws_right",
					"pivot": [-23.5, 25.8, -6.5],
					"rotation": [0, -10, 0],
					"cubes": [
						{"origin": [-25.5, 23.8, -7.5], "size": [2, 2, 1], "inflate": 0.01, "uv": [46, 38], "mirror": true}
					]
				},
				{
					"name": "claw_outer_right2",
					"parent": "claw_outer_right",
					"pivot": [-25.5, 25.8, -7],
					"cubes": [
						{"origin": [-28.5, 23.8, -7.5], "size": [3, 2, 1], "uv": [48, 44], "mirror": true}
					]
				},
				{
					"name": "claw_outer_right3",
					"parent": "claw_outer_right2",
					"pivot": [-28.5, 25.8, -7],
					"cubes": [
						{"origin": [-30.5, 23.8, -7], "size": [2, 2, 0], "uv": [64, 42], "mirror": true}
					]
				},
				{
					"name": "neck",
					"parent": "chest",
					"pivot": [0, 28, -5],
					"rotation": [15, 0, 0],
					"cubes": [
						{"origin": [-1.5, 27.5, -8], "size": [3, 5, 3], "inflate": 0.02, "uv": [0, 25]}
					]
				},
				{
					"name": "neck2",
					"parent": "neck",
					"pivot": [0, 32.5, -5],
					"rotation": [25, 0, 0],
					"cubes": [
						{"origin": [-1.5, 32.5, -8], "size": [3, 5, 3], "inflate": 0.01, "uv": [12, 19]}
					]
				},
				{
					"name": "neck3",
					"parent": "neck2",
					"pivot": [0, 37.5, -5],
					"rotation": [30, 0, 0],
					"cubes": [
						{"origin": [-1.5, 37.5, -8], "size": [3, 4, 3], "uv": [0, 18]}
					]
				},
				{
					"name": "head",
					"parent": "neck3",
					"pivot": [0, 41.5, -5],
					"rotation": [-70, 0, 0]
				},
				{
					"name": "head_ai",
					"parent": "head",
					"pivot": [0, 41.5, -5]
				},
				{
					"name": "head_rotation",
					"parent": "head_ai",
					"pivot": [0, 41.5, -5],
					"rotation": [90, 0, 0],
					"cubes": [
						{"origin": [-2.5, 41.5, -8.5], "size": [5, 6, 6], "inflate": 0.01, "uv": [0, 0]},
						{"origin": [2.5, 44, -7.5], "size": [0, 2, 2], "inflate": 0.02, "uv": [0, 11]},
						{"origin": [-2.5, 44, -7.5], "size": [0, 2, 2], "inflate": 0.02, "uv": [4, 11], "mirror": true}
					]
				},
				{
					"name": "eyes",
					"parent": "head_rotation",
					"pivot": [0, 12.5, -36.5]
				},
				{
					"name": "eye_left",
					"parent": "eyes",
					"pivot": [2.52, 47.02, -5]
				},
				{
					"name": "eye_closed_left",
					"parent": "eye_left",
					"pivot": [2.52, 47.02, -5],
					"cubes": [
						{"origin": [1.52, 45.52, -6], "size": [1, 2, 2], "inflate": 0.01, "uv": [72, 4]}
					]
				},
				{
					"name": "eye_open_left",
					"parent": "eye_left",
					"pivot": [2.42, 46.92, -5],
					"cubes": [
						{"origin": [1.42, 45.42, -6], "size": [1, 2, 2], "inflate": 0.01, "uv": [72, 8]}
					]
				},
				{
					"name": "eyelid_left",
					"parent": "eye_left",
					"pivot": [1.92, 47.02, -5],
					"cubes": [
						{"origin": [1.42, 45.52, -6], "size": [1, 2, 2], "inflate": 0.02, "uv": [72, 0]}
					]
				},
				{
					"name": "eye_right",
					"parent": "eyes",
					"pivot": [-2.52, 47.02, -5]
				},
				{
					"name": "eye_closed_right",
					"parent": "eye_right",
					"pivot": [-2.52, 47.02, -5],
					"cubes": [
						{"origin": [-2.52, 45.52, -6], "size": [1, 2, 2], "inflate": 0.01, "uv": [78, 4], "mirror": true}
					]
				},
				{
					"name": "eye_open_right",
					"parent": "eye_right",
					"pivot": [-2.42, 46.92, -5],
					"cubes": [
						{"origin": [-2.42, 45.42, -6], "size": [1, 2, 2], "inflate": 0.01, "uv": [78, 8], "mirror": true}
					]
				},
				{
					"name": "eyelid_right",
					"parent": "eye_right",
					"pivot": [-1.92, 47.02, -5],
					"cubes": [
						{"origin": [-2.42, 45.52, -6], "size": [1, 2, 2], "inflate": 0.02, "uv": [78, 0], "mirror": true}
					]
				},
				{
					"name": "head_fur",
					"parent": "head_rotation",
					"pivot": [0, 45, -3.5]
				},
				{
					"name": "head_fur_top",
					"parent": "head_fur",
					"pivot": [0, 46.5, -2.5],
					"rotation": [-32.5, 0, 0],
					"cubes": [
						{"origin": [-2, 46.5, -2.5], "size": [4, 0, 5], "uv": [25, 21]}
					]
				},
				{
					"name": "head_fur_top2",
					"parent": "head_fur_top",
					"pivot": [0, 46.5, 2.5],
					"rotation": [-10, 0, 0],
					"cubes": [
						{"origin": [-1.5, 46.5, 2.5], "size": [3, 0, 5], "uv": [19, 21]}
					]
				},
				{
					"name": "head_fur_left",
					"parent": "head_fur",
					"pivot": [2.5, 44.5, -6.5],
					"rotation": [0, -2, 45],
					"cubes": [
						{"origin": [2.5, 44.5, -6.5], "size": [5, 0, 4], "uv": [-4, 37]}
					]
				},
				{
					"name": "head_fur_left2",
					"parent": "head_fur_left",
					"pivot": [7.5, 44.5, -5],
					"rotation": [0, 0, 12.5],
					"cubes": [
						{"origin": [7.5, 44.5, -6], "size": [6, 0, 3], "uv": [7, 38]}
					]
				},
				{
					"name": "head_fur_right",
					"parent": "head_fur",
					"pivot": [-2.5, 44.5, -6.5],
					"rotation": [0, 2, -45],
					"cubes": [
						{"origin": [-7.5, 44.5, -6.5], "size": [5, 0, 4], "uv": [-4, 33], "mirror": true}
					]
				},
				{
					"name": "head_fur_right2",
					"parent": "head_fur_right",
					"pivot": [-7.5, 44.5, -5],
					"rotation": [0, 0, -12.5],
					"cubes": [
						{"origin": [-13.5, 44.5, -6], "size": [6, 0, 3], "uv": [7, 35], "mirror": true}
					]
				},
				{
					"name": "head_fur_top_left",
					"parent": "head_fur",
					"pivot": [3.5, 44.35, -5.25],
					"rotation": [-15, -45, 52.5],
					"cubes": [
						{"origin": [3.5, 44.35, -5.25], "size": [5, 0, 4], "uv": [8, 31]}
					]
				},
				{
					"name": "head_fur_top_left2",
					"parent": "head_fur_top_left",
					"pivot": [8.5, 44.35, -3.75],
					"rotation": [0, 0, 20],
					"cubes": [
						{"origin": [8.5, 44.35, -4.75], "size": [6, 0, 3], "uv": [19, 30]}
					]
				},
				{
					"name": "head_fur_top_right",
					"parent": "head_fur",
					"pivot": [-3.5, 44.35, -5.25],
					"rotation": [-15, 45, -52.5],
					"cubes": [
						{"origin": [-8.5, 44.35, -5.25], "size": [5, 0, 4], "uv": [8, 27], "mirror": true}
					]
				},
				{
					"name": "head_fur_top_right2",
					"parent": "head_fur_top_right",
					"pivot": [-8.5, 44.35, -3.75],
					"rotation": [0, 0, -20],
					"cubes": [
						{"origin": [-14.5, 44.35, -4.75], "size": [6, 0, 3], "uv": [19, 27], "mirror": true}
					]
				},
				{
					"name": "head_fur_bottom_left",
					"parent": "head_fur",
					"pivot": [2.5, 44.5, -5.5],
					"rotation": [10, 20, 45],
					"cubes": [
						{"origin": [2.3953, 44.5, -8.49817], "size": [5, 0, 3], "uv": [19, 36]}
					]
				},
				{
					"name": "head_fur_bottom_left2",
					"parent": "head_fur_bottom_left",
					"pivot": [7.3953, 44.5, -6.99817],
					"rotation": [0, 0, 12.5],
					"cubes": [
						{"origin": [7.3953, 44.5, -7.99817], "size": [5, 0, 2], "uv": [20, 41]}
					]
				},
				{
					"name": "head_fur_bottom_right",
					"parent": "head_fur",
					"pivot": [-2.5, 44.5, -5.5],
					"rotation": [10, -20, -45],
					"cubes": [
						{"origin": [-7.3953, 44.5, -8.49817], "size": [5, 0, 3], "uv": [19, 33], "mirror": true}
					]
				},
				{
					"name": "head_fur_bottom_right2",
					"parent": "head_fur_bottom_right",
					"pivot": [-7.3953, 44.5, -6.99817],
					"rotation": [0, 0, -12.5],
					"cubes": [
						{"origin": [-12.3953, 44.5, -7.99817], "size": [5, 0, 2], "uv": [20, 39], "mirror": true}
					]
				},
				{
					"name": "jaw",
					"parent": "head_rotation",
					"pivot": [0, 47.5, -7],
					"cubes": [
						{"origin": [-1.5, 47.5, -8], "size": [3, 3, 1], "inflate": 0.02, "uv": [18, 1]}
					]
				},
				{
					"name": "tongue",
					"parent": "jaw",
					"pivot": [0, 48, -7],
					"rotation": [-2.5, 0, 0],
					"cubes": [
						{"origin": [-0.5, 48, -8], "size": [1, 2, 1], "uv": [22, 5]}
					]
				},
				{
					"name": "tongue_bend",
					"parent": "tongue",
					"pivot": [0, 50, -7.5],
					"cubes": [
						{"origin": [-0.5, 50, -7.5], "size": [1, 2, 0], "inflate": 0.01, "uv": [27, 6]}
					]
				},
				{
					"name": "jaw2",
					"parent": "jaw",
					"pivot": [0, 50.5, -8],
					"cubes": [
						{"origin": [-1.5, 50.5, -8], "size": [3, 3, 1], "inflate": 0.01, "uv": [28, 1]},
						{"origin": [1.5, 51.5, -9], "size": [0, 1, 1], "pivot": [1.5, 53.5, -7], "rotation": [45, 0, 0], "uv": [86, 6]},
						{"origin": [1.5, 52.5, -8], "size": [0, 1, 1], "pivot": [1.5, 53.5, -7], "rotation": [45, 0, 0], "uv": [86, 5]},
						{"origin": [-1.5, 51.5, -9], "size": [0, 1, 1], "pivot": [-1.5, 53.5, -7], "rotation": [45, 0, 0], "uv": [84, 6], "mirror": true},
						{"origin": [-1.5, 52.5, -8], "size": [0, 1, 1], "pivot": [-1.5, 53.5, -7], "rotation": [45, 0, 0], "uv": [84, 5], "mirror": true}
					]
				},
				{
					"name": "muzzle",
					"parent": "head_rotation",
					"pivot": [0, 47.5, -7],
					"cubes": [
						{"origin": [-1.5, 47, -7], "size": [3, 5, 2], "inflate": 0.02, "uv": [70, 26]},
						{"origin": [1.5, 50.85, -10.55], "size": [0, 2, 2], "pivot": [-0.5, 55, -7], "rotation": [45, 0, 0], "uv": [88, 0]},
						{"origin": [1.5, 49.35, -12.05], "size": [0, 2, 2], "pivot": [-0.5, 55, -7], "rotation": [45, 0, 0], "uv": [88, 2]},
						{"origin": [-1.5, 50.85, -10.55], "size": [0, 2, 2], "pivot": [0.5, 55, -7], "rotation": [45, 0, 0], "uv": [84, 0], "mirror": true},
						{"origin": [-1.5, 49.35, -12.05], "size": [0, 2, 2], "pivot": [0.5, 55, -7], "rotation": [45, 0, 0], "uv": [84, 2], "mirror": true}
					]
				},
				{
					"name": "muzzle2",
					"parent": "muzzle",
					"pivot": [0, 52, -7],
					"cubes": [
						{"origin": [-2, 52, -7], "size": [4, 3, 3], "inflate": 0.01, "uv": [10, 12]},
						{"origin": [2, 52.75, -8.75], "size": [0, 2, 2], "pivot": [-0.5, 55, -7], "rotation": [45, 0, 0], "uv": [88, -2]},
						{"origin": [-2, 52.75, -8.75], "size": [0, 2, 2], "pivot": [0.5, 55, -7], "rotation": [45, 0, 0], "uv": [84, -2], "mirror": true},
						{"origin": [0.25, 55.02, -6], "size": [1, 0, 1], "pivot": [0.75, 55.02, -6], "rotation": [0, 22.5, 0], "uv": [-1, 1]},
						{"origin": [-1.25, 55.02, -6], "size": [1, 0, 1], "pivot": [-0.75, 55.02, -6], "rotation": [0, -22.5, 0], "uv": [-1, 0], "mirror": true},
						{"origin": [1, 55, -8], "size": [1, 0, 1], "pivot": [2, 55, -7], "rotation": [0, 45, 0], "uv": [1, 15], "mirror": true},
						{"origin": [0, 55, -8.5], "size": [2, 0, 1], "pivot": [2, 55, -7], "rotation": [0, 45, 0], "uv": [1, 15], "mirror": true},
						{"origin": [-2, 55, -8.5], "size": [2, 0, 1], "pivot": [-2, 55, -7], "rotation": [0, -45, 0], "uv": [1, 16]},
						{"origin": [-2, 55, -8], "size": [1, 0, 1], "pivot": [-2, 55, -7], "rotation": [0, -45, 0], "uv": [1, 16]}
					]
				},
				{
					"name": "tail_scale_left",
					"parent": "torso",
					"pivot": [8, 32.5, -1],
					"rotation": [-10, 0, 0],
					"cubes": [
						{"origin": [8, 32.5, -1], "size": [0, 13, 9], "uv": [0, 69]}
					]
				},
				{
					"name": "tail_scale_right",
					"parent": "torso",
					"pivot": [-8, 32.5, -1],
					"rotation": [-10, 0, 0],
					"cubes": [
						{"origin": [-8, 32.5, -1], "size": [0, 13, 9], "uv": [0, 56], "mirror": true}
					]
				},
				{
					"name": "tail",
					"parent": "torso",
					"pivot": [0, 20.5, 9],
					"cubes": [
						{"origin": [-10, 20.5, 9], "size": [20, 12, 16], "uv": [70, 100]},
						{"origin": [-16.25, 9.5, 8.75], "size": [14, 14, 14], "pivot": [0, 15, 25], "rotation": [0, -45, 0], "uv": [126, 80]}
					]
				},
				{
					"name": "tail_scale_left2",
					"parent": "tail",
					"pivot": [7, 32.5, 15.5],
					"rotation": [-10, 0, 0],
					"cubes": [
						{"origin": [7, 32.5, 15.5], "size": [0, 12, 9], "uv": [18, 70]}
					]
				},
				{
					"name": "tail_scale_right2",
					"parent": "tail",
					"pivot": [-7, 32.5, 15.5],
					"rotation": [-10, 0, 0],
					"cubes": [
						{"origin": [-7, 32.5, 15.5], "size": [0, 12, 9], "uv": [18, 58], "mirror": true}
					]
				},
				{
					"name": "tail2",
					"parent": "tail",
					"pivot": [0, 26.5, 22],
					"cubes": [
						{"origin": [-8.5, 21, 22], "size": [17, 11, 15], "uv": [62, 74]},
						{"origin": [0, 12, 20.3], "size": [0, 9, 12], "inflate": 0.01, "uv": [189, 93]}
					]
				},
				{
					"name": "tail_scale_left3",
					"parent": "tail2",
					"pivot": [6.5, 31.5, 32],
					"rotation": [-10, 0, 0],
					"cubes": [
						{"origin": [6.5, 30.5, 32], "size": [0, 13, 9], "uv": [36, 69]}
					]
				},
				{
					"name": "tail_scale_right3",
					"parent": "tail2",
					"pivot": [-6.5, 31.5, 32],
					"rotation": [-10, 0, 0],
					"cubes": [
						{"origin": [-6.5, 30.5, 32], "size": [0, 13, 9], "uv": [36, 56], "mirror": true}
					]
				},
				{
					"name": "tail3",
					"parent": "tail2",
					"pivot": [0, 26.5, 34],
					"cubes": [
						{"origin": [-7, 21.5, 35], "size": [14, 10, 13], "uv": [200, 105]}
					]
				},
				{
					"name": "tail4",
					"parent": "tail3",
					"pivot": [0, 26.5, 46],
					"cubes": [
						{"origin": [-5.5, 22, 46], "size": [11, 9, 12], "uv": [182, 84]}
					]
				},
				{
					"name": "tail5",
					"parent": "tail4",
					"pivot": [0, 26.5, 56],
					"cubes": [
						{"origin": [-4, 22.5, 56], "size": [8, 8, 11], "uv": [216, 77]}
					]
				},
				{
					"name": "tail6",
					"parent": "tail5",
					"pivot": [0, 26.5, 65],
					"cubes": [
						{"origin": [-3, 23.5, 65], "size": [6, 6, 10], "uv": [192, 68]}
					]
				},
				{
					"name": "tail7",
					"parent": "tail6",
					"pivot": [0, 26.5, 73.5],
					"cubes": [
						{"origin": [-2, 24.5, 73.5], "size": [4, 4, 8], "uv": [168, 82]}
					]
				},
				{
					"name": "legs",
					"parent": "body",
					"pivot": [0, 23, 8]
				},
				{
					"name": "leg_left",
					"parent": "legs",
					"pivot": [11, 19.3, 6.5],
					"cubes": [
						{"origin": [10, 7.8, 0], "size": [8, 17, 13], "inflate": 0.01, "uv": [213, 0]}
					]
				},
				{
					"name": "leg_left2",
					"parent": "leg_left",
					"pivot": [14, 7.8, 0],
					"cubes": [
						{"origin": [10.5, -6.2, 0], "size": [7, 14, 9], "inflate": 0.01, "uv": [181, 1]}
					]
				},
				{
					"name": "foot_left",
					"parent": "leg_left2",
					"pivot": [14, -6.2, 3],
					"cubes": [
						{"origin": [9.5, -10.2, -3], "size": [9, 4, 12], "inflate": 0.02, "uv": [184, 48]}
					]
				},
				{
					"name": "toes_left",
					"parent": "foot_left",
					"pivot": [14, -7.2, -3]
				},
				{
					"name": "toe_inner_left",
					"parent": "toes_left",
					"pivot": [11, -7.2, -3],
					"rotation": [0, 15, 0],
					"cubes": [
						{"origin": [9.5, -10.2, -6], "size": [3, 3, 4], "inflate": 0.01, "uv": [166, 20]}
					]
				},
				{
					"name": "toe_inner_left2",
					"parent": "toe_inner_left",
					"pivot": [11, -7.2, -6],
					"cubes": [
						{"origin": [11, -10.2, -10], "size": [0, 3, 4], "uv": [155, 29]}
					]
				},
				{
					"name": "toe_center_left",
					"parent": "toes_left",
					"pivot": [14, -7.2, -3.5],
					"cubes": [
						{"origin": [12.5, -10.2, -6.5], "size": [3, 3, 4], "inflate": 0.01, "uv": [153, 5]}
					]
				},
				{
					"name": "toe_center_left2",
					"parent": "toe_center_left",
					"pivot": [14, -7.2, -6.5],
					"cubes": [
						{"origin": [14, -10.2, -10.5], "size": [0, 3, 4], "uv": [155, 23]}
					]
				},
				{
					"name": "toe_outer_left",
					"parent": "toes_left",
					"pivot": [17, -7.2, -3],
					"rotation": [0, -15, 0],
					"cubes": [
						{"origin": [15.5, -10.2, -6], "size": [3, 3, 4], "inflate": 0.01, "uv": [165, 2]}
					]
				},
				{
					"name": "toe_outer_left2",
					"parent": "toe_outer_left",
					"pivot": [17, -7.2, -6],
					"cubes": [
						{"origin": [17, -10.2, -10], "size": [0, 3, 4], "uv": [155, 17]}
					]
				},
				{
					"name": "leg_right",
					"parent": "legs",
					"pivot": [-11, 19.3, 6.5],
					"cubes": [
						{"origin": [-18, 7.8, 0], "size": [8, 17, 13], "inflate": 0.01, "uv": [214, 30], "mirror": true}
					]
				},
				{
					"name": "leg_right2",
					"parent": "leg_right",
					"pivot": [-14, 7.8, 0],
					"cubes": [
						{"origin": [-17.5, -6.2, 0], "size": [7, 14, 9], "inflate": 0.01, "uv": [182, 25], "mirror": true}
					]
				},
				{
					"name": "foot_right",
					"parent": "leg_right2",
					"pivot": [-14, -6.2, 3],
					"cubes": [
						{"origin": [-18.5, -10.2, -3], "size": [9, 4, 12], "inflate": 0.02, "uv": [214, 60], "mirror": true}
					]
				},
				{
					"name": "toes_right",
					"parent": "foot_right",
					"pivot": [-14, -7.2, -3]
				},
				{
					"name": "toe_inner_right",
					"parent": "toes_right",
					"pivot": [-11, -7.2, -3],
					"rotation": [0, -15, 0],
					"cubes": [
						{"origin": [-12.5, -10.2, -6], "size": [3, 3, 4], "inflate": 0.01, "uv": [166, 29], "mirror": true}
					]
				},
				{
					"name": "toe_inner_right2",
					"parent": "toe_inner_right",
					"pivot": [-11, -7.2, -6],
					"cubes": [
						{"origin": [-11, -10.2, -10], "size": [0, 3, 4], "uv": [155, 32], "mirror": true}
					]
				},
				{
					"name": "toe_center_right",
					"parent": "toes_right",
					"pivot": [-14, -7.2, -3.5],
					"cubes": [
						{"origin": [-15.5, -10.2, -6.5], "size": [3, 3, 4], "inflate": 0.01, "uv": [153, 14], "mirror": true}
					]
				},
				{
					"name": "toe_center_right2",
					"parent": "toe_center_right",
					"pivot": [-14, -7.2, -6.5],
					"cubes": [
						{"origin": [-14, -10.2, -10.5], "size": [0, 3, 4], "uv": [155, 26], "mirror": true}
					]
				},
				{
					"name": "toe_outer_right",
					"parent": "toes_right",
					"pivot": [-17, -7.2, -3],
					"rotation": [0, 15, 0],
					"cubes": [
						{"origin": [-18.5, -10.2, -6], "size": [3, 3, 4], "inflate": 0.01, "uv": [165, 11], "mirror": true}
					]
				},
				{
					"name": "toe_outer_right2",
					"parent": "toe_outer_right",
					"pivot": [-17, -7.2, -6],
					"cubes": [
						{"origin": [-17, -10.2, -10], "size": [0, 3, 4], "uv": [155, 20], "mirror": true}
					]
				}
			]
		}
	]
}