{
	"format_version": "1.12.0",
	"minecraft:geometry": [
		{
			"description": {
				"identifier": "geometry.slowking_galarian",
				"texture_width": 128,
				"texture_height": 64,
				"visible_bounds_width": 4,
				"visible_bounds_height": 3.5,
				"visible_bounds_offset": [0, 1.25, 0]
			},
			"bones": [
				{
					"name": "slowking",
					"pivot": [0, 0, 0]
				},
				{
					"name": "body",
					"parent": "slowking",
					"pivot": [0, 11, 0]
				},
				{
					"name": "torso",
					"parent": "body",
					"pivot": [0, 6.5, 0],
					"cubes": [
						{"origin": [-5, 11, -4.5], "size": [10, 6, 9], "uv": [0, 17]},
						{"origin": [-5.5, 3, -5], "size": [11, 8, 11], "uv": [0, 32]},
						{"origin": [-4, 17, -4], "size": [8, 1, 8], "inflate": 0.01, "uv": [45, 38]}
					]
				},
				{
                    "name": "locator_seat_1",
                    "parent": "body",
                    "pivot": [0, 33, 3],
                    "locators": {
                        "seat_1": [0, 33, 3]
                    }
                },
				{
					"name": "tail",
					"parent": "torso",
					"pivot": [0, 6.5, 5],
					"cubes": [
						{"origin": [-4, 3.5, 4], "size": [8, 7, 6], "uv": [0, 51]}
					]
				},
				{
					"name": "tail2",
					"parent": "tail",
					"pivot": [0, 6.5, 7.1],
					"cubes": [
						{"origin": [-2.5, 4.5, 6], "size": [5, 5, 8], "uv": [28, 51]}
					]
				},
				{
					"name": "tail3",
					"parent": "tail2",
					"pivot": [0, 7, 13],
					"cubes": [
						{"origin": [-1.5, 5.5, 12], "size": [3, 3, 5], "uv": [69, 32]}
					]
				},
				{
					"name": "frills",
					"parent": "torso",
					"pivot": [0, 17.9, 0]
				},
				{
					"name": "front_frill",
					"parent": "frills",
					"pivot": [0, 17.3, -4],
					"rotation": [27.5, 0, 0],
					"cubes": [
						{"origin": [-6.5, 17.3, -6], "size": [13, 0, 3], "uv": [66, 40]}
					]
				},
				{
					"name": "front_frill2",
					"parent": "front_frill",
					"pivot": [0, 17.3, -6],
					"rotation": [45, 0, 0],
					"cubes": [
						{"origin": [-7.5, 17.3, -12], "size": [15, 0, 6], "uv": [59, 50]}
					]
				},
				{
					"name": "left_frill",
					"parent": "frills",
					"pivot": [4, 17.5, 0],
					"rotation": [0, 0, 22.5],
					"cubes": [
						{"origin": [3, 17.5, -5.5], "size": [3, 0, 11], "uv": [43, 47]}
					]
				},
				{
					"name": "left_frill2",
					"parent": "left_frill",
					"pivot": [6, 17.5, 0],
					"rotation": [0, 0, -20],
					"cubes": [
						{"origin": [6, 17.5, -7], "size": [8, 0, 14], "uv": [98, 50]}
					]
				},
				{
					"name": "right_frill",
					"parent": "frills",
					"pivot": [-4, 17.5, 0],
					"rotation": [0, 0, -22.5],
					"cubes": [
						{"origin": [-6, 17.5, -5.5], "size": [3, 0, 11], "uv": [36, 47]}
					]
				},
				{
					"name": "right_frill2",
					"parent": "right_frill",
					"pivot": [-6, 17.5, 0],
					"rotation": [0, 0, -57.5],
					"cubes": [
						{"origin": [-14, 17.5, -7], "size": [8, 0, 14], "pivot": [-6, 17.5, 0], "rotation": [0, 0, 77.5], "uv": [82, 50]}
					]
				},
				{
					"name": "back_frill",
					"parent": "frills",
					"pivot": [0, 17.4, 4],
					"rotation": [-27.5, 0, 0],
					"cubes": [
						{"origin": [-6, 17.4, 3], "size": [12, 0, 3], "uv": [66, 43]}
					]
				},
				{
					"name": "back_frill2",
					"parent": "back_frill",
					"pivot": [0, 17.4, 6],
					"rotation": [-55, 0, 0],
					"cubes": [
						{"origin": [-7.5, 17.4, 6], "size": [15, 0, 6], "uv": [59, 57]}
					]
				},
				{
					"name": "neck",
					"parent": "torso",
					"pivot": [0, 17.5, 0],
					"cubes": [
						{"origin": [-3.5, 16.5, -3.5], "size": [7, 4, 7], "uv": [29, 14]}
					]
				},
				{
					"name": "head",
					"parent": "neck",
					"pivot": [0, 17.8, 0]
				},
				{
					"name": "head_correction",
					"parent": "head",
					"pivot": [0, 17.8, 0]
				},
				{
					"name": "head_ai",
					"parent": "head_correction",
					"pivot": [0, 17.8, 0]
				},
				{
					"name": "head_angle",
					"parent": "head_ai",
					"pivot": [0, 17.8, 0],
					"cubes": [
						{"origin": [0.5, 19.8, -6.51], "size": [1, 1, 0], "uv": [84, 28]},
						{"origin": [-1.5, 19.8, -6.51], "size": [1, 1, 0], "uv": [84, 27]},
						{"origin": [2, 18.55, -6.25], "size": [1, 1, 0], "uv": [84, 23]},
						{"origin": [-3, 18.55, -6.25], "size": [1, 1, 0], "uv": [84, 22]},
						{"origin": [-4.5, 17.8, -4.5], "size": [9, 8, 9], "uv": [0, 0]},
						{"origin": [-4, 19.1, -6.5], "size": [8, 2, 3], "uv": [65, 21]}
					]
				},
				{
					"name": "jaw",
					"parent": "head_angle",
					"pivot": [0, 19.2, -4.5],
					"cubes": [
						{"origin": [-3.5, 18.2, -6.2], "size": [7, 1, 3], "uv": [67, 26]}
					]
				},
				{
					"name": "shell",
					"parent": "head_angle",
					"pivot": [0, 22.8, 0],
					"cubes": [
						{"origin": [-7.5, 21, -7.5], "size": [15, 6, 15], "uv": [68, 0]},
						{"origin": [-1.5, 23.5, -8.5], "size": [3, 3, 1], "uv": [0, 32]},
						{"origin": [-6.5, 20, -4.5], "size": [0, 1, 2], "uv": [116, 19]},
						{"origin": [6.5, 20, -4.5], "size": [0, 1, 2], "uv": [116, 20]},
						{"origin": [-5.5, 19.5, -6.51], "size": [11, 2, 0], "uv": [64, 30]},
						{"origin": [-5.5, 19, -7.5], "size": [11, 2, 0], "uv": [60, 47]},
						{"origin": [4.5, 22.5, -1.5], "size": [3, 4, 3], "pivot": [7, 22.3, 0.5], "rotation": [0, 0, 60], "uv": [116, 26]},
						{"origin": [7.6, 25.7, -1], "size": [2, 3, 2], "pivot": [7, 22.3, 0.5], "rotation": [0, 0, 25], "uv": [120, 21]},
						{"origin": [8.1, 28.7, -0.5], "size": [1, 0, 1], "inflate": 0.01, "pivot": [7, 22.3, 0.5], "rotation": [0, 0, 25], "uv": [115, 23]},
						{"origin": [-9.1, 28.7, -0.5], "size": [1, 0, 1], "inflate": 0.01, "pivot": [-7, 22.3, 0.5], "rotation": [0, 0, -25], "uv": [115, 24], "mirror": true},
						{"origin": [-7.5, 22.5, -1.5], "size": [3, 4, 3], "pivot": [-7, 22.3, 0.5], "rotation": [0, 0, -60], "uv": [31, 0]},
						{"origin": [-9.6, 25.7, -1], "size": [2, 3, 2], "pivot": [-7, 22.3, 0.5], "rotation": [0, 0, -25], "uv": [66, 32]},
						{"origin": [-6, 27, -6], "size": [12, 3, 12], "uv": [80, 21]},
						{"origin": [4, 28.9, -8.9], "size": [2, 3, 2], "pivot": [0, 28.3, -7], "rotation": [57.50001, -35, -0.00004], "uv": [120, 41]},
						{"origin": [-2.8, 28.5, 5], "size": [2, 3, 2], "pivot": [0, 28.3, 6], "rotation": [-75, -25, 0.00004], "uv": [120, 36]},
						{"origin": [-5, 30, -5], "size": [10, 3, 10], "uv": [88, 36]},
						{"origin": [-2, 33, -1.5], "size": [4, 4, 3], "uv": [114, 0]},
						{"origin": [0, 32.7, -1], "size": [2, 4, 2], "pivot": [0, 31.8, 0], "rotation": [-23.75529, -29.91193, 41.43138], "uv": [75, 0]},
						{"origin": [-2, 32.7, -1], "size": [2, 4, 2], "pivot": [0, 31.8, 0], "rotation": [23.75529, -29.91193, -41.43138], "uv": [113, 7]}
					]
				},
				{
					"name": "eyes",
					"parent": "shell",
					"pivot": [0, 22.1, -7.5]
				},
				{
					"name": "eye_left",
					"parent": "eyes",
					"pivot": [2.9, 22.1, -7.5],
					"cubes": [
						{"origin": [1.9, 21.2, -7.52], "size": [3, 1, 0], "pivot": [0.5, 18.4, 0.2], "rotation": [0, 0, -7.5], "uv": [0, 5]},
						{"origin": [1.4, 20.7, -7.51], "size": [4, 2, 0], "pivot": [0.5, 18.4, -0.3], "rotation": [0, 0, -7.5], "uv": [0, 2]},
						{"origin": [4.5, 22.7, -7.51], "size": [1, 1, 0], "uv": [0, 6]}
					]
				},
				{
					"name": "pupil_left",
					"parent": "eye_left",
					"pivot": [2.4, 22.1, -7.05],
					"cubes": [
						{"origin": [1.9, 21.6, -7.55], "size": [1, 1, 0], "uv": [6, 5]}
					]
				},
				{
					"name": "eye_right",
					"parent": "eyes",
					"pivot": [-2.9, 22.1, -7.5],
					"cubes": [
						{"origin": [-4.9, 21.2, -7.52], "size": [3, 1, 0], "pivot": [-0.5, 18.4, 0.2], "rotation": [0, 0, 7.5], "uv": [0, 4], "mirror": true},
						{"origin": [-5.4, 20.7, -7.51], "size": [4, 2, 0], "pivot": [-0.5, 18.4, -0.3], "rotation": [0, 0, 7.5], "uv": [0, 0], "mirror": true},
						{"origin": [-5.5, 22.7, -7.51], "size": [1, 1, 0], "uv": [0, 7], "mirror": true}
					]
				},
				{
					"name": "pupil_right",
					"parent": "eye_right",
					"pivot": [-2.4, 22.1, -7.05],
					"cubes": [
						{"origin": [-2.9, 21.6, -7.55], "size": [1, 1, 0], "uv": [6, 4], "mirror": true}
					]
				},
				{
					"name": "eyelid_left",
					"parent": "eyes",
					"pivot": [2.9, 22.1, -7.4],
					"cubes": [
						{"origin": [1.4, 20.7, -7.41], "size": [4, 2, 0], "pivot": [0.5, 18.4, -0.2], "rotation": [0, 0, -7.5], "uv": [0, 19]},
						{"origin": [4.5, 22.7, -7.41], "size": [1, 1, 0], "uv": [0, 21]}
					]
				},
				{
					"name": "eyelid_right",
					"parent": "eyes",
					"pivot": [-2.9, 22.1, -7.4],
					"cubes": [
						{"origin": [-5.4, 20.7, -7.41], "size": [4, 2, 0], "pivot": [-0.5, 18.4, -0.2], "rotation": [0, 0, 7.5], "uv": [0, 17], "mirror": true},
						{"origin": [-5.5, 22.7, -7.41], "size": [1, 1, 0], "uv": [0, 22], "mirror": true}
					]
				},
				{
					"name": "arms",
					"parent": "torso",
					"pivot": [0, 14.5, -0.75]
				},
				{
					"name": "arm_left",
					"parent": "arms",
					"pivot": [4, 14.5, -0.75],
					"cubes": [
						{"origin": [3.5, 13.5, -2.75], "size": [6, 3, 4], "inflate": 0.001, "uv": [34, 29]}
					]
				},
				{
					"name": "arm_left2",
					"parent": "arm_left",
					"pivot": [9.5, 16, 0.75],
					"cubes": [
						{"origin": [9.5, 14, -2.25], "size": [4, 2, 3], "uv": [51, 33]}
					]
				},
				{
					"name": "finger_left",
					"parent": "arm_left2",
					"pivot": [13.5, 16, -0.75],
					"cubes": [
						{"origin": [13.5, 15, -1.75], "size": [1, 1, 2], "uv": [44, 25]}
					]
				},
				{
					"name": "thumb_left",
					"parent": "arm_left2",
					"pivot": [12.75, 15, -1.75],
					"cubes": [
						{"origin": [12.25, 15, -3.25], "size": [1, 0, 2], "uv": [50, 14]}
					]
				},
				{
					"name": "arm_right",
					"parent": "arms",
					"pivot": [-4, 14.5, -0.75],
					"cubes": [
						{"origin": [-9.5, 13.5, -2.75], "size": [6, 3, 4], "inflate": 0.001, "uv": [33, 36]}
					]
				},
				{
					"name": "arm_right2",
					"parent": "arm_right",
					"pivot": [-9.5, 16, 0.75],
					"cubes": [
						{"origin": [-13.5, 14, -2.25], "size": [4, 2, 3], "uv": [50, 28]}
					]
				},
				{
					"name": "finger_right",
					"parent": "arm_right2",
					"pivot": [-13.5, 16, -0.75],
					"cubes": [
						{"origin": [-14.5, 15, -1.75], "size": [1, 1, 2], "uv": [38, 25]}
					]
				},
				{
					"name": "thumb_right",
					"parent": "arm_right2",
					"pivot": [-12.75, 15, -1.75],
					"cubes": [
						{"origin": [-13.25, 15, -3.25], "size": [1, 0, 2], "uv": [48, 14]}
					]
				},
				{
					"name": "legs",
					"parent": "body",
					"pivot": [0, 6, -1]
				},
				{
					"name": "leg_left",
					"parent": "legs",
					"pivot": [6, 6, -1],
					"cubes": [
						{"origin": [4, 2.5, -4], "size": [4, 7, 7], "uv": [58, 0]}
					]
				},
				{
					"name": "leg_left2",
					"parent": "leg_left",
					"pivot": [6, 2.5, -1],
					"cubes": [
						{"origin": [4.5, 0.5, -1], "size": [3, 3, 3], "uv": [22, 51]}
					]
				},
				{
					"name": "foot_left",
					"parent": "leg_left2",
					"pivot": [6, 1.5, 1.5],
					"cubes": [
						{"origin": [4, 0, -2.5], "size": [4, 2, 5], "inflate": 0.001, "uv": [52, 21]},
						{"origin": [4.5, 0, -3.5], "size": [3, 1, 2], "uv": [0, 37]}
					]
				},
				{
					"name": "leg_right",
					"parent": "legs",
					"pivot": [-6, 6, -1],
					"cubes": [
						{"origin": [-8, 2.5, -4], "size": [4, 7, 7], "uv": [36, 0]}
					]
				},
				{
					"name": "leg_right2",
					"parent": "leg_right",
					"pivot": [-6, 2.5, -1],
					"cubes": [
						{"origin": [-7.5, 0.5, -1], "size": [3, 3, 3], "uv": [51, 0]}
					]
				},
				{
					"name": "foot_right",
					"parent": "leg_right2",
					"pivot": [-6, 1.5, 1.5],
					"cubes": [
						{"origin": [-8, 0, -2.5], "size": [4, 2, 5], "inflate": 0.001, "uv": [50, 14]},
						{"origin": [-7.5, 0, -3.5], "size": [3, 1, 2], "uv": [0, 40]}
					]
				}
			]
		}
	]
}