{
	"format_version": "1.12.0",
	"minecraft:geometry": [
		{
			"description": {
				"identifier": "geometry.dubwool",
				"texture_width": 128,
				"texture_height": 64,
				"visible_bounds_width": 3,
				"visible_bounds_height": 3.5,
				"visible_bounds_offset": [0, 1.25, 0]
			},
			"bones": [
				{
					"name": "dubwool",
					"pivot": [0, 0, 0]
				},
				{
					"name": "body",
					"parent": "dubwool",
					"pivot": [0, 13, 0]
				},
				{
					"name": "torso",
					"parent": "body",
					"pivot": [0, 8.5, 3.75],
					"cubes": [
						{"origin": [-4, 7.75, 1], "size": [8, 8, 6], "uv": [45, 0]},
						{"origin": [-4, 7.75, -6], "size": [8, 8, 7], "inflate": 0.01, "uv": [38, 30]}
					]
				},
				{
                    "name": "locator_seat_1",
                    "parent": "body",
                    "pivot": [0, 19, 0],
                    "locators": {
                        "seat_1": [0, 19, 0]
                    }
                },
				{
					"name": "wool_shearable",
					"parent": "torso",
					"pivot": [0, 12.75, 0.25],
					"cubes": [
						{"origin": [-7.5, 5.25, -7.25], "size": [15, 15, 15], "uv": [0, 0]}
					]
				},
				{
					"name": "neck",
					"parent": "torso",
					"pivot": [0, 13, -6],
					"rotation": [47.5, 0, 0],
					"cubes": [
						{"origin": [-2, 11, -8], "size": [4, 6, 4], "uv": [72, 26]}
					]
				},
				{
					"name": "neck_wool_shearable",
					"parent": "neck",
					"pivot": [0, 15.5, -9.5],
					"rotation": [-62.5, 0, 0],
					"cubes": [
						{"origin": [-6, 13.75, -10.75], "size": [12, 11, 7], "uv": [0, 30]}
					]
				},
				{
					"name": "neck_wool_middle_right",
					"parent": "neck_wool_shearable",
					"pivot": [0.25, 13.75, -9.5],
					"rotation": [7.5, 0, 12.5],
					"cubes": [
						{"origin": [-1.75, 9.75, -9.5], "size": [2, 4, 0], "pivot": [-0.75, 11.75, -9.5], "rotation": [0, 0, 0], "uv": [0, 0]}
					]
				},
				{
					"name": "neck_wool_middle_left",
					"parent": "neck_wool_shearable",
					"pivot": [-0.25, 13.75, -9.5],
					"rotation": [7.5, 0, -12.5],
					"cubes": [
						{"origin": [-0.25, 9.75, -9.5], "size": [2, 4, 0], "uv": [10, 0]}
					]
				},
				{
					"name": "neck_wool_right",
					"parent": "neck_wool_shearable",
					"pivot": [-1.75, 13.75, -9.5],
					"rotation": [12.5, 0, 25],
					"cubes": [
						{"origin": [-3.75, 10.75, -9.5], "size": [2, 3, 0], "pivot": [-2.75, 12.25, -9.5], "rotation": [0, 0, 0], "uv": [31, 30]}
					]
				},
				{
					"name": "neck_wool_left",
					"parent": "neck_wool_shearable",
					"pivot": [1.75, 13.75, -9.5],
					"rotation": [12.5, 0, -25],
					"cubes": [
						{"origin": [1.75, 10.75, -9.5], "size": [2, 3, 0], "pivot": [2.75, 12.25, -9.5], "rotation": [0, 0, 0], "uv": [40, 30]}
					]
				},
				{
					"name": "head",
					"parent": "neck",
					"pivot": [0, 17, -6]
				},
				{
					"name": "head_correction",
					"parent": "head",
					"pivot": [0, 17, -6],
					"rotation": [-47.5, 0, 0]
				},
				{
					"name": "head_ai",
					"parent": "head_correction",
					"pivot": [0, 17, -6]
				},
				{
					"name": "head_angle",
					"parent": "head_ai",
					"pivot": [0, 17, -6],
					"rotation": [47.5, 0, 0],
					"cubes": [
						{"origin": [-2.5, 17, -8.5], "size": [5, 4, 5], "uv": [78, 3]},
						{"origin": [-1.5, 18, -10.5], "size": [3, 3, 2], "uv": [108, 18]},
						{"origin": [-1, 20, -10.5], "size": [2, 1, 1], "inflate": 0.01, "uv": [8, 13]}
					]
				},
				{
					"name": "eyes",
					"parent": "head_angle",
					"pivot": [0, 13, -4]
				},
				{
					"name": "eyebrows",
					"parent": "eyes",
					"pivot": [3, 20.8, -7]
				},
				{
					"name": "eyebrow_right",
					"parent": "eyebrows",
					"pivot": [3, 20.8, -7],
					"cubes": [
						{"origin": [-2.51, 19.8, -7], "size": [1, 1, 1], "uv": [31, 33]}
					]
				},
				{
					"name": "eyebrow_left",
					"parent": "eyebrows",
					"pivot": [3, 20.8, -7],
					"cubes": [
						{"origin": [1.51, 19.8, -7], "size": [1, 1, 1], "uv": [3, 35]}
					]
				},
				{
					"name": "eye_left",
					"parent": "eyes",
					"pivot": [2.5, 19.25, -7.5],
					"rotation": [-50, 0, 0],
					"cubes": [
						{"origin": [2.515, 19, -8], "size": [0, 0.5, 1], "uv": [5, 30]},
						{"origin": [2.51, 18.75, -8], "size": [0, 1, 1], "uv": [7, 12]},
						{"origin": [2.455, 18.75, -8], "size": [0, 1, 1], "inflate": 0.05, "uv": [13, 10]}
					]
				},
				{
					"name": "eyelid_left",
					"parent": "eye_left",
					"pivot": [1.86, 19.25, -7.5],
					"cubes": [
						{"origin": [1.36, 18.75, -8], "size": [1, 1, 1], "inflate": 0.06, "uv": [117, 0]}
					]
				},
				{
					"name": "eye_right",
					"parent": "eyes",
					"pivot": [-2.5, 19.25, -7.5],
					"rotation": [-50, 0, 0],
					"cubes": [
						{"origin": [-2.515, 19, -8], "size": [0, 0.5, 1], "uv": [5, 30], "mirror": true},
						{"origin": [-2.51, 18.75, -8], "size": [0, 1, 1], "uv": [5, 12]},
						{"origin": [-2.455, 18.75, -8], "size": [0, 1, 1], "inflate": 0.05, "uv": [0, 12]}
					]
				},
				{
					"name": "eyelid_right",
					"parent": "eye_right",
					"pivot": [-1.86, 19.25, -7.5],
					"cubes": [
						{"origin": [-2.36, 18.75, -8], "size": [1, 1, 1], "inflate": 0.06, "uv": [113, 0]}
					]
				},
				{
					"name": "mouth",
					"parent": "head_angle",
					"pivot": [0, 13.5, -4],
					"cubes": [
						{"origin": [-1, 18, -10.41], "size": [2, 2, 0], "uv": [40, 33]}
					]
				},
				{
					"name": "ear_right",
					"parent": "head_angle",
					"pivot": [-2.5, 19.25, -5],
					"rotation": [-40, -20, -15],
					"cubes": [
						{"origin": [-6, 17.25, -5], "size": [4, 2, 0], "uv": [5, 11]}
					]
				},
				{
					"name": "ear_left",
					"parent": "head_angle",
					"pivot": [2.5, 19.25, -5],
					"rotation": [-40, 20, 15],
					"cubes": [
						{"origin": [2, 17.25, -5], "size": [4, 2, 0], "uv": [106, 10]}
					]
				},
				{
					"name": "horns",
					"parent": "head_angle",
					"pivot": [1.5, 21, -5]
				},
				{
					"name": "horn_top_left",
					"parent": "horns",
					"pivot": [1.5, 21, -5],
					"rotation": [-55, 15, 7.5],
					"cubes": [
						{"origin": [0.5, 21, -5], "size": [2, 6, 2], "inflate": 0.01, "uv": [68, 22]}
					]
				},
				{
					"name": "horn_top_left2",
					"parent": "horn_top_left",
					"pivot": [1.5, 27, -5],
					"rotation": [-50, 0, 0],
					"cubes": [
						{"origin": [0.5, 27, -5], "size": [2, 5, 2], "uv": [74, 0]}
					]
				},
				{
					"name": "horn_top_left3",
					"parent": "horn_top_left2",
					"pivot": [1.5, 32, -4.75],
					"rotation": [-25, 0, 0],
					"cubes": [
						{"origin": [1, 32, -4.75], "size": [1, 4, 1], "inflate": 0.01, "uv": [45, 0]}
					]
				},
				{
					"name": "horn_top_right",
					"parent": "horns",
					"pivot": [-1.5, 21, -5],
					"rotation": [-55, -15, -7.5],
					"cubes": [
						{"origin": [-2.5, 21, -5], "size": [2, 6, 2], "inflate": 0.01, "uv": [60, 15]}
					]
				},
				{
					"name": "horn_top_right2",
					"parent": "horn_top_right",
					"pivot": [-1.5, 27, -5],
					"rotation": [-50, 0, 0],
					"cubes": [
						{"origin": [-2.5, 27, -5], "size": [2, 5, 2], "uv": [97, 38]}
					]
				},
				{
					"name": "horn_top_right3",
					"parent": "horn_top_right2",
					"pivot": [-1.5, 32, -4.75],
					"rotation": [-25, 0, 0],
					"cubes": [
						{"origin": [-2, 32, -4.75], "size": [1, 4, 1], "inflate": 0.01, "uv": [0, 30]}
					]
				},
				{
					"name": "horn_bottom_right",
					"parent": "head_angle",
					"pivot": [-2.5, 17.5, -3.5],
					"rotation": [45, 15, 15],
					"cubes": [
						{"origin": [-3, 17.5, -8.5], "size": [2, 2, 5], "inflate": 0.01, "uv": [31, 30]}
					]
				},
				{
					"name": "horn_bottom_right2",
					"parent": "horn_bottom_right",
					"pivot": [-2, 17.5, -8.5],
					"rotation": [-75, 0, 0],
					"cubes": [
						{"origin": [-3, 17.5, -12.5], "size": [2, 2, 4], "uv": [99, 19]}
					]
				},
				{
					"name": "horn_bottom_right3",
					"parent": "horn_bottom_right2",
					"pivot": [-1.75, 17.75, -12.5],
					"rotation": [-60, 0, -10],
					"cubes": [
						{"origin": [-2.25, 17.75, -15.5], "size": [1, 1, 3], "uv": [103, 25]}
					]
				},
				{
					"name": "horn_bottom_left",
					"parent": "head_angle",
					"pivot": [2.5, 17.5, -3.5],
					"rotation": [45, -15, -15],
					"cubes": [
						{"origin": [1, 17.5, -8.5], "size": [2, 2, 5], "inflate": 0.01, "uv": [93, 1]}
					]
				},
				{
					"name": "horn_bottom_left2",
					"parent": "horn_bottom_left",
					"pivot": [2, 17.5, -8.5],
					"rotation": [-75, 0, 0],
					"cubes": [
						{"origin": [1, 17.5, -12.5], "size": [2, 2, 4], "uv": [102, 31]}
					]
				},
				{
					"name": "horn_bottom_left3",
					"parent": "horn_bottom_left2",
					"pivot": [1.75, 17.75, -12.5],
					"rotation": [-60, 0, 10],
					"cubes": [
						{"origin": [1.25, 17.75, -15.5], "size": [1, 1, 3], "uv": [107, 0]}
					]
				},
				{
					"name": "tail",
					"parent": "torso",
					"pivot": [0, 14, 7],
					"rotation": [-42.5, 0, 0],
					"cubes": [
						{"origin": [-0.5, 13, 7], "size": [1, 1, 3], "inflate": 0.01, "uv": [102, 1]}
					]
				},
				{
					"name": "tail2",
					"parent": "tail",
					"pivot": [0, 13, 10],
					"rotation": [35, 0, 0],
					"cubes": [
						{"origin": [-0.5, 13, 10], "size": [1, 1, 3], "uv": [98, 26]}
					]
				},
				{
					"name": "leg_front_right",
					"parent": "body",
					"pivot": [-3.25, 12.5, -4],
					"cubes": [
						{"origin": [-4.75, 7, -5.5], "size": [3, 7, 3], "uv": [72, 12]}
					]
				},
				{
					"name": "leg_front_right2",
					"parent": "leg_front_right",
					"pivot": [-3.25, 7, -4.75],
					"cubes": [
						{"origin": [-4.25, 1.25, -4.75], "size": [2, 6, 2], "uv": [72, 36]}
					]
				},
				{
					"name": "leg_front_right3",
					"parent": "leg_front_right2",
					"pivot": [-3.25, 1.25, -3.75],
					"cubes": [
						{"origin": [-4.25, 0, -5], "size": [2, 2, 2], "inflate": 0.01, "uv": [61, 33]}
					]
				},
				{
					"name": "leg_front_left",
					"parent": "body",
					"pivot": [3.25, 12.5, -4],
					"cubes": [
						{"origin": [1.75, 7, -5.5], "size": [3, 7, 3], "uv": [97, 9]}
					]
				},
				{
					"name": "leg_front_left2",
					"parent": "leg_front_left",
					"pivot": [3.25, 7, -4.75],
					"cubes": [
						{"origin": [2.25, 1.25, -4.75], "size": [2, 6, 2], "uv": [84, 12]}
					]
				},
				{
					"name": "leg_front_left3",
					"parent": "leg_front_left2",
					"pivot": [3.25, 1.25, -3.75],
					"cubes": [
						{"origin": [2.25, 0, -5], "size": [2, 2, 2], "inflate": 0.01, "uv": [61, 29]}
					]
				},
				{
					"name": "leg_back_right",
					"parent": "body",
					"pivot": [-3.25, 12.5, 4.5],
					"cubes": [
						{"origin": [-4.75, 7, 2.5], "size": [3, 7, 4], "uv": [88, 26]}
					]
				},
				{
					"name": "leg_back_right2",
					"parent": "leg_back_right",
					"pivot": [-3.25, 7.2, 6],
					"cubes": [
						{"origin": [-4.25, 1.25, 4.75], "size": [2, 6, 2], "uv": [88, 37]}
					]
				},
				{
					"name": "leg_back_right3",
					"parent": "leg_back_right2",
					"pivot": [-3.25, 1.25, 5.75],
					"cubes": [
						{"origin": [-4.25, 0, 4.5], "size": [2, 2, 2], "inflate": 0.01, "uv": [90, 18]}
					]
				},
				{
					"name": "leg_back_left",
					"parent": "body",
					"pivot": [3.25, 12.5, 4.5],
					"cubes": [
						{"origin": [1.75, 7, 2.5], "size": [3, 7, 4], "uv": [0, 0]}
					]
				},
				{
					"name": "leg_back_left2",
					"parent": "leg_back_left",
					"pivot": [3.25, 7.2, 6],
					"cubes": [
						{"origin": [2.25, 1.25, 4.75], "size": [2, 6, 2], "uv": [80, 36]}
					]
				},
				{
					"name": "leg_back_left3",
					"parent": "leg_back_left2",
					"pivot": [3.25, 1.25, 5.75],
					"cubes": [
						{"origin": [2.25, 0, 4.5], "size": [2, 2, 2], "inflate": 0.01, "uv": [106, 6]}
					]
				}
			]
		}
	]
}