{
	"format_version": "1.12.0",
	"minecraft:geometry": [
		{
			"description": {
				"identifier": "geometry.bewear",
				"texture_width": 128,
				"texture_height": 128,
				"visible_bounds_width": 5,
				"visible_bounds_height": 4.5,
				"visible_bounds_offset": [0, 1.75, 0]
			},
			"bones": [
				{
					"name": "bewear",
					"pivot": [0, 0, 0]
				},
				{
					"name": "body",
					"parent": "bewear",
					"pivot": [0, 1, 0]
				},
				{
                    "name": "locator_seat_1",
                    "parent": "body",
                    "pivot": [0, 43, 2],
                    "locators": {
                        "seat_1": [0, 43, 2]
                    }
                },
				{
					"name": "torso",
					"parent": "body",
					"pivot": [0, 13.75, 0],
					"cubes": [
						{"origin": [-8, 11.75, -8], "size": [16, 19, 15], "inflate": 0.01, "uv": [0, 0]}
					]
				},
				{
					"name": "head",
					"parent": "torso",
					"pivot": [0, 30.75, -0.5],
					"cubes": [
						{"origin": [-8, 30.75, -8], "size": [16, 14, 15], "uv": [0, 34]},
						{"origin": [-4.5, 35, -11], "size": [9, 4, 3], "uv": [0, 63]}
					]
				},
				{
					"name": "jaw",
					"parent": "head",
					"pivot": [0, 38, -8.2],
					"rotation": [90, 0, 0],
					"cubes": [
						{"origin": [-4.5, 37.9, -10.95], "size": [9, 0, 3], "uv": [-3, 71]}
					]
				},
				{
					"name": "eyes",
					"parent": "head",
					"pivot": [0, 40, -8]
				},
				{
					"name": "eye_right",
					"parent": "eyes",
					"pivot": [-3.15, 40, -8],
					"rotation": [0, 0, -5],
					"cubes": [
						{"origin": [-4.15, 38.5, -8], "size": [2, 3, 0], "inflate": 0.01, "uv": [47, 4], "mirror": true}
					]
				},
				{
					"name": "eyelid_right",
					"parent": "eye_right",
					"pivot": [-3.29645, 40.61237, -7.4],
					"cubes": [
						{"origin": [-4.15, 38.5, -7.9], "size": [2, 3, 1], "inflate": 0.02, "uv": [62, 15], "mirror": true}
					]
				},
				{
					"name": "eye_left",
					"parent": "eyes",
					"pivot": [3.15, 40, -8],
					"rotation": [0, 0, 5],
					"cubes": [
						{"origin": [2.15, 38.5, -8], "size": [2, 3, 0], "inflate": 0.01, "uv": [47, 1]}
					]
				},
				{
					"name": "eyelid_left",
					"parent": "eye_left",
					"pivot": [3.29645, 40.61237, -7.4],
					"cubes": [
						{"origin": [2.15, 38.5, -7.9], "size": [2, 3, 1], "inflate": 0.02, "uv": [62, 19]}
					]
				},
				{
					"name": "ear_right_upper",
					"parent": "head",
					"pivot": [-6.25, 40.75, -5.5],
					"rotation": [0, 0, -40],
					"cubes": [
						{"origin": [-9.25, 39.75, -5.5], "size": [6, 10, 0], "inflate": 0.01, "uv": [0, 0]}
					]
				},
				{
					"name": "ear_right_bottom",
					"parent": "head",
					"pivot": [-7.5, 39, -5.5],
					"rotation": [0, 0, -115],
					"cubes": [
						{"origin": [-9.5, 38, -5.5], "size": [3, 5, 0], "uv": [0, 10]}
					]
				},
				{
					"name": "head_ruff_right",
					"parent": "head",
					"pivot": [-0.5, 44, -1],
					"rotation": [-10, 0, -37.5],
					"cubes": [
						{"origin": [-1.5, 44, -1], "size": [2, 5, 0], "uv": [0, 44]}
					]
				},
				{
					"name": "head_ruff_top",
					"parent": "head",
					"pivot": [0, 44.75, -0.85],
					"rotation": [-12.5, 0, 0],
					"cubes": [
						{"origin": [-1, 44.75, -0.85], "size": [2, 3, 0], "inflate": 0.01, "uv": [8, 44]}
					]
				},
				{
					"name": "head_ruff_left",
					"parent": "head",
					"pivot": [0.5, 44, -1],
					"rotation": [-10, 0, 37.5],
					"cubes": [
						{"origin": [-0.5, 44, -1], "size": [2, 5, 0], "uv": [4, 44]}
					]
				},
				{
					"name": "ear_left_upper",
					"parent": "head",
					"pivot": [6.25, 40.75, -5.5],
					"rotation": [0, 0, 40],
					"cubes": [
						{"origin": [3.25, 39.75, -5.5], "size": [6, 10, 0], "inflate": 0.01, "uv": [0, 34]}
					]
				},
				{
					"name": "ear_left_bottom",
					"parent": "head",
					"pivot": [7.5, 39, -5.5],
					"rotation": [0, 0, 115],
					"cubes": [
						{"origin": [6.5, 38, -5.5], "size": [3, 5, 0], "uv": [6, 10]}
					]
				},
				{
					"name": "arm_right",
					"parent": "torso",
					"pivot": [-8, 30.5, -0.5],
					"cubes": [
						{"origin": [-13, 23.5, -4.5], "size": [5, 7, 8], "inflate": 0.01, "uv": [74, 48]}
					]
				},
				{
					"name": "arm_right2",
					"parent": "arm_right",
					"pivot": [-13, 27.5, 2.5],
					"cubes": [
						{"origin": [-19, 23, -4.5], "size": [6, 8, 8], "uv": [72, 32]}
					]
				},
				{
					"name": "arm_right3",
					"parent": "arm_right2",
					"pivot": [-19, 27.5, 3],
					"cubes": [
						{"origin": [-25, 23, -4.5], "size": [6, 8, 8], "inflate": 0.01, "uv": [100, 11]},
						{"origin": [-24.5, 23, -4], "size": [5, 0, 7], "inflate": 0.02, "uv": [41, 34], "mirror": true}
					]
				},
				{
					"name": "arm_left",
					"parent": "torso",
					"pivot": [8, 30.5, -0.5],
					"cubes": [
						{"origin": [8, 23.5, -4.5], "size": [5, 7, 8], "inflate": 0.01, "uv": [74, 63]}
					]
				},
				{
					"name": "arm_left2",
					"parent": "arm_left",
					"pivot": [13, 27, 2.5],
					"cubes": [
						{"origin": [13, 23, -4.5], "size": [6, 8, 8], "uv": [24, 63]}
					]
				},
				{
					"name": "arm_left3",
					"parent": "arm_left2",
					"pivot": [19, 27, 3],
					"cubes": [
						{"origin": [19, 23, -4.5], "size": [6, 8, 8], "inflate": 0.01, "uv": [100, 27]},
						{"origin": [19.5, 23, -4], "size": [5, 0, 7], "inflate": 0.02, "uv": [41, 41]}
					]
				},
				{
					"name": "tail",
					"parent": "torso",
					"pivot": [0, 16.25, 7],
					"cubes": [
						{"origin": [-3, 13.25, 5.75], "size": [6, 6, 5], "uv": [106, 0]}
					]
				},
				{
					"name": "tail2",
					"parent": "tail",
					"pivot": [0, 16.25, 9.75],
					"cubes": [
						{"origin": [-3.5, 12.75, 9.75], "size": [7, 7, 10], "uv": [62, 15]}
					]
				},
				{
					"name": "leg_right",
					"parent": "body",
					"pivot": [-5, 13.75, 0],
					"cubes": [
						{"origin": [-8.5, 8, -3.5], "size": [7, 8, 7], "inflate": 0.01, "uv": [100, 43]}
					]
				},
				{
					"name": "leg_right2",
					"parent": "leg_right",
					"pivot": [-5, 8, -3.5],
					"cubes": [
						{"origin": [-8.5, 0, -3.5], "size": [7, 8, 7], "uv": [47, 0]},
						{"origin": [-7.85, 0.45, -3.75], "size": [1, 1, 1], "uv": [74, 3]},
						{"origin": [-6, 0.25, -4], "size": [2, 2, 1], "uv": [68, 1]},
						{"origin": [-3.1, 0.45, -3.75], "size": [1, 1, 1], "uv": [78, 3]}
					]
				},
				{
					"name": "leg_left",
					"parent": "body",
					"pivot": [5, 13.75, 0],
					"cubes": [
						{"origin": [1.5, 8, -3.5], "size": [7, 8, 7], "inflate": 0.01, "uv": [100, 58]}
					]
				},
				{
					"name": "leg_left2",
					"parent": "leg_left",
					"pivot": [5, 8, -3.5],
					"cubes": [
						{"origin": [1.5, 0, -3.5], "size": [7, 8, 7], "uv": [75, 0]},
						{"origin": [2.1, 0.45, -3.75], "size": [1, 1, 1], "uv": [78, 5], "mirror": true},
						{"origin": [4, 0.25, -4], "size": [2, 2, 1], "uv": [68, 4], "mirror": true},
						{"origin": [6.85, 0.45, -3.75], "size": [1, 1, 1], "uv": [74, 5], "mirror": true}
					]
				}
			]
		}
	]
}