{
	"format_version": "1.12.0",
	"minecraft:geometry": [
		{
			"description": {
				"identifier": "geometry.unknown",
				"texture_width": 256,
				"texture_height": 256,
				"visible_bounds_width": 5,
				"visible_bounds_height": 4.5,
				"visible_bounds_offset": [0, 1.75, 0]
			},
			"bones": [
				{
					"name": "druddigon",
					"pivot": [0, 0, 0]
				},
				{
					"name": "locator_root",
					"parent": "druddigon",
					"pivot": [0, 0, 0],
					"locators": {
						"root": [0, 0, 0]
					}
				},
				{
					"name": "locator_top",
					"parent": "druddigon",
					"pivot": [0, 35, 0],
					"locators": {
						"top": [0, 35, 0]
					}
				},
				{
					"name": "body",
					"parent": "druddigon",
					"pivot": [0, 0, 0]
				},
				{
                    "name": "locator_seat_1",
                    "parent": "body",
                    "pivot": [0, 24, -7],
                    "locators": {
                        "seat_1": [0, 24, -7]
                    }
                },
				{
					"name": "locator_middle",
					"parent": "body",
					"pivot": [0, 15, 0],
					"locators": {
						"middle": [0, 15, 0]
					}
				},
				{
					"name": "locator_target",
					"parent": "body",
					"pivot": [0, 15, -8],
					"locators": {
						"target": [0, 15, -8]
					}
				},
				{
					"name": "torso",
					"parent": "body",
					"pivot": [0, 11, 0],
					"rotation": [37.5, 0, 0],
					"cubes": [
						{"origin": [-5, 6, -3.4], "size": [10, 12, 10], "uv": [34, 0]},
						{"origin": [-5, 6, -3.4], "size": [10, 12, 10], "inflate": 0.4, "uv": [34, 22]}
					]
				},
				{
					"name": "tail_1",
					"parent": "torso",
					"pivot": [0, 7.95, 2],
					"rotation": [-60, 0, 0],
					"cubes": [
						{"origin": [-4, 3.45, 0], "size": [8, 8, 12], "uv": [34, 44]},
						{"origin": [0, 9.45, 7], "size": [0, 7, 4], "uv": [26, 83]}
					]
				},
				{
					"name": "tail_2",
					"parent": "tail_1",
					"pivot": [0, 7.45, 12],
					"rotation": [17.5, 0, 0],
					"cubes": [
						{"origin": [-3, 4.45, 10], "size": [6, 6, 9], "uv": [74, 17]},
						{"origin": [0, 9.95, 13], "size": [0, 7, 5], "pivot": [0, 10.45, 16], "rotation": [-5, 0, 0], "uv": [116, 100]}
					]
				},
				{
					"name": "locator_tail",
					"parent": "tail_2",
					"pivot": [0, 8, 18],
					"locators": {
						"tail": [0, 8, 18]
					}
				},
				{
					"name": "tail_3",
					"parent": "tail_2",
					"pivot": [0, 7.95, 19],
					"rotation": [10, 0, 0],
					"cubes": [
						{"origin": [-2, 5.95, 17], "size": [4, 4, 8], "uv": [100, 43]},
						{"origin": [0, 8.95, 19], "size": [0, 5, 4], "pivot": [0, 9.95, 21], "rotation": [-7.5, 0, 0], "uv": [76, 95]}
					]
				},
				{
					"name": "tail_4",
					"parent": "tail_3",
					"pivot": [0, 7.95, 25],
					"rotation": [7.5, 0, 0],
					"cubes": [
						{"origin": [-1.5, 6.45, 23], "size": [3, 3, 6], "uv": [52, 108]}
					]
				},
				{
					"name": "locator_tail_tip",
					"parent": "tail_4",
					"pivot": [0, 8, 29],
					"locators": {
						"tail_tip": [0, 8, 29]
					}
				},
				{
					"name": "chest",
					"parent": "torso",
					"pivot": [0, 18, 4],
					"rotation": [5, 0, 0],
					"cubes": [
						{"origin": [-4, 17, -2], "size": [8, 9, 8], "uv": [0, 66]},
						{"origin": [-4, 17, -2], "size": [8, 9, 8], "inflate": 0.4, "uv": [74, 0]}
					]
				},
				{
					"name": "wing_left",
					"parent": "chest",
					"pivot": [3, 24.5, 5.5],
					"rotation": [-7.5, 32.5, 0],
					"cubes": [
						{"origin": [3, 14.5, 4.5], "size": [0, 18, 13], "uv": [34, 64]}
					]
				},
				{
					"name": "locator_wing_left",
					"parent": "wing_left",
					"pivot": [3, 29, 15.5],
					"locators": {
						"wing2": [3, 29, 15.5]
					}
				},
				{
					"name": "wing_left2",
					"parent": "wing_left",
					"pivot": [3, 24.5, 17.5],
					"cubes": [
						{"origin": [3, 15.5, 17.5], "size": [0, 16, 17], "uv": [0, 0]}
					]
				},
				{
					"name": "wing_right",
					"parent": "chest",
					"pivot": [-3, 24.5, 5.5],
					"rotation": [-7.5, -32.5, 0],
					"cubes": [
						{"origin": [-3, 14.5, 4.5], "size": [0, 18, 13], "uv": [60, 64]}
					]
				},
				{
					"name": "locator_wing_right",
					"parent": "wing_right",
					"pivot": [-3, 29, 15.5],
					"locators": {
						"wing1": [-3, 29, 15.5]
					}
				},
				{
					"name": "wing_right2",
					"parent": "wing_right",
					"pivot": [-3, 24.5, 17.5],
					"cubes": [
						{"origin": [-3, 15.5, 17.5], "size": [0, 16, 17], "uv": [0, 33]}
					]
				},
				{
					"name": "arms",
					"parent": "chest",
					"pivot": [0.25, 23.1, 1.3]
				},
				{
					"name": "arm_right1",
					"parent": "arms",
					"pivot": [-3.25, 23.1, 1.3],
					"cubes": [
						{"origin": [-7.25, 22.1, -0.2], "size": [5, 3, 3], "uv": [48, 117]}
					]
				},
				{
					"name": "shoulder_spike_right",
					"parent": "arm_right1",
					"pivot": [-5.95, 24.6, 0.8],
					"rotation": [0, 0, -17.5],
					"cubes": [
						{"origin": [-7.45, 23.6, 1.3], "size": [3, 5, 0], "pivot": [-5.95, 24.6, 1.3], "rotation": [0, 0, -9], "uv": [128, 6]}
					]
				},
				{
					"name": "arm_right2",
					"parent": "arm_right1",
					"pivot": [-5, 23.2, 1.3],
					"cubes": [
						{"origin": [-13, 22.2, 0.3], "size": [9, 2, 2], "uv": [112, 66]}
					]
				},
				{
					"name": "arm_right3",
					"parent": "arm_right2",
					"pivot": [-12, 23.2, 2.3],
					"cubes": [
						{"origin": [-18, 21.2, -0.7], "size": [6, 4, 4], "uv": [76, 106]},
						{"origin": [-16.5, 25.2, 1.3], "size": [2, 3, 0], "uv": [42, 129]},
						{"origin": [-23, 21.7, -0.2], "size": [5, 3, 3], "uv": [118, 112]},
						{"origin": [-20.5, 24.7, 1.3], "size": [3, 4, 0], "uv": [46, 128]},
						{"origin": [-23, 24.7, 1.3], "size": [2, 2, 0], "uv": [86, 130]}
					]
				},
				{
					"name": "hand_right",
					"parent": "arm_right3",
					"pivot": [-23, 23.2, 1.3],
					"cubes": [
						{"origin": [-25, 22.2, -0.2], "size": [2, 2, 3], "inflate": 0.01, "uv": [102, 121]}
					]
				},
				{
					"name": "locator_blade_primary",
					"parent": "hand_right",
					"pivot": [-24, 23.2, 1.3],
					"rotation": [0, 90, 0],
					"locators": {
						"blade_primary": [-24, 23.2, 1.3]
					}
				},
				{
					"name": "locator_hand_primary",
					"parent": "hand_right",
					"pivot": [-24, 23.2, 1.3],
					"rotation": [0, 90, 0],
					"locators": {
						"hand_primary": [-24, 23.2, 0.3],
						"physical": [-24, 23.2, 1.3],
						"item": [-24, 23.2, 1.3]
					}
				},
				{
					"name": "finger_right1",
					"parent": "hand_right",
					"pivot": [-25, 24.2, 1.3],
					"cubes": [
						{"origin": [-28, 22.2, 0.3], "size": [3, 2, 2], "uv": [0, 123]}
					]
				},
				{
					"name": "claw_right1",
					"parent": "finger_right1",
					"pivot": [-28, 24.2, 1.3],
					"cubes": [
						{"origin": [-29.9, 22.2, 0.3], "size": [2, 2, 2], "inflate": -0.1, "uv": [86, 126]},
						{"origin": [-31.4, 21.7, 1.3], "size": [2, 2, 0], "inflate": 0.01, "uv": [90, 130]}
					]
				},
				{
					"name": "finger_right2",
					"parent": "hand_right",
					"pivot": [-23, 24.2, -0.2],
					"cubes": [
						{"origin": [-25, 22.2, -3.2], "size": [2, 2, 3], "uv": [1, 162]}
					]
				},
				{
					"name": "claw_right2",
					"parent": "finger_right2",
					"pivot": [-24, 24.2, -3.2],
					"cubes": [
						{"origin": [-25, 22.2, -5.1], "size": [2, 2, 2], "inflate": -0.1, "uv": [127, 88]},
						{"origin": [-23.9, 21.7, -6.7], "size": [0, 2, 2], "uv": [130, 90]}
					]
				},
				{
					"name": "finger_right3",
					"parent": "hand_right",
					"pivot": [-23, 24.2, 2.8],
					"cubes": [
						{"origin": [-25, 22.2, 2.8], "size": [2, 2, 3], "uv": [21, 162]}
					]
				},
				{
					"name": "claw_right3",
					"parent": "finger_right3",
					"pivot": [-24, 24.2, 5.8],
					"cubes": [
						{"origin": [-25, 22.2, 5.7], "size": [2, 2, 2], "inflate": -0.1, "uv": [27, 154]},
						{"origin": [-23.9, 21.7, 7.3], "size": [0, 2, 2], "uv": [117, 145]}
					]
				},
				{
					"name": "arm_left1",
					"parent": "arms",
					"pivot": [3.25, 23.1, 1.3],
					"cubes": [
						{"origin": [2.25, 22.1, -0.2], "size": [5, 3, 3], "uv": [48, 117], "mirror": true}
					]
				},
				{
					"name": "shoulder_spike_left",
					"parent": "arm_left1",
					"pivot": [5.95, 24.6, 0.8],
					"rotation": [0, 0, 17.5],
					"cubes": [
						{"origin": [4.45, 23.6, 1.3], "size": [3, 5, 0], "pivot": [5.95, 24.6, 1.3], "rotation": [0, 0, 9], "uv": [128, 6], "mirror": true}
					]
				},
				{
					"name": "arm_left2",
					"parent": "arm_left1",
					"pivot": [5, 23.2, 1.3],
					"cubes": [
						{"origin": [4, 22.2, 0.3], "size": [9, 2, 2], "uv": [112, 66], "mirror": true}
					]
				},
				{
					"name": "arm_left3",
					"parent": "arm_left2",
					"pivot": [12, 23.2, 2.3],
					"cubes": [
						{"origin": [12, 21.2, -0.7], "size": [6, 4, 4], "uv": [76, 106], "mirror": true},
						{"origin": [14.5, 25.2, 1.3], "size": [2, 3, 0], "uv": [42, 129], "mirror": true},
						{"origin": [18, 21.7, -0.2], "size": [5, 3, 3], "uv": [118, 112], "mirror": true},
						{"origin": [17.5, 24.7, 1.3], "size": [3, 4, 0], "uv": [46, 128], "mirror": true},
						{"origin": [21, 24.7, 1.3], "size": [2, 2, 0], "uv": [86, 130], "mirror": true}
					]
				},
				{
					"name": "hand_left",
					"parent": "arm_left3",
					"pivot": [23, 23.2, 1.3],
					"cubes": [
						{"origin": [23, 22.2, -0.2], "size": [2, 2, 3], "inflate": 0.01, "uv": [102, 121], "mirror": true}
					]
				},
				{
					"name": "locator_blade_secondary",
					"parent": "hand_left",
					"pivot": [24, 23.2, 1.3],
					"rotation": [0, -90, 0],
					"locators": {
						"blade_secondary": [24, 23.2, 1.3]
					}
				},
				{
					"name": "locator_hand_secondary",
					"parent": "hand_left",
					"pivot": [24, 23.2, 1.3],
					"rotation": [0, -90, 0],
					"locators": {
						"hand_secondary": [24, 23.2, 1.3]
					}
				},
				{
					"name": "finger_left1",
					"parent": "hand_left",
					"pivot": [25, 24.2, 1.3],
					"cubes": [
						{"origin": [25, 22.2, 0.3], "size": [3, 2, 2], "uv": [0, 123], "mirror": true}
					]
				},
				{
					"name": "claw_left1",
					"parent": "finger_left1",
					"pivot": [28, 24.2, 1.3],
					"cubes": [
						{"origin": [27.9, 22.2, 0.3], "size": [2, 2, 2], "inflate": -0.1, "uv": [86, 126], "mirror": true},
						{"origin": [29.4, 21.7, 1.3], "size": [2, 2, 0], "inflate": 0.01, "uv": [90, 130], "mirror": true}
					]
				},
				{
					"name": "finger_left2",
					"parent": "hand_left",
					"pivot": [23, 24.2, -0.2],
					"cubes": [
						{"origin": [23, 22.2, -3.2], "size": [2, 2, 3], "uv": [1, 162], "mirror": true}
					]
				},
				{
					"name": "claw_left2",
					"parent": "finger_left2",
					"pivot": [24, 24.2, -3.2],
					"cubes": [
						{"origin": [23, 22.2, -5.1], "size": [2, 2, 2], "inflate": -0.1, "uv": [127, 88], "mirror": true},
						{"origin": [23.9, 21.7, -6.7], "size": [0, 2, 2], "uv": [130, 90], "mirror": true}
					]
				},
				{
					"name": "finger_left3",
					"parent": "hand_left",
					"pivot": [23, 24.2, 2.8],
					"cubes": [
						{"origin": [23, 22.2, 2.8], "size": [2, 2, 3], "uv": [21, 162], "mirror": true}
					]
				},
				{
					"name": "claw_left3",
					"parent": "finger_left3",
					"pivot": [24, 24.2, 5.8],
					"cubes": [
						{"origin": [23, 22.2, 5.7], "size": [2, 2, 2], "inflate": -0.1, "uv": [27, 154], "mirror": true},
						{"origin": [23.9, 21.7, 7.3], "size": [0, 2, 2], "uv": [117, 145], "mirror": true}
					]
				},
				{
					"name": "neck",
					"parent": "chest",
					"pivot": [0, 26, 3],
					"rotation": [15, 0, 0]
				},
				{
					"name": "neck_mouth_closed",
					"parent": "neck",
					"pivot": [0, 26, 3],
					"cubes": [
						{"origin": [-3.5, 24, -0.5], "size": [7, 9, 6], "uv": [86, 91]}
					]
				},
				{
					"name": "neck_mouth_open",
					"parent": "neck",
					"pivot": [0, 26, 3],
					"cubes": [
						{"origin": [-3.5, 24, -0.5], "size": [7, 9, 6], "inflate": -0.01, "uv": [26, 95]}
					]
				},
				{
					"name": "neck_flair_top",
					"parent": "neck",
					"pivot": [0, 32, 5.5],
					"rotation": [7.5, 0, 0],
					"cubes": [
						{"origin": [-4, 26.5, 5.5], "size": [8, 7, 0], "uv": [102, 114]}
					]
				},
				{
					"name": "neck_flair_bottom",
					"parent": "neck",
					"pivot": [0, 32, -0.5],
					"rotation": [-7.5, 0, 0],
					"cubes": [
						{"origin": [-4, 27.5, -0.5], "size": [8, 5, 0], "pivot": [0, 32, -0.5], "rotation": [-10, 0, 0], "uv": [118, 118]}
					]
				},
				{
					"name": "neck_flair_left",
					"parent": "neck",
					"pivot": [3.5, 32, 2.5],
					"rotation": [0, 0, -8],
					"cubes": [
						{"origin": [3.5, 27.5, -1], "size": [0, 5, 7], "uv": [112, 70]}
					]
				},
				{
					"name": "neck_flair_right",
					"parent": "neck",
					"pivot": [-3.5, 32, 2.5],
					"rotation": [0, 0, 8],
					"cubes": [
						{"origin": [-3.5, 27.5, -1], "size": [0, 5, 7], "uv": [112, 82]}
					]
				},
				{
					"name": "head",
					"parent": "neck",
					"pivot": [0, 33, 2],
					"rotation": [-35, 0, 0]
				},
				{
					"name": "head_ai",
					"parent": "head",
					"pivot": [0, 33, 2]
				},
				{
					"name": "head_angle",
					"parent": "head_ai",
					"pivot": [0, 33, 2],
					"cubes": [
						{"origin": [-4, 33, -3], "size": [8, 3, 8], "uv": [74, 32]},
						{"origin": [3.99, 35.5, -3], "size": [0, 3, 8], "uv": [0, 112]},
						{"origin": [-4, 35.5, -2.99], "size": [1, 1, 0], "uv": [32, 82]},
						{"origin": [-3.99, 35.5, -3], "size": [0, 3, 8], "uv": [112, 55]},
						{"origin": [3, 35.5, -2.99], "size": [1, 1, 0], "uv": [84, 61]},
						{"origin": [-3, 33, -7], "size": [6, 3, 4], "uv": [24, 110]},
						{"origin": [1, 35.5, -6.99], "size": [2, 2, 0], "uv": [82, 130]},
						{"origin": [2.99, 35.5, -7], "size": [0, 2, 4], "uv": [30, 123]},
						{"origin": [-3, 35.5, -6.99], "size": [2, 2, 0], "uv": [130, 94]},
						{"origin": [-2.99, 35.5, -7], "size": [0, 2, 4], "uv": [38, 123]},
						{"origin": [-4, 31, 1], "size": [8, 2, 4], "uv": [106, 0]},
						{"origin": [2.29, 31.2, -6.6], "size": [0, 2, 3], "pivot": [2.29, 33.2, -5.1], "rotation": [0, 25, 0], "uv": [126, 127]},
						{"origin": [-2.29, 31.2, -6.6], "size": [0, 2, 3], "pivot": [-2.29, 33.2, -5.1], "rotation": [0, -25, 0], "uv": [128, 11]},
						{"origin": [3.99, 31, -3], "size": [0, 2, 4], "uv": [44, 110]},
						{"origin": [-3.99, 31, -3], "size": [0, 2, 4], "uv": [70, 122]},
						{"origin": [-3.99, 32, -3], "size": [1, 1, 0], "uv": [32, 80]},
						{"origin": [2.99, 32, -3], "size": [1, 1, 0], "uv": [32, 81]}
					]
				},
				{
					"name": "locator_head",
					"parent": "head_angle",
					"pivot": [0, 36, -1.5],
					"locators": {
						"head": [0, 36, -1.5],
						"item_hat": [0, 36, -1.5]
					}
				},
				{
					"name": "locator_face",
					"parent": "head_angle",
					"pivot": [0, 34.4, -7],
					"locators": {
						"face": [0, 34.4, -7],
						"item_face": [0, 34.4, -7]
					}
				},
				{
					"name": "locator_mouth",
					"parent": "head_angle",
					"pivot": [0, 33, 1],
					"locators": {
						"mouth": [0, 33, 1],
						"special": [0, 33, 1]
					}
				},
				{
					"name": "locator_jaw_upper",
					"parent": "head_angle",
					"pivot": [0, 33, -6.4],
					"locators": {
						"jaw1": [0, 33, -6.4]
					}
				},
				{
					"name": "eyes",
					"parent": "head_angle",
					"pivot": [4, 34.2, -1.5]
				},
				{
					"name": "eye_left",
					"parent": "eyes",
					"pivot": [4, 34.2, -1.5],
					"cubes": [
						{"origin": [4, 33.2, -3], "size": [0, 2, 3], "inflate": 0.01, "uv": [70, 108]}
					]
				},
				{
					"name": "locator_eye_left",
					"parent": "eye_left",
					"pivot": [4, 34.2, -2],
					"locators": {
						"eye2": [4, 34.2, -2]
					}
				},
				{
					"name": "pupil_left",
					"parent": "eye_left",
					"pivot": [3.5, 34.2, -2.1],
					"cubes": [
						{"origin": [3, 33.2, -2.4], "size": [1, 2, 1], "inflate": 0.02, "uv": [128, 63]}
					]
				},
				{
					"name": "eyelid_left",
					"parent": "eye_left",
					"pivot": [0.9, 32.2, 2],
					"cubes": [
						{"origin": [2.9, 33.2, -2.9], "size": [1, 2, 3], "inflate": 0.03, "uv": [126, 28]}
					]
				},
				{
					"name": "eyelid_angry_left",
					"parent": "eye_left",
					"pivot": [1, 32.7, 2.5],
					"cubes": [
						{"origin": [3, 34.2, -3], "size": [1, 1, 1], "inflate": 0.03, "uv": [82, 104]},
						{"origin": [3, 34.7, -2.5], "size": [1, 1, 2], "inflate": 0.03, "uv": [128, 25]}
					]
				},
				{
					"name": "eyelid_sad_left",
					"parent": "eye_left",
					"pivot": [0.9, 32.7, 2.5],
					"cubes": [
						{"origin": [2.9, 34.7, -2], "size": [1, 1, 2], "inflate": 0.03, "uv": [128, 53]}
					]
				},
				{
					"name": "eyelid_unamused_left",
					"parent": "eye_left",
					"pivot": [0.9, 32.7, 2.5],
					"cubes": [
						{"origin": [2.9, 34.7, -2.89], "size": [1, 1, 3], "inflate": 0.03, "uv": [8, 127]}
					]
				},
				{
					"name": "eyelid_happy_left",
					"parent": "eye_left",
					"pivot": [0.9, 32.2, 2],
					"cubes": [
						{"origin": [2.9, 33.2, -2.9], "size": [1, 2, 3], "inflate": 0.03, "uv": [126, 33]}
					]
				},
				{
					"name": "eyelid_recoil_left",
					"parent": "eye_left",
					"pivot": [0.9, 32.2, 2],
					"cubes": [
						{"origin": [2.9, 33.2, -2.9], "size": [1, 2, 3], "inflate": 0.03, "uv": [126, 38]}
					]
				},
				{
					"name": "eye_right",
					"parent": "eyes",
					"pivot": [-4, 34.2, -1.5],
					"cubes": [
						{"origin": [-4, 33.2, -3], "size": [0, 2, 3], "inflate": 0.01, "uv": [128, 16]}
					]
				},
				{
					"name": "locator_eye_right",
					"parent": "eye_right",
					"pivot": [-4, 34.2, -2],
					"locators": {
						"eye1": [-4, 34.2, -2]
					}
				},
				{
					"name": "pupil_right",
					"parent": "eye_right",
					"pivot": [-3.5, 34.2, -2.1],
					"cubes": [
						{"origin": [-4, 33.2, -2.4], "size": [1, 2, 1], "inflate": 0.02, "uv": [130, 0]}
					]
				},
				{
					"name": "eyelid_right",
					"parent": "eye_right",
					"pivot": [-0.9, 32.2, 2],
					"cubes": [
						{"origin": [-3.9, 33.2, -2.9], "size": [1, 2, 3], "inflate": 0.03, "uv": [62, 126]}
					]
				},
				{
					"name": "eyelid_angry_right",
					"parent": "eye_right",
					"pivot": [-1, 32.7, 2.5],
					"cubes": [
						{"origin": [-4, 34.2, -3], "size": [1, 1, 1], "inflate": 0.03, "uv": [130, 96]},
						{"origin": [-4, 34.7, -2.5], "size": [1, 1, 2], "inflate": 0.03, "uv": [56, 128]}
					]
				},
				{
					"name": "eyelid_sad_right",
					"parent": "eye_right",
					"pivot": [-0.9, 32.7, 2.5],
					"cubes": [
						{"origin": [-3.9, 34.7, -2], "size": [1, 1, 2], "inflate": 0.03, "uv": [128, 56]}
					]
				},
				{
					"name": "eyelid_unamused_right",
					"parent": "eye_right",
					"pivot": [-0.9, 32.7, 2.5],
					"cubes": [
						{"origin": [-3.9, 34.7, -2.89], "size": [1, 1, 3], "inflate": 0.03, "uv": [16, 127]}
					]
				},
				{
					"name": "eyelid_happy_right",
					"parent": "eye_right",
					"pivot": [-0.9, 32.2, 2],
					"cubes": [
						{"origin": [-3.9, 33.2, -2.9], "size": [1, 2, 3], "inflate": 0.03, "uv": [126, 70]}
					]
				},
				{
					"name": "eyelid_recoil_right",
					"parent": "eye_right",
					"pivot": [-0.9, 32.2, 2],
					"cubes": [
						{"origin": [-3.9, 33.2, -2.9], "size": [1, 2, 3], "inflate": 0.03, "uv": [126, 75]}
					]
				},
				{
					"name": "head_hidden",
					"parent": "head_angle",
					"pivot": [0, 32.5, 3],
					"cubes": [
						{"origin": [-3.5, 29.5, 0], "size": [7, 6, 5], "inflate": -0.02, "uv": [104, 17]}
					]
				},
				{
					"name": "jaw",
					"parent": "head_angle",
					"pivot": [0, 33, 2.5],
					"rotation": [-27.5, 0, 0],
					"cubes": [
						{"origin": [-4, 29, 0.5], "size": [8, 5, 2], "inflate": 0.01, "uv": [106, 36]},
						{"origin": [3.8, 28, 0.5], "size": [0, 6, 3], "inflate": 0.01, "pivot": [3.8, 31.5, 1], "rotation": [-2.81797, 27.47162, -1.30078], "uv": [64, 117]},
						{"origin": [-3.8, 28, 0.5], "size": [0, 6, 3], "inflate": 0.01, "pivot": [-3.8, 31.5, 1], "rotation": [-2.81797, -27.47162, 1.30078], "uv": [112, 121]},
						{"origin": [-3.5, 28.8, -1], "size": [7, 2, 4], "inflate": 0.01, "pivot": [0, 29, 2.5], "rotation": [27.5, 0, 0], "uv": [106, 6]},
						{"origin": [-2, 30.3, -3], "size": [4, 2, 6], "inflate": 0.01, "pivot": [0, 29, 2.5], "rotation": [27.5, 0, 0], "uv": [96, 106]},
						{"origin": [-2.5, 28.8, -4.5], "size": [5, 2, 4], "inflate": 0.01, "pivot": [0, 29, 2.5], "rotation": [27.5, 0, 0], "uv": [112, 94]},
						{"origin": [2.5, 30.8, -3], "size": [0, 2, 2], "inflate": 0.01, "pivot": [0, 29, 2.5], "rotation": [27.5, 0, 0], "uv": [98, 122]},
						{"origin": [2.5, 30.8, -1], "size": [1, 1, 0], "inflate": 0.01, "pivot": [0, 29, 2.5], "rotation": [27.5, 0, 0], "uv": [84, 59]},
						{"origin": [3.5, 30.8, -1], "size": [0, 1, 1], "inflate": 0.01, "pivot": [0, 29, 2.5], "rotation": [27.5, 0, 0], "uv": [32, 76]},
						{"origin": [-3.5, 30.8, -1], "size": [1, 1, 0], "inflate": 0.01, "pivot": [0, 29, 2.5], "rotation": [27.5, 0, 0], "uv": [84, 60]},
						{"origin": [-3.5, 30.8, -1], "size": [0, 1, 1], "inflate": 0.01, "pivot": [0, 29, 2.5], "rotation": [27.5, 0, 0], "uv": [32, 78]},
						{"origin": [-2.5, 30.8, -3], "size": [0, 2, 2], "inflate": 0.01, "pivot": [0, 29, 2.5], "rotation": [27.5, 0, 0], "uv": [128, 59]},
						{"origin": [2.5, 26.24473, -1.8992], "size": [0, 1, 1], "pivot": [2.5, 26.74473, -1.3992], "rotation": [-17.5, 0, 0], "uv": [32, 72]},
						{"origin": [-2.5, 26.24473, -1.8992], "size": [0, 1, 1], "pivot": [-2.5, 26.74473, -1.3992], "rotation": [-17.5, 0, 0], "uv": [32, 74]},
						{"origin": [-1.5, 27.36438, -4.54022], "size": [3, 2, 0], "pivot": [0, 27.36438, -4.54022], "rotation": [37.5, 0, 0], "uv": [76, 104]},
						{"origin": [1.5, 26.36438, -4.54022], "size": [0, 2, 1], "pivot": [0, 27.36438, -4.54022], "rotation": [37.5, 0, 0], "uv": [32, 66]},
						{"origin": [-1.5, 26.36438, -4.54022], "size": [0, 2, 1], "pivot": [0, 27.36438, -4.54022], "rotation": [37.5, 0, 0], "uv": [32, 69]}
					]
				},
				{
					"name": "locator_jaw_lower",
					"parent": "jaw",
					"pivot": [0, 27.59235, -4.11544],
					"rotation": [27.5, 0, 0],
					"locators": {
						"jaw2": {
							"offset": [0, 27.59235, -4.11544],
							"rotation": [-90, 0, 0]
						}
					}
				},
				{
					"name": "leg_left1",
					"parent": "body",
					"pivot": [4.5, 11, 0],
					"rotation": [-37.5, 0, 0],
					"cubes": [
						{"origin": [2.5, 3.5, -4], "size": [6, 9, 7], "uv": [74, 43]},
						{"origin": [2.5, 3.5, -4], "size": [6, 9, 7], "inflate": 0.25, "uv": [0, 83]}
					]
				},
				{
					"name": "leg_left2",
					"parent": "leg_left1",
					"pivot": [5.5, 3.6, -0.5],
					"rotation": [-32.5, 0, 0],
					"cubes": [
						{"origin": [4, 1.6, -2.5], "size": [3, 4, 9], "uv": [52, 95]}
					]
				},
				{
					"name": "foot_left",
					"parent": "leg_left2",
					"pivot": [5.5, 5.6, 6],
					"rotation": [2.5, 0, 0],
					"cubes": [
						{"origin": [3, 0.6, 6], "size": [5, 5, 3], "inflate": -0.01, "uv": [70, 114]}
					]
				},
				{
					"name": "locator_foot_secondary",
					"parent": "foot_left",
					"pivot": [5.5, 2.6, 7.5],
					"rotation": [90, 0, 0],
					"locators": {
						"foot_secondary": [5.5, 2.6, 7.5]
					}
				},
				{
					"name": "toe_left1",
					"parent": "foot_left",
					"pivot": [5.5, 0.6, 8],
					"cubes": [
						{"origin": [4.5, -1.9, 6.9], "size": [2, 3, 2], "inflate": 0.1, "uv": [16, 112]}
					]
				},
				{
					"name": "toe_claw_left1",
					"parent": "toe_left1",
					"pivot": [5.5, -2, 7],
					"cubes": [
						{"origin": [4.5, -4, 6.9], "size": [2, 2, 2], "uv": [126, 100]},
						{"origin": [5.5, -5.5, 6.9], "size": [0, 2, 2], "uv": [70, 128]}
					]
				},
				{
					"name": "toe_left2",
					"parent": "foot_left",
					"pivot": [3.5, 1.1, 8],
					"cubes": [
						{"origin": [2.5, -1.4, 6.9], "size": [2, 3, 2], "inflate": 0.1, "uv": [46, 123]}
					]
				},
				{
					"name": "toe_claw_left2",
					"parent": "toe_left2",
					"pivot": [3.5, -1.5, 7],
					"cubes": [
						{"origin": [2.5, -3.5, 6.9], "size": [2, 2, 2], "uv": [102, 126]},
						{"origin": [3.5, -5, 6.9], "size": [0, 2, 2], "uv": [74, 128]}
					]
				},
				{
					"name": "toe_left3",
					"parent": "foot_left",
					"pivot": [7.5, 1.1, 8],
					"cubes": [
						{"origin": [6.5, -1.4, 6.9], "size": [2, 3, 2], "inflate": 0.1, "uv": [54, 123]}
					]
				},
				{
					"name": "toe_claw_left3",
					"parent": "toe_left3",
					"pivot": [7.5, -1.5, 7],
					"cubes": [
						{"origin": [6.5, -3.5, 6.9], "size": [2, 2, 2], "uv": [126, 104]},
						{"origin": [7.5, -5, 6.9], "size": [0, 2, 2], "uv": [118, 128]}
					]
				},
				{
					"name": "spike_foot_left",
					"parent": "foot_left",
					"pivot": [5.5, 5.6, 7],
					"rotation": [27.5, 0, 0],
					"cubes": [
						{"origin": [5.5, 5.1, 6], "size": [0, 4, 2], "uv": [112, 100]}
					]
				},
				{
					"name": "leg_right1",
					"parent": "body",
					"pivot": [-4.5, 11, 0],
					"rotation": [-37.5, 0, 0],
					"cubes": [
						{"origin": [-8.5, 3.5, -4], "size": [6, 9, 7], "uv": [86, 59]},
						{"origin": [-8.5, 3.5, -4], "size": [6, 9, 7], "inflate": 0.25, "uv": [86, 75]}
					]
				},
				{
					"name": "leg_right2",
					"parent": "leg_right1",
					"pivot": [-5.5, 3.6, -0.5],
					"rotation": [-32.5, 0, 0],
					"cubes": [
						{"origin": [-7, 1.6, -2.5], "size": [3, 4, 9], "uv": [0, 99]}
					]
				},
				{
					"name": "foot_right",
					"parent": "leg_right2",
					"pivot": [-5.5, 5.6, 6],
					"rotation": [2.5, 0, 0],
					"cubes": [
						{"origin": [-8, 0.6, 6], "size": [5, 5, 3], "inflate": -0.01, "uv": [86, 114]}
					]
				},
				{
					"name": "locator_foot_primary",
					"parent": "foot_right",
					"pivot": [-5.5, 2.6, 7.5],
					"rotation": [90, 0, 0],
					"locators": {
						"foot_primary": [-5.5, 2.6, 7.5]
					}
				},
				{
					"name": "toe_right1",
					"parent": "foot_right",
					"pivot": [-5.5, 0.6, 8],
					"cubes": [
						{"origin": [-6.5, -1.9, 6.9], "size": [2, 3, 2], "inflate": 0.1, "uv": [118, 123]}
					]
				},
				{
					"name": "toe_claw_right1",
					"parent": "toe_right1",
					"pivot": [-5.5, -2, 7],
					"cubes": [
						{"origin": [-6.5, -4, 6.9], "size": [2, 2, 2], "uv": [126, 108]},
						{"origin": [-5.5, -5.5, 6.9], "size": [0, 2, 2], "uv": [122, 128]}
					]
				},
				{
					"name": "toe_right2",
					"parent": "foot_right",
					"pivot": [-3.5, 1.1, 8],
					"cubes": [
						{"origin": [-4.5, -1.4, 6.9], "size": [2, 3, 2], "inflate": 0.1, "uv": [124, 43]}
					]
				},
				{
					"name": "toe_claw_right2",
					"parent": "toe_right2",
					"pivot": [-3.5, -1.5, 7],
					"cubes": [
						{"origin": [-4.5, -3.5, 6.9], "size": [2, 2, 2], "uv": [126, 123]},
						{"origin": [-3.5, -5, 6.9], "size": [0, 2, 2], "uv": [30, 129]}
					]
				},
				{
					"name": "toe_right3",
					"parent": "foot_right",
					"pivot": [-7.5, 1.1, 8],
					"cubes": [
						{"origin": [-8.5, -1.4, 6.9], "size": [2, 3, 2], "inflate": 0.1, "uv": [124, 48]}
					]
				},
				{
					"name": "toe_claw_right3",
					"parent": "toe_right3",
					"pivot": [-7.5, -1.5, 7],
					"cubes": [
						{"origin": [-8.5, -3.5, 6.9], "size": [2, 2, 2], "uv": [0, 127]},
						{"origin": [-7.5, -5, 6.9], "size": [0, 2, 2], "uv": [34, 129]}
					]
				},
				{
					"name": "spike_foot_right",
					"parent": "foot_right",
					"pivot": [-5.5, 5.6, 7],
					"rotation": [27.5, 0, 0],
					"cubes": [
						{"origin": [-5.5, 5.1, 6], "size": [0, 4, 2], "uv": [52, 128]}
					]
				}
			]
		}
	]
}