{
	"format_version": "1.12.0",
	"minecraft:geometry": [
		{
			"description": {
				"identifier": "geometry.unknown",
				"texture_width": 128,
				"texture_height": 128,
				"visible_bounds_width": 5,
				"visible_bounds_height": 4.5,
				"visible_bounds_offset": [0, 1.75, 0]
			},
			"bones": [
				{
					"name": "ironcrown",
					"pivot": [0, 0.5, 0]
				},
				{
					"name": "legs",
					"parent": "ironcrown",
					"pivot": [0, 0.5, 0]
				},
				{
					"name": "right_leg",
					"parent": "legs",
					"pivot": [1.5, 20.05, -4.5],
					"cubes": [
						{"origin": [3.5, 15.05, -9], "size": [5, 8, 6], "pivot": [4.5, 15.05, -8], "rotation": [-7, 0, 0], "uv": [74, 30]}
					]
				},
				{
					"name": "right_leg2",
					"parent": "right_leg",
					"pivot": [1.5, 12.25, -5.5],
					"cubes": [
						{"origin": [4, 4.05, -8], "size": [4, 7, 5], "inflate": 0.1, "uv": [66, 97]},
						{"origin": [4.55, 11.05, -7], "size": [3, 4, 3], "inflate": 0.08, "uv": [33, 27]}
					]
				},
				{
					"name": "right_leg3",
					"parent": "right_leg2",
					"pivot": [6, 7.05, -8.6],
					"cubes": [
						{"origin": [3.5, 0.05, -9.05], "size": [5, 7, 7], "uv": [24, 77]},
						{"origin": [4, 0.05, -12.05], "size": [4, 2, 3], "uv": [100, 24]}
					]
				},
				{
					"name": "bone",
					"parent": "right_leg3",
					"pivot": [-1.45, -1, 2.325],
					"cubes": [
						{"origin": [7.05, 6.01369, -9.56802], "size": [2, 2, 1], "inflate": 0.01, "uv": [122, 33], "mirror": true},
						{"origin": [3.05, 6.01369, -9.56802], "size": [2, 2, 1], "uv": [122, 125], "mirror": true},
						{"origin": [3.05, 6.01369, -8.56802], "size": [6, 2, 7], "uv": [40, 52], "mirror": true},
						{"origin": [5.05, 6.01369, -9.56802], "size": [4, 2, 1], "inflate": 0.01, "pivot": [5.05, 8.01369, -9.06802], "rotation": [0, 0, 57.5], "uv": [118, 26]},
						{"origin": [3.05, 6.01369, -9.56802], "size": [4, 2, 1], "inflate": 0.02, "pivot": [7.05, 8.01369, -9.06802], "rotation": [0, 0, -57.5], "uv": [118, 26], "mirror": true},
						{"origin": [5.55, 3.51369, -9.56802], "size": [1, 1, 1], "uv": [22, 126]},
						{"origin": [5.55, 4.08869, -9.56802], "size": [1, 1, 1], "uv": [26, 126]}
					]
				},
				{
					"name": "left_leg_back",
					"parent": "legs",
					"pivot": [5.95, 18.87106, 12.00948],
					"cubes": [
						{"origin": [3.45, 15.05, 13.175], "size": [5, 7, 6], "pivot": [7.45, 12.05, 11.175], "rotation": [17.5, 0, 0], "uv": [72, 84]},
						{"origin": [4.775, 13.50654, 13.78916], "size": [3, 4, 4], "inflate": -0.005, "pivot": [7.275, 15.50654, 15.78916], "rotation": [-2.5, 0, 0], "uv": [102, 16], "mirror": true}
					]
				},
				{
					"name": "left_leg5",
					"parent": "left_leg_back",
					"pivot": [10.75, 12.25, 15.375],
					"cubes": [
						{"origin": [4.25, 5.05, 14.575], "size": [4, 9, 5], "pivot": [7.25, 4.05, 15.575], "rotation": [16, 0, 0], "uv": [96, 30]}
					]
				},
				{
					"name": "left_leg6",
					"parent": "left_leg5",
					"pivot": [6.25, 7.05, 12.275],
					"cubes": [
						{"origin": [3.75, 0.05, 12.325], "size": [5, 7, 7], "uv": [0, 82]},
						{"origin": [4.25, 0.05, 9.325], "size": [4, 2, 3], "uv": [28, 107]}
					]
				},
				{
					"name": "bone3",
					"parent": "left_leg6",
					"pivot": [-1.225, -1, 23.5],
					"cubes": [
						{"origin": [7.275, 6.01369, 11.60698], "size": [2, 2, 1], "inflate": 0.01, "uv": [122, 33], "mirror": true},
						{"origin": [3.275, 6.01369, 11.60698], "size": [2, 2, 1], "uv": [122, 125], "mirror": true},
						{"origin": [3.275, 6.01369, 12.60698], "size": [6, 2, 7], "uv": [40, 52], "mirror": true},
						{"origin": [5.275, 6.01369, 11.60698], "size": [4, 2, 1], "inflate": 0.01, "pivot": [5.275, 8.01369, 12.10698], "rotation": [0, 0, 57.5], "uv": [118, 26]},
						{"origin": [5.55, 4.08869, 11.75698], "size": [1, 1, 1], "uv": [26, 126]},
						{"origin": [3.275, 6.01369, 11.60698], "size": [4, 2, 1], "inflate": 0.02, "pivot": [7.275, 8.01369, 12.10698], "rotation": [0, 0, -57.5], "uv": [118, 26], "mirror": true},
						{"origin": [5.775, 3.51369, 11.60698], "size": [1, 1, 1], "uv": [22, 126]}
					]
				},
				{
					"name": "left_leg",
					"parent": "legs",
					"pivot": [-1.5, 20.05, -4.5],
					"cubes": [
						{"origin": [-8.5, 15.05, -9], "size": [5, 8, 6], "pivot": [-4.5, 15.05, -8], "rotation": [-7, 0, 0], "uv": [74, 30], "mirror": true}
					]
				},
				{
					"name": "left_leg2",
					"parent": "left_leg",
					"pivot": [-1.5, 12.25, -5.5],
					"cubes": [
						{"origin": [-8, 4.05, -8], "size": [4, 7, 5], "inflate": 0.1, "uv": [66, 97]},
						{"origin": [-7.55, 11.05, -7], "size": [3, 4, 3], "inflate": 0.08, "uv": [33, 27], "mirror": true}
					]
				},
				{
					"name": "left_leg3",
					"parent": "left_leg2",
					"pivot": [-6, 7.05, -8.875],
					"cubes": [
						{"origin": [-8.5, 0.05, -9.05], "size": [5, 7, 7], "uv": [24, 77], "mirror": true},
						{"origin": [-8, 0.05, -12.05], "size": [4, 2, 3], "uv": [100, 24], "mirror": true}
					]
				},
				{
					"name": "bone2",
					"parent": "left_leg3",
					"pivot": [1.45, -1, 2.325],
					"cubes": [
						{"origin": [-9.05, 6.01369, -9.56802], "size": [2, 2, 1], "inflate": 0.01, "uv": [122, 33]},
						{"origin": [-5.05, 6.01369, -9.56802], "size": [2, 2, 1], "uv": [122, 125]},
						{"origin": [-9.05, 6.01369, -8.56802], "size": [6, 2, 7], "uv": [40, 52]},
						{"origin": [-9.05, 6.01369, -9.56802], "size": [4, 2, 1], "inflate": 0.01, "pivot": [-5.05, 8.01369, -9.06802], "rotation": [0, 0, -57.5], "uv": [118, 26], "mirror": true},
						{"origin": [-7.05, 6.01369, -9.56802], "size": [4, 2, 1], "inflate": 0.02, "pivot": [-7.05, 8.01369, -9.06802], "rotation": [0, 0, 57.5], "uv": [118, 26]},
						{"origin": [-6.55, 4.08869, -9.56802], "size": [1, 1, 1], "uv": [26, 126], "mirror": true},
						{"origin": [-6.55, 3.51369, -9.56802], "size": [1, 1, 1], "uv": [22, 126], "mirror": true}
					]
				},
				{
					"name": "right_leg_back",
					"parent": "legs",
					"pivot": [-5.95, 18.87106, 12.00948],
					"cubes": [
						{"origin": [-8.45, 15.05, 13.175], "size": [5, 7, 6], "pivot": [-7.45, 12.05, 11.175], "rotation": [17.5, 0, 0], "uv": [90, 66]},
						{"origin": [-7.775, 13.50654, 13.78916], "size": [3, 4, 4], "inflate": -0.005, "pivot": [-7.275, 15.50654, 15.78916], "rotation": [-2.5, 0, 0], "uv": [102, 16]}
					]
				},
				{
					"name": "right_leg5",
					"parent": "right_leg_back",
					"pivot": [-10.75, 12.25, 15.375],
					"cubes": [
						{"origin": [-8.25, 5.05, 14.575], "size": [4, 9, 5], "pivot": [-7.25, 4.05, 15.575], "rotation": [16, 0, 0], "uv": [96, 30]}
					]
				},
				{
					"name": "right_leg6",
					"parent": "right_leg5",
					"pivot": [-6.25, 7.05, 12.275],
					"cubes": [
						{"origin": [-8.75, 0.05, 12.325], "size": [5, 7, 7], "uv": [0, 82]},
						{"origin": [-8.25, 0.05, 9.325], "size": [4, 2, 3], "uv": [108, 85]}
					]
				},
				{
					"name": "bone4",
					"parent": "right_leg6",
					"pivot": [1.225, -1, 23.5],
					"cubes": [
						{"origin": [-9.275, 6.01369, 11.60698], "size": [2, 2, 1], "inflate": 0.01, "uv": [122, 33]},
						{"origin": [-5.275, 6.01369, 11.60698], "size": [2, 2, 1], "uv": [122, 125]},
						{"origin": [-9.275, 6.01369, 12.60698], "size": [6, 2, 7], "uv": [40, 52]},
						{"origin": [-9.275, 6.01369, 11.60698], "size": [4, 2, 1], "inflate": 0.01, "pivot": [-5.275, 8.01369, 12.10698], "rotation": [0, 0, -57.5], "uv": [118, 26], "mirror": true},
						{"origin": [-7.275, 6.01369, 11.60698], "size": [4, 2, 1], "inflate": 0.02, "pivot": [-7.275, 8.01369, 12.10698], "rotation": [0, 0, 57.5], "uv": [118, 26]},
						{"origin": [-6.55, 4.08869, 11.75698], "size": [1, 1, 1], "uv": [26, 126], "mirror": true},
						{"origin": [-6.775, 3.51369, 11.60698], "size": [1, 1, 1], "uv": [22, 126], "mirror": true}
					]
				},
				{
					"name": "bodymetalvibration",
					"parent": "ironcrown",
					"pivot": [0, 0.5, 0]
				},
				{
					"name": "torso",
					"parent": "bodymetalvibration",
					"pivot": [0, 22.21667, 4.025],
					"locators": {
						"seat_1": [0, 24, 4]
					},
					"cubes": [
						{"origin": [-4.5, 18.55, -3.425], "size": [9, 9, 14], "uv": [1, 0]},
						{"origin": [-5.5, 16.55, -10.5], "size": [11, 11, 10], "inflate": 0.05, "uv": [0, 24]},
						{"origin": [5.85, 23.55747, -9.62055], "size": [0, 12, 16], "pivot": [5.85, 27.55747, -3.62055], "rotation": [0, 0, 5.45116], "uv": [42, 24]},
						{"origin": [-5.85, 23.55747, -9.62055], "size": [0, 12, 16], "pivot": [-5.85, 27.55747, -3.62055], "rotation": [0, 0, -5.45116], "uv": [42, 24], "mirror": true}
					]
				},
				{
					"name": "neck",
					"parent": "torso",
					"pivot": [0, 26.6, -7.575],
					"cubes": [
						{"origin": [-3.5, 26.7028, -10.49611], "size": [7, 7, 7], "inflate": 0.01, "uv": [68, 52]},
						{"origin": [-3.5, 24.0778, -5.17111], "size": [7, 7, 11], "pivot": [-2, 29.5778, -0.67111], "rotation": [-35, 0, 0], "uv": [48, 0]},
						{"origin": [-3.5, 32.7028, -3.49611], "size": [7, 11, 0], "inflate": 0.012, "uv": [24, 63]},
						{"origin": [3.5, 32.7028, -10.49611], "size": [0, 11, 7], "inflate": 0.012, "uv": [94, 79]},
						{"origin": [2.5, 32.7028, -10.49611], "size": [1, 6, 0], "inflate": 0.012, "uv": [94, 79]},
						{"origin": [-3.5, 32.7028, -10.49611], "size": [1, 6, 0], "inflate": 0.012, "uv": [94, 79], "mirror": true},
						{"origin": [-3.494, 43.7208, -5.47811], "size": [0, 3, 5], "inflate": 0.007, "uv": [42, 110]},
						{"origin": [3.494, 43.7208, -5.47811], "size": [0, 3, 5], "inflate": 0.007, "uv": [42, 110], "mirror": true},
						{"origin": [-3.494, 40.7208, -3.47811], "size": [0, 3, 2], "inflate": 0.007, "uv": [38, 117]},
						{"origin": [3.494, 40.7208, -3.47811], "size": [0, 3, 2], "inflate": 0.007, "uv": [38, 117], "mirror": true},
						{"origin": [-3.494, 43.7208, -0.47811], "size": [7, 3, 0], "inflate": 0.007, "pivot": [0.006, 45.2208, -1.72811], "rotation": [0, 0, -180], "uv": [24, 74]},
						{"origin": [-3.5, 32.7028, -10.49611], "size": [0, 11, 7], "inflate": 0.012, "uv": [0, 96]},
						{"origin": [-3.511, 27.6908, -8.48411], "size": [0, 7, 5], "pivot": [-3.511, 31.1908, -3.48411], "rotation": [0, 12.5, 0], "uv": [84, 106]},
						{"origin": [-2.42779, 19.18126, -13.36537], "size": [1, 3, 3], "inflate": 0.02, "pivot": [-1.4157, 19.21664, -11.86537], "rotation": [0, 0, 90], "uv": [77, 117], "mirror": true},
						{"origin": [4.59317, 27.6908, -12.36537], "size": [0, 5, 4], "uv": [61, 118], "mirror": true},
						{"origin": [3.511, 27.6908, -8.48411], "size": [0, 7, 5], "pivot": [3.511, 31.1908, -3.48411], "rotation": [0, -12.5, 0], "uv": [84, 106], "mirror": true},
						{"origin": [-4.59317, 27.6908, -12.36537], "size": [0, 5, 4], "uv": [61, 118]},
						{"origin": [-4.59317, 21.6908, -13.36537], "size": [1, 6, 3], "uv": [69, 119]},
						{"origin": [-5.01151, 18.49804, -13.36537], "size": [1, 4, 3], "inflate": 0.01, "pivot": [-3.98037, 22.51337, -11.86537], "rotation": [0, 0, -52], "uv": [94, 117]},
						{"origin": [3.59317, 21.6908, -13.36537], "size": [1, 6, 3], "uv": [69, 119], "mirror": true},
						{"origin": [4.01151, 18.49804, -13.36537], "size": [1, 4, 3], "inflate": 0.01, "pivot": [3.98037, 22.51337, -11.86537], "rotation": [0, 0, 52], "uv": [94, 117], "mirror": true}
					]
				},
				{
					"name": "neck_2",
					"parent": "neck",
					"pivot": [0, 33.6778, -10.54611],
					"cubes": [
						{"origin": [-3, 33.7028, -10.49611], "size": [6, 7, 6], "uv": [48, 84]}
					]
				},
				{
					"name": "head",
					"parent": "neck_2",
					"pivot": [0, 40.69039, -7.85019],
					"rotation": [10, 0, 0],
					"cubes": [
						{"origin": [-3.5, 40.00731, -10.22251], "size": [7, 6, 6], "uv": [74, 18]},
						{"origin": [-3, 40.00731, -13.22251], "size": [6, 6, 3], "inflate": 0.009, "uv": [84, 97]},
						{"origin": [-3, 43.65731, -12.57251], "size": [6, 3, 3], "inflate": 0.01, "pivot": [0, 45.15731, -11.07251], "rotation": [21.5, 0, 0], "uv": [48, 18]},
						{"origin": [-3, 44.90731, -10.29751], "size": [6, 2, 6], "pivot": [0, 46.40731, -8.79751], "rotation": [-9, 0, 0], "uv": [24, 91]}
					]
				},
				{
					"name": "left_horn",
					"parent": "head",
					"pivot": [2.23986, 45.90047, -13.83039],
					"rotation": [32, 5, 0],
					"cubes": [
						{"origin": [1.80917, 44.69968, -13.4898], "size": [2, 2, 6], "inflate": -0.125, "uv": [32, 99]},
						{"origin": [1.80917, 44.69968, -13.4898], "size": [2, 2, 6], "uv": [45, 120]},
						{"origin": [1.73643, 44.22547, -13.77865], "size": [2, 2, 2], "inflate": -0.1, "pivot": [2.73643, 45.22547, -12.77865], "rotation": [-45, 0, 0], "uv": [0, 114]}
					]
				},
				{
					"name": "left_horn2",
					"parent": "left_horn",
					"pivot": [2.13986, 46.10047, -8.53039],
					"rotation": [-35, 5, 0],
					"cubes": [
						{"origin": [1.72767, 49.8864, -4.83724], "size": [2, 2, 6], "inflate": -0.135, "pivot": [2.72767, 48.92401, 0.52161], "rotation": [57, 0, 0], "uv": [102, 105]},
						{"origin": [1.72767, 45.08611, -8.17273], "size": [2, 2, 5], "inflate": -0.125, "uv": [48, 77]},
						{"origin": [1.72767, 45.08611, -8.17273], "size": [2, 2, 5], "inflate": -0.025, "uv": [30, 121]},
						{"origin": [1.72767, 48.87072, -1.87534], "size": [2, 2, 5], "inflate": -0.225, "pivot": [2.72767, 48.92401, 0.52161], "rotation": [-5, 0, 0], "uv": [14, 107]},
						{"origin": [2.23682, 48.97066, 2.09174], "size": [1, 1, 7], "pivot": [2.73682, 49.47066, 5.71674], "rotation": [-5, 0, 0], "uv": [74, 69], "mirror": true},
						{"origin": [2.23682, 49.0186, 5.54383], "size": [1, 1, 3], "inflate": 0.1, "pivot": [2.73682, 49.5186, 5.16883], "rotation": [-5, 0, 0], "uv": [8, 68], "mirror": true},
						{"origin": [2.23682, 48.97066, 2.34174], "size": [1, 1, 3], "inflate": 0.1, "pivot": [2.73682, 49.47066, 5.71674], "rotation": [-5, 0, 0], "uv": [16, 68], "mirror": true}
					]
				},
				{
					"name": "eye_left",
					"parent": "head",
					"pivot": [2.035, 44.0173, -11.75751],
					"cubes": [
						{"origin": [1.035, 42.8173, -13.25751], "size": [2, 2, 3], "uv": [112, 73]},
						{"origin": [2.035, 44.7673, -13.25751], "size": [1, 1, 3], "inflate": 0.02, "uv": [66, 18]}
					]
				},
				{
					"name": "eye_in",
					"parent": "eye_left",
					"pivot": [2.874, 44.2173, -12.18251],
					"cubes": [
						{"origin": [2.213, 43.2173, -12.68251], "size": [1, 2, 1], "inflate": -0.174, "uv": [2, 1], "mirror": true},
						{"origin": [3.035, 43.2173, -12.68251], "size": [0, 2, 1], "inflate": 0.001, "uv": [3, 4], "mirror": true}
					]
				},
				{
					"name": "muzzle",
					"parent": "head",
					"pivot": [0, 41.50731, -12.62251],
					"rotation": [-90, 0, 0],
					"cubes": [
						{"origin": [-2, 38.30616, -16.64865], "size": [4, 4, 4], "uv": [102, 44]}
					]
				},
				{
					"name": "muzzle2",
					"parent": "muzzle",
					"pivot": [0, 39.29401, -13.56985],
					"rotation": [-10, 0, 0],
					"cubes": [
						{"origin": [-1.5, 36.62332, -16.43305], "size": [3, 3, 3], "uv": [108, 91]}
					]
				},
				{
					"name": "muzzle3",
					"parent": "muzzle2",
					"pivot": [0, 35.90587, -15.31863],
					"rotation": [25.5, 0, 0],
					"cubes": [
						{"origin": [-1, 36.03525, -16.03003], "size": [2, 1, 2], "uv": [14, 96]}
					]
				},
				{
					"name": "mouth",
					"parent": "muzzle",
					"pivot": [0, 42.00731, -12.47251],
					"cubes": [
						{"origin": [-2, 39.30616, -12.64865], "size": [4, 4, 1], "uv": [112, 68]},
						{"origin": [-2, 40.80616, -12.04865], "size": [4, 0, 1], "uv": [112, 78]}
					]
				},
				{
					"name": "eye_right",
					"parent": "head",
					"pivot": [-2.035, 44.0173, -11.75751],
					"cubes": [
						{"origin": [-3.035, 42.8173, -13.25751], "size": [2, 2, 3], "uv": [100, 113]},
						{"origin": [-3.035, 44.7673, -13.25751], "size": [1, 1, 3], "inflate": 0.02, "uv": [8, 114]}
					]
				},
				{
					"name": "eye_in_2",
					"parent": "eye_right",
					"pivot": [-2.874, 44.2173, -12.18251],
					"cubes": [
						{"origin": [-3.213, 43.2173, -12.68251], "size": [1, 2, 1], "inflate": -0.174, "uv": [2, 1]},
						{"origin": [-3.035, 43.2173, -12.68251], "size": [0, 2, 1], "inflate": 0.001, "uv": [3, 4]}
					]
				},
				{
					"name": "right_horn",
					"parent": "head",
					"pivot": [-2.23986, 45.90047, -13.83039],
					"rotation": [32, -5, 0],
					"cubes": [
						{"origin": [-3.73643, 44.22547, -13.77865], "size": [2, 2, 2], "inflate": -0.1, "pivot": [-2.73643, 45.22547, -12.77865], "rotation": [-45, 0, 0], "uv": [0, 114], "mirror": true},
						{"origin": [-3.80917, 44.69968, -13.4898], "size": [2, 2, 6], "inflate": -0.125, "uv": [32, 99], "mirror": true},
						{"origin": [-3.80917, 44.69968, -13.4898], "size": [2, 2, 6], "uv": [45, 120], "mirror": true}
					]
				},
				{
					"name": "right_horn2",
					"parent": "right_horn",
					"pivot": [-2.13986, 46.10047, -8.53039],
					"rotation": [-35, -5, 0],
					"cubes": [
						{"origin": [-3.72767, 49.8864, -4.83724], "size": [2, 2, 6], "inflate": -0.135, "pivot": [-2.72767, 48.92401, 0.52161], "rotation": [57, 0, 0], "uv": [102, 105], "mirror": true},
						{"origin": [-3.72767, 45.08611, -8.17273], "size": [2, 2, 5], "inflate": -0.125, "uv": [48, 77], "mirror": true},
						{"origin": [-3.72767, 45.08611, -8.17273], "size": [2, 2, 5], "inflate": -0.025, "uv": [30, 121], "mirror": true},
						{"origin": [-3.72767, 48.87072, -1.87534], "size": [2, 2, 5], "inflate": -0.225, "pivot": [-2.72767, 48.92401, 0.52161], "rotation": [-5, 0, 0], "uv": [14, 107], "mirror": true},
						{"origin": [-3.23682, 48.97066, 2.34174], "size": [1, 1, 3], "inflate": 0.1, "pivot": [-2.73682, 49.47066, 5.71674], "rotation": [-5, 0, 0], "uv": [16, 68]},
						{"origin": [-3.23682, 49.0186, 5.54383], "size": [1, 1, 3], "inflate": 0.1, "pivot": [-2.73682, 49.5186, 5.16883], "rotation": [-5, 0, 0], "uv": [8, 68]}
					]
				},
				{
					"name": "fur",
					"parent": "neck",
					"pivot": [-0.5, 26.4778, -10.87111],
					"cubes": [
						{"origin": [-2.5, 32.6278, -15.14611], "size": [5, 5, 3], "pivot": [-0.5, 32.6028, -13.14611], "rotation": [-47.5, 0, 0], "uv": [102, 97]},
						{"origin": [-3, 27.1028, -14.49611], "size": [6, 7, 4], "uv": [96, 52]},
						{"origin": [-2.5, 19.8446, -11.79876], "size": [5, 9, 4], "pivot": [0, 24.36395, -10.80653], "rotation": [40.5, 0, 0], "uv": [48, 97]}
					]
				},
				{
					"name": "tail",
					"parent": "torso",
					"pivot": [0, 24.05, 8],
					"cubes": [
						{"origin": [-3.5, 18.625, 9.5], "size": [7, 8, 8], "inflate": 0.05, "uv": [3, 47]},
						{"origin": [0, 26.65, 11.65], "size": [0, 11, 14], "uv": [40, 48]}
					]
				}
			]
		}
	]
}