{
	"format_version": "1.12.0",
	"minecraft:geometry": [
		{
			"description": {
				"identifier": "geometry.unknown",
				"texture_width": 128,
				"texture_height": 128,
				"visible_bounds_width": 4,
				"visible_bounds_height": 4.5,
				"visible_bounds_offset": [0, 1.75, 0]
			},
			"bones": [
				{
					"name": "jellicent",
					"pivot": [0, 0, 0]
				},
				{
					"name": "body",
					"parent": "jellicent",
					"pivot": [0, 0, 0]
				},
				{
					"name": "head",
					"parent": "body",
					"pivot": [0, 21, 0],
					"cubes": [
						{"origin": [-12, 21, -12], "size": [24, 19, 24], "uv": [0, 0]},
						{"origin": [-6.25, 37.5, -12.01], "size": [2, 1, 0], "uv": [18, 20]},
						{"origin": [-6.25, 35.5, -12.01], "size": [2, 1, 0], "uv": [18, 21]},
						{"origin": [4.25, 35.5, -12.01], "size": [2, 1, 0], "uv": [18, 23]},
						{"origin": [4.25, 37.5, -12.01], "size": [2, 1, 0], "uv": [18, 22]},
						{"origin": [-1.5, 40, -1.5], "size": [3, 5, 0], "uv": [0, 77]},
						{"origin": [-1.5, 40, 1.5], "size": [3, 5, 0], "uv": [6, 77]},
						{"origin": [-1.5, 40, -1.5], "size": [0, 5, 3], "uv": [0, 79]},
						{"origin": [1.5, 40, -1.5], "size": [0, 5, 3], "uv": [6, 79]}
					]
				},
				{
                    "name": "locator_seat_1",
                    "parent": "body",
                    "pivot": [0, 39, 7],
                    "locators": {
                        "seat_1": [0, 39, 7]
                    }
                },
				{
					"name": "mouth_closed",
					"parent": "head",
					"pivot": [0, 33, -12],
					"cubes": [
						{"origin": [-2, 32, -12.01], "size": [3, 3, 0], "pivot": [0, 33, -12], "rotation": [0, 0, 45], "uv": [0, 18]}
					]
				},
				{
					"name": "mouth_open",
					"parent": "head",
					"pivot": [0, 33, -11.9],
					"cubes": [
						{"origin": [-2, 32, -11.91], "size": [3, 3, 0], "pivot": [0, 33, -11.9], "rotation": [0, 0, 45], "uv": [62, 43]}
					]
				},
				{
					"name": "frills",
					"parent": "head",
					"pivot": [0, 0, 0],
					"cubes": [
						{"origin": [-7.5, 21.25, -12], "size": [15, 11, 6], "pivot": [0, 0, 0], "rotation": [7.5, 0, 0], "uv": [78, 71]},
						{"origin": [-23, 19.5, -12], "size": [15, 11, 6], "pivot": [-12, 24, -12], "rotation": [7.5, 55, 0], "uv": [72, 0]},
						{"origin": [-20, 20.5, 1], "size": [15, 11, 6], "pivot": [-12, 24, 5], "rotation": [7.5, 107.5, 0], "uv": [36, 71]},
						{"origin": [5, 20.5, 1], "size": [15, 11, 6], "pivot": [12, 24, 5], "rotation": [7.5, -107.5, 0], "uv": [50, 54]},
						{"origin": [8, 19.5, -12], "size": [15, 11, 6], "pivot": [12, 24, -12], "rotation": [7.5, -55, 0], "uv": [0, 60]},
						{"origin": [-11, 20.75, 10], "size": [22, 11, 6], "pivot": [0, 25, 12], "rotation": [-7.5, 0, 0], "uv": [0, 43]}
					]
				},
				{
					"name": "right_eye",
					"parent": "head",
					"pivot": [-3.25, 36.5, 0],
					"rotation": [0, 0, 2.5],
					"cubes": [
						{"origin": [-4.75, 35, -12.02], "size": [3, 3, 0], "uv": [0, 15]},
						{"origin": [-4.25, 35.5, -12.03], "size": [2, 2, 0], "uv": [18, 18]},
						{"origin": [-3.75, 36.25, -12.04], "size": [1, 1, 0], "uv": [0, 1]}
					]
				},
				{
					"name": "left_eye",
					"parent": "head",
					"pivot": [3.25, 36.5, 0],
					"rotation": [0, 0, -2.5],
					"cubes": [
						{"origin": [1.75, 35, -12.02], "size": [3, 3, 0], "uv": [0, 12]},
						{"origin": [2.25, 35.5, -12.03], "size": [2, 2, 0], "uv": [18, 16]},
						{"origin": [2.75, 36.25, -12.04], "size": [1, 1, 0], "uv": [0, 0]}
					]
				},
				{
					"name": "right_eye_closed",
					"parent": "head",
					"pivot": [-3.25, 36.5, 0.1],
					"rotation": [0, 0, 2.5],
					"cubes": [
						{"origin": [-4.75, 35, -11.95], "size": [3, 3, 0], "uv": [0, 9]}
					]
				},
				{
					"name": "left_eye_closed",
					"parent": "head",
					"pivot": [3.25, 36.5, 0.1],
					"rotation": [0, 0, -2.5],
					"cubes": [
						{"origin": [1.75, 35, -11.95], "size": [3, 3, 0], "uv": [0, 6]}
					]
				},
				{
					"name": "neck",
					"parent": "body",
					"pivot": [0, 25, 0]
				},
				{
					"name": "right_arm",
					"parent": "neck",
					"pivot": [-2.25, 21, 0],
					"cubes": [
						{"origin": [-8.25, 21, -1], "size": [6, 0, 2], "uv": [54, 52]},
						{"origin": [-10.25, 21, -1.5], "size": [2, 0, 3], "uv": [0, 3]}
					]
				},
				{
					"name": "right_hand",
					"parent": "right_arm",
					"pivot": [-10.25, 21, 0],
					"cubes": [
						{"origin": [-16.25, 21, -4], "size": [6, 0, 8], "uv": [0, 8]}
					]
				},
				{
					"name": "right_hand_bend",
					"parent": "right_hand",
					"pivot": [-16.25, 21, 0.5],
					"cubes": [
						{"origin": [-22.25, 21, -3], "size": [6, 0, 6], "uv": [44, 43]}
					]
				},
				{
					"name": "left_arm",
					"parent": "neck",
					"pivot": [2.25, 21, 0],
					"cubes": [
						{"origin": [2.25, 21, -1], "size": [6, 0, 2], "uv": [0, 22]},
						{"origin": [8.25, 21, -1.5], "size": [2, 0, 3], "uv": [0, 0]}
					]
				},
				{
					"name": "left_hand",
					"parent": "left_arm",
					"pivot": [10.25, 21, 0],
					"cubes": [
						{"origin": [10.25, 21, -4], "size": [6, 0, 8], "uv": [0, 0]}
					]
				},
				{
					"name": "left_hand_bend",
					"parent": "left_hand",
					"pivot": [16.25, 21, 0.5],
					"cubes": [
						{"origin": [16.25, 21, -3], "size": [6, 0, 6], "uv": [0, 16]}
					]
				},
				{
					"name": "frill_back",
					"parent": "neck",
					"pivot": [-1, 25.25, 1.63]
				},
				{
					"name": "frill_back_bend",
					"parent": "frill_back",
					"pivot": [0, 21.25, 1.63],
					"rotation": [22.5, 0, 0],
					"cubes": [
						{"origin": [-5.5, 12.25, 1.63], "size": [11, 9, 0], "uv": [102, 42]}
					]
				},
				{
					"name": "frill_back_end",
					"parent": "frill_back_bend",
					"pivot": [0, 12.25, 1.63],
					"cubes": [
						{"origin": [-5.5, 6.25, 1.63], "size": [11, 6, 0], "uv": [30, 88]}
					]
				},
				{
					"name": "frill_back_end2",
					"parent": "frill_back_end",
					"pivot": [0, 6.25, 1.63],
					"cubes": [
						{"origin": [-2.5, 1.25, 1.63], "size": [5, 5, 0], "uv": [80, 49]}
					]
				},
				{
					"name": "frill_left",
					"parent": "neck",
					"pivot": [1.25, 25.25, -2.35],
					"rotation": [0, -60, 0]
				},
				{
					"name": "frill_left_bend",
					"parent": "frill_left",
					"pivot": [2.25, 21.25, -2.35],
					"rotation": [-22.5, 0, 0],
					"cubes": [
						{"origin": [-3.25, 12.25, -2.35], "size": [11, 9, 0], "uv": [96, 33]}
					]
				},
				{
					"name": "frill_left_end",
					"parent": "frill_left_bend",
					"pivot": [2.25, 12.25, -2.35],
					"cubes": [
						{"origin": [-3.25, 6.25, -2.35], "size": [11, 6, 0], "uv": [80, 43]}
					]
				},
				{
					"name": "frill_left_end2",
					"parent": "frill_left_end",
					"pivot": [2.25, 6.25, -2.35],
					"cubes": [
						{"origin": [-0.25, 1.25, -2.35], "size": [5, 5, 0], "uv": [72, 71]}
					]
				},
				{
					"name": "frill_right",
					"parent": "neck",
					"pivot": [-1.25, 25.25, -2.35],
					"rotation": [0, -120, 0]
				},
				{
					"name": "frill_right_bend",
					"parent": "frill_right",
					"pivot": [-0.25, 21.25, -2.35],
					"rotation": [22.5, 0, 0],
					"cubes": [
						{"origin": [-5.75, 12.25, -2.35], "size": [11, 9, 0], "uv": [96, 24]}
					]
				},
				{
					"name": "frill_right_end",
					"parent": "frill_right_bend",
					"pivot": [-0.25, 12.25, -2.35],
					"cubes": [
						{"origin": [-5.75, 6.25, -2.35], "size": [11, 6, 0], "uv": [72, 17]}
					]
				},
				{
					"name": "frill_right_end2",
					"parent": "frill_right_end",
					"pivot": [-0.25, 6.25, -2.35],
					"cubes": [
						{"origin": [-2.75, 1.25, -2.35], "size": [5, 5, 0], "uv": [36, 60]}
					]
				}
			]
		}
	]
}