{
	"format_version": "1.12.0",
	"minecraft:geometry": [
		{
			"description": {
				"identifier": "geometry.florges",
				"texture_width": 128,
				"texture_height": 128,
				"visible_bounds_width": 4,
				"visible_bounds_height": 6.5,
				"visible_bounds_offset": [0, 2.75, 0]
			},
			"bones": [
				{
					"name": "florges",
					"pivot": [0, 0, 0]
				},
				{
					"name": "body",
					"parent": "florges",
					"pivot": [0, 18.5, 3],
					"rotation": [42.5, 0, 0],
					"cubes": [
						{"origin": [-2, 18.5, -1], "size": [4, 4, 4], "inflate": 0.03, "uv": [12, 12]}
					]
				},
				{
                    "name": "locator_seat_1",
                    "parent": "body",
                    "pivot": [0, 34, 1],
                    "locators": {
                        "seat_1": [0, 34, 1]
                    }
                },
				{
					"name": "waist",
					"parent": "body",
					"pivot": [0, 22.5, -0.5],
					"rotation": [-37.5, 0, 0],
					"cubes": [
						{"origin": [-1.5, 22.5, -0.5], "size": [3, 4, 3], "inflate": 0.01, "uv": [1, 17]}
					]
				},
				{
					"name": "bra_left",
					"parent": "waist",
					"pivot": [0, 26.5, -0.85],
					"rotation": [-10, -10, 7.5],
					"cubes": [
						{"origin": [0, 24.5, -0.85], "size": [2, 4, 0], "uv": [12, 12]}
					]
				},
				{
					"name": "bra_right",
					"parent": "waist",
					"pivot": [0, 26.5, -0.85],
					"rotation": [-10, 10, -7.5],
					"cubes": [
						{"origin": [-2, 24.5, -0.85], "size": [2, 4, 0], "uv": [24, 12], "mirror": true}
					]
				},
				{
					"name": "chest",
					"parent": "waist",
					"pivot": [0, 26.5, 0],
					"rotation": [-7.5, 0, 0],
					"cubes": [
						{"origin": [-1, 26, 0], "size": [2, 3, 2], "inflate": 0.01, "uv": [4, 12]},
						{"origin": [-0.5, 25.5, 2.02], "size": [1, 3, 0], "uv": [10, 17]}
					]
				},
				{
					"name": "arms",
					"parent": "chest",
					"pivot": [0, 28.5, 1],
					"rotation": [2.5, 0, 0]
				},
				{
					"name": "arm_left",
					"parent": "arms",
					"pivot": [1, 28, 1],
					"cubes": [
						{"origin": [0.5, 27.5, 0.5], "size": [3, 1, 1], "uv": [13, 20]},
						{"origin": [3.5, 27.5, 0], "size": [4, 1, 2], "inflate": 0.01, "uv": [0, 24]}
					]
				},
				{
					"name": "arm_left2",
					"parent": "arm_left",
					"pivot": [7.5, 28.5, 2],
					"cubes": [
						{"origin": [7.5, 27.5, 0], "size": [4, 1, 2], "inflate": 0.02, "uv": [12, 24]}
					]
				},
				{
					"name": "hand_left",
					"parent": "arm_left2",
					"pivot": [11.5, 28, 1],
					"cubes": [
						{"origin": [11.5, 27.5, 0.5], "size": [2, 1, 1], "inflate": 0.01, "uv": [21, 20]}
					]
				},
				{
					"name": "fingers_left",
					"parent": "hand_left",
					"pivot": [13.5, 27.5, 0.9]
				},
				{
					"name": "finger_back_left",
					"parent": "fingers_left",
					"pivot": [13.5, 28.5, 1.5],
					"rotation": [0, -10, 0],
					"cubes": [
						{"origin": [13.5, 27.5, 1.5], "size": [2, 1, 0], "uv": [10, 24]}
					]
				},
				{
					"name": "finger_center_left",
					"parent": "fingers_left",
					"pivot": [13.5, 28.5, 1],
					"cubes": [
						{"origin": [13.5, 27.5, 1], "size": [2, 1, 0], "uv": [22, 24]}
					]
				},
				{
					"name": "finger_front_left",
					"parent": "fingers_left",
					"pivot": [13.5, 28.5, 0.5],
					"rotation": [0, 10, 0],
					"cubes": [
						{"origin": [13.5, 27.5, 0.5], "size": [2, 1, 0], "uv": [10, 25]}
					]
				},
				{
					"name": "arm_right",
					"parent": "arms",
					"pivot": [-1, 28, 1],
					"cubes": [
						{"origin": [-3.5, 27.5, 0.5], "size": [3, 1, 1], "uv": [13, 22], "mirror": true},
						{"origin": [-7.5, 27.5, 0], "size": [4, 1, 2], "inflate": 0.01, "uv": [0, 27], "mirror": true}
					]
				},
				{
					"name": "arm_right2",
					"parent": "arm_right",
					"pivot": [-7.5, 28.5, 2],
					"cubes": [
						{"origin": [-11.5, 27.5, 0], "size": [4, 1, 2], "inflate": 0.02, "uv": [12, 27], "mirror": true}
					]
				},
				{
					"name": "hand_right",
					"parent": "arm_right2",
					"pivot": [-11.5, 28, 1],
					"cubes": [
						{"origin": [-13.5, 27.5, 0.5], "size": [2, 1, 1], "inflate": 0.01, "uv": [21, 22], "mirror": true}
					]
				},
				{
					"name": "fingers_right",
					"parent": "hand_right",
					"pivot": [-13.5, 27.5, 0.9]
				},
				{
					"name": "finger_back_right",
					"parent": "fingers_right",
					"pivot": [-13.5, 28.5, 1.5],
					"rotation": [0, 10, 0],
					"cubes": [
						{"origin": [-15.5, 27.5, 1.5], "size": [2, 1, 0], "uv": [10, 27], "mirror": true}
					]
				},
				{
					"name": "finger_center_right",
					"parent": "fingers_right",
					"pivot": [-13.5, 28.5, 1],
					"cubes": [
						{"origin": [-15.5, 27.5, 1], "size": [2, 1, 0], "uv": [22, 25], "mirror": true}
					]
				},
				{
					"name": "finger_front_right",
					"parent": "fingers_right",
					"pivot": [-13.5, 28.5, 0.5],
					"rotation": [0, -10, 0],
					"cubes": [
						{"origin": [-15.5, 27.5, 0.5], "size": [2, 1, 0], "uv": [10, 28], "mirror": true}
					]
				},
				{
					"name": "neck",
					"parent": "chest",
					"pivot": [0, 29, 1.75],
					"rotation": [2.5, 0, 0],
					"cubes": [
						{"origin": [-0.5, 29, 0.75], "size": [1, 5, 1], "uv": [0, 12]}
					]
				},
				{
					"name": "head",
					"parent": "neck",
					"pivot": [0, 33, 1.5],
					"cubes": [
						{"origin": [-3, 32, -2.25], "size": [6, 6, 6], "uv": [0, 0]},
						{"origin": [-0.5, 36, -2.25], "size": [1, 2, 0], "inflate": 0.01, "uv": [36, 4]},
						{"origin": [-0.5, 36, 3.75], "size": [1, 2, 0], "inflate": 0.01, "uv": [36, 6]},
						{"origin": [-0.5, 38, -2.25], "size": [1, 0, 6], "inflate": 0.01, "uv": [28, 4]}
					]
				},
				{
					"name": "eyes",
					"parent": "head",
					"pivot": [0, 34.5, -1.25]
				},
				{
					"name": "eye_left",
					"parent": "eyes",
					"pivot": [2.01, 34.5, -1.26],
					"cubes": [
						{"origin": [1.01, 33.5, -2.26], "size": [2, 2, 1], "uv": [117, 56]}
					]
				},
				{
					"name": "pupil_left",
					"parent": "eye_left",
					"pivot": [1.77, 34.25, -2.27],
					"cubes": [
						{"origin": [1.27, 33.75, -2.27], "size": [1, 1, 0], "uv": [116, 56]}
					]
				},
				{
					"name": "eyelid_half_left",
					"parent": "eye_left",
					"pivot": [2.02, 35.5, -1.77],
					"cubes": [
						{"origin": [1.02, 34.5, -2.27], "size": [2, 2, 1], "inflate": 0.01, "uv": [117, 59]}
					]
				},
				{
					"name": "eyelid_full_left",
					"parent": "eye_left",
					"pivot": [1.92, 35, -1.67],
					"cubes": [
						{"origin": [0.92, 33.5, -2.17], "size": [2, 3, 1], "inflate": 0.01, "uv": [122, 61]}
					]
				},
				{
					"name": "eyelash_left",
					"parent": "eye_left",
					"pivot": [3.01, 34.5, -1.26],
					"rotation": [35, 20, 0],
					"cubes": [
						{"origin": [3.01, 34.5, -1.26], "size": [0, 1, 2], "uv": [123, 54]}
					]
				},
				{
					"name": "eyelash_left2",
					"parent": "eyelash_left",
					"pivot": [3.01, 34.5, 0.74],
					"rotation": [17.5, 0, 0],
					"cubes": [
						{"origin": [3.01, 34.5, 0.74], "size": [0, 1.5, 3], "inflate": 0.01, "uv": [111, 61]}
					]
				},
				{
					"name": "eyelash_left3",
					"parent": "eyelash_left2",
					"pivot": [3.01, 34.5, 3.74],
					"rotation": [5, 0, 0],
					"cubes": [
						{"origin": [3.01, 34.5, 3.74], "size": [0, 2, 4], "uv": [103, 59]}
					]
				},
				{
					"name": "eye_right",
					"parent": "eyes",
					"pivot": [-2.01, 34.5, -1.26],
					"cubes": [
						{"origin": [-3.01, 33.5, -2.26], "size": [2, 2, 1], "uv": [117, 64], "mirror": true}
					]
				},
				{
					"name": "pupil_right",
					"parent": "eye_right",
					"pivot": [-1.77, 34.25, -2.27],
					"cubes": [
						{"origin": [-2.27, 33.75, -2.27], "size": [1, 1, 0], "uv": [116, 57], "mirror": true}
					]
				},
				{
					"name": "eyelid_half_right",
					"parent": "eye_right",
					"pivot": [-2.02, 35.5, -1.77],
					"cubes": [
						{"origin": [-3.02, 34.5, -2.27], "size": [2, 2, 1], "inflate": 0.01, "uv": [122, 66], "mirror": true}
					]
				},
				{
					"name": "eyelid_full_right",
					"parent": "eye_right",
					"pivot": [-1.92, 35, -1.67],
					"cubes": [
						{"origin": [-2.92, 33.5, -2.17], "size": [2, 3, 1], "inflate": 0.01, "uv": [116, 67], "mirror": true}
					]
				},
				{
					"name": "eyelash_right",
					"parent": "eye_right",
					"pivot": [-3.01, 34.5, -1.26],
					"rotation": [35, -20, 0],
					"cubes": [
						{"origin": [-3.01, 34.5, -1.26], "size": [0, 1, 2], "uv": [123, 55], "mirror": true}
					]
				},
				{
					"name": "eyelash_right2",
					"parent": "eyelash_right",
					"pivot": [-3.01, 34.5, 0.74],
					"rotation": [17.5, 0, 0],
					"cubes": [
						{"origin": [-3.01, 34.5, 0.74], "size": [0, 1.5, 3], "inflate": 0.01, "uv": [111, 62], "mirror": true}
					]
				},
				{
					"name": "eyelash_right3",
					"parent": "eyelash_right2",
					"pivot": [-3.01, 34.5, 3.74],
					"rotation": [5, 0, 0],
					"cubes": [
						{"origin": [-3.01, 34.5, 3.74], "size": [0, 2, 4], "uv": [103, 61], "mirror": true}
					]
				},
				{
					"name": "muzzle",
					"parent": "head",
					"pivot": [0, 34.1, -2.25],
					"rotation": [17.5, 0, 0],
					"cubes": [
						{"origin": [-1, 32.1, -3.25], "size": [2, 2, 2], "pivot": [0, 33.6, -2.25], "rotation": [0, 45, 0], "uv": [28, 20]}
					]
				},
				{
					"name": "mouth",
					"parent": "muzzle",
					"pivot": [0, 33.6, -2.15],
					"cubes": [
						{"origin": [-1, 32.1, -3.15], "size": [2, 1, 2], "inflate": 0.01, "pivot": [0, 33.6, -2.15], "rotation": [0, 45, 0], "uv": [43, 15]}
					]
				},
				{
					"name": "ears",
					"parent": "head",
					"pivot": [0, 35, 0.75]
				},
				{
					"name": "ear_left",
					"parent": "ears",
					"pivot": [3, 35.5, 0.75],
					"cubes": [
						{"origin": [3, 34.5, 0.25], "size": [2, 1, 1], "uv": [18, 0]}
					]
				},
				{
					"name": "ear_left2",
					"parent": "ear_left",
					"pivot": [4.5, 35, 0.75],
					"cubes": [
						{"origin": [4.5, 34.5, -0.25], "size": [3, 1, 2], "inflate": 0.01, "uv": [23, 0]}
					]
				},
				{
					"name": "ear_left3",
					"parent": "ear_left2",
					"pivot": [7, 35, 0.75],
					"cubes": [
						{"origin": [7, 34, -0.25], "size": [3, 2, 2], "inflate": 0.02, "uv": [33, 0]}
					]
				},
				{
					"name": "ear_right",
					"parent": "ears",
					"pivot": [-3, 35.5, 0.75],
					"cubes": [
						{"origin": [-5, 34.5, 0.25], "size": [2, 1, 1], "uv": [18, 2], "mirror": true}
					]
				},
				{
					"name": "ear_right2",
					"parent": "ear_right",
					"pivot": [-4.5, 35, 0.75],
					"cubes": [
						{"origin": [-7.5, 34.5, -0.25], "size": [3, 1, 2], "inflate": 0.01, "uv": [23, 3], "mirror": true}
					]
				},
				{
					"name": "ear_right3",
					"parent": "ear_right2",
					"pivot": [-7, 35, 0.75],
					"cubes": [
						{"origin": [-10, 34, -0.25], "size": [3, 2, 2], "inflate": 0.02, "uv": [24, 6], "mirror": true}
					]
				},
				{
					"name": "hair",
					"parent": "head",
					"pivot": [0, 32, 0.5],
					"rotation": [17.5, 0, 0],
					"cubes": [
						{"origin": [-8, 30.5, -1.25], "size": [16, 3, 4], "uv": [47, 14]},
						{"origin": [-8, 33.5, -1.25], "size": [16, 0, 4], "pivot": [0, 33.5, 2.75], "rotation": [-5, 0, 0], "uv": [92, 4]},
						{"origin": [-8, 30.5, -1.25], "size": [16, 0, 4], "pivot": [0, 30.5, 2.75], "rotation": [5, 0, 0], "uv": [92, 14]},
						{"origin": [8, 30.5, -1.25], "size": [0, 3, 4], "pivot": [8, 32, 2.75], "rotation": [0, -7.5, 0], "uv": [99, -3]},
						{"origin": [-8, 30.5, -1.25], "size": [0, 3, 4], "pivot": [-8, 32, 2.75], "rotation": [0, 7.5, 0], "uv": [107, -3], "mirror": true}
					]
				},
				{
					"name": "hair_front",
					"parent": "hair",
					"pivot": [0, 32.5, -0.75],
					"rotation": [10, 0, 0],
					"cubes": [
						{"origin": [-4.5, 30.5, -3.25], "size": [9, 2, 3], "uv": [101, 8]},
						{"origin": [-4.5, 31.5, -3.25], "size": [9, 1, 0], "pivot": [0, 31.5, -3.25], "rotation": [10, 0, 0], "uv": [51, 0]},
						{"origin": [-4.5, 30.5, -3.25], "size": [9, 1, 0], "pivot": [0, 31.5, -3.25], "rotation": [-10, 0, 0], "uv": [69, 0]},
						{"origin": [-4.5, 32.5, -3], "size": [9, 0, 3], "pivot": [0, 32.5, -0.75], "rotation": [-5, 0, 0], "uv": [60, 1]},
						{"origin": [-4.5, 30.5, -2.75], "size": [9, 0, 3], "pivot": [0, 30.5, -0.75], "rotation": [7.5, 0, 0], "uv": [78, 1]},
						{"origin": [4.5, 30.5, -3], "size": [0, 2, 3], "pivot": [4.5, 31.5, -0.75], "rotation": [0, -10, 0], "uv": [51, -1]},
						{"origin": [-4.5, 30.5, -3], "size": [0, 2, 3], "pivot": [-4.5, 31.5, -0.75], "rotation": [0, 10, 0], "uv": [57, -1], "mirror": true}
					]
				},
				{
					"name": "hair2",
					"parent": "hair",
					"pivot": [0, 30.5, 3],
					"rotation": [12.5, 0, 0],
					"cubes": [
						{"origin": [-10, 29.75, 3], "size": [20, 5, 5], "uv": [51, 4]},
						{"origin": [-6.5, 34.75, 3], "size": [13, 0, 5], "pivot": [0, 34.75, 7.5], "rotation": [-7.5, 0, 0], "uv": [83, 23]},
						{"origin": [-10, 29.75, 3], "size": [20, 0, 5], "pivot": [0, 29.75, 8], "rotation": [7.5, 0, 0], "uv": [83, 18]}
					]
				},
				{
					"name": "roses1_left",
					"parent": "hair2",
					"pivot": [10, 31.5, 3.5],
					"rotation": [7.5, -5, -5],
					"cubes": [
						{"origin": [7, 29, 2.5], "size": [4, 6, 5], "uv": [38, 45]},
						{"origin": [8.5, 30, 2.5], "size": [2, 5, 0], "pivot": [8.5, 31, 2.5], "rotation": [0, 10, 0], "uv": [28, 53]},
						{"origin": [7, 35, 2], "size": [4, 0, 3], "pivot": [9, 35, 5], "rotation": [-10, 0, 0], "uv": [19, 63]},
						{"origin": [7.5, 35, 5], "size": [4, 0, 3], "pivot": [9, 35, 5], "rotation": [10, 0, 0], "uv": [11, 63]},
						{"origin": [11, 29, 2.5], "size": [0, 6, 3], "pivot": [11, 31, 5], "rotation": [0, -7.5, 0], "uv": [36, 53]},
						{"origin": [11, 29, 4.5], "size": [0, 6, 3], "pivot": [11, 31, 5], "rotation": [0, 7.5, 0], "uv": [42, 53]}
					]
				},
				{
					"name": "rose1_end_left",
					"parent": "roses1_left",
					"pivot": [9.5, 29.75, 3.75],
					"rotation": [-42.5, 0, 3.5],
					"cubes": [
						{"origin": [8.5, 28.25, 2.25], "size": [2, 2, 3], "inflate": 0.01, "uv": [55, 59]}
					]
				},
				{
					"name": "rose1_end_left2",
					"parent": "rose1_end_left",
					"pivot": [9.5, 28.25, 3.75],
					"cubes": [
						{"origin": [9.5, 26.25, 2.75], "size": [0, 2, 2], "pivot": [9.5, 27.25, 3.75], "rotation": [0, 22.5, 0], "uv": [38, 43]},
						{"origin": [9.5, 26.25, 2.75], "size": [0, 2, 2], "pivot": [9.5, 27.25, 3.75], "rotation": [0, -67.5, 0], "uv": [38, 45]}
					]
				},
				{
					"name": "rose1_end_left3",
					"parent": "rose1_end_left2",
					"pivot": [9.5, 26.25, 3.75],
					"cubes": [
						{"origin": [9.5, 24.25, 2.75], "size": [0, 2, 2], "pivot": [9.5, 25.25, 3.75], "rotation": [0, 45, 0], "uv": [56, 43]},
						{"origin": [9.5, 24.25, 2.75], "size": [0, 2, 2], "pivot": [9.5, 25.25, 3.75], "rotation": [0, -45, 0], "uv": [56, 45]}
					]
				},
				{
					"name": "rose1_end_left4",
					"parent": "rose1_end_left3",
					"pivot": [9.5, 24.25, 3.75],
					"cubes": [
						{"origin": [9.5, 22.25, 2.75], "size": [0, 2, 2], "pivot": [9.5, 23.25, 3.75], "rotation": [0, 67.5, 0], "uv": [72, 43]},
						{"origin": [9.5, 22.25, 2.75], "size": [0, 2, 2], "pivot": [9.5, 23.25, 3.75], "rotation": [0, -22.5, 0], "uv": [72, 45]}
					]
				},
				{
					"name": "rose1_end_left5",
					"parent": "rose1_end_left4",
					"pivot": [9.5, 22.25, 3.75],
					"cubes": [
						{"origin": [9.5, 20.25, 2.75], "size": [0, 2, 2], "pivot": [9.5, 21.25, 3.75], "rotation": [0, 45, 0], "uv": [56, 53]},
						{"origin": [9.5, 20.25, 2.75], "size": [0, 2, 2], "pivot": [9.5, 21.25, 3.75], "rotation": [0, -45, 0], "uv": [56, 55]}
					]
				},
				{
					"name": "roses1_right",
					"parent": "hair2",
					"pivot": [-10, 31.5, 4],
					"rotation": [7.5, -2.5, 5],
					"cubes": [
						{"origin": [-11, 29, 3], "size": [4, 6, 4], "uv": [56, 45], "mirror": true},
						{"origin": [-11, 29, 3], "size": [2, 6, 0], "pivot": [-9, 32, 3], "rotation": [0, -12.5, 0], "uv": [32, 53], "mirror": true},
						{"origin": [-11, 35, 3], "size": [4, 0, 2], "pivot": [-9, 35, 5], "rotation": [-12.5, 0, 0], "uv": [26, 61], "mirror": true},
						{"origin": [-11.5, 35, 5.5], "size": [4, 0, 2], "pivot": [-9, 35, 5.5], "rotation": [10, 0, 0], "uv": [26, 59], "mirror": true},
						{"origin": [-11, 29, 3], "size": [0, 6, 2], "pivot": [-11, 31, 5], "rotation": [0, 7.5, 0], "uv": [48, 54], "mirror": true},
						{"origin": [-11, 29, 5], "size": [0, 6, 2], "pivot": [-11, 31, 5], "rotation": [0, -7.5, 0], "uv": [52, 54], "mirror": true}
					]
				},
				{
					"name": "rose1_end_right",
					"parent": "roses1_right",
					"pivot": [-8.5, 30.25, 4.5],
					"rotation": [-42.5, 0, 4],
					"cubes": [
						{"origin": [-9.5, 27.75, 3], "size": [2, 3, 3], "inflate": 0.01, "uv": [62, 55], "mirror": true}
					]
				},
				{
					"name": "rose1_end_right2",
					"parent": "rose1_end_right",
					"pivot": [-8.5, 27.75, 4.5],
					"cubes": [
						{"origin": [-8.5, 25.75, 3.5], "size": [0, 2, 2], "pivot": [-8.5, 26.75, 4.5], "rotation": [0, -22.5, 0], "uv": [51, 43], "mirror": true},
						{"origin": [-8.5, 25.75, 3.5], "size": [0, 2, 2], "pivot": [-8.5, 26.75, 4.5], "rotation": [0, 67.5, 0], "uv": [51, 45], "mirror": true}
					]
				},
				{
					"name": "rose1_end_right3",
					"parent": "rose1_end_right2",
					"pivot": [-8.5, 25.75, 4.5],
					"cubes": [
						{"origin": [-8.5, 23.75, 3.5], "size": [0, 2, 2], "pivot": [-8.5, 24.75, 4.5], "rotation": [0, -45, 0], "uv": [68, 43], "mirror": true},
						{"origin": [-8.5, 23.75, 3.5], "size": [0, 2, 2], "pivot": [-8.5, 24.75, 4.5], "rotation": [0, 45, 0], "uv": [68, 45], "mirror": true}
					]
				},
				{
					"name": "rose1_end_right4",
					"parent": "rose1_end_right3",
					"pivot": [-8.5, 23.75, 4.5],
					"cubes": [
						{"origin": [-8.5, 21.75, 3.5], "size": [0, 2, 2], "pivot": [-8.5, 22.75, 4.5], "rotation": [0, -67.5, 0], "uv": [72, 47], "mirror": true},
						{"origin": [-8.5, 21.75, 3.5], "size": [0, 2, 2], "pivot": [-8.5, 22.75, 4.5], "rotation": [0, 22.5, 0], "uv": [72, 49], "mirror": true}
					]
				},
				{
					"name": "rose1_end_right5",
					"parent": "rose1_end_right4",
					"pivot": [-8.5, 21.75, 4.5],
					"cubes": [
						{"origin": [-8.5, 19.75, 3.5], "size": [0, 2, 2], "pivot": [-8.5, 20.75, 4.5], "rotation": [0, -45, 0], "uv": [47, 60], "mirror": true},
						{"origin": [-8.5, 19.75, 3.5], "size": [0, 2, 2], "pivot": [-8.5, 20.75, 4.5], "rotation": [0, 45, 0], "uv": [51, 60], "mirror": true}
					]
				},
				{
					"name": "hair3",
					"parent": "hair2",
					"pivot": [0, 32.25, 7.5],
					"rotation": [7.5, 0, 0],
					"cubes": [
						{"origin": [-10.5, 28.25, 7.5], "size": [21, 8, 8], "uv": [38, 21]},
						{"origin": [-4.5, 32.25, 15.5], "size": [10, 4, 0], "pivot": [0, 32.25, 15.5], "rotation": [-12.5, 0, 0], "uv": [38, 41]},
						{"origin": [-10.5, 28.25, 15.5], "size": [21, 4, 0], "pivot": [0, 32.25, 15.5], "rotation": [12.5, 0, 0], "uv": [38, 37]},
						{"origin": [-10.5, 36.25, 7.5], "size": [21, 0, 4], "pivot": [0, 36.25, 11.5], "rotation": [-10, 0, 0], "uv": [76, 37]},
						{"origin": [-4.5, 36.25, 11.5], "size": [9, 0, 4], "pivot": [0, 36.25, 11.5], "rotation": [12.5, 0, 0], "uv": [54, 41]},
						{"origin": [-10.5, 28.25, 7.5], "size": [21, 0, 4], "pivot": [0, 28.25, 11.5], "rotation": [12.5, 0, 0], "uv": [72, 41]},
						{"origin": [-10.5, 28.25, 11.5], "size": [21, 0, 4], "pivot": [0, 28.25, 11.5], "rotation": [-10, 0, 0], "uv": [72, 45]},
						{"origin": [10.5, 28.25, 7.5], "size": [0, 8, 4], "pivot": [10.5, 32.25, 11.5], "rotation": [0, -12.5, 0], "uv": [96, 24]},
						{"origin": [10.5, 28.25, 11.5], "size": [0, 8, 4], "pivot": [10.5, 32.25, 11.5], "rotation": [0, 15, 0], "uv": [104, 24]},
						{"origin": [-10.5, 28.25, 7.5], "size": [0, 8, 4], "pivot": [-10.5, 32.25, 11.5], "rotation": [0, 12.5, 0], "uv": [112, 24], "mirror": true},
						{"origin": [-10.5, 28.25, 11.5], "size": [0, 8, 4], "pivot": [-10.5, 32.25, 11.5], "rotation": [0, -15, 0], "uv": [120, 19], "mirror": true}
					]
				},
				{
					"name": "roses2_left",
					"parent": "hair3",
					"pivot": [7.5, 33.75, 13.5],
					"rotation": [-5, -10, -7.5],
					"cubes": [
						{"origin": [6, 30.75, 12.5], "size": [4, 6, 5], "uv": [72, 49]},
						{"origin": [6, 33.75, 17.5], "size": [4, 3, 0], "pivot": [7.5, 33.75, 17.5], "rotation": [-7.5, 0, 0], "uv": [105, 49]},
						{"origin": [6, 30.75, 17.5], "size": [2, 3, 0], "pivot": [7.5, 33.75, 17.5], "rotation": [15, 0, 0], "uv": [113, 49]},
						{"origin": [6, 36.75, 14.5], "size": [4, 0, 3], "pivot": [7.5, 36.75, 15], "rotation": [161, 0, 0], "uv": [72, 60]},
						{"origin": [6, 36.75, 14.5], "size": [4, 0, 3], "pivot": [7.5, 36.75, 15], "rotation": [17.5, 0, 0], "uv": [90, 60]},
						{"origin": [10, 30.75, 14.5], "size": [0, 6, 3], "pivot": [10, 33.75, 15], "rotation": [0, 15, 0], "uv": [110, 49]}
					]
				},
				{
					"name": "rose2_end_left",
					"parent": "roses2_left",
					"pivot": [7.9, 32, 16.25],
					"rotation": [25, 7.5, -15],
					"cubes": [
						{"origin": [7.9, 29.5, 14.75], "size": [2, 3, 3], "inflate": 0.01, "uv": [117, 46]}
					]
				},
				{
					"name": "rose2_end_left2",
					"parent": "rose2_end_left",
					"pivot": [8.9, 29.5, 16.25],
					"cubes": [
						{"origin": [8.9, 27.5, 15.25], "size": [0, 2, 2], "pivot": [8.9, 28.5, 16.25], "rotation": [0, 22.5, 0], "uv": [120, 29]},
						{"origin": [8.9, 27.5, 15.25], "size": [0, 2, 2], "pivot": [8.9, 28.5, 16.25], "rotation": [0, -67.5, 0], "uv": [120, 31]}
					]
				},
				{
					"name": "rose2_end_left3",
					"parent": "rose2_end_left2",
					"pivot": [8.9, 27.5, 16.25],
					"cubes": [
						{"origin": [8.9, 25.5, 15.25], "size": [0, 2, 2], "pivot": [8.9, 26.5, 16.25], "rotation": [0, 45, 0], "uv": [124, 29]},
						{"origin": [8.9, 25.5, 15.25], "size": [0, 2, 2], "pivot": [8.9, 26.5, 16.25], "rotation": [0, -45, 0], "uv": [124, 31]}
					]
				},
				{
					"name": "rose2_end_left4",
					"parent": "rose2_end_left3",
					"pivot": [8.9, 25.5, 16.25],
					"cubes": [
						{"origin": [8.9, 23.5, 15.25], "size": [0, 2, 2], "pivot": [8.9, 24.5, 16.25], "rotation": [0, 67.5, 0], "uv": [122, 33]},
						{"origin": [8.9, 23.5, 15.25], "size": [0, 2, 2], "pivot": [8.9, 24.5, 16.25], "rotation": [0, -22.5, 0], "uv": [122, 35]}
					]
				},
				{
					"name": "rose2_end_left5",
					"parent": "rose2_end_left4",
					"pivot": [8.9, 23.5, 16.25],
					"cubes": [
						{"origin": [8.9, 21.5, 15.25], "size": [0, 2, 2], "pivot": [8.9, 22.5, 16.25], "rotation": [0, 45, 0], "uv": [118, 39]},
						{"origin": [8.9, 21.5, 15.25], "size": [0, 2, 2], "pivot": [8.9, 22.5, 16.25], "rotation": [0, -45, 0], "uv": [118, 41]}
					]
				},
				{
					"name": "roses2_right",
					"parent": "hair3",
					"pivot": [-7, 34, 14],
					"rotation": [-5, 15, -7.5],
					"cubes": [
						{"origin": [-9.5, 31, 13], "size": [5, 6, 5], "uv": [90, 49], "mirror": true},
						{"origin": [-9, 37, 15], "size": [5, 0, 3], "pivot": [-7, 37, 15.5], "rotation": [17.5, 0, 0], "uv": [98, 60], "mirror": true},
						{"origin": [-9.5, 37, 15], "size": [5, 0, 3], "pivot": [-7, 37, 15.5], "rotation": [161, 0, 0], "uv": [80, 60], "mirror": true},
						{"origin": [-9.5, 31, 18], "size": [5, 3, 0], "pivot": [-7, 34, 18], "rotation": [15, 0, 0], "uv": [65, 61], "mirror": true},
						{"origin": [-9.5, 34, 18], "size": [5, 3, 0], "pivot": [-7, 34, 18], "rotation": [-7.5, 0, 0], "uv": [85, 49], "mirror": true},
						{"origin": [-9.5, 31, 15], "size": [0, 6, 3], "pivot": [-9.5, 34, 15.5], "rotation": [0, -15, 0], "uv": [111, 55], "mirror": true}
					]
				},
				{
					"name": "rose2_end_right",
					"parent": "roses2_right",
					"pivot": [-6.65, 37, 13],
					"rotation": [-5, 12.5, 0],
					"cubes": [
						{"origin": [-9.65, 35, 11.5], "size": [3, 2, 2], "inflate": 0.01, "uv": [116, 52], "mirror": true}
					]
				},
				{
					"name": "rose2_end_right2",
					"parent": "rose2_end_right",
					"pivot": [-8.15, 36.5, 11.5],
					"rotation": [-90, 0, 0]
				},
				{
					"name": "rose2_end_right2_rotation",
					"parent": "rose2_end_right2",
					"pivot": [-8.15, 36.5, 11.5],
					"cubes": [
						{"origin": [-8.15, 34.5, 10.5], "size": [0, 2, 2], "pivot": [-8.15, 35.5, 11.5], "rotation": [0, -22.5, 0], "uv": [122, 37], "mirror": true},
						{"origin": [-8.15, 34.5, 10.5], "size": [0, 2, 2], "pivot": [-8.15, 35.5, 11.5], "rotation": [0, 67.5, 0], "uv": [122, 39], "mirror": true}
					]
				},
				{
					"name": "rose2_end_right3",
					"parent": "rose2_end_right2_rotation",
					"pivot": [-8.15, 34.5, 11.5],
					"cubes": [
						{"origin": [-8.15, 32.5, 10.5], "size": [0, 2, 2], "pivot": [-8.15, 33.5, 11.5], "rotation": [0, -45, 0], "uv": [124, 41], "mirror": true},
						{"origin": [-8.15, 32.5, 10.5], "size": [0, 2, 2], "pivot": [-8.15, 33.5, 11.5], "rotation": [0, 45, 0], "uv": [124, 43], "mirror": true}
					]
				},
				{
					"name": "rose2_end_right4",
					"parent": "rose2_end_right3",
					"pivot": [-8.15, 32.5, 11.5],
					"cubes": [
						{"origin": [-8.15, 30.5, 10.5], "size": [0, 2, 2], "pivot": [-8.15, 31.5, 11.5], "rotation": [0, -67.5, 0], "uv": [124, 45], "mirror": true},
						{"origin": [-8.15, 30.5, 10.5], "size": [0, 2, 2], "pivot": [-8.15, 31.5, 11.5], "rotation": [0, 22.5, 0], "uv": [124, 50], "mirror": true}
					]
				},
				{
					"name": "vines",
					"parent": "hair3",
					"pivot": [0, 35.5, 8.25],
					"rotation": [-40, 0, 0]
				},
				{
					"name": "vine_left",
					"parent": "vines",
					"pivot": [3.5, 35.5, 8.25],
					"cubes": [
						{"origin": [3, 35.5, 8.25], "size": [1, 5, 0], "uv": [0, 66]}
					]
				},
				{
					"name": "vine_left2",
					"parent": "vine_left",
					"pivot": [3.5, 40.5, 8.25],
					"cubes": [
						{"origin": [3, 40.5, 8.25], "size": [1, 5, 0], "uv": [4, 66]}
					]
				},
				{
					"name": "vine_left3",
					"parent": "vine_left2",
					"pivot": [3.5, 45.5, 8.25],
					"cubes": [
						{"origin": [3, 45.5, 8.25], "size": [1, 5, 0], "uv": [8, 66]}
					]
				},
				{
					"name": "vine_left4",
					"parent": "vine_left3",
					"pivot": [3.5, 50.5, 8.25],
					"cubes": [
						{"origin": [3, 50.5, 8.25], "size": [1, 5, 0], "uv": [12, 66]}
					]
				},
				{
					"name": "vine_left5",
					"parent": "vine_left4",
					"pivot": [3.5, 55.5, 8.25],
					"cubes": [
						{"origin": [3, 55.5, 8.25], "size": [1, 5, 0], "uv": [16, 66]}
					]
				},
				{
					"name": "vine_leaf_left",
					"parent": "vine_left5",
					"pivot": [3.5, 56, 8.25],
					"rotation": [25, 22.5, 0],
					"cubes": [
						{"origin": [3, 56, 6.25], "size": [1, 0, 2], "uv": [30, 67]}
					]
				},
				{
					"name": "vine_leaf_left2",
					"parent": "vine_left5",
					"pivot": [3.5, 59.5, 8.25],
					"rotation": [-22.5, -20, 0],
					"cubes": [
						{"origin": [3, 59.5, 8.25], "size": [1, 0, 2], "uv": [35, 63]}
					]
				},
				{
					"name": "vine_left6",
					"parent": "vine_left5",
					"pivot": [3.5, 60.5, 8.25],
					"cubes": [
						{"origin": [3, 60.5, 8.25], "size": [1, 5, 0], "uv": [20, 66]}
					]
				},
				{
					"name": "vine_leaf_left3",
					"parent": "vine_left6",
					"pivot": [3.5, 63, 8.25],
					"rotation": [25, -40, 0],
					"cubes": [
						{"origin": [3, 63, 6.25], "size": [1, 0, 2], "uv": [34, 65]}
					]
				},
				{
					"name": "vine_left7",
					"parent": "vine_left6",
					"pivot": [3.5, 65.5, 8.25],
					"cubes": [
						{"origin": [3, 65.5, 8.25], "size": [1, 5, 0], "uv": [24, 66]}
					]
				},
				{
					"name": "vine_leaf_left4",
					"parent": "vine_left7",
					"pivot": [3.5, 66.5, 8.25],
					"rotation": [-22.5, 12.5, 0],
					"cubes": [
						{"origin": [3, 66.5, 8.25], "size": [1, 0, 2], "uv": [39, 62]}
					]
				},
				{
					"name": "vine_leaf_left5",
					"parent": "vine_left7",
					"pivot": [3.5, 70, 8.25],
					"rotation": [20, -80, 0],
					"cubes": [
						{"origin": [3, 70, 6.25], "size": [1, 0, 2], "uv": [38, 64]}
					]
				},
				{
					"name": "vine_left8",
					"parent": "vine_left7",
					"pivot": [3.5, 70.5, 8.25],
					"cubes": [
						{"origin": [3, 70.5, 8.25], "size": [1, 5, 0], "uv": [28, 66]}
					]
				},
				{
					"name": "vine_leaf_left6",
					"parent": "vine_left8",
					"pivot": [3.5, 73.5, 8.25],
					"rotation": [-22.5, -80, 0],
					"cubes": [
						{"origin": [3, 73.5, 8.25], "size": [1, 0, 2], "uv": [42, 64]}
					]
				},
				{
					"name": "vine_leaf_left7",
					"parent": "vine_left8",
					"pivot": [3.5, 75, 8.25],
					"rotation": [20, -75, 0],
					"cubes": [
						{"origin": [3, 75, 6.25], "size": [1, 0, 2], "uv": [30, 69]}
					]
				},
				{
					"name": "vine_left9",
					"parent": "vine_left8",
					"pivot": [3.5, 75.5, 8.25],
					"cubes": [
						{"origin": [3, 75.5, 8.25], "size": [1, 4, 0], "uv": [32, 63]}
					]
				},
				{
					"name": "vine_leaf_left8",
					"parent": "vine_left9",
					"pivot": [3.5, 78, 8.25],
					"rotation": [-22.5, 32.5, 0],
					"cubes": [
						{"origin": [3, 78, 8.25], "size": [1, 0, 2], "uv": [34, 67]}
					]
				},
				{
					"name": "vine_right",
					"parent": "vines",
					"pivot": [-3.5, 35.5, 8.25],
					"cubes": [
						{"origin": [-4, 35.5, 8.25], "size": [1, 5, 0], "uv": [2, 66], "mirror": true}
					]
				},
				{
					"name": "vine_right2",
					"parent": "vine_right",
					"pivot": [-3.5, 40.5, 8.25],
					"cubes": [
						{"origin": [-4, 40.5, 8.25], "size": [1, 5, 0], "uv": [6, 66], "mirror": true}
					]
				},
				{
					"name": "vine_right3",
					"parent": "vine_right2",
					"pivot": [-3.5, 45.5, 8.25],
					"cubes": [
						{"origin": [-4, 45.5, 8.25], "size": [1, 5, 0], "uv": [10, 66], "mirror": true}
					]
				},
				{
					"name": "vine_right4",
					"parent": "vine_right3",
					"pivot": [-3.5, 50.5, 8.25],
					"cubes": [
						{"origin": [-4, 50.5, 8.25], "size": [1, 5, 0], "uv": [14, 66], "mirror": true}
					]
				},
				{
					"name": "vine_right5",
					"parent": "vine_right4",
					"pivot": [-3.5, 55.5, 8.25],
					"cubes": [
						{"origin": [-4, 55.5, 8.25], "size": [1, 5, 0], "uv": [18, 66], "mirror": true}
					]
				},
				{
					"name": "vine_leaf_right",
					"parent": "vine_right5",
					"pivot": [-3.5, 56, 8.25],
					"rotation": [25, -22.5, 0],
					"cubes": [
						{"origin": [-4, 56, 6.25], "size": [1, 0, 2], "uv": [32, 67], "mirror": true}
					]
				},
				{
					"name": "vine_leaf_right2",
					"parent": "vine_right5",
					"pivot": [-3.5, 59.5, 8.25],
					"rotation": [-22.5, 20, 0],
					"cubes": [
						{"origin": [-4, 59.5, 8.25], "size": [1, 0, 2], "uv": [37, 62], "mirror": true}
					]
				},
				{
					"name": "vine_right6",
					"parent": "vine_right5",
					"pivot": [-3.5, 60.5, 8.25],
					"cubes": [
						{"origin": [-4, 60.5, 8.25], "size": [1, 5, 0], "uv": [22, 66], "mirror": true}
					]
				},
				{
					"name": "vine_leaf_right3",
					"parent": "vine_right6",
					"pivot": [-3.5, 63, 8.25],
					"rotation": [25, 40, 0],
					"cubes": [
						{"origin": [-4, 63, 6.25], "size": [1, 0, 2], "uv": [36, 65], "mirror": true}
					]
				},
				{
					"name": "vine_right7",
					"parent": "vine_right6",
					"pivot": [-3.5, 65.5, 8.25],
					"cubes": [
						{"origin": [-4, 65.5, 8.25], "size": [1, 5, 0], "uv": [26, 66], "mirror": true}
					]
				},
				{
					"name": "vine_leaf_right4",
					"parent": "vine_right7",
					"pivot": [-3.5, 66.5, 8.25],
					"rotation": [-22.5, -12.5, 0],
					"cubes": [
						{"origin": [-4, 66.5, 8.25], "size": [1, 0, 2], "uv": [41, 62], "mirror": true}
					]
				},
				{
					"name": "vine_leaf_right5",
					"parent": "vine_right7",
					"pivot": [-3.5, 70, 8.25],
					"rotation": [20, 80, 0],
					"cubes": [
						{"origin": [-4, 70, 6.25], "size": [1, 0, 2], "uv": [40, 64], "mirror": true}
					]
				},
				{
					"name": "vine_right8",
					"parent": "vine_right7",
					"pivot": [-3.5, 70.5, 8.25],
					"cubes": [
						{"origin": [-4, 70.5, 8.25], "size": [1, 5, 0], "uv": [30, 66], "mirror": true}
					]
				},
				{
					"name": "vine_leaf_right6",
					"parent": "vine_right8",
					"pivot": [-3.5, 73.5, 8.25],
					"rotation": [-22.5, 80, 0],
					"cubes": [
						{"origin": [-4, 73.5, 8.25], "size": [1, 0, 2], "uv": [43, 62], "mirror": true}
					]
				},
				{
					"name": "vine_leaf_right7",
					"parent": "vine_right8",
					"pivot": [-3.5, 75, 8.25],
					"rotation": [20, 75, 0],
					"cubes": [
						{"origin": [-4, 75, 6.25], "size": [1, 0, 2], "uv": [32, 69], "mirror": true}
					]
				},
				{
					"name": "vine_right9",
					"parent": "vine_right8",
					"pivot": [-3.5, 75.5, 8.25],
					"cubes": [
						{"origin": [-4, 75.5, 8.25], "size": [1, 4, 0], "uv": [34, 63], "mirror": true}
					]
				},
				{
					"name": "vine_leaf_right8",
					"parent": "vine_right9",
					"pivot": [-3.5, 78, 8.25],
					"rotation": [-22.5, -32.5, 0],
					"cubes": [
						{"origin": [-4, 78, 8.25], "size": [1, 0, 2], "uv": [36, 67], "mirror": true}
					]
				},
				{
					"name": "tail",
					"parent": "body",
					"pivot": [0, 18.5, 3],
					"rotation": [-42.5, 0, 0],
					"cubes": [
						{"origin": [-2, 14.5, -1], "size": [4, 4, 4], "inflate": 0.02, "uv": [39, 0]}
					]
				},
				{
					"name": "tail2",
					"parent": "tail",
					"pivot": [0, 14.5, 1],
					"cubes": [
						{"origin": [-2, 11.5, -0.75], "size": [4, 4, 3], "inflate": 0.01, "uv": [37, 8]}
					]
				},
				{
					"name": "tail3",
					"parent": "tail2",
					"pivot": [0, 11.5, 0.75],
					"cubes": [
						{"origin": [-1.5, 8, -0.75], "size": [3, 4, 3], "uv": [34, 15]}
					]
				},
				{
					"name": "tail4",
					"parent": "tail3",
					"pivot": [0, 8, 0.5],
					"cubes": [
						{"origin": [-1, 4.5, -0.5], "size": [2, 4, 2], "uv": [28, 10]}
					]
				},
				{
					"name": "tail5",
					"parent": "tail4",
					"pivot": [0, 4.5, 0.25],
					"cubes": [
						{"origin": [-0.5, 0, -0.25], "size": [1, 5, 1], "uv": [26, 25]}
					]
				},
				{
					"name": "leaf_left",
					"parent": "tail5",
					"pivot": [0.5, 0.5, 0.75],
					"rotation": [0, -45, 0]
				},
				{
					"name": "leaf_left_rotation",
					"parent": "leaf_left",
					"pivot": [0.5, 0.5, 0.75],
					"rotation": [0, 0, -47.5],
					"cubes": [
						{"origin": [0, 0.5, -3.75], "size": [8, 0, 9], "uv": [-9, 30]}
					]
				},
				{
					"name": "leaf_left2",
					"parent": "leaf_left_rotation",
					"pivot": [8, 0.5, 0.75],
					"cubes": [
						{"origin": [8, 0.5, -4.75], "size": [11, 0, 11], "inflate": 0.01, "uv": [5, 31]}
					]
				},
				{
					"name": "leaf_left3",
					"parent": "leaf_left2",
					"pivot": [19, 0.5, 0.75],
					"cubes": [
						{"origin": [19, 0.5, -3.75], "size": [7, 0, 9], "uv": [-9, 48]}
					]
				},
				{
					"name": "leaf_left4",
					"parent": "leaf_left3",
					"pivot": [26, 0.5, 0.75],
					"cubes": [
						{"origin": [26, 0.5, -1.75], "size": [7, 0, 5], "uv": [9, 53]}
					]
				},
				{
					"name": "leaf_right",
					"parent": "tail5",
					"pivot": [-0.5, 0.5, 0.75],
					"rotation": [0, 45, 0]
				},
				{
					"name": "leaf_right_rotation",
					"parent": "leaf_right",
					"pivot": [-0.5, 0.5, 0.75],
					"rotation": [0, 0, 47.5],
					"cubes": [
						{"origin": [-8, 0.5, -3.75], "size": [8, 0, 9], "uv": [-9, 39], "mirror": true}
					]
				},
				{
					"name": "leaf_right2",
					"parent": "leaf_right_rotation",
					"pivot": [-8, 0.5, 0.75],
					"cubes": [
						{"origin": [-19, 0.5, -4.75], "size": [11, 0, 11], "inflate": 0.01, "uv": [5, 42], "mirror": true}
					]
				},
				{
					"name": "leaf_right3",
					"parent": "leaf_right2",
					"pivot": [-19, 0.5, 0.75],
					"cubes": [
						{"origin": [-26, 0.5, -3.75], "size": [7, 0, 9], "uv": [-9, 57], "mirror": true}
					]
				},
				{
					"name": "leaf_right4",
					"parent": "leaf_right3",
					"pivot": [-26, 0.5, 0.75],
					"cubes": [
						{"origin": [-33, 0.5, -1.75], "size": [7, 0, 5], "uv": [9, 58], "mirror": true}
					]
				},
				{
					"name": "tail_end_left",
					"parent": "tail5",
					"pivot": [0.5, 0, 0.25],
					"rotation": [0, 0, -37.5],
					"cubes": [
						{"origin": [-1.5, -6.5, 0.25], "size": [4, 7, 0], "inflate": 0.01, "uv": [30, 24]}
					]
				},
				{
					"name": "tail_end_right",
					"parent": "tail5",
					"pivot": [-0.5, 0, 0.25],
					"rotation": [0, 0, 37.5],
					"cubes": [
						{"origin": [-2.5, -6.5, 0.25], "size": [4, 7, 0], "uv": [38, 22], "mirror": true}
					]
				}
			]
		}
	]
}