{
	"format_version": "1.12.0",
	"minecraft:geometry": [
		{
			"description": {
				"identifier": "geometry.mienshao",
				"texture_width": 64,
				"texture_height": 64,
				"visible_bounds_width": 7,
				"visible_bounds_height": 3.5,
				"visible_bounds_offset": [0, 1.25, 0]
			},
			"bones": [
				{
					"name": "mienshao",
					"pivot": [0, 0, 0]
				},
				{
					"name": "body",
					"parent": "mienshao",
					"pivot": [0, 19, 0]
				},
				{
					"name": "torso",
					"parent": "body",
					"pivot": [0, 12.7, 0],
					"cubes": [
						{"origin": [-3, 9.7, -3], "size": [6, 6, 6], "uv": [0, 13]}
					]
				},
				{
                    "name": "locator_seat_1",
                    "parent": "body",
                    "pivot": [0, 16, 3],
                    "locators": {
                        "seat_1": [0, 16, 3]
                    }
                },
				{
					"name": "tail",
					"parent": "torso",
					"pivot": [0, 11.7, 3],
					"cubes": [
						{"origin": [-1, 11.7, 2], "size": [2, 0, 5], "uv": [40, 25]}
					]
				},
				{
					"name": "tail2",
					"parent": "tail",
					"pivot": [0, 11.7, 7],
					"cubes": [
						{"origin": [-1, 11.7, 7], "size": [2, 0, 4], "inflate": 0.01, "uv": [15, 0]}
					]
				},
				{
					"name": "tail3",
					"parent": "tail2",
					"pivot": [0, 11.7, 11],
					"cubes": [
						{"origin": [-1, 11.7, 11], "size": [2, 0, 4], "uv": [14, 13]}
					]
				},
				{
					"name": "tail4",
					"parent": "tail3",
					"pivot": [0, 11.7, 15],
					"cubes": [
						{"origin": [-1.5, 11.7, 15], "size": [3, 0, 5], "inflate": 0.01, "uv": [34, 26]}
					]
				},
				{
					"name": "tail5",
					"parent": "tail4",
					"pivot": [0, 11.7, 20],
					"cubes": [
						{"origin": [-1.5, 11.7, 20], "size": [3, 0, 7], "uv": [51, 0]}
					]
				},
				{
					"name": "waist",
					"parent": "torso",
					"pivot": [0, 15.7, 0.1],
					"cubes": [
						{"origin": [-2.5, 14.2, -2.4], "size": [5, 6, 5], "uv": [19, 20]}
					]
				},
				{
					"name": "torso2",
					"parent": "waist",
					"pivot": [0, 20.2, 0],
					"cubes": [
						{"origin": [-2, 18.9, -1.9], "size": [4, 6, 4], "uv": [34, 31]}
					]
				},
				{
					"name": "arm_right",
					"parent": "torso2",
					"pivot": [-2, 23, 0.1],
					"cubes": [
						{"origin": [-8.5, 22, -0.9], "size": [7, 2, 2], "uv": [40, 21]}
					]
				},
				{
					"name": "arm_right2",
					"parent": "arm_right",
					"pivot": [-8.5, 22, 1.1],
					"cubes": [
						{"origin": [-15.5, 21.2, -1.9], "size": [7, 3, 4], "uv": [0, 27]},
						{"origin": [-20.5, 22.2, -1.4], "size": [5, 2, 3], "uv": [45, 10]}
					]
				},
				{
					"name": "hand_right",
					"parent": "arm_right2",
					"pivot": [-17, 22.2, 0],
					"cubes": [
						{"origin": [-17.5, 19.2, -1], "size": [1, 3, 2], "uv": [0, 14]}
					]
				},
				{
					"name": "arm_ribbon_right",
					"parent": "arm_right2",
					"pivot": [-20.5, 24.2, 0.1],
					"cubes": [
						{"origin": [-26.5, 22.2, -1.4], "size": [6, 2, 3], "inflate": 0.01, "uv": [31, 41]}
					]
				},
				{
					"name": "arm_ribbon_right2",
					"parent": "arm_ribbon_right",
					"pivot": [-26.5, 24.2, 0.1],
					"cubes": [
						{"origin": [-33.5, 22.2, -2], "size": [7, 2, 4], "inflate": 0.01, "uv": [19, 0]}
					]
				},
				{
					"name": "arm_ribbon_back_right",
					"parent": "arm_ribbon_right2",
					"pivot": [-33.5, 23.2, 0],
					"rotation": [0, 3, 0],
					"cubes": [
						{"origin": [-36.5, 22.7, 0], "size": [4, 1, 2], "inflate": 0.01, "uv": [37, 49]}
					]
				},
				{
					"name": "ribbon_back_right2",
					"parent": "arm_ribbon_back_right",
					"pivot": [-36.5, 23.2, 0],
					"cubes": [
						{"origin": [-40.5, 23.2, 0], "size": [4, 0, 2], "uv": [-2, 59]}
					]
				},
				{
					"name": "arm_ribbon_front_right",
					"parent": "arm_ribbon_right2",
					"pivot": [-33.5, 23.2, 0],
					"rotation": [0, -3, 0],
					"cubes": [
						{"origin": [-36.5, 22.7, -2], "size": [4, 1, 2], "uv": [46, 46]}
					]
				},
				{
					"name": "arm_ribbon_front_right2",
					"parent": "arm_ribbon_front_right",
					"pivot": [-36.5, 23.2, 0],
					"cubes": [
						{"origin": [-40.5, 23.2, -2], "size": [4, 0, 2], "uv": [-2, 57]}
					]
				},
				{
					"name": "arm_left",
					"parent": "torso2",
					"pivot": [2, 23, 0.1],
					"cubes": [
						{"origin": [1.5, 22, -0.9], "size": [7, 2, 2], "uv": [39, 0]}
					]
				},
				{
					"name": "arm_left2",
					"parent": "arm_left",
					"pivot": [8.5, 22, 1.1],
					"cubes": [
						{"origin": [8.5, 21.2, -1.9], "size": [7, 3, 4], "uv": [26, 6]},
						{"origin": [15.5, 22.2, -1.4], "size": [5, 2, 3], "uv": [44, 4]}
					]
				},
				{
					"name": "hand_left",
					"parent": "arm_left2",
					"pivot": [17, 22.2, 0],
					"cubes": [
						{"origin": [16.5, 19.2, -1], "size": [1, 3, 2], "uv": [0, 0]}
					]
				},
				{
					"name": "arm_ribbon_left",
					"parent": "arm_left2",
					"pivot": [20.5, 24.2, 0.1],
					"cubes": [
						{"origin": [20.5, 22.2, -1.4], "size": [6, 2, 3], "inflate": 0.01, "uv": [40, 16]}
					]
				},
				{
					"name": "arm_ribbon_left2",
					"parent": "arm_ribbon_left",
					"pivot": [26.5, 24.2, 0.1],
					"cubes": [
						{"origin": [26.5, 22.2, -2], "size": [7, 2, 4], "inflate": 0.01, "uv": [18, 13]}
					]
				},
				{
					"name": "arm_ribbon_back_left",
					"parent": "arm_ribbon_left2",
					"pivot": [33.5, 23.2, 0],
					"rotation": [0, -3, 0],
					"cubes": [
						{"origin": [32.5, 22.7, 0], "size": [4, 1, 2], "inflate": 0.01, "uv": [46, 41]}
					]
				},
				{
					"name": "ribbon_back_left2",
					"parent": "arm_ribbon_back_left",
					"pivot": [36.5, 23.2, 0],
					"cubes": [
						{"origin": [36.5, 23.2, 0], "size": [4, 0, 2], "uv": [6, 57]}
					]
				},
				{
					"name": "arm_ribbon_front_left",
					"parent": "arm_ribbon_left2",
					"pivot": [33.5, 23.2, 0],
					"rotation": [0, 3, 0],
					"cubes": [
						{"origin": [32.5, 22.7, -2], "size": [4, 1, 2], "uv": [34, 46]}
					]
				},
				{
					"name": "arm_ribbon_front_left2",
					"parent": "arm_ribbon_front_left",
					"pivot": [36.5, 23.2, 0],
					"cubes": [
						{"origin": [36.5, 23.2, -2], "size": [4, 0, 2], "uv": [6, 59]}
					]
				},
				{
					"name": "neck",
					"parent": "torso2",
					"pivot": [0, 24.9, 0.1],
					"cubes": [
						{"origin": [-1.5, 23.9, -1.4], "size": [3, 7, 3], "uv": [13, 42]}
					]
				},
				{
					"name": "head",
					"parent": "neck",
					"pivot": [0, 29.4, 0.1],
					"cubes": [
						{"origin": [-3, 29.4, -4.2], "size": [6, 6, 7], "uv": [0, 0]},
						{"origin": [-0.5, 31.9, -4.21], "size": [1, 1, 0], "uv": [0, 62]},
						{"origin": [-2, 32.9, -4.21], "size": [4, 1, 0], "uv": [0, 63]}
					]
				},
				{
					"name": "snout",
					"parent": "head",
					"pivot": [0, 29.4, -4.2],
					"cubes": [
						{"origin": [-1.5, 29.2, -7], "size": [3, 3, 3], "inflate": -0.2, "uv": [46, 27]},
						{"origin": [-0.5, 32, -5.065], "size": [1, 0, 1], "uv": [48, 25]}
					]
				},
				{
					"name": "nose",
					"parent": "snout",
					"pivot": [0, 31.15, -6.8],
					"rotation": [-10, 0, 0],
					"cubes": [
						{"origin": [-0.5, 31.05, -7.7], "size": [1, 1, 1], "inflate": -0.065, "uv": [15, 25]}
					]
				},
				{
					"name": "mouth",
					"parent": "snout",
					"pivot": [0, 29.49, -5.11],
					"cubes": [
						{"origin": [-1, 29.49, -6.11], "size": [2, 0, 2], "uv": [58, 7]}
					]
				},
				{
					"name": "eyes",
					"parent": "head",
					"pivot": [-2.4, 32.4, -3.6]
				},
				{
					"name": "eye_right",
					"parent": "eyes",
					"pivot": [-2.5, 32.4, -2.7],
					"cubes": [
						{"origin": [-3, 31.9, -4.2], "size": [1, 1, 3], "inflate": 0.01, "uv": [8, 52]}
					]
				},
				{
					"name": "eye_left",
					"parent": "eyes",
					"pivot": [2.5, 32.4, -2.7],
					"cubes": [
						{"origin": [2, 31.9, -4.2], "size": [1, 1, 3], "inflate": 0.01, "uv": [0, 52]}
					]
				},
				{
					"name": "pupil_right",
					"parent": "eyes",
					"pivot": [-2.5, 32.4, -3.2],
					"cubes": [
						{"origin": [-3, 31.9, -4.2], "size": [1, 1, 2], "inflate": 0.015, "uv": [13, 52]}
					]
				},
				{
					"name": "pupil_left",
					"parent": "eyes",
					"pivot": [2.5, 32.4, -3.2],
					"cubes": [
						{"origin": [2, 31.9, -4.2], "size": [1, 1, 2], "inflate": 0.015, "uv": [5, 52]}
					]
				},
				{
					"name": "eyelid_right",
					"parent": "eyes",
					"pivot": [-2.4, 32.4, -2.6],
					"cubes": [
						{"origin": [-2.9, 31.9, -4.1], "size": [1, 1, 3], "inflate": 0.025, "uv": [16, 52]}
					]
				},
				{
					"name": "eyelid_left",
					"parent": "eyes",
					"pivot": [2.4, 32.4, -2.6],
					"cubes": [
						{"origin": [1.9, 31.9, -4.1], "size": [1, 1, 3], "inflate": 0.025, "uv": [30, 31]}
					]
				},
				{
					"name": "eyebrow_right",
					"parent": "eyes",
					"pivot": [-3, 33.4, -3.2],
					"cubes": [
						{"origin": [-3, 32.9, -4.2], "size": [1, 1, 2], "inflate": 0.02, "uv": [56, 42]},
						{"origin": [-3.01, 33.4, -4.2], "size": [0, 1, 2], "uv": [58, 10]}
					]
				},
				{
					"name": "eyebrow_right2",
					"parent": "eyebrow_right",
					"pivot": [-3, 33.4, -1.16],
					"cubes": [
						{"origin": [-3, 32.9, -2.17], "size": [0, 1, 2], "inflate": 0.02, "uv": [49, 42]}
					]
				},
				{
					"name": "eyebrow_left",
					"parent": "eyes",
					"pivot": [3, 33.4, -3.2],
					"cubes": [
						{"origin": [2, 32.9, -4.2], "size": [1, 1, 2], "inflate": 0.02, "uv": [56, 39], "mirror": true},
						{"origin": [3.01, 33.4, -4.2], "size": [0, 1, 2], "uv": [58, 9], "mirror": true}
					]
				},
				{
					"name": "eyebrow_left2",
					"parent": "eyebrow_left",
					"pivot": [3, 33.4, -1.16],
					"cubes": [
						{"origin": [3, 32.9, -2.17], "size": [0, 1, 2], "inflate": 0.02, "uv": [49, 43], "mirror": true}
					]
				},
				{
					"name": "ears",
					"parent": "head",
					"pivot": [0, 34.4, -0.4]
				},
				{
					"name": "ear_right",
					"parent": "ears",
					"pivot": [-2, 35.4, -0.2],
					"rotation": [-30, 40, -50],
					"cubes": [
						{"origin": [-5, 34.4, -0.2], "size": [3, 4, 0], "uv": [30, 53]}
					]
				},
				{
					"name": "ear_left",
					"parent": "ears",
					"pivot": [2, 35.4, -0.2],
					"rotation": [-30, -40, 50],
					"cubes": [
						{"origin": [2, 34.4, -0.2], "size": [3, 4, 0], "uv": [24, 53]}
					]
				},
				{
					"name": "whisker_right",
					"parent": "head",
					"pivot": [-3, 31.4, -3.7],
					"cubes": [
						{"origin": [-5.5, 30.4, -3.7], "size": [3, 1, 0], "inflate": 0.01, "uv": [0, 5]}
					]
				},
				{
					"name": "whisker_right2",
					"parent": "whisker_right",
					"pivot": [-5.5, 30.4, -3.68],
					"cubes": [
						{"origin": [-7.5, 30.4, -3.7], "size": [2, 1, 0], "uv": [17, 61]}
					]
				},
				{
					"name": "whisker_right3",
					"parent": "whisker_right2",
					"pivot": [-7.5, 30.4, -3.7],
					"cubes": [
						{"origin": [-12.5, 29.8, -3.7], "size": [5, 2, 0], "inflate": 0.01, "uv": [22, 58]}
					]
				},
				{
					"name": "whisker_left",
					"parent": "head",
					"pivot": [3, 31.4, -3.7],
					"cubes": [
						{"origin": [2.5, 30.4, -3.7], "size": [3, 1, 0], "inflate": 0.01, "uv": [0, 6]}
					]
				},
				{
					"name": "whisker_left2",
					"parent": "whisker_left",
					"pivot": [5.5, 30.4, -3.68],
					"cubes": [
						{"origin": [5.5, 30.4, -3.7], "size": [2, 1, 0], "uv": [17, 59]}
					]
				},
				{
					"name": "whisker_left3",
					"parent": "whisker_left2",
					"pivot": [7.5, 30.4, -3.7],
					"cubes": [
						{"origin": [7.5, 29.8, -3.7], "size": [5, 2, 0], "inflate": 0.01, "uv": [22, 62]}
					]
				},
				{
					"name": "leg_right",
					"parent": "body",
					"pivot": [-1.9, 11.6, 0],
					"cubes": [
						{"origin": [-4, 6.6, -2], "size": [4, 7, 4], "uv": [0, 34]}
					]
				},
				{
					"name": "leg_right2",
					"parent": "leg_right",
					"pivot": [-2, 6.6, -2],
					"cubes": [
						{"origin": [-3.5, 2.8, -2.2], "size": [3, 4, 3], "inflate": -0.2, "uv": [25, 46]},
						{"origin": [-3, 0.6, -1.7], "size": [2, 3, 2], "inflate": -0.2, "uv": [50, 33]}
					]
				},
				{
					"name": "foot_right",
					"parent": "leg_right2",
					"pivot": [-2.5, 1, -0.7],
					"cubes": [
						{"origin": [-3, 0, -1.2], "size": [2, 1, 2], "uv": [56, 36]}
					]
				},
				{
					"name": "toes_right",
					"parent": "foot_right",
					"pivot": [-2.5, 0, -1.2],
					"cubes": [
						{"origin": [-3, 0, -3.2], "size": [2, 1, 2], "uv": [50, 38]},
						{"origin": [-1, 0, -4.2], "size": [0, 1, 1], "uv": [0, 12]},
						{"origin": [-2.9, 0, -4.2], "size": [0, 1, 1], "uv": [0, 14]},
						{"origin": [-1.9, 0, -4.2], "size": [0, 1, 1], "uv": [0, 13]}
					]
				},
				{
					"name": "leg_left",
					"parent": "body",
					"pivot": [1.9, 11.6, 0],
					"cubes": [
						{"origin": [0, 6.6, -2], "size": [4, 7, 4], "uv": [18, 31]}
					]
				},
				{
					"name": "leg_left2",
					"parent": "leg_left",
					"pivot": [2, 6.6, -2],
					"cubes": [
						{"origin": [0.5, 2.8, -2.2], "size": [3, 4, 3], "inflate": -0.2, "uv": [0, 45]},
						{"origin": [1, 0.6, -1.7], "size": [2, 3, 2], "inflate": -0.2, "uv": [36, 52]}
					]
				},
				{
					"name": "foot_left",
					"parent": "leg_left2",
					"pivot": [2.5, 1, -0.7],
					"cubes": [
						{"origin": [1, 0, -1.2], "size": [2, 1, 2], "uv": [22, 42]}
					]
				},
				{
					"name": "toes_left",
					"parent": "foot_left",
					"pivot": [2.5, 0, -1.2],
					"cubes": [
						{"origin": [1, 0, -3.2], "size": [2, 1, 2], "uv": [38, 13]},
						{"origin": [1, 0, -4.2], "size": [0, 1, 1], "uv": [4, 12]},
						{"origin": [2.9, 0, -4.2], "size": [0, 1, 1], "uv": [4, 14]},
						{"origin": [1.9, 0, -4.2], "size": [0, 1, 1], "uv": [4, 13]}
					]
				}
			]
		}
	]
}