{
  "format_version": "1.12.0",
  "minecraft:geometry": [
    {
      "description": {
        "identifier": "geometry.glalie",
        "texture_width": 256,
        "texture_height": 256,
        "visible_bounds_width": 5,
        "visible_bounds_height": 6,
        "visible_bounds_offset": [
          0,
          2,
          0
        ]
      },
      "bones": [
        {
          "name": "glalie",
          "pivot": [
            0,
            16,
            0
          ]
        },
        {
          "name": "root",
          "parent": "glalie",
          "pivot": [
            -0.0085,
            44.03098,
            -2.34286
          ]
        },
        {
          "name": "body",
          "parent": "root",
          "pivot": [
            -0.0085,
            44.03098,
            -2.34286
          ],
          "cubes": [
            {
              "origin": [
                2.5,
                50.05,
                -12.5
              ],
              "size": [
                5,
                1,
                25
              ],
              "inflate": 0.09,
              "uv": [
                100,
                0
              ]
            },
            {
              "origin": [
                -7.5,
                50.05,
                -12.5
              ],
              "size": [
                5,
                1,
                25
              ],
              "inflate": 0.09,
              "uv": [
                100,
                26
              ]
            },
            {
              "origin": [
                -12.2,
                40.8,
                -13.2
              ],
              "size": [
                3,
                10,
                10
              ],
              "inflate": -0.1,
              "pivot": [
                -11.2,
                48.7,
                -7.7
              ],
              "rotation": [
                0,
                0,
                -52.5
              ],
              "uv": [
                100,
                118
              ]
            },
            {
              "origin": [
                9.2,
                40.725,
                -13.2
              ],
              "size": [
                3,
                10,
                10
              ],
              "inflate": -0.1,
              "pivot": [
                11.2,
                48.7,
                -7.7
              ],
              "rotation": [
                0,
                0,
                52.5
              ],
              "uv": [
                0,
                120
              ]
            },
            {
              "origin": [
                -12.5,
                30,
                -12.5
              ],
              "size": [
                25,
                20,
                25
              ],
              "inflate": 0.2,
              "uv": [
                0,
                0
              ]
            },
            {
              "origin": [
                -3.5,
                41.5,
                -16.5
              ],
              "size": [
                7,
                7,
                6
              ],
              "pivot": [
                0,
                45,
                -12.5
              ],
              "rotation": [
                -14.43276,
                13.99545,
                43.21918
              ],
              "uv": [
                26,
                120
              ]
            },
            {
              "origin": [
                -2,
                43,
                -20.5
              ],
              "size": [
                4,
                4,
                4
              ],
              "pivot": [
                0,
                45,
                -12.5
              ],
              "rotation": [
                -14.43276,
                13.99545,
                43.21918
              ],
              "uv": [
                126,
                121
              ]
            },
            {
              "origin": [
                -1.5,
                45,
                -24.5
              ],
              "size": [
                3,
                0,
                4
              ],
              "pivot": [
                0,
                45,
                -12.5
              ],
              "rotation": [
                -14.43276,
                13.99545,
                43.21918
              ],
              "uv": [
                136,
                79
              ]
            },
            {
              "origin": [
                0,
                43.5,
                -24.5
              ],
              "size": [
                0,
                3,
                4
              ],
              "pivot": [
                0,
                45,
                -12.5
              ],
              "rotation": [
                -14.43276,
                13.99545,
                43.21918
              ],
              "uv": [
                92,
                120
              ]
            },
            {
              "origin": [
                -12.5,
                31,
                -12.5
              ],
              "size": [
                25,
                19,
                25
              ],
              "uv": [
                0,
                45
              ]
            },
            {
              "origin": [
                -7.5,
                28,
                -12.5
              ],
              "size": [
                15,
                3,
                0
              ],
              "uv": [
                126,
                118
              ]
            }
          ]
        },
        {
                    "name": "locator_seat_1",
                    "parent": "body",
                    "pivot": [0, 49, 0],
                    "locators": {
                        "seat_1": [0, 49, 0]
                    }
                },
        {
          "name": "jaw",
          "parent": "body",
          "pivot": [
            0,
            31,
            4.5
          ],
          "rotation": [
            22.5,
            0,
            0
          ],
          "cubes": [
            {
              "origin": [
                -12.5,
                17,
                -12.5
              ],
              "size": [
                25,
                6,
                25
              ],
              "inflate": -0.01,
              "uv": [
                0,
                89
              ]
            },
            {
              "origin": [
                4,
                16,
                8.5
              ],
              "size": [
                2,
                2,
                2
              ],
              "inflate": -0.01,
              "pivot": [
                5,
                17,
                9.5
              ],
              "rotation": [
                0,
                0,
                -45
              ],
              "uv": [
                23,
                68
              ]
            },
            {
              "origin": [
                6,
                16,
                2.5
              ],
              "size": [
                2,
                2,
                2
              ],
              "inflate": -0.01,
              "pivot": [
                7,
                17,
                3.5
              ],
              "rotation": [
                0,
                0,
                -45
              ],
              "uv": [
                23,
                68
              ]
            },
            {
              "origin": [
                6,
                16,
                -3.5
              ],
              "size": [
                2,
                2,
                2
              ],
              "inflate": -0.01,
              "pivot": [
                7,
                17,
                -2.5
              ],
              "rotation": [
                0,
                0,
                -45
              ],
              "uv": [
                23,
                68
              ]
            },
            {
              "origin": [
                4,
                16,
                -10.5
              ],
              "size": [
                2,
                2,
                2
              ],
              "inflate": -0.01,
              "pivot": [
                5,
                17,
                -9.5
              ],
              "rotation": [
                0,
                0,
                -45
              ],
              "uv": [
                23,
                68
              ]
            },
            {
              "origin": [
                -6,
                16,
                -10.5
              ],
              "size": [
                2,
                2,
                2
              ],
              "inflate": -0.01,
              "pivot": [
                -5,
                17,
                -9.5
              ],
              "rotation": [
                0,
                0,
                45
              ],
              "uv": [
                23,
                68
              ],
              "mirror": true
            },
            {
              "origin": [
                -8,
                16,
                -3.5
              ],
              "size": [
                2,
                2,
                2
              ],
              "inflate": -0.01,
              "pivot": [
                -7,
                17,
                -2.5
              ],
              "rotation": [
                0,
                0,
                45
              ],
              "uv": [
                23,
                68
              ],
              "mirror": true
            },
            {
              "origin": [
                -6,
                16,
                8.5
              ],
              "size": [
                2,
                2,
                2
              ],
              "inflate": -0.01,
              "pivot": [
                -5,
                17,
                9.5
              ],
              "rotation": [
                0,
                0,
                45
              ],
              "uv": [
                23,
                68
              ],
              "mirror": true
            },
            {
              "origin": [
                -8,
                16,
                2.5
              ],
              "size": [
                2,
                2,
                2
              ],
              "inflate": -0.01,
              "pivot": [
                -7,
                17,
                3.5
              ],
              "rotation": [
                0,
                0,
                45
              ],
              "uv": [
                23,
                68
              ],
              "mirror": true
            },
            {
              "origin": [
                -13.5,
                20.5,
                -1
              ],
              "size": [
                2,
                2,
                2
              ],
              "inflate": -0.01,
              "pivot": [
                -12.5,
                21.5,
                0
              ],
              "rotation": [
                0,
                45,
                0
              ],
              "uv": [
                23,
                68
              ]
            },
            {
              "origin": [
                -13.5,
                20,
                -7
              ],
              "size": [
                2,
                2,
                2
              ],
              "inflate": -0.01,
              "pivot": [
                -12.5,
                21,
                -6
              ],
              "rotation": [
                0,
                45,
                0
              ],
              "uv": [
                23,
                68
              ]
            },
            {
              "origin": [
                -13.5,
                17.5,
                -12
              ],
              "size": [
                2,
                2,
                2
              ],
              "inflate": -0.01,
              "pivot": [
                -12.5,
                18.5,
                -11
              ],
              "rotation": [
                0,
                45,
                0
              ],
              "uv": [
                23,
                68
              ]
            },
            {
              "origin": [
                -9.5,
                17.5,
                -13.5
              ],
              "size": [
                2,
                2,
                2
              ],
              "inflate": -0.01,
              "pivot": [
                -8.5,
                18.5,
                -12.5
              ],
              "rotation": [
                0,
                45,
                0
              ],
              "uv": [
                23,
                68
              ]
            },
            {
              "origin": [
                7.5,
                17.5,
                -13.5
              ],
              "size": [
                2,
                2,
                2
              ],
              "inflate": -0.01,
              "pivot": [
                8.5,
                18.5,
                -12.5
              ],
              "rotation": [
                0,
                -45,
                0
              ],
              "uv": [
                23,
                68
              ],
              "mirror": true
            },
            {
              "origin": [
                -8.5,
                24.5,
                11.5
              ],
              "size": [
                2,
                2,
                2
              ],
              "inflate": -0.01,
              "pivot": [
                -7.5,
                25.5,
                12.5
              ],
              "rotation": [
                0,
                -45,
                0
              ],
              "uv": [
                23,
                68
              ]
            },
            {
              "origin": [
                6.5,
                24.5,
                11.5
              ],
              "size": [
                2,
                2,
                2
              ],
              "inflate": -0.01,
              "pivot": [
                7.5,
                25.5,
                12.5
              ],
              "rotation": [
                0,
                45,
                0
              ],
              "uv": [
                23,
                68
              ],
              "mirror": true
            },
            {
              "origin": [
                -1,
                22.5,
                11.5
              ],
              "size": [
                2,
                2,
                2
              ],
              "inflate": -0.01,
              "pivot": [
                0,
                23.5,
                12.5
              ],
              "rotation": [
                0,
                45,
                0
              ],
              "uv": [
                23,
                68
              ],
              "mirror": true
            },
            {
              "origin": [
                -1,
                17.5,
                11.5
              ],
              "size": [
                2,
                2,
                2
              ],
              "inflate": -0.01,
              "pivot": [
                0,
                18.5,
                12.5
              ],
              "rotation": [
                0,
                45,
                0
              ],
              "uv": [
                23,
                68
              ],
              "mirror": true
            },
            {
              "origin": [
                -10.5,
                18.5,
                11.5
              ],
              "size": [
                2,
                2,
                2
              ],
              "inflate": -0.01,
              "pivot": [
                -9.5,
                19.5,
                12.5
              ],
              "rotation": [
                0,
                -45,
                0
              ],
              "uv": [
                23,
                68
              ]
            },
            {
              "origin": [
                8.5,
                18.5,
                11.5
              ],
              "size": [
                2,
                2,
                2
              ],
              "inflate": -0.01,
              "pivot": [
                9.5,
                19.5,
                12.5
              ],
              "rotation": [
                0,
                45,
                0
              ],
              "uv": [
                23,
                68
              ],
              "mirror": true
            },
            {
              "origin": [
                -13.5,
                17.5,
                10
              ],
              "size": [
                2,
                2,
                2
              ],
              "inflate": -0.01,
              "pivot": [
                -12.5,
                18.5,
                11
              ],
              "rotation": [
                0,
                45,
                0
              ],
              "uv": [
                23,
                68
              ]
            },
            {
              "origin": [
                -13.5,
                22.5,
                10
              ],
              "size": [
                2,
                2,
                2
              ],
              "inflate": -0.01,
              "pivot": [
                -12.5,
                23.5,
                11
              ],
              "rotation": [
                0,
                45,
                0
              ],
              "uv": [
                23,
                68
              ]
            },
            {
              "origin": [
                -13.5,
                20,
                5
              ],
              "size": [
                2,
                2,
                2
              ],
              "inflate": -0.01,
              "pivot": [
                -12.5,
                21,
                6
              ],
              "rotation": [
                0,
                45,
                0
              ],
              "uv": [
                23,
                68
              ]
            },
            {
              "origin": [
                -13.5,
                25,
                5
              ],
              "size": [
                2,
                2,
                2
              ],
              "inflate": -0.01,
              "pivot": [
                -12.5,
                26,
                6
              ],
              "rotation": [
                0,
                45,
                0
              ],
              "uv": [
                23,
                68
              ]
            },
            {
              "origin": [
                11.5,
                25,
                5
              ],
              "size": [
                2,
                2,
                2
              ],
              "inflate": -0.01,
              "pivot": [
                12.5,
                26,
                6
              ],
              "rotation": [
                0,
                -45,
                0
              ],
              "uv": [
                23,
                68
              ],
              "mirror": true
            },
            {
              "origin": [
                11.5,
                20,
                5
              ],
              "size": [
                2,
                2,
                2
              ],
              "inflate": -0.01,
              "pivot": [
                12.5,
                21,
                6
              ],
              "rotation": [
                0,
                -45,
                0
              ],
              "uv": [
                23,
                68
              ],
              "mirror": true
            },
            {
              "origin": [
                11.5,
                22.5,
                10
              ],
              "size": [
                2,
                2,
                2
              ],
              "inflate": -0.01,
              "pivot": [
                12.5,
                23.5,
                11
              ],
              "rotation": [
                0,
                -45,
                0
              ],
              "uv": [
                23,
                68
              ],
              "mirror": true
            },
            {
              "origin": [
                11.5,
                20.5,
                -1
              ],
              "size": [
                2,
                2,
                2
              ],
              "inflate": -0.01,
              "pivot": [
                12.5,
                21.5,
                0
              ],
              "rotation": [
                0,
                -45,
                0
              ],
              "uv": [
                23,
                68
              ],
              "mirror": true
            },
            {
              "origin": [
                11.5,
                20,
                -7
              ],
              "size": [
                2,
                2,
                2
              ],
              "inflate": -0.01,
              "pivot": [
                12.5,
                21,
                -6
              ],
              "rotation": [
                0,
                -45,
                0
              ],
              "uv": [
                23,
                68
              ],
              "mirror": true
            },
            {
              "origin": [
                11.5,
                17.5,
                -12
              ],
              "size": [
                2,
                2,
                2
              ],
              "inflate": -0.01,
              "pivot": [
                12.5,
                18.5,
                -11
              ],
              "rotation": [
                0,
                -45,
                0
              ],
              "uv": [
                23,
                68
              ],
              "mirror": true
            },
            {
              "origin": [
                11.5,
                17.5,
                10
              ],
              "size": [
                2,
                2,
                2
              ],
              "inflate": -0.01,
              "pivot": [
                12.5,
                18.5,
                11
              ],
              "rotation": [
                0,
                -45,
                0
              ],
              "uv": [
                23,
                68
              ],
              "mirror": true
            },
            {
              "origin": [
                -15.5,
                17,
                -5
              ],
              "size": [
                10,
                4,
                10
              ],
              "inflate": -0.01,
              "pivot": [
                -10.5,
                19,
                0
              ],
              "rotation": [
                0,
                -45,
                -45
              ],
              "uv": [
                135,
                0
              ]
            },
            {
              "origin": [
                5.5,
                17,
                -5
              ],
              "size": [
                10,
                4,
                10
              ],
              "inflate": -0.01,
              "pivot": [
                10.5,
                19,
                0
              ],
              "rotation": [
                0,
                45,
                45
              ],
              "uv": [
                135,
                0
              ],
              "mirror": true
            },
            {
              "origin": [
                -12.5,
                23,
                4.5
              ],
              "size": [
                25,
                8,
                8
              ],
              "inflate": -0.01,
              "uv": [
                100,
                52
              ]
            },
            {
              "origin": [
                -12.5,
                23,
                -12.5
              ],
              "size": [
                0,
                7,
                17
              ],
              "inflate": -0.01,
              "uv": [
                82,
                -17
              ]
            },
            {
              "origin": [
                12.5,
                23,
                -12.5
              ],
              "size": [
                0,
                7,
                17
              ],
              "inflate": -0.01,
              "uv": [
                82,
                -17
              ],
              "mirror": true
            },
            {
              "origin": [
                -12.5,
                23,
                -12.5
              ],
              "size": [
                25,
                3,
                0
              ],
              "inflate": -0.01,
              "uv": [
                75,
                7
              ]
            }
          ]
        },
        {
          "name": "horn_left",
          "parent": "body",
          "pivot": [
            8.25,
            46.4,
            0
          ],
          "rotation": [
            0,
            0,
            52.5
          ],
          "cubes": [
            {
              "origin": [
                3.75,
                40.4,
                -4.5
              ],
              "size": [
                9,
                16,
                9
              ],
              "uv": [
                100,
                68
              ]
            },
            {
              "origin": [
                5.75,
                55.4,
                -2.5
              ],
              "size": [
                5,
                8,
                5
              ],
              "uv": [
                52,
                120
              ]
            },
            {
              "origin": [
                8.25,
                63.4,
                -2.5
              ],
              "size": [
                0,
                6,
                5
              ],
              "uv": [
                78,
                133
              ]
            },
            {
              "origin": [
                8.25,
                63.4,
                -2.5
              ],
              "size": [
                0,
                6,
                5
              ],
              "pivot": [
                8.25,
                66.4,
                0
              ],
              "rotation": [
                0,
                -90,
                0
              ],
              "uv": [
                88,
                133
              ]
            }
          ]
        },
        {
          "name": "horn_right",
          "parent": "body",
          "pivot": [
            -8.25,
            46.4,
            0
          ],
          "rotation": [
            0,
            0,
            -52.5
          ],
          "cubes": [
            {
              "origin": [
                -12.75,
                40.4,
                -4.5
              ],
              "size": [
                9,
                16,
                9
              ],
              "uv": [
                100,
                93
              ]
            },
            {
              "origin": [
                -10.75,
                55.4,
                -2.5
              ],
              "size": [
                5,
                8,
                5
              ],
              "uv": [
                72,
                120
              ]
            },
            {
              "origin": [
                -8.25,
                63.4,
                -2.5
              ],
              "size": [
                0,
                6,
                5
              ],
              "uv": [
                126,
                135
              ]
            },
            {
              "origin": [
                -8.25,
                63.4,
                -2.5
              ],
              "size": [
                0,
                6,
                5
              ],
              "pivot": [
                -8.25,
                66.4,
                0
              ],
              "rotation": [
                0,
                90,
                0
              ],
              "uv": [
                136,
                68
              ]
            }
          ]
        },
        {
          "name": "eye_left",
          "parent": "body",
          "pivot": [
            6,
            41,
            -12.6
          ],
          "rotation": [
            0,
            0,
            -5
          ],
          "cubes": [
            {
              "origin": [
                2.5,
                38,
                -12.6
              ],
              "size": [
                8,
                6,
                0
              ],
              "uv": [
                126,
                129
              ]
            }
          ]
        },
        {
          "name": "eyelid_left",
          "parent": "eye_left",
          "pivot": [
            6,
            43,
            -11.175
          ],
          "rotation": [
            0,
            0,
            -12.5
          ],
          "cubes": [
            {
              "origin": [
                1.5,
                41,
                -11.675
              ],
              "size": [
                8,
                3,
                1
              ],
              "inflate": 0.01,
              "uv": [
                26,
                133
              ]
            }
          ]
        },
        {
          "name": "pupil_left",
          "parent": "eye_left",
          "pivot": [
            5.5,
            41,
            -12.675
          ],
          "cubes": [
            {
              "origin": [
                5,
                39,
                -12.675
              ],
              "size": [
                2,
                4,
                0
              ],
              "uv": [
                92,
                127
              ]
            }
          ]
        },
        {
          "name": "eye_right",
          "parent": "body",
          "pivot": [
            -6,
            41,
            -12.6
          ],
          "rotation": [
            0,
            0,
            5
          ],
          "cubes": [
            {
              "origin": [
                -10.5,
                38,
                -12.6
              ],
              "size": [
                8,
                6,
                0
              ],
              "uv": [
                44,
                133
              ]
            }
          ]
        },
        {
          "name": "eyelid_right",
          "parent": "eye_right",
          "pivot": [
            -6,
            43,
            -11.175
          ],
          "rotation": [
            0,
            0,
            12.5
          ],
          "cubes": [
            {
              "origin": [
                -9.5,
                41,
                -11.675
              ],
              "size": [
                8,
                3,
                1
              ],
              "inflate": 0.01,
              "uv": [
                60,
                133
              ]
            }
          ]
        },
        {
          "name": "pupil_right",
          "parent": "eye_right",
          "pivot": [
            -6,
            41,
            -12.675
          ],
          "cubes": [
            {
              "origin": [
                -7,
                39,
                -12.675
              ],
              "size": [
                2,
                4,
                0
              ],
              "uv": [
                96,
                127
              ]
            }
          ]
        }
      ]
    }
  ]
}