{
	"format_version": "1.12.0",
	"minecraft:geometry": [
		{
			"description": {
				"identifier": "geometry.zoroark_hisuian",
				"texture_width": 256,
				"texture_height": 128,
				"visible_bounds_width": 7,
				"visible_bounds_height": 5.5,
				"visible_bounds_offset": [0, 2.25, 0]
			},
			"bones": [
				{
					"name": "zoroark_hisuian",
					"pivot": [0, 0, 0]
				},
				{
					"name": "body",
					"parent": "zoroark_hisuian",
					"pivot": [0, 23.5, 0]
				},
				{
					"name": "torso",
					"parent": "body",
					"pivot": [0, 24, 0],
					"cubes": [
						{"origin": [-3.5, 22, -3.5], "size": [7, 6, 7], "uv": [74, 47]},
						{"origin": [-3.5, 22, -3.5], "size": [7, 6, 7], "inflate": 0.3, "uv": [69, 61]}
					]
				},
				{
                    "name": "locator_seat_1",
                    "parent": "body",
                    "pivot": [0, 53, 7],
                    "locators": {
                        "seat_1": [0, 53, 7]
                    }
                },
				{
					"name": "tail",
					"parent": "torso",
					"pivot": [0, 25, 3.75],
					"cubes": [
						{"origin": [0, 22, 2.5], "size": [0, 9, 5], "uv": [45, 66]}
					]
				},
				{
					"name": "waist",
					"parent": "torso",
					"pivot": [0, 28.5, 3],
					"cubes": [
						{"origin": [-2, 31, -2.3], "size": [4, 8, 4], "uv": [40, 59]},
						{"origin": [-1, 34, 1.2], "size": [2, 4, 1], "uv": [96, 43]},
						{"origin": [0.25, 32, 1.2], "size": [1, 2, 1], "pivot": [0.25, 32, -3], "rotation": [0, 0, 20], "uv": [99, 48]},
						{"origin": [-1.25, 32, 1.2], "size": [1, 2, 1], "pivot": [-0.25, 32, -3], "rotation": [0, 0, -20], "uv": [95, 48], "mirror": true},
						{"origin": [-2.5, 27, -2.75], "size": [5, 4, 5], "uv": [56, 59]}
					]
				},
				{
					"name": "chest",
					"parent": "waist",
					"pivot": [0, 39.6, -0.5]
				},
				{
					"name": "neck",
					"parent": "chest",
					"pivot": [0, 42, -0.5],
					"cubes": [
						{"origin": [-1, 39, -1.5], "size": [2, 7, 2], "uv": [0, 30]}
					]
				},
				{
					"name": "head",
					"parent": "neck",
					"pivot": [0, 44, -0.5],
					"cubes": [
						{"origin": [-3, 45, -5.5], "size": [6, 4, 7], "uv": [48, 48]},
						{"origin": [-3, 44, -2.5], "size": [6, 1, 4], "uv": [0, 80]}
					]
				},
				{
					"name": "ear_right",
					"parent": "head",
					"pivot": [-1.85, 49, -2.25],
					"rotation": [-2, 62.5, -35],
					"cubes": [
						{"origin": [-5.85, 48.5, -2.25], "size": [4, 7, 0], "uv": [24, 30], "mirror": true}
					]
				},
				{
					"name": "ear_left",
					"parent": "head",
					"pivot": [1.85, 49, -2.25],
					"rotation": [-2, -62.5, 35],
					"cubes": [
						{"origin": [1.85, 48.5, -2.25], "size": [4, 7, 0], "uv": [36, 30]}
					]
				},
				{
					"name": "eye_right",
					"parent": "head",
					"pivot": [-3, 47.25, -3.7],
					"rotation": [5, 0, 0],
					"cubes": [
						{"origin": [-3.02, 45.65, -5.45], "size": [0, 3, 5], "uv": [0, -5], "mirror": true}
					]
				},
				{
					"name": "pupil_right",
					"parent": "eye_right",
					"pivot": [-3.05, 46.7, -3.8],
					"cubes": [
						{"origin": [-3.03, 46.2, -4.3], "size": [0, 1, 1], "uv": [10, 5], "mirror": true}
					]
				},
				{
					"name": "eyelid_right",
					"parent": "eye_right",
					"pivot": [-2.42, 46.65, -3.2],
					"cubes": [
						{"origin": [-2.92, 45.65, -4.45], "size": [1, 1, 2], "inflate": 0.01, "uv": [48, 9], "mirror": true},
						{"origin": [-2.92, 46.65, -4.45], "size": [1, 1, 3], "inflate": 0.01, "uv": [48, 0], "mirror": true}
					]
				},
				{
					"name": "eye_left",
					"parent": "head",
					"pivot": [3, 47.25, -3.7],
					"rotation": [5, 0, 0],
					"cubes": [
						{"origin": [3.02, 45.65, -5.45], "size": [0, 3, 5], "uv": [0, -2]}
					]
				},
				{
					"name": "pupil_left",
					"parent": "eye_left",
					"pivot": [3.05, 46.7, -3.8],
					"cubes": [
						{"origin": [3.03, 46.2, -4.3], "size": [0, 1, 1], "uv": [10, 6]}
					]
				},
				{
					"name": "eyelid_left",
					"parent": "eye_left",
					"pivot": [2.42, 46.65, -3.2],
					"cubes": [
						{"origin": [1.92, 45.65, -4.45], "size": [1, 1, 2], "inflate": 0.01, "uv": [54, 9]},
						{"origin": [1.92, 46.65, -4.45], "size": [1, 1, 3], "inflate": 0.01, "uv": [48, 4]}
					]
				},
				{
					"name": "snout",
					"parent": "head",
					"pivot": [0, 47.65, -5],
					"cubes": [
						{"origin": [-2, 44.7, -8], "size": [4, 3, 3], "inflate": 0.01, "uv": [0, 74]}
					]
				},
				{
					"name": "fangs_top",
					"parent": "snout",
					"pivot": [0, 45.65, -6.3]
				},
				{
					"name": "fang_top_right",
					"parent": "fangs_top",
					"pivot": [-1.7, 45.65, -6.3],
					"rotation": [0, -20, 0],
					"cubes": [
						{"origin": [-1.7, 45.15, -6.8], "size": [0, 1, 1], "pivot": [-1.7, 45.65, -6.3], "rotation": [-45, -5, 0], "uv": [10, -1]}
					]
				},
				{
					"name": "fang_top_left",
					"parent": "fangs_top",
					"pivot": [1.7, 45.65, -6.3],
					"rotation": [0, 20, 0],
					"cubes": [
						{"origin": [1.7, 45.15, -6.8], "size": [0, 1, 1], "pivot": [1.7, 45.65, -6.3], "rotation": [-45, 5, 0], "uv": [10, 0], "mirror": true}
					]
				},
				{
					"name": "snout2",
					"parent": "snout",
					"pivot": [0.5, 42.65, -7],
					"rotation": [-8, 0, 0],
					"cubes": [
						{"origin": [-1, 45.45, -10.5], "size": [2, 2, 3], "inflate": 0.1, "uv": [0, 7]}
					]
				},
				{
					"name": "jaw",
					"parent": "head",
					"pivot": [-0.5, 45, -2.5],
					"cubes": [
						{"origin": [-3, 44, -5.5], "size": [6, 1, 3], "uv": [14, 75]}
					]
				},
				{
					"name": "jaw2",
					"parent": "jaw",
					"pivot": [-0.5, 44, -5.5],
					"rotation": [-8, 0, 0],
					"cubes": [
						{"origin": [-2, 44, -7.5], "size": [4, 1, 2], "uv": [16, 79]},
						{"origin": [-2, 44, -7.6], "size": [4, 1, 2], "uv": [16, 79]}
					]
				},
				{
					"name": "mouth_open",
					"parent": "head",
					"pivot": [0, 46, -1.5],
					"cubes": [
						{"origin": [-3, 45, -3.5], "size": [6, 1, 2], "inflate": -0.01, "uv": [29, 75]},
						{"origin": [-1.5, 45, -6.46], "size": [3, 1, 3], "inflate": -0.01, "uv": [29, 78]}
					]
				},
				{
					"name": "fangs_bottom",
					"parent": "mouth_open",
					"pivot": [-1.5, 46.5, -5.96]
				},
				{
					"name": "fangs_bottom_front_right",
					"parent": "fangs_bottom",
					"pivot": [1.2, 46, -5.76],
					"rotation": [0, 15, 0],
					"cubes": [
						{"origin": [1.2, 45.5, -6.26], "size": [0, 1, 1], "pivot": [1.2, 46, -5.76], "rotation": [-45, 8, 0], "uv": [10, 2], "mirror": true}
					]
				},
				{
					"name": "fangs_bottom_back_right",
					"parent": "fangs_bottom",
					"pivot": [1.5, 46, -4.46],
					"cubes": [
						{"origin": [1.48, 45.4, -4.86], "size": [0, 1, 1], "pivot": [1.5, 46, -4.46], "rotation": [-45, 0, 0], "uv": [10, 4], "mirror": true}
					]
				},
				{
					"name": "fangs_bottom_front_left",
					"parent": "fangs_bottom",
					"pivot": [-1.2, 46, -5.76],
					"rotation": [0, -15, 0],
					"cubes": [
						{"origin": [-1.2, 45.5, -6.26], "size": [0, 1, 1], "pivot": [-1.2, 46, -5.76], "rotation": [-45, -8, 0], "uv": [10, 1]}
					]
				},
				{
					"name": "fangs_bottom_back_left",
					"parent": "fangs_bottom",
					"pivot": [-1.5, 46, -4.46],
					"cubes": [
						{"origin": [-1.48, 45.4, -4.86], "size": [0, 1, 1], "pivot": [-1.5, 46, -4.46], "rotation": [-45, 0, 0], "uv": [10, 3]}
					]
				},
				{
					"name": "fangs_bottom2",
					"parent": "mouth_open",
					"pivot": [-1.5, 46.5, -4.66]
				},
				{
					"name": "hair",
					"parent": "head",
					"pivot": [0, 43, -0.5],
					"cubes": [
						{"origin": [-9, 39, 4.5], "size": [18, 18, 12], "uv": [0, 0]},
						{"origin": [-9, 41, 1.5], "size": [16, 14, 3], "uv": [60, 0]},
						{"origin": [-7, 41, 16.5], "size": [14, 14, 3], "uv": [98, 0]}
					]
				},
				{
					"name": "bang_front",
					"parent": "hair",
					"pivot": [0, 51.5, 1.5],
					"cubes": [
						{"origin": [-2.5, 49, -5.5], "size": [5, 5, 8], "inflate": 0.01, "uv": [132, 0]}
					]
				},
				{
					"name": "bang_front_bend",
					"parent": "bang_front",
					"pivot": [0, 52.5, -5.5],
					"cubes": [
						{"origin": [-1.5, 49, -10.5], "size": [3, 4, 6], "uv": [158, 1]}
					]
				},
				{
					"name": "bang_front_mid",
					"parent": "bang_front_bend",
					"pivot": [0, 51, -10.5],
					"cubes": [
						{"origin": [-0.5, 50, -14.5], "size": [1, 2, 5], "uv": [150, 0]}
					]
				},
				{
					"name": "bang_front_end",
					"parent": "bang_front_mid",
					"pivot": [0, 51, -14.5],
					"cubes": [
						{"origin": [0, 50, -17.5], "size": [0, 2, 3], "uv": [157, 0]}
					]
				},
				{
					"name": "bang_front_tip",
					"parent": "bang_front_end",
					"pivot": [0, 51, -17.5],
					"cubes": [
						{"origin": [0, 50, -20.5], "size": [0, 2, 3], "uv": [157, -2]}
					]
				},
				{
					"name": "hair_strand1_base",
					"parent": "hair",
					"pivot": [-4, 52.5, 4.5],
					"cubes": [
						{"origin": [-7, 49.5, -3.5], "size": [6, 6, 9], "uv": [176, 0]}
					]
				},
				{
					"name": "hair_strand1_bend",
					"parent": "hair_strand1_base",
					"pivot": [-4, 52.5, -3.5],
					"cubes": [
						{"origin": [-6, 50, -9.5], "size": [4, 5, 7], "uv": [206, 2]}
					]
				},
				{
					"name": "hair_strand1_mid",
					"parent": "hair_strand1_bend",
					"pivot": [-4, 52.5, -9.5],
					"cubes": [
						{"origin": [-5, 51, -15.5], "size": [2, 3, 7], "uv": [228, 0]}
					]
				},
				{
					"name": "hair_strand1_mid_bend",
					"parent": "hair_strand1_mid",
					"pivot": [-3.5, 52.5, -15.5],
					"cubes": [
						{"origin": [-4.5, 51.5, -21.5], "size": [1, 2, 6], "uv": [197, 1]}
					]
				},
				{
					"name": "hair_strand1_end",
					"parent": "hair_strand1_mid_bend",
					"pivot": [-4, 52.5, -21.5],
					"cubes": [
						{"origin": [-4, 51.5, -25.5], "size": [0, 2, 4], "uv": [221, 0]}
					]
				},
				{
					"name": "hair_strand1_end_bend",
					"parent": "hair_strand1_end",
					"pivot": [-4, 52.5, -25.5],
					"cubes": [
						{"origin": [-4, 51.5, -29.5], "size": [0, 2, 4], "uv": [221, -2]}
					]
				},
				{
					"name": "hair_strand1_tip",
					"parent": "hair_strand1_end_bend",
					"pivot": [-4, 52.5, -29.5],
					"cubes": [
						{"origin": [-4, 51.5, -33.5], "size": [0, 2, 4], "uv": [221, -4]}
					]
				},
				{
					"name": "hair_strand2_base",
					"parent": "hair",
					"pivot": [-3.5, 53.5, 5.5],
					"rotation": [0, 30, 0],
					"cubes": [
						{"origin": [-6.5, 50.5, -2.5], "size": [6, 6, 9], "inflate": 0.01, "uv": [60, 18]}
					]
				},
				{
					"name": "hair_strand2_base_bend",
					"parent": "hair_strand2_base",
					"pivot": [-3, 53.5, -2.5],
					"cubes": [
						{"origin": [-6.5, 50.5, -10.5], "size": [6, 6, 9], "uv": [90, 18]}
					]
				},
				{
					"name": "hair_strand2_bend",
					"parent": "hair_strand2_base_bend",
					"pivot": [-3.5, 53.5, -10.5],
					"cubes": [
						{"origin": [-5.5, 51, -16.5], "size": [4, 5, 7], "uv": [120, 18]}
					]
				},
				{
					"name": "hair_strand2_mid",
					"parent": "hair_strand2_bend",
					"pivot": [-3.5, 53.5, -16.5],
					"cubes": [
						{"origin": [-4.5, 52, -22.5], "size": [2, 3, 7], "uv": [81, 17]}
					]
				},
				{
					"name": "hair_strand2_mid_bend",
					"parent": "hair_strand2_mid",
					"pivot": [-3, 53.5, -22.5],
					"cubes": [
						{"origin": [-4, 52.5, -28.5], "size": [1, 2, 6], "uv": [111, 17]}
					]
				},
				{
					"name": "hair_strand2_end",
					"parent": "hair_strand2_mid_bend",
					"pivot": [-3.5, 53.5, -28.5],
					"cubes": [
						{"origin": [-3.5, 52.5, -32.5], "size": [0, 2, 4], "uv": [61, 21]}
					]
				},
				{
					"name": "hair_strand2_end_bend",
					"parent": "hair_strand2_end",
					"pivot": [-3.5, 53.5, -32.5],
					"cubes": [
						{"origin": [-3.5, 52.5, -36.5], "size": [0, 2, 4], "uv": [61, 19]}
					]
				},
				{
					"name": "hair_strand2_tip",
					"parent": "hair_strand2_end_bend",
					"pivot": [-3.5, 53.5, -36.5],
					"cubes": [
						{"origin": [-3.5, 52.5, -40.5], "size": [0, 2, 4], "uv": [61, 17]}
					]
				},
				{
					"name": "hair_strand3_base",
					"parent": "hair",
					"pivot": [1, 53.5, 8],
					"rotation": [0, 90, 0],
					"cubes": [
						{"origin": [-2.5, 50, -2], "size": [7, 7, 10], "inflate": 0.01, "uv": [143, 13]}
					]
				},
				{
					"name": "hair_strand3_strand_base",
					"parent": "hair_strand3_base",
					"pivot": [0, 57, 7.5],
					"cubes": [
						{"origin": [-1, 54, 0.5], "size": [2, 3, 7], "uv": [224, 10]}
					]
				},
				{
					"name": "hair_strand3_strand_bend",
					"parent": "hair_strand3_strand_base",
					"pivot": [0.5, 55.5, 0.5],
					"cubes": [
						{"origin": [-0.5, 54.5, -5.5], "size": [1, 2, 6], "uv": [240, 4]}
					]
				},
				{
					"name": "hair_strand3_strand_end",
					"parent": "hair_strand3_strand_bend",
					"pivot": [0, 55.5, -5.5],
					"cubes": [
						{"origin": [0, 54.5, -9.5], "size": [0, 2, 4], "uv": [248, 0]}
					]
				},
				{
					"name": "hair_strand3_strand_end_bend",
					"parent": "hair_strand3_strand_end",
					"pivot": [0, 55.5, -9.5],
					"cubes": [
						{"origin": [0, 54.5, -13.5], "size": [0, 2, 4], "uv": [248, -2]}
					]
				},
				{
					"name": "hair_strand3_strand_tip",
					"parent": "hair_strand3_strand_end_bend",
					"pivot": [0, 55.5, -13.5],
					"cubes": [
						{"origin": [0, 54.5, -17.5], "size": [0, 2, 4], "uv": [248, -4]}
					]
				},
				{
					"name": "hair_strand3_base_bend",
					"parent": "hair_strand3_base",
					"pivot": [1, 53.5, -2],
					"cubes": [
						{"origin": [-2.5, 50, -10], "size": [7, 7, 9], "uv": [177, 15]}
					]
				},
				{
					"name": "hair_strand3_bend",
					"parent": "hair_strand3_base_bend",
					"pivot": [1, 53.5, -10],
					"cubes": [
						{"origin": [-1, 51, -16], "size": [4, 5, 7], "uv": [209, 14]}
					]
				},
				{
					"name": "hair_strand3_mid",
					"parent": "hair_strand3_bend",
					"pivot": [1, 53.5, -16],
					"cubes": [
						{"origin": [0, 52, -22], "size": [2, 3, 7], "uv": [135, 13]}
					]
				},
				{
					"name": "hair_strand3_mid_bend",
					"parent": "hair_strand3_mid",
					"pivot": [1.5, 53.5, -22],
					"cubes": [
						{"origin": [0.5, 52.5, -28], "size": [1, 2, 6], "uv": [167, 15]}
					]
				},
				{
					"name": "hair_strand3_end",
					"parent": "hair_strand3_mid_bend",
					"pivot": [1, 53.5, -28],
					"cubes": [
						{"origin": [1, 52.5, -32], "size": [0, 2, 4], "uv": [200, 15]}
					]
				},
				{
					"name": "hair_strand3_end_bend",
					"parent": "hair_strand3_end",
					"pivot": [1, 53.5, -32],
					"cubes": [
						{"origin": [1, 52.5, -36], "size": [0, 2, 4], "uv": [200, 13]}
					]
				},
				{
					"name": "hair_strand3_tip",
					"parent": "hair_strand3_end_bend",
					"pivot": [1, 53.5, -36],
					"cubes": [
						{"origin": [1, 52.5, -40], "size": [0, 2, 4], "uv": [200, 11]}
					]
				},
				{
					"name": "hair_strand4_base",
					"parent": "hair",
					"pivot": [1, 53.5, 13],
					"rotation": [0, 110, 0],
					"cubes": [
						{"origin": [-2.5, 50, 3], "size": [7, 7, 10], "inflate": 0.02, "uv": [0, 30]}
					]
				},
				{
					"name": "hair_strand4_strand2_base",
					"parent": "hair_strand4_base",
					"pivot": [-1, 57, 12],
					"rotation": [0, 30, 0],
					"cubes": [
						{"origin": [-1.5, 55, 6], "size": [1, 2, 6], "uv": [142, 30]}
					]
				},
				{
					"name": "hair_strand4_strand2_end",
					"parent": "hair_strand4_strand2_base",
					"pivot": [-1, 56, 6],
					"cubes": [
						{"origin": [-1, 55, 2], "size": [0, 2, 4], "uv": [136, 28]}
					]
				},
				{
					"name": "hair_strand4_strand2_tip",
					"parent": "hair_strand4_strand2_end",
					"pivot": [-1, 56, 2],
					"cubes": [
						{"origin": [-1, 55, -2], "size": [0, 2, 4], "uv": [136, 26]}
					]
				},
				{
					"name": "hair_strand4_strand_base",
					"parent": "hair_strand4_base",
					"pivot": [-1, 57, 6],
					"cubes": [
						{"origin": [-2, 54, -1], "size": [2, 3, 7], "uv": [96, 33]}
					]
				},
				{
					"name": "hair_strand4_strand_bend",
					"parent": "hair_strand4_strand_base",
					"pivot": [-0.5, 55.5, -1],
					"cubes": [
						{"origin": [-1.5, 54.5, -7], "size": [1, 2, 6], "uv": [114, 30]}
					]
				},
				{
					"name": "hair_strand4_strand_mid",
					"parent": "hair_strand4_strand_bend",
					"pivot": [-0.5, 55.5, -7],
					"cubes": [
						{"origin": [-1.5, 54.5, -13], "size": [1, 2, 6], "uv": [128, 30]}
					]
				},
				{
					"name": "hair_strand4_strand_end",
					"parent": "hair_strand4_strand_mid",
					"pivot": [-1, 55.5, -13],
					"cubes": [
						{"origin": [-1, 54.5, -17], "size": [0, 2, 4], "uv": [122, 30]}
					]
				},
				{
					"name": "hair_strand4_strand_end_bend",
					"parent": "hair_strand4_strand_end",
					"pivot": [-1, 55.5, -17],
					"cubes": [
						{"origin": [-1, 54.5, -21], "size": [0, 2, 4], "uv": [122, 28]}
					]
				},
				{
					"name": "hair_strand4_strand_tip",
					"parent": "hair_strand4_strand_end_bend",
					"pivot": [-1, 55.5, -21],
					"cubes": [
						{"origin": [-1, 54.5, -25], "size": [0, 2, 4], "uv": [122, 26]}
					]
				},
				{
					"name": "hair_strand4_base_bend",
					"parent": "hair_strand4_base",
					"pivot": [1, 53.5, 3],
					"cubes": [
						{"origin": [-2.5, 50, -7], "size": [7, 7, 11], "inflate": 0.01, "uv": [34, 30]}
					]
				},
				{
					"name": "hair_strand4_bend",
					"parent": "hair_strand4_base_bend",
					"pivot": [1, 53.5, -7],
					"cubes": [
						{"origin": [-1, 51, -15], "size": [4, 5, 9], "uv": [70, 33]}
					]
				},
				{
					"name": "hair_strand4_mid",
					"parent": "hair_strand4_bend",
					"pivot": [1, 53.5, -15],
					"cubes": [
						{"origin": [0, 52, -21], "size": [2, 3, 7], "uv": [25, 30]}
					]
				},
				{
					"name": "hair_strand4_mid_bend",
					"parent": "hair_strand4_mid",
					"pivot": [1.5, 53.5, -21],
					"cubes": [
						{"origin": [0.5, 52.5, -27], "size": [1, 2, 6], "uv": [59, 33]}
					]
				},
				{
					"name": "hair_strand4_end",
					"parent": "hair_strand4_mid_bend",
					"pivot": [1, 53.5, -27],
					"cubes": [
						{"origin": [1, 52.5, -31], "size": [0, 2, 4], "uv": [87, 33]}
					]
				},
				{
					"name": "hair_strand4_end_bend",
					"parent": "hair_strand4_end",
					"pivot": [1, 53.5, -31],
					"cubes": [
						{"origin": [1, 52.5, -35], "size": [0, 2, 4], "uv": [87, 31]}
					]
				},
				{
					"name": "hair_strand4_tip",
					"parent": "hair_strand4_end_bend",
					"pivot": [1, 53.5, -35],
					"cubes": [
						{"origin": [1, 52.5, -39], "size": [0, 2, 4], "uv": [87, 29]}
					]
				},
				{
					"name": "hair_strand5_base",
					"parent": "hair",
					"pivot": [7, 57, 16.5],
					"rotation": [0, 180, 0],
					"cubes": [
						{"origin": [6, 54, 9.5], "size": [2, 3, 7], "uv": [149, 31]}
					]
				},
				{
					"name": "hair_strand5_bend",
					"parent": "hair_strand5_base",
					"pivot": [7.5, 55.5, 9.5],
					"cubes": [
						{"origin": [6.5, 54.5, 3.5], "size": [1, 2, 6], "uv": [160, 30]}
					]
				},
				{
					"name": "hair_strand5_mid",
					"parent": "hair_strand5_bend",
					"pivot": [7.5, 55.5, 3.5],
					"cubes": [
						{"origin": [6.5, 54.5, -2.5], "size": [1, 2, 6], "uv": [168, 32]}
					]
				},
				{
					"name": "hair_strand5_end",
					"parent": "hair_strand5_mid",
					"pivot": [7, 55.5, -2.5],
					"cubes": [
						{"origin": [7, 54.5, -6.5], "size": [0, 2, 4], "uv": [176, 31]}
					]
				},
				{
					"name": "hair_strand5_end_bend",
					"parent": "hair_strand5_end",
					"pivot": [7, 55.5, -6.5],
					"cubes": [
						{"origin": [7, 54.5, -10.5], "size": [0, 2, 4], "uv": [176, 29]}
					]
				},
				{
					"name": "hair_strand5_tip",
					"parent": "hair_strand5_end_bend",
					"pivot": [7, 55.5, -10.5],
					"cubes": [
						{"origin": [7, 54.5, -14.5], "size": [0, 2, 4], "uv": [176, 27]}
					]
				},
				{
					"name": "arm_left",
					"parent": "chest",
					"pivot": [5, 39.6, -0.3],
					"cubes": [
						{"origin": [3, 38.6, -1.3], "size": [12, 2, 2], "uv": [0, 124]},
						{"origin": [10.5, 40.1, -0.8], "size": [2, 1, 1], "uv": [42, 112]}
					]
				},
				{
					"name": "arm_fluff_left",
					"parent": "arm_left",
					"pivot": [14.5, 39.6, 0.7],
					"cubes": [
						{"origin": [14, 39.6, -0.25], "size": [1, 0, 3], "uv": [1, 120]}
					]
				},
				{
					"name": "arm_fluff_left2",
					"parent": "arm_fluff_left",
					"pivot": [14.5, 39.6, 2.75],
					"cubes": [
						{"origin": [14, 39.6, 2.75], "size": [1, 0, 2], "uv": [4, 120]}
					]
				},
				{
					"name": "arm_left2",
					"parent": "arm_left",
					"pivot": [14.8, 39.5, 0.7],
					"cubes": [
						{"origin": [14.8, 38.1, -1.8], "size": [5, 3, 3], "uv": [28, 122]},
						{"origin": [19.7, 37.6, -2.3], "size": [6, 4, 4], "uv": [44, 120]},
						{"origin": [19.2, 41.1, -1.05], "size": [4, 1, 2], "uv": [36, 109]},
						{"origin": [22.2, 40.85, -2.55], "size": [2, 1, 1], "uv": [36, 112]}
					]
				},
				{
					"name": "arm_left_tuft",
					"parent": "arm_left2",
					"pivot": [19.75, 39.6, -1.75],
					"rotation": [0, -27.5, 0],
					"cubes": [
						{"origin": [17.7, 39.6, -2.3], "size": [3, 0, 1], "uv": [5, 123]}
					]
				},
				{
					"name": "claw_back_left",
					"parent": "arm_left2",
					"pivot": [25.6, 40.3, 1.2],
					"cubes": [
						{"origin": [25.6, 38.3, 1.2], "size": [3, 2, 0], "uv": [92, 17]}
					]
				},
				{
					"name": "claw_middle_left",
					"parent": "arm_left2",
					"pivot": [25.6, 41, -0.3],
					"cubes": [
						{"origin": [25.6, 39, -0.3], "size": [3, 2, 0], "uv": [92, 19]}
					]
				},
				{
					"name": "claw_front_left",
					"parent": "arm_left2",
					"pivot": [25.6, 40.3, -1.8],
					"cubes": [
						{"origin": [25.6, 38.3, -1.8], "size": [3, 2, 0], "uv": [92, 21]}
					]
				},
				{
					"name": "arm_right",
					"parent": "chest",
					"pivot": [-5, 39.6, -0.3],
					"cubes": [
						{"origin": [-15, 38.6, -1.3], "size": [12, 2, 2], "uv": [0, 116], "mirror": true},
						{"origin": [-12.5, 40.1, -0.8], "size": [2, 1, 1], "uv": [30, 112], "mirror": true}
					]
				},
				{
					"name": "arm_fluff_right",
					"parent": "arm_right",
					"pivot": [-14.5, 39.6, 0.7],
					"cubes": [
						{"origin": [-15, 39.6, -0.25], "size": [1, 0, 3], "uv": [-3, 120], "mirror": true}
					]
				},
				{
					"name": "arm_fluff_right2",
					"parent": "arm_fluff_right",
					"pivot": [-14.5, 39.6, 2.75],
					"cubes": [
						{"origin": [-15, 39.6, 2.75], "size": [1, 0, 2], "uv": [0, 120], "mirror": true}
					]
				},
				{
					"name": "arm_right2",
					"parent": "arm_right",
					"pivot": [-14.8, 39.5, 0.7],
					"cubes": [
						{"origin": [-19.8, 38.1, -1.8], "size": [5, 3, 3], "uv": [28, 114], "mirror": true},
						{"origin": [-25.7, 37.6, -2.3], "size": [6, 4, 4], "uv": [44, 112], "mirror": true},
						{"origin": [-23.2, 41.1, -1.05], "size": [4, 1, 2], "uv": [24, 109], "mirror": true},
						{"origin": [-24.2, 40.85, -2.55], "size": [2, 1, 1], "uv": [24, 112], "mirror": true}
					]
				},
				{
					"name": "arm_right_tuft",
					"parent": "arm_right2",
					"pivot": [-19.75, 39.6, -1.75],
					"rotation": [0, 27.5, 0],
					"cubes": [
						{"origin": [-20.7, 39.6, -2.3], "size": [3, 0, 1], "uv": [-1, 123], "mirror": true}
					]
				},
				{
					"name": "claw_back_right",
					"parent": "arm_right2",
					"pivot": [-25.6, 40.3, 1.2],
					"cubes": [
						{"origin": [-28.6, 38.3, 1.2], "size": [3, 2, 0], "uv": [81, 17], "mirror": true}
					]
				},
				{
					"name": "claw_middle_right",
					"parent": "arm_right2",
					"pivot": [-25.6, 41, -0.3],
					"cubes": [
						{"origin": [-28.6, 39, -0.3], "size": [3, 2, 0], "uv": [81, 19], "mirror": true}
					]
				},
				{
					"name": "claw_front_right",
					"parent": "arm_right2",
					"pivot": [-25.6, 40.3, -1.8],
					"cubes": [
						{"origin": [-28.6, 38.3, -1.8], "size": [3, 2, 0], "uv": [81, 21], "mirror": true}
					]
				},
				{
					"name": "chest_fluff",
					"parent": "chest",
					"pivot": [0, 39.6, -1.2]
				},
				{
					"name": "chest_fluff_right",
					"parent": "chest_fluff",
					"pivot": [0, 42.1, -5],
					"rotation": [0, 20, 18],
					"cubes": [
						{"origin": [-7, 36.1, -5], "size": [7, 6, 5], "uv": [0, 47]},
						{"origin": [-15.4, 38.3, -3.4], "size": [9, 6, 0], "pivot": [-5, 41.1, -4], "rotation": [-20, 20, 0], "uv": [0, 68], "mirror": true}
					]
				},
				{
					"name": "chest_fluff_right2",
					"parent": "chest_fluff_right",
					"pivot": [-7, 39.1, -5],
					"rotation": [0, 30, 0],
					"cubes": [
						{"origin": [-12, 37.1, -5], "size": [5, 5, 5], "inflate": 0.01, "uv": [0, 58]}
					]
				},
				{
					"name": "chest_fluff_left",
					"parent": "chest_fluff",
					"pivot": [0, 42.1, -5],
					"rotation": [0, -20, -18],
					"cubes": [
						{"origin": [0, 36.1, -5], "size": [7, 6, 5], "uv": [24, 48]},
						{"origin": [6.4, 38.3, -3.4], "size": [9, 6, 0], "pivot": [5, 41.1, -4], "rotation": [-20, -20, 0], "uv": [18, 69]}
					]
				},
				{
					"name": "chest_fluff_left2",
					"parent": "chest_fluff_left",
					"pivot": [7, 39.1, -5],
					"rotation": [0, -30, 0],
					"cubes": [
						{"origin": [7, 37.1, -5], "size": [5, 5, 5], "inflate": 0.01, "uv": [20, 59]}
					]
				},
				{
					"name": "leg_left",
					"parent": "body",
					"pivot": [3, 22.3, 0],
					"rotation": [-15, -10, -18],
					"cubes": [
						{"origin": [0.5, 14, -2.5], "size": [5, 10, 5], "uv": [0, 85]},
						{"origin": [2.5, 13.5, -3], "size": [2, 5, 1], "uv": [76, 116]},
						{"origin": [0.75, 12, -2.5], "size": [1, 2, 1], "uv": [64, 119]},
						{"origin": [1, 11, -2], "size": [4, 3, 4], "uv": [40, 93], "mirror": true}
					]
				},
				{
					"name": "leg_wisp_left",
					"parent": "leg_left",
					"pivot": [5, 20, 2.55],
					"rotation": [0, 42.5, 0],
					"cubes": [
						{"origin": [5, 19, 2.55], "size": [0, 2, 3], "uv": [12, 110], "mirror": true}
					]
				},
				{
					"name": "leg_wisp_left_mid",
					"parent": "leg_wisp_left",
					"pivot": [5, 20, 5.55],
					"cubes": [
						{"origin": [5, 19, 5.55], "size": [0, 2, 3], "uv": [12, 108], "mirror": true}
					]
				},
				{
					"name": "leg_wisp_left_end",
					"parent": "leg_wisp_left_mid",
					"pivot": [5, 20, 8.55],
					"cubes": [
						{"origin": [5, 19, 8.55], "size": [0, 2, 3], "uv": [12, 106], "mirror": true}
					]
				},
				{
					"name": "leg_left2",
					"parent": "leg_left",
					"pivot": [3, 11, -0.95],
					"rotation": [43, 0, 0],
					"cubes": [
						{"origin": [2, 1, -0.95], "size": [2, 10, 3], "uv": [66, 87]}
					]
				},
				{
					"name": "foot_wisp_left",
					"parent": "leg_left2",
					"pivot": [3, 6, 2.05],
					"cubes": [
						{"origin": [3, 5, 2.05], "size": [0, 2, 3], "uv": [18, 110], "mirror": true}
					]
				},
				{
					"name": "foot_wisp_left_mid",
					"parent": "foot_wisp_left",
					"pivot": [3, 6, 5.05],
					"cubes": [
						{"origin": [3, 5, 5.05], "size": [0, 2, 3], "uv": [18, 108], "mirror": true}
					]
				},
				{
					"name": "foot_wisp_left_end",
					"parent": "foot_wisp_left_mid",
					"pivot": [3, 6, 8.05],
					"cubes": [
						{"origin": [3, 5, 8.05], "size": [0, 2, 3], "uv": [18, 106], "mirror": true}
					]
				},
				{
					"name": "foot_left",
					"parent": "leg_left2",
					"pivot": [2.5, 1.8, 1.05],
					"rotation": [17, 10, 15],
					"cubes": [
						{"origin": [1, -1, -3.45], "size": [4, 3, 6], "uv": [20, 100]}
					]
				},
				{
					"name": "foot_left2",
					"parent": "foot_left",
					"pivot": [3, -1, -3.45],
					"rotation": [-41, 0, 0],
					"cubes": [
						{"origin": [0.5, -1, -7.45], "size": [5, 3, 4], "uv": [58, 100]},
						{"origin": [2, 1.5, -6.45], "size": [2, 1, 4], "uv": [64, 118]}
					]
				},
				{
					"name": "foot_claw_inner_left",
					"parent": "foot_left2",
					"pivot": [1.1, -1, -7.35],
					"cubes": [
						{"origin": [1.2, -1, -10.45], "size": [0, 2, 3], "uv": [119, 14]}
					]
				},
				{
					"name": "foot_claw_middle_left",
					"parent": "foot_left2",
					"pivot": [3, -1, -7.35],
					"cubes": [
						{"origin": [3, -1, -10.45], "size": [0, 2, 3], "uv": [119, 16]}
					]
				},
				{
					"name": "foot_claw_outer_left",
					"parent": "foot_left2",
					"pivot": [4.8, -1, -7.35],
					"cubes": [
						{"origin": [4.8, -1, -10.45], "size": [0, 2, 3], "uv": [119, 18]}
					]
				},
				{
					"name": "leg_right",
					"parent": "body",
					"pivot": [-3, 22.3, 0],
					"rotation": [-15, 10, 18],
					"cubes": [
						{"origin": [-5.5, 14, -2.5], "size": [5, 10, 5], "uv": [20, 85], "mirror": true},
						{"origin": [-4.5, 13.5, -3], "size": [2, 5, 1], "uv": [76, 122], "mirror": true},
						{"origin": [-1.75, 12, -2.5], "size": [1, 2, 1], "uv": [64, 124], "mirror": true},
						{"origin": [-5, 11, -2], "size": [4, 3, 4], "uv": [40, 86]}
					]
				},
				{
					"name": "leg_wisp_right",
					"parent": "leg_right",
					"pivot": [-5, 20, 2.55],
					"rotation": [0, -42.5, 0],
					"cubes": [
						{"origin": [-5, 19, 2.55], "size": [0, 2, 3], "uv": [0, 110]}
					]
				},
				{
					"name": "leg_wisp_right_mid",
					"parent": "leg_wisp_right",
					"pivot": [-5, 20, 5.55],
					"cubes": [
						{"origin": [-5, 19, 5.55], "size": [0, 2, 3], "uv": [0, 108]}
					]
				},
				{
					"name": "leg_wisp_right_end",
					"parent": "leg_wisp_right_mid",
					"pivot": [-5, 20, 8.55],
					"cubes": [
						{"origin": [-5, 19, 8.55], "size": [0, 2, 3], "uv": [0, 106]}
					]
				},
				{
					"name": "leg_right2",
					"parent": "leg_right",
					"pivot": [-3, 11, -0.95],
					"rotation": [43, 0, 0],
					"cubes": [
						{"origin": [-4, 1, -0.95], "size": [2, 10, 3], "uv": [56, 87], "mirror": true}
					]
				},
				{
					"name": "foot_wisp_right",
					"parent": "leg_right2",
					"pivot": [-3, 6, 2.05],
					"cubes": [
						{"origin": [-3, 5, 2.05], "size": [0, 2, 3], "uv": [6, 110]}
					]
				},
				{
					"name": "foot_wisp_right_mid",
					"parent": "foot_wisp_right",
					"pivot": [-3, 6, 5.05],
					"cubes": [
						{"origin": [-3, 5, 5.05], "size": [0, 2, 3], "uv": [6, 108]}
					]
				},
				{
					"name": "foot_wisp_right_end",
					"parent": "foot_wisp_right_mid",
					"pivot": [-3, 6, 8.05],
					"cubes": [
						{"origin": [-3, 5, 8.05], "size": [0, 2, 3], "uv": [6, 106]}
					]
				},
				{
					"name": "foot_right",
					"parent": "leg_right2",
					"pivot": [-2.5, 1.8, 1.05],
					"rotation": [17, -10, -15],
					"cubes": [
						{"origin": [-5, -1, -3.45], "size": [4, 3, 6], "uv": [0, 100], "mirror": true}
					]
				},
				{
					"name": "foot_right2",
					"parent": "foot_right",
					"pivot": [-3, -1, -3.45],
					"rotation": [-41, 0, 0],
					"cubes": [
						{"origin": [-5.5, -1, -7.45], "size": [5, 3, 4], "uv": [40, 100], "mirror": true},
						{"origin": [-4, 1.5, -6.45], "size": [2, 1, 4], "uv": [64, 123], "mirror": true}
					]
				},
				{
					"name": "foot_claw_inner_right",
					"parent": "foot_right2",
					"pivot": [-1.1, -1, -7.35],
					"cubes": [
						{"origin": [-1.2, -1, -10.45], "size": [0, 2, 3], "uv": [111, 14], "mirror": true}
					]
				},
				{
					"name": "foot_claw_middle_right",
					"parent": "foot_right2",
					"pivot": [-3, -1, -7.35],
					"cubes": [
						{"origin": [-3, -1, -10.45], "size": [0, 2, 3], "uv": [111, 16], "mirror": true}
					]
				},
				{
					"name": "foot_claw_outer_right",
					"parent": "foot_right2",
					"pivot": [-4.8, -1, -7.35],
					"cubes": [
						{"origin": [-4.8, -1, -10.45], "size": [0, 2, 3], "uv": [111, 18], "mirror": true}
					]
				}
			]
		}
	]
}