{
	"format_version": "1.12.0",
	"minecraft:geometry": [
		{
			"description": {
				"identifier": "geometry.sceptile",
				"texture_width": 128,
				"texture_height": 64,
				"visible_bounds_width": 6,
				"visible_bounds_height": 4.5,
				"visible_bounds_offset": [0, 1.75, 0]
			},
			"bones": [
				{
					"name": "sceptile",
					"pivot": [0, 0, 0]
				},
				{
					"name": "locator_root",
					"parent": "sceptile",
					"pivot": [0, 0, 0],
					"locators": {
						"root": [0, 0, 0]
					}
				},
				{
					"name": "locator_top",
					"parent": "sceptile",
					"pivot": [0, 39, 0],
					"locators": {
						"top": [0, 39, 0]
					}
				},
				{
					"name": "body",
					"parent": "sceptile",
					"pivot": [0, 0, 0]
				},
				{
					"name": "locator_target",
					"parent": "body",
					"pivot": [0, 21, -10],
					"locators": {
						"target": [0, 21, -10]
					}
				},
				{
					"name": "locator_middle",
					"parent": "body",
					"pivot": [0, 21, 0],
					"locators": {
						"middle": [0, 21, 0]
					}
				},
				{
					"name": "torso",
					"parent": "body",
					"pivot": [0, 11, 1],
					"cubes": [
						{"origin": [-4.5, 8, -5.75], "size": [9, 10, 11], "inflate": 0.01, "uv": [0, 0]},
						{"origin": [0, 14, 1.25], "size": [0, 5, 5], "uv": [22, 47]}
					]
				},
				{
                    "name": "locator_seat_1",
                    "parent": "body",
                    "pivot": [0, 27, -1],
                    "locators": {
                        "seat_1": [0, 27, -1]
                    }
                },
				{
					"name": "torso2",
					"parent": "torso",
					"pivot": [0, 16, 1.5],
					"cubes": [
						{"origin": [-3.5, 16, -5], "size": [7, 8, 8], "uv": [0, 21]},
						{"origin": [0, 17, -2], "size": [0, 8, 6], "inflate": 0.01, "uv": [72, -6]}
					]
				},
				{
					"name": "neck",
					"parent": "torso2",
					"pivot": [0, 24, -2.25],
					"rotation": [7.5, 0, 0],
					"cubes": [
						{"origin": [-2, 23, -4.25], "size": [4, 5, 4], "inflate": 0.01, "uv": [0, 37]},
						{"origin": [0, 23, -0.25], "size": [0, 5, 1], "uv": [30, 30]},
						{"origin": [0, 28, -0.25], "size": [0, 5, 1], "uv": [32, 30]}
					]
				},
				{
					"name": "neck2",
					"parent": "neck",
					"pivot": [0, 27.75, -2.25],
					"cubes": [
						{"origin": [-2, 27.5, -4.25], "size": [4, 5, 4], "uv": [16, 37]}
					]
				},
				{
					"name": "head",
					"parent": "neck2",
					"pivot": [0, 32, -1.75],
					"rotation": [-7.5, 0, 0]
				},
				{
					"name": "head_ai",
					"parent": "head",
					"pivot": [0, 32, -1.75]
				},
				{
					"name": "head_correction",
					"parent": "head_ai",
					"pivot": [0, 32, -1.75],
					"cubes": [
						{"origin": [-3, 33, -6.75], "size": [6, 4, 7], "inflate": 0.01, "uv": [29, 0]},
						{"origin": [-3, 30.98, -2.75], "size": [6, 2, 3], "inflate": 0.01, "uv": [30, 26]},
						{"origin": [-3, 32.87, -6.75], "size": [6, 1, 4], "uv": [22, 21]},
						{"origin": [-1.5, 33, -8.55], "size": [4, 2, 4], "inflate": 0.12, "pivot": [0, 36, -6.05], "rotation": [0, 45, 0], "uv": [48, 0]},
						{"origin": [2.61, 35, -6.42], "size": [0, 2, 2], "pivot": [0, 41, -6.05], "rotation": [0, 45, 0], "uv": [48, 0]},
						{"origin": [-2.61, 35, -6.42], "size": [0, 2, 2], "pivot": [0, 41, -6.05], "rotation": [0, -45, 0], "uv": [48, -2], "mirror": true},
						{"origin": [0, 32.4, -9.75], "size": [0, 1, 1], "pivot": [0, 32.9, -9.75], "rotation": [0, 45, 0], "uv": [0, 0]},
						{"origin": [-1, 32.4, -9.75], "size": [1, 1, 0], "pivot": [0, 33.4, -9.75], "rotation": [0, 45, 0], "uv": [0, 0]},
						{"origin": [3, 33, -6.75], "size": [0, 7, 9], "pivot": [3, 37, -2.75], "rotation": [0, 0, 12], "uv": [24, 48]},
						{"origin": [-3, 33, -6.75], "size": [0, 7, 9], "pivot": [-3, 37, -2.75], "rotation": [0, 0, -12], "uv": [42, 48], "mirror": true}
					]
				},
				{
					"name": "locator_head",
					"parent": "head_correction",
					"pivot": [0, 37, -6.25],
					"locators": {
						"head": [0, 37, -6.25]
					}
				},
				{
					"name": "locator_item_hat",
					"parent": "head_correction",
					"pivot": [0, 38.75, -3.5],
					"locators": {
						"item_hat": [0, 38.75, -3.5]
					}
				},
				{
					"name": "locator_face",
					"parent": "head_correction",
					"pivot": [0, 35.1, -9.75],
					"locators": {
						"face": [0, 35.1, -9.75]
					}
				},
				{
					"name": "locator_item_face",
					"parent": "head_correction",
					"pivot": [0, 36, -7.75],
					"locators": {
						"item_face": [0, 36, -7.75]
					}
				},
				{
					"name": "locator_mouth",
					"parent": "head_correction",
					"pivot": [0, 32.9, -3.8],
					"locators": {
						"mouth": [0, 32.9, -3.8],
						"special": [0, 32.9, -3.8]
					}
				},
				{
					"name": "locator_jaw_upper",
					"parent": "head_correction",
					"pivot": [0, 32.9, -7],
					"locators": {
						"jaw1": [0, 32.9, -7]
					}
				},
				{
					"name": "jaw",
					"parent": "head_correction",
					"pivot": [-0.5, 33, -3.75],
					"cubes": [
						{"origin": [-1.5, 31, -7.75], "size": [3, 2, 2], "uv": [0, 0]},
						{"origin": [-2.5, 31, -5.75], "size": [5, 2, 3], "uv": [8, 57]}
					]
				},
				{
					"name": "locator_jaw_lower",
					"parent": "jaw",
					"pivot": [0, 33.1, -6.9],
					"locators": {
						"jaw2": [0, 33.1, -6.9]
					}
				},
				{
					"name": "stick",
					"parent": "jaw",
					"pivot": [-1, 32.3, -5.95],
					"cubes": [
						{"origin": [-1.5, 31.2, -10.85], "size": [0, 2, 5], "uv": [61, 57]}
					]
				},
				{
					"name": "eyes",
					"parent": "head_correction",
					"pivot": [0, 34.8, -4.7],
					"rotation": [5, 0, 0]
				},
				{
					"name": "eye_right",
					"parent": "eyes",
					"pivot": [-2.52, 34.8, -4.7],
					"cubes": [
						{"origin": [-3.025, 34.2, -4.7], "size": [0, 1, 1], "uv": [9, 5]},
						{"origin": [-3.025, 34.2, -6.1], "size": [0, 1, 2], "uv": [7, 6]},
						{"origin": [-3.03, 34.9, -6.1], "size": [0, 1, 2], "uv": [7, 5]},
						{"origin": [-3.03, 34.9, -4.7], "size": [0, 1, 1], "uv": [9, 4]},
						{"origin": [-3.02, 33.7, -6.6], "size": [0, 2, 3], "uv": [29, -3]},
						{"origin": [-3.02, 33.7, -4.2], "size": [0, 2, 1], "uv": [29, 3]}
					]
				},
				{
					"name": "eye_brow_right",
					"parent": "eye_right",
					"pivot": [-3.04, 35.4, -6.6],
					"cubes": [
						{"origin": [-3.04, 35.4, -6.6], "size": [0, 1, 2], "inflate": 0.02, "uv": [26, 24]}
					]
				},
				{
					"name": "eye_brow_right2",
					"parent": "eye_brow_right",
					"pivot": [-3.04, 35.9, -3.6],
					"cubes": [
						{"origin": [-3.04, 35.4, -4.6], "size": [0, 1, 2], "inflate": 0.025, "uv": [22, 24]}
					]
				},
				{
					"name": "pupil_right",
					"parent": "eye_right",
					"pivot": [-3.035, 34.9, -5.4],
					"cubes": [
						{"origin": [-3.035, 34.4, -5.9], "size": [0, 1, 1], "uv": [8, -1]}
					]
				},
				{
					"name": "locator_eye_right",
					"parent": "pupil_right",
					"pivot": [-3, 34.9, -5.4],
					"locators": {
						"eye1": [-3, 34.9, -5.4]
					}
				},
				{
					"name": "eye_left",
					"parent": "eyes",
					"pivot": [2.52, 34.8, -4.7],
					"cubes": [
						{"origin": [3.025, 34.2, -4.7], "size": [0, 1, 1], "uv": [7, 5], "mirror": true},
						{"origin": [3.025, 34.2, -6.1], "size": [0, 1, 2], "uv": [7, 8], "mirror": true},
						{"origin": [3.03, 34.9, -6.1], "size": [0, 1, 2], "uv": [7, 7], "mirror": true},
						{"origin": [3.03, 34.9, -4.7], "size": [0, 1, 1], "uv": [7, 4], "mirror": true},
						{"origin": [3.02, 33.7, -6.6], "size": [0, 2, 3], "uv": [29, -1], "mirror": true},
						{"origin": [3.02, 33.7, -4.2], "size": [0, 2, 1], "uv": [31, 3], "mirror": true}
					]
				},
				{
					"name": "eye_brow_left",
					"parent": "eye_left",
					"pivot": [3.04, 35.9, -2.6],
					"cubes": [
						{"origin": [3.04, 35.4, -6.6], "size": [0, 1, 2], "inflate": 0.02, "uv": [26, 25], "mirror": true}
					]
				},
				{
					"name": "eye_brow_left2",
					"parent": "eye_brow_left",
					"pivot": [3.04, 35.9, -3.6],
					"cubes": [
						{"origin": [3.04, 35.4, -4.6], "size": [0, 1, 2], "inflate": 0.025, "uv": [22, 25], "mirror": true}
					]
				},
				{
					"name": "pupil_left",
					"parent": "eye_left",
					"pivot": [3.035, 34.9, -5.4],
					"cubes": [
						{"origin": [3.035, 34.4, -5.9], "size": [0, 1, 1], "uv": [8, 0], "mirror": true}
					]
				},
				{
					"name": "locator_eye_left",
					"parent": "pupil_left",
					"pivot": [3, 34.9, -5.4],
					"locators": {
						"eye2": [3, 34.9, -5.4]
					}
				},
				{
					"name": "eyelid_right",
					"parent": "eyes",
					"pivot": [-2.9, 35, -4.85],
					"cubes": [
						{"origin": [-2.925, 34.2, -6.1], "size": [0, 1, 2], "inflate": 0.015, "uv": [42, 40]},
						{"origin": [-2.925, 34.9, -4.7], "size": [0, 1, 1], "inflate": 0.02, "uv": [40, 40]},
						{"origin": [-2.925, 34.9, -6.1], "size": [0, 1, 2], "inflate": 0.02, "uv": [42, 39]},
						{"origin": [-2.925, 34.2, -4.7], "size": [0, 1, 1], "inflate": 0.015, "uv": [40, 41]}
					]
				},
				{
					"name": "eyelid_hurt_right",
					"parent": "eyes",
					"pivot": [-2.9, 35, -4.85],
					"cubes": [
						{"origin": [-2.925, 34.2, -6.1], "size": [0, 1, 2], "inflate": 0.015, "uv": [48, 40]},
						{"origin": [-2.925, 34.9, -4.7], "size": [0, 1, 1], "inflate": 0.02, "uv": [46, 40]},
						{"origin": [-2.925, 34.9, -6.1], "size": [0, 1, 2], "inflate": 0.02, "uv": [48, 39]},
						{"origin": [-2.925, 34.2, -4.7], "size": [0, 1, 1], "inflate": 0.015, "uv": [46, 41]}
					]
				},
				{
					"name": "eyelid_left",
					"parent": "eyes",
					"pivot": [2.9, 35, -4.85],
					"cubes": [
						{"origin": [2.925, 34.2, -6.1], "size": [0, 1, 2], "inflate": 0.015, "uv": [42, 42], "mirror": true},
						{"origin": [2.925, 34.9, -4.7], "size": [0, 1, 1], "inflate": 0.02, "uv": [40, 42], "mirror": true},
						{"origin": [2.925, 34.9, -6.1], "size": [0, 1, 2], "inflate": 0.02, "uv": [42, 41], "mirror": true},
						{"origin": [2.925, 34.2, -4.7], "size": [0, 1, 1], "inflate": 0.015, "uv": [40, 43], "mirror": true}
					]
				},
				{
					"name": "eyelid_hurt_left",
					"parent": "eyes",
					"pivot": [2.9, 35, -4.85],
					"cubes": [
						{"origin": [2.925, 34.2, -6.1], "size": [0, 1, 2], "inflate": 0.015, "uv": [48, 42], "mirror": true},
						{"origin": [2.925, 34.9, -4.7], "size": [0, 1, 1], "inflate": 0.02, "uv": [46, 42], "mirror": true},
						{"origin": [2.925, 34.9, -6.1], "size": [0, 1, 2], "inflate": 0.02, "uv": [48, 41], "mirror": true},
						{"origin": [2.925, 34.2, -4.7], "size": [0, 1, 1], "inflate": 0.015, "uv": [46, 43], "mirror": true}
					]
				},
				{
					"name": "bud_top_left",
					"parent": "neck",
					"pivot": [2.5, 26.25, 0.5],
					"rotation": [10, 30, 0],
					"cubes": [
						{"origin": [1, 24.25, -1], "size": [3, 3, 3], "inflate": 0.01, "uv": [71, 43]}
					]
				},
				{
					"name": "bud_top_left_glow",
					"parent": "bud_top_left",
					"pivot": [2.5, 26.25, 0.5],
					"cubes": [
						{"origin": [1, 24.25, -1], "size": [3, 3, 3], "uv": [71, 25]}
					]
				},
				{
					"name": "bud_top_right",
					"parent": "neck",
					"pivot": [-2.5, 26.25, 0.5],
					"rotation": [10, -30, 0],
					"cubes": [
						{"origin": [-4, 24.25, -1], "size": [3, 3, 3], "inflate": 0.01, "uv": [80, 46]}
					]
				},
				{
					"name": "bud_top_right_glow",
					"parent": "bud_top_right",
					"pivot": [-2.5, 26.25, 0.5],
					"cubes": [
						{"origin": [-4, 24.25, -1], "size": [3, 3, 3], "uv": [80, 28]}
					]
				},
				{
					"name": "shoulder_right",
					"parent": "torso2",
					"pivot": [-3.5, 22.75, 0.5],
					"cubes": [
						{"origin": [-6, 20.75, -1], "size": [3, 3, 3], "uv": [104, 8]}
					]
				},
				{
					"name": "arm_right",
					"parent": "shoulder_right",
					"pivot": [-6, 22, 0.5],
					"cubes": [
						{"origin": [-10, 21, -0.5], "size": [5, 2, 2], "inflate": 0.01, "uv": [96, 0]}
					]
				},
				{
					"name": "arm_right2",
					"parent": "arm_right",
					"pivot": [-10, 22, 1.5],
					"cubes": [
						{"origin": [-16, 21, -0.5], "size": [6, 2, 2], "uv": [96, 4]}
					]
				},
				{
					"name": "hand_right",
					"parent": "arm_right2",
					"pivot": [-16, 23, 0.5],
					"cubes": [
						{"origin": [-19, 21, -1], "size": [3, 2, 3], "inflate": 0.01, "uv": [76, 14]}
					]
				},
				{
					"name": "locator_hand_primary",
					"parent": "hand_right",
					"pivot": [-18.5, 21, 0.5],
					"rotation": [0, 90, 0],
					"locators": {
						"hand_primary": [-18.5, 21, 0.5],
						"physical": [-18.5, 21, 0.5]
					}
				},
				{
					"name": "locator_item",
					"parent": "hand_right",
					"pivot": [-19, 21, 0.5],
					"locators": {
						"item": [-19, 21, 0.5]
					}
				},
				{
					"name": "finger_front_right",
					"parent": "hand_right",
					"pivot": [-19, 23, 0],
					"rotation": [0, -12.5, 0],
					"cubes": [
						{"origin": [-21, 21, -1], "size": [2, 2, 1], "inflate": 0.02, "uv": [85, 14]}
					]
				},
				{
					"name": "finger_front_right2",
					"parent": "finger_front_right",
					"pivot": [-21, 23, -0.5],
					"cubes": [
						{"origin": [-24, 21, -0.5], "size": [3, 2, 0], "uv": [0, 9]}
					]
				},
				{
					"name": "finger_middle_right",
					"parent": "hand_right",
					"pivot": [-19, 23, 0.5],
					"cubes": [
						{"origin": [-21, 21, 0], "size": [2, 2, 1], "inflate": 0.02, "uv": [72, 14]}
					]
				},
				{
					"name": "finger_middle_right2",
					"parent": "finger_middle_right",
					"pivot": [-21, 23, 0.5],
					"cubes": [
						{"origin": [-24, 21, 0.5], "size": [3, 2, 0], "uv": [0, 7]}
					]
				},
				{
					"name": "finger_back_right",
					"parent": "hand_right",
					"pivot": [-19, 23, 1],
					"rotation": [0, 12.5, 0],
					"cubes": [
						{"origin": [-21, 21, 1], "size": [2, 2, 1], "inflate": 0.02, "uv": [58, 14]}
					]
				},
				{
					"name": "finger_back_right2",
					"parent": "finger_back_right",
					"pivot": [-21, 23, 1.5],
					"cubes": [
						{"origin": [-24, 21, 1.5], "size": [3, 2, 0], "uv": [0, 5]}
					]
				},
				{
					"name": "arm_leaf_front_right",
					"parent": "arm_right2",
					"pivot": [-13, 23, -0.5],
					"rotation": [45, 0, 0],
					"cubes": [
						{"origin": [-15, 23, -0.5], "size": [3, 8, 0], "uv": [104, 14]}
					]
				},
				{
					"name": "arm_leaf_front_blade_right",
					"parent": "arm_leaf_front_right",
					"pivot": [-13, 23, -0.5],
					"cubes": [
						{"origin": [-15, 23, -0.5], "size": [6, 10, 0], "inflate": 0.01, "uv": [59, 26]}
					]
				},
				{
					"name": "arm_leaf_back_right",
					"parent": "arm_right2",
					"pivot": [-13, 23, 1.5],
					"rotation": [-45, 0, 0],
					"cubes": [
						{"origin": [-15, 23, 1.5], "size": [3, 8, 0], "uv": [110, 14]}
					]
				},
				{
					"name": "arm_leaf_back_blade_right",
					"parent": "arm_leaf_back_right",
					"pivot": [-13, 23, 1.5],
					"cubes": [
						{"origin": [-15, 23, 1.5], "size": [6, 10, 0], "inflate": 0.01, "uv": [59, 36]}
					]
				},
				{
					"name": "shoulder_left",
					"parent": "torso2",
					"pivot": [3.5, 22.75, 0.5],
					"cubes": [
						{"origin": [3, 20.75, -1], "size": [3, 3, 3], "uv": [116, 8]}
					]
				},
				{
					"name": "arm_left",
					"parent": "shoulder_left",
					"pivot": [6, 22, 0.5],
					"cubes": [
						{"origin": [5, 21, -0.5], "size": [5, 2, 2], "inflate": 0.01, "uv": [110, 0]}
					]
				},
				{
					"name": "arm_left2",
					"parent": "arm_left",
					"pivot": [10, 22, 1.5],
					"cubes": [
						{"origin": [10, 21, -0.5], "size": [6, 2, 2], "uv": [112, 4]}
					]
				},
				{
					"name": "hand_left",
					"parent": "arm_left2",
					"pivot": [16, 23, 0.5],
					"cubes": [
						{"origin": [16, 21, -1], "size": [3, 2, 3], "inflate": 0.01, "uv": [88, 14]}
					]
				},
				{
					"name": "locator_hand_secondary",
					"parent": "hand_left",
					"pivot": [18.5, 21, 0.5],
					"rotation": [0, -90, 0],
					"locators": {
						"hand_secondary": [18.5, 21, 0.5]
					}
				},
				{
					"name": "finger_front_left",
					"parent": "hand_left",
					"pivot": [19, 23, 0],
					"rotation": [0, 12.5, 0],
					"cubes": [
						{"origin": [19, 21, -1], "size": [2, 2, 1], "inflate": 0.02, "uv": [75, 19]}
					]
				},
				{
					"name": "finger_front_left2",
					"parent": "finger_front_left",
					"pivot": [21, 23, -0.5],
					"cubes": [
						{"origin": [21, 21, -0.5], "size": [3, 2, 0], "uv": [0, 25]}
					]
				},
				{
					"name": "finger_middle_left",
					"parent": "hand_left",
					"pivot": [19, 23, 0.5],
					"cubes": [
						{"origin": [19, 21, 0], "size": [2, 2, 1], "inflate": 0.02, "uv": [61, 20]}
					]
				},
				{
					"name": "finger_middle_left2",
					"parent": "finger_middle_left",
					"pivot": [21, 23, 0.5],
					"cubes": [
						{"origin": [21, 21, 0.5], "size": [3, 2, 0], "uv": [0, 23]}
					]
				},
				{
					"name": "finger_back_left",
					"parent": "hand_left",
					"pivot": [19, 23, 1],
					"rotation": [0, -12.5, 0],
					"cubes": [
						{"origin": [19, 21, 1], "size": [2, 2, 1], "inflate": 0.02, "uv": [97, 14]}
					]
				},
				{
					"name": "finger_back_left2",
					"parent": "finger_back_left",
					"pivot": [21, 23, 1.5],
					"cubes": [
						{"origin": [21, 21, 1.5], "size": [3, 2, 0], "uv": [0, 21]}
					]
				},
				{
					"name": "arm_leaf_front_left",
					"parent": "arm_left2",
					"pivot": [13, 23, -0.5],
					"rotation": [45, 0, 0],
					"cubes": [
						{"origin": [12, 23, -0.5], "size": [3, 8, 0], "uv": [116, 14]}
					]
				},
				{
					"name": "arm_leaf_front_blade_left",
					"parent": "arm_leaf_front_left",
					"pivot": [13, 23, -0.5],
					"cubes": [
						{"origin": [9, 23, -0.5], "size": [6, 10, 0], "inflate": 0.01, "uv": [59, 46]}
					]
				},
				{
					"name": "arm_leaf_back_left",
					"parent": "arm_left2",
					"pivot": [13, 23, 1.5],
					"rotation": [-45, 0, 0],
					"cubes": [
						{"origin": [12, 23, 1.5], "size": [3, 8, 0], "uv": [122, 14]}
					]
				},
				{
					"name": "arm_leaf_back_blade_left",
					"parent": "arm_leaf_back_left",
					"pivot": [13, 23, 1.5],
					"cubes": [
						{"origin": [9, 23, 1.5], "size": [6, 10, 0], "inflate": 0.01, "uv": [47, 46]}
					]
				},
				{
					"name": "bud_middle_left",
					"parent": "torso2",
					"pivot": [3.5, 21.5, 2.5],
					"rotation": [5, 30, 0],
					"cubes": [
						{"origin": [2, 19.5, 1], "size": [3, 3, 3], "inflate": 0.01, "uv": [71, 49]}
					]
				},
				{
					"name": "bud_middle_left_glow",
					"parent": "bud_middle_left",
					"pivot": [3.5, 21.5, 2.5],
					"cubes": [
						{"origin": [2, 19.5, 1], "size": [3, 3, 3], "uv": [71, 31]}
					]
				},
				{
					"name": "bud_middle_right",
					"parent": "torso2",
					"pivot": [-3.5, 21.5, 2.5],
					"rotation": [5, -30, 0],
					"cubes": [
						{"origin": [-5, 19.5, 1], "size": [3, 3, 3], "inflate": 0.01, "uv": [80, 52]}
					]
				},
				{
					"name": "bud_middle_right_glow",
					"parent": "bud_middle_right",
					"pivot": [-3.5, 21.5, 2.5],
					"cubes": [
						{"origin": [-5, 19.5, 1], "size": [3, 3, 3], "uv": [80, 34]}
					]
				},
				{
					"name": "tail",
					"parent": "torso",
					"pivot": [0, 8, 1.5],
					"rotation": [-10, 0, 0],
					"cubes": [
						{"origin": [-2.5, 8, 1.5], "size": [5, 5, 6], "uv": [0, 46]}
					]
				},
				{
					"name": "tail2",
					"parent": "tail",
					"pivot": [0, 10.25, 6.5],
					"cubes": [
						{"origin": [-2, 8.5, 6.5], "size": [4, 4, 7], "uv": [25, 41]}
					]
				},
				{
					"name": "tail_leaves_top_left",
					"parent": "tail2",
					"pivot": [2, 12.5, 10.5],
					"rotation": [0, 0, 45],
					"cubes": [
						{"origin": [2, 11.5, 7.5], "size": [0, 9, 6], "uv": [116, 19]}
					]
				},
				{
					"name": "tail_leaves_top_right",
					"parent": "tail2",
					"pivot": [-2, 12.5, 10.5],
					"rotation": [0, 0, -45],
					"cubes": [
						{"origin": [-2, 11.5, 7.5], "size": [0, 9, 6], "uv": [116, 39]}
					]
				},
				{
					"name": "tail_leaves_bottom_left",
					"parent": "tail2",
					"pivot": [2, 8.5, 10.5],
					"rotation": [0, 0, -45],
					"cubes": [
						{"origin": [2, 0.5, 7.5], "size": [0, 9, 6], "uv": [116, 29]}
					]
				},
				{
					"name": "tail_leaves_bottom_right",
					"parent": "tail2",
					"pivot": [-2, 8.5, 10.5],
					"rotation": [0, 0, 45],
					"cubes": [
						{"origin": [-2, 0.5, 7.5], "size": [0, 9, 6], "uv": [116, 49]}
					]
				},
				{
					"name": "tail3",
					"parent": "tail2",
					"pivot": [0, 10.5, 11.33333],
					"cubes": [
						{"origin": [-1.5, 9, 12.5], "size": [3, 3, 7], "uv": [28, 31]}
					]
				},
				{
					"name": "locator_tail",
					"parent": "tail3",
					"pivot": [0, 10.5, 16.5],
					"rotation": [-180, 0, 180],
					"locators": {
						"tail": [0, 10.5, 16.5]
					}
				},
				{
					"name": "tail_leaves_top_left2",
					"parent": "tail3",
					"pivot": [1.5, 12, 16.5],
					"rotation": [0, 0, 45],
					"cubes": [
						{"origin": [1.5, 11, 13.5], "size": [0, 9, 6], "uv": [104, 19]}
					]
				},
				{
					"name": "tail_leaves_top_right2",
					"parent": "tail3",
					"pivot": [-1.5, 12, 16.5],
					"rotation": [0, 0, -45],
					"cubes": [
						{"origin": [-1.5, 11, 13.5], "size": [0, 9, 6], "uv": [104, 39]}
					]
				},
				{
					"name": "tail_leaves_bottom_left2",
					"parent": "tail3",
					"pivot": [1.5, 9, 16.5],
					"rotation": [0, 0, -45],
					"cubes": [
						{"origin": [1.5, 1, 13.5], "size": [0, 9, 6], "uv": [104, 29]}
					]
				},
				{
					"name": "tail_leaves_bottom_right2",
					"parent": "tail3",
					"pivot": [-1.5, 9, 16.5],
					"rotation": [0, 0, 45],
					"cubes": [
						{"origin": [-1.5, 1, 13.5], "size": [0, 9, 6], "uv": [104, 49]}
					]
				},
				{
					"name": "tail4",
					"parent": "tail3",
					"pivot": [0, 10.5, 17.33333],
					"cubes": [
						{"origin": [-1, 9.5, 18.5], "size": [2, 2, 7], "inflate": 0.01, "uv": [41, 25]}
					]
				},
				{
					"name": "tail_leaves_top_left3",
					"parent": "tail4",
					"pivot": [1, 11.5, 22.5],
					"rotation": [0, 0, 45],
					"cubes": [
						{"origin": [1, 11.25, 19.5], "size": [0, 8, 6], "uv": [92, 20]}
					]
				},
				{
					"name": "tail_leaves_top_right3",
					"parent": "tail4",
					"pivot": [-1, 11.5, 22.5],
					"rotation": [0, 0, -45],
					"cubes": [
						{"origin": [-1, 11.25, 19.5], "size": [0, 8, 6], "uv": [92, 40]}
					]
				},
				{
					"name": "tail_leaves_bottom_left3",
					"parent": "tail4",
					"pivot": [1, 9.5, 22.5],
					"rotation": [0, 0, -45],
					"cubes": [
						{"origin": [1, 1.8, 19.5], "size": [0, 8, 6], "uv": [92, 29]}
					]
				},
				{
					"name": "tail_leaves_bottom_right3",
					"parent": "tail4",
					"pivot": [-1, 9.5, 22.5],
					"rotation": [0, 0, 45],
					"cubes": [
						{"origin": [-1, 1.8, 19.5], "size": [0, 8, 6], "uv": [92, 49]}
					]
				},
				{
					"name": "tail5",
					"parent": "tail4",
					"pivot": [0.5, 9.5, 25.5],
					"cubes": [
						{"origin": [-1, 9.5, 25.5], "size": [2, 2, 4], "uv": [0, 58]},
						{"origin": [-0.5, 10, 29.5], "size": [1, 1, 3], "uv": [12, 37]}
					]
				},
				{
					"name": "locator_tail_tip",
					"parent": "tail5",
					"pivot": [0, 10.5, 32.5],
					"rotation": [-90, 0, 180],
					"locators": {
						"tail_tip": [0, 10.5, 32.5]
					}
				},
				{
					"name": "bud_bottom_left",
					"parent": "torso",
					"pivot": [4.5, 16.5, 4],
					"rotation": [0, 30, 0],
					"cubes": [
						{"origin": [3, 14.5, 2.5], "size": [3, 3, 3], "inflate": 0.01, "uv": [71, 55]}
					]
				},
				{
					"name": "bud_bottom_left_glow",
					"parent": "bud_bottom_left",
					"pivot": [4.5, 16.5, 4],
					"cubes": [
						{"origin": [3, 14.5, 2.5], "size": [3, 3, 3], "uv": [71, 37]}
					]
				},
				{
					"name": "bud_bottom_right",
					"parent": "torso",
					"pivot": [-4.5, 16.5, 4],
					"rotation": [0, -30, 0],
					"cubes": [
						{"origin": [-6, 14.5, 2.5], "size": [3, 3, 3], "inflate": 0.01, "uv": [80, 58]}
					]
				},
				{
					"name": "bud_bottom_right_glow",
					"parent": "bud_bottom_right",
					"pivot": [-4.5, 16.5, 4],
					"cubes": [
						{"origin": [-6, 14.5, 2.5], "size": [3, 3, 3], "uv": [80, 40]}
					]
				},
				{
					"name": "leg_right",
					"parent": "body",
					"pivot": [-5.5, 10.25, 1],
					"rotation": [60, 0, 0],
					"cubes": [
						{"origin": [-7.5, 7.75, -4], "size": [4, 6, 8], "uv": [56, 0]}
					]
				},
				{
					"name": "leg_right2",
					"parent": "leg_right",
					"pivot": [-5.5, 7.75, -4],
					"rotation": [5, 0, 0],
					"cubes": [
						{"origin": [-7, 3.75, -4], "size": [3, 4, 3], "inflate": 0.001, "uv": [40, 11]}
					]
				},
				{
					"name": "leg_right3",
					"parent": "leg_right2",
					"pivot": [-5.5, 3.75, -4],
					"rotation": [-17.5, 0, 0],
					"cubes": [
						{"origin": [-7, 3.75, -8], "size": [3, 2, 4], "uv": [48, 14]}
					]
				},
				{
					"name": "foot_right",
					"parent": "leg_right3",
					"pivot": [-5.5, 3.75, -8],
					"rotation": [-47.5, 0, 0],
					"cubes": [
						{"origin": [-7.5, 3.75, -11], "size": [4, 2, 3], "inflate": 0.01, "uv": [50, 20]}
					]
				},
				{
					"name": "locator_foot_primary",
					"parent": "foot_right",
					"pivot": [-5.5, 4.75, -10.5],
					"rotation": [90, 0, 0],
					"locators": {
						"foot_primary": [-5.5, 4.75, -10.5]
					}
				},
				{
					"name": "toe_outer_right",
					"parent": "foot_right",
					"pivot": [-6.5, 5.75, -10.5],
					"rotation": [0, 10, 0],
					"cubes": [
						{"origin": [-7.5, 3.75, -12.5], "size": [1, 2, 2], "uv": [82, 21]}
					]
				},
				{
					"name": "toe_outer_right2",
					"parent": "toe_outer_right",
					"pivot": [-7, 5.75, -12.5],
					"cubes": [
						{"origin": [-7, 3.75, -14.5], "size": [0, 2, 2], "uv": [0, 44]}
					]
				},
				{
					"name": "toe_middle_right",
					"parent": "foot_right",
					"pivot": [-5.5, 5.75, -10.5],
					"cubes": [
						{"origin": [-6, 3.75, -12.5], "size": [1, 2, 2], "uv": [86, 19]}
					]
				},
				{
					"name": "toe_middle_right2",
					"parent": "toe_middle_right",
					"pivot": [-5.5, 5.75, -12.5],
					"cubes": [
						{"origin": [-5.5, 3.75, -14.5], "size": [0, 2, 2], "uv": [0, 46]}
					]
				},
				{
					"name": "toe_inner_right",
					"parent": "foot_right",
					"pivot": [-4.5, 5.75, -10.5],
					"rotation": [0, -10, 0],
					"cubes": [
						{"origin": [-4.5, 3.75, -12.5], "size": [1, 2, 2], "uv": [90, 21]}
					]
				},
				{
					"name": "toe_inner_right2",
					"parent": "toe_inner_right",
					"pivot": [-4, 5.75, -12.5],
					"cubes": [
						{"origin": [-4, 3.75, -14.5], "size": [0, 2, 2], "uv": [0, 48]}
					]
				},
				{
					"name": "leg_left",
					"parent": "body",
					"pivot": [5.5, 10.25, 1],
					"rotation": [60, 0, 0],
					"cubes": [
						{"origin": [3.5, 7.75, -4], "size": [4, 6, 8], "uv": [80, 0]}
					]
				},
				{
					"name": "leg_left2",
					"parent": "leg_left",
					"pivot": [5.5, 7.75, -4],
					"rotation": [5, 0, 0],
					"cubes": [
						{"origin": [4, 3.75, -4], "size": [3, 4, 3], "inflate": 0.001, "uv": [38, 18]}
					]
				},
				{
					"name": "leg_left3",
					"parent": "leg_left2",
					"pivot": [5.5, 3.75, -4],
					"rotation": [-17.5, 0, 0],
					"cubes": [
						{"origin": [4, 3.75, -8], "size": [3, 2, 4], "uv": [62, 14]}
					]
				},
				{
					"name": "foot_left",
					"parent": "leg_left3",
					"pivot": [5.5, 3.75, -8],
					"rotation": [-47.5, 0, 0],
					"cubes": [
						{"origin": [3.5, 3.75, -11], "size": [4, 2, 3], "inflate": 0.01, "uv": [64, 20]}
					]
				},
				{
					"name": "locator_foot_secondary",
					"parent": "foot_left",
					"pivot": [5.5, 4.75, -10.5],
					"rotation": [90, 0, 0],
					"locators": {
						"foot_secondary": [5.5, 4.75, -10.5]
					}
				},
				{
					"name": "toe_outer_left",
					"parent": "foot_left",
					"pivot": [6.5, 5.75, -10.5],
					"rotation": [0, -10, 0],
					"cubes": [
						{"origin": [6.5, 3.75, -12.5], "size": [1, 2, 2], "uv": [94, 19]}
					]
				},
				{
					"name": "toe_outer_left2",
					"parent": "toe_outer_left",
					"pivot": [7, 5.75, -12.5],
					"cubes": [
						{"origin": [7, 3.75, -14.5], "size": [0, 2, 2], "uv": [16, 44]}
					]
				},
				{
					"name": "toe_middle_left",
					"parent": "foot_left",
					"pivot": [5.5, 5.75, -10.5],
					"cubes": [
						{"origin": [5, 3.75, -12.5], "size": [1, 2, 2], "uv": [98, 21]}
					]
				},
				{
					"name": "toe_middle_left2",
					"parent": "toe_middle_left",
					"pivot": [5.5, 5.75, -12.5],
					"cubes": [
						{"origin": [5.5, 3.75, -14.5], "size": [0, 2, 2], "uv": [16, 46]}
					]
				},
				{
					"name": "toe_inner_left",
					"parent": "foot_left",
					"pivot": [4.5, 5.75, -10.5],
					"rotation": [0, 10, 0],
					"cubes": [
						{"origin": [3.5, 3.75, -12.5], "size": [1, 2, 2], "uv": [98, 17]}
					]
				},
				{
					"name": "toe_inner_left2",
					"parent": "toe_inner_left",
					"pivot": [4, 5.75, -12.5],
					"cubes": [
						{"origin": [4, 3.75, -14.5], "size": [0, 2, 2], "uv": [16, 48]}
					]
				}
			]
		}
	]
}