{
  "format_version": "1.12.0",
  "minecraft:geometry": [
    {
      "description": {
        "identifier": "geometry.lopunny",
        "texture_width": 256,
        "texture_height": 256,
        "visible_bounds_width": 9,
        "visible_bounds_height": 5.5,
        "visible_bounds_offset": [
          0,
          2.25,
          0
        ]
      },
      "bones": [
        {
          "name": "lopunny",
          "pivot": [
            0,
            0,
            0
          ]
        },
        {
          "name": "body",
          "parent": "lopunny",
          "pivot": [
            0,
            20.5,
            0
          ]
        },
        {
                    "name": "locator_seat_1",
                    "parent": "body",
                    "pivot": [0, 20, 8],
                    "locators": {
                        "seat_1": [0, 20, 8]
                    }
                },
        {
          "name": "torso",
          "parent": "body",
          "pivot": [
            0,
            16.5,
            0
          ],
          "rotation": [
            5,
            0,
            0
          ],
          "cubes": [
            {
              "origin": [
                -3,
                16.5,
                -3
              ],
              "size": [
                6,
                8,
                6
              ],
              "inflate": 0.01,
              "uv": [
                96,
                60
              ]
            },
            {
              "origin": [
                -3,
                16.5,
                3
              ],
              "size": [
                6,
                5,
                1
              ],
              "uv": [
                96,
                11
              ]
            }
          ]
        },
        {
          "name": "chest",
          "parent": "torso",
          "pivot": [
            0,
            24.5,
            0.25
          ],
          "rotation": [
            -5,
            0,
            0
          ],
          "cubes": [
            {
              "origin": [
                -2,
                23.5,
                -1.75
              ],
              "size": [
                4,
                6,
                4
              ],
              "uv": [
                20,
                114
              ]
            }
          ]
        },
        {
          "name": "arms",
          "parent": "chest",
          "pivot": [
            2.5,
            28.25,
            0
          ]
        },
        {
          "name": "arm_left",
          "parent": "arms",
          "pivot": [
            2,
            29,
            0.25
          ],
          "cubes": [
            {
              "origin": [
                2,
                28,
                -0.75
              ],
              "size": [
                6,
                1,
                2
              ],
              "uv": [
                84,
                31
              ]
            }
          ]
        },
        {
          "name": "arm_left2",
          "parent": "arm_left",
          "pivot": [
            8,
            29,
            1.25
          ],
          "cubes": [
            {
              "origin": [
                8,
                26.5,
                -1.75
              ],
              "size": [
                5,
                4,
                4
              ],
              "uv": [
                0,
                116
              ]
            }
          ]
        },
        {
          "name": "hand_left",
          "parent": "arm_left2",
          "pivot": [
            12.5,
            30.5,
            2.25
          ],
          "cubes": [
            {
              "origin": [
                15.5,
                25.5,
                -2.75
              ],
              "size": [
                4,
                6,
                6
              ],
              "uv": [
                20,
                102
              ]
            },
            {
              "origin": [
                13.5,
                25.5,
                -2.75
              ],
              "size": [
                4,
                6,
                6
              ],
              "inflate": 0.01,
              "uv": [
                96,
                105
              ]
            },
            {
              "origin": [
                10,
                25,
                -3.25
              ],
              "size": [
                4,
                10,
                7
              ],
              "pivot": [
                12,
                30.5,
                0.25
              ],
              "rotation": [
                0,
                0,
                -22.5
              ],
              "uv": [
                74,
                89
              ]
            }
          ]
        },
        {
          "name": "fingers_left",
          "parent": "hand_left",
          "pivot": [
            19.5,
            29.5,
            0.25
          ]
        },
        {
          "name": "finger_left_ring",
          "parent": "fingers_left",
          "pivot": [
            19.5,
            29,
            1.25
          ],
          "cubes": [
            {
              "origin": [
                19.25,
                28,
                1.25
              ],
              "size": [
                2,
                1,
                0
              ],
              "uv": [
                36,
                54
              ]
            }
          ]
        },
        {
          "name": "finger_left_middle",
          "parent": "fingers_left",
          "pivot": [
            19.5,
            29.5,
            0.25
          ],
          "cubes": [
            {
              "origin": [
                19.25,
                28.5,
                0.25
              ],
              "size": [
                2,
                1,
                0
              ],
              "uv": [
                40,
                54
              ]
            }
          ]
        },
        {
          "name": "finger_left_index",
          "parent": "fingers_left",
          "pivot": [
            19.5,
            29,
            -0.75
          ],
          "cubes": [
            {
              "origin": [
                19.25,
                28,
                -0.75
              ],
              "size": [
                2,
                1,
                0
              ],
              "uv": [
                32,
                54
              ]
            }
          ]
        },
        {
          "name": "arm_right",
          "parent": "arms",
          "pivot": [
            -2,
            29,
            0.25
          ],
          "cubes": [
            {
              "origin": [
                -8,
                28,
                -0.75
              ],
              "size": [
                6,
                1,
                2
              ],
              "uv": [
                106,
                43
              ]
            }
          ]
        },
        {
          "name": "arm_right2",
          "parent": "arm_right",
          "pivot": [
            -8,
            29,
            1.25
          ],
          "cubes": [
            {
              "origin": [
                -13,
                26.5,
                -1.75
              ],
              "size": [
                5,
                4,
                4
              ],
              "uv": [
                116,
                86
              ]
            }
          ]
        },
        {
          "name": "hand_right",
          "parent": "arm_right2",
          "pivot": [
            -12.5,
            30.5,
            2.25
          ],
          "cubes": [
            {
              "origin": [
                -19.5,
                25.5,
                -2.75
              ],
              "size": [
                4,
                6,
                6
              ],
              "uv": [
                104,
                74
              ]
            },
            {
              "origin": [
                -17.5,
                25.5,
                -2.75
              ],
              "size": [
                4,
                6,
                6
              ],
              "inflate": 0.01,
              "uv": [
                106,
                31
              ]
            },
            {
              "origin": [
                -14,
                25,
                -3.25
              ],
              "size": [
                4,
                10,
                7
              ],
              "pivot": [
                -12,
                30.5,
                0.25
              ],
              "rotation": [
                0,
                0,
                22.5
              ],
              "uv": [
                52,
                89
              ]
            }
          ]
        },
        {
          "name": "fingers_right",
          "parent": "hand_right",
          "pivot": [
            -19.5,
            29.5,
            0.25
          ]
        },
        {
          "name": "finger_right_ring",
          "parent": "fingers_right",
          "pivot": [
            -19.5,
            29,
            1.25
          ],
          "cubes": [
            {
              "origin": [
                -21.25,
                28,
                1.25
              ],
              "size": [
                2,
                1,
                0
              ],
              "uv": [
                32,
                55
              ]
            }
          ]
        },
        {
          "name": "finger_right_middle",
          "parent": "fingers_right",
          "pivot": [
            -19.5,
            29.5,
            0.25
          ],
          "cubes": [
            {
              "origin": [
                -21.25,
                28.5,
                0.25
              ],
              "size": [
                2,
                1,
                0
              ],
              "uv": [
                36,
                55
              ]
            }
          ]
        },
        {
          "name": "finger_right_index",
          "parent": "fingers_right",
          "pivot": [
            -19.5,
            29,
            -0.75
          ],
          "cubes": [
            {
              "origin": [
                -21.25,
                28,
                -0.75
              ],
              "size": [
                2,
                1,
                0
              ],
              "uv": [
                40,
                55
              ]
            }
          ]
        },
        {
          "name": "neck",
          "parent": "chest",
          "pivot": [
            0,
            29.5,
            0.5
          ],
          "cubes": [
            {
              "origin": [
                -1,
                28.5,
                -1
              ],
              "size": [
                2,
                6,
                3
              ],
              "uv": [
                124,
                68
              ]
            }
          ]
        },
        {
          "name": "head",
          "parent": "neck",
          "pivot": [
            0,
            32.25,
            0.5
          ],
          "rotation": [
            5,
            0,
            0
          ],
          "cubes": [
            {
              "origin": [
                -4,
                32.25,
                -5.5
              ],
              "size": [
                8,
                8,
                10
              ],
              "uv": [
                48,
                18
              ]
            },
            {
              "origin": [
                -1,
                34.75,
                -5.51
              ],
              "size": [
                2,
                1,
                0
              ],
              "inflate": 0.01,
              "uv": [
                44,
                54
              ]
            },
            {
              "origin": [
                -0.5,
                40.26,
                -4
              ],
              "size": [
                1,
                0,
                7
              ],
              "uv": [
                80,
                49
              ]
            }
          ]
        },
        {
          "name": "eyes",
          "parent": "head",
          "pivot": [
            0,
            36,
            -3.25
          ]
        },
        {
          "name": "eye_left",
          "parent": "eyes",
          "pivot": [
            4.01,
            36.25,
            -3.75
          ],
          "cubes": [
            {
              "origin": [
                4.01,
                34.75,
                -5.25
              ],
              "size": [
                0,
                3,
                4
              ],
              "uv": [
                88,
                106
              ]
            }
          ]
        },
        {
          "name": "pupil_left",
          "parent": "eye_left",
          "pivot": [
            4.02,
            36.25,
            -3.25
          ],
          "cubes": [
            {
              "origin": [
                4.02,
                35.25,
                -3.75
              ],
              "size": [
                0,
                2,
                1
              ],
              "uv": [
                100,
                31
              ]
            }
          ]
        },
        {
          "name": "eye_shine_left",
          "parent": "eye_left",
          "pivot": [
            4.03,
            37.25,
            -3.75
          ],
          "cubes": [
            {
              "origin": [
                4.03,
                36.75,
                -4.25
              ],
              "size": [
                0,
                1,
                1
              ],
              "uv": [
                26,
                74
              ]
            }
          ]
        },
        {
          "name": "eyelid_left",
          "parent": "eye_left",
          "pivot": [
            3.43,
            36.25,
            -3.75
          ],
          "cubes": [
            {
              "origin": [
                2.93,
                34.75,
                -5.25
              ],
              "size": [
                1,
                3,
                3
              ],
              "inflate": 0.01,
              "uv": [
                80,
                128
              ]
            }
          ]
        },
        {
          "name": "eye_right",
          "parent": "eyes",
          "pivot": [
            -4.01,
            36.25,
            -3.75
          ],
          "cubes": [
            {
              "origin": [
                -4.01,
                34.75,
                -5.25
              ],
              "size": [
                0,
                3,
                4
              ],
              "uv": [
                80,
                121
              ]
            }
          ]
        },
        {
          "name": "pupil_right",
          "parent": "eye_right",
          "pivot": [
            -4.02,
            36.25,
            -3.25
          ],
          "cubes": [
            {
              "origin": [
                -4.02,
                35.25,
                -3.75
              ],
              "size": [
                0,
                2,
                1
              ],
              "uv": [
                102,
                31
              ]
            }
          ]
        },
        {
          "name": "eye_shine_right",
          "parent": "eye_right",
          "pivot": [
            -4.03,
            37.25,
            -3.75
          ],
          "cubes": [
            {
              "origin": [
                -4.03,
                36.75,
                -4.25
              ],
              "size": [
                0,
                1,
                1
              ],
              "uv": [
                28,
                74
              ]
            }
          ]
        },
        {
          "name": "eyelid_right",
          "parent": "eye_right",
          "pivot": [
            -3.43,
            36.25,
            -3.75
          ],
          "cubes": [
            {
              "origin": [
                -3.93,
                34.75,
                -5.25
              ],
              "size": [
                1,
                3,
                3
              ],
              "inflate": 0.01,
              "uv": [
                68,
                129
              ]
            }
          ]
        },
        {
          "name": "eyebrow_left",
          "parent": "head",
          "pivot": [
            4,
            40,
            -5.5
          ],
          "rotation": [
            -72.5,
            65,
            -77.5
          ]
        },
        {
          "name": "eyebrow_left_rotation",
          "parent": "eyebrow_left",
          "pivot": [
            4,
            42,
            -7.5
          ],
          "rotation": [
            45,
            0,
            0
          ],
          "cubes": [
            {
              "origin": [
                4,
                40,
                -10.5
              ],
              "size": [
                0,
                4,
                9
              ],
              "inflate": 0.01,
              "uv": [
                40,
                106
              ]
            },
            {
              "origin": [
                4,
                38,
                -6.5
              ],
              "size": [
                0,
                2,
                5
              ],
              "inflate": 0.01,
              "uv": [
                48,
                127
              ]
            },
            {
              "origin": [
                4,
                42.5,
                -15.5
              ],
              "size": [
                0,
                2,
                5
              ],
              "inflate": 0.01,
              "uv": [
                126,
                27
              ]
            },
            {
              "origin": [
                4,
                41.5,
                -14.5
              ],
              "size": [
                0,
                1,
                4
              ],
              "inflate": 0.01,
              "uv": [
                110,
                26
              ]
            }
          ]
        },
        {
          "name": "eyebrow_left2",
          "parent": "eyebrow_left_rotation",
          "pivot": [
            4,
            42,
            -1.5
          ],
          "rotation": [
            0,
            -10,
            0
          ],
          "cubes": [
            {
              "origin": [
                4,
                40,
                -1.5
              ],
              "size": [
                0,
                4,
                7
              ],
              "uv": [
                116,
                110
              ]
            },
            {
              "origin": [
                4,
                39,
                -1.5
              ],
              "size": [
                0,
                1,
                4
              ],
              "uv": [
                126,
                129
              ]
            }
          ]
        },
        {
          "name": "eyebrow_right",
          "parent": "head",
          "pivot": [
            -4,
            40,
            -5.5
          ],
          "rotation": [
            -72.5,
            -65,
            77.5
          ]
        },
        {
          "name": "eyebrow_right_rotation",
          "parent": "eyebrow_right",
          "pivot": [
            -4,
            42,
            -7.5
          ],
          "rotation": [
            45,
            0,
            0
          ],
          "cubes": [
            {
              "origin": [
                -4,
                40,
                -10.5
              ],
              "size": [
                0,
                4,
                9
              ],
              "inflate": 0.01,
              "uv": [
                58,
                106
              ]
            },
            {
              "origin": [
                -4,
                38,
                -6.5
              ],
              "size": [
                0,
                2,
                5
              ],
              "inflate": 0.01,
              "uv": [
                126,
                34
              ]
            },
            {
              "origin": [
                -4,
                42.5,
                -15.5
              ],
              "size": [
                0,
                2,
                5
              ],
              "inflate": 0.01,
              "uv": [
                124,
                77
              ]
            },
            {
              "origin": [
                -4,
                41.5,
                -14.5
              ],
              "size": [
                0,
                1,
                4
              ],
              "inflate": 0.01,
              "uv": [
                110,
                129
              ]
            }
          ]
        },
        {
          "name": "eyebrow_right2",
          "parent": "eyebrow_right_rotation",
          "pivot": [
            -4,
            42,
            -1.5
          ],
          "rotation": [
            0,
            10,
            0
          ],
          "cubes": [
            {
              "origin": [
                -4,
                40,
                -1.5
              ],
              "size": [
                0,
                4,
                7
              ],
              "uv": [
                100,
                117
              ]
            },
            {
              "origin": [
                -4,
                39,
                -1.5
              ],
              "size": [
                0,
                1,
                4
              ],
              "uv": [
                118,
                129
              ]
            }
          ]
        },
        {
          "name": "ears",
          "parent": "head",
          "pivot": [
            0,
            40,
            1
          ]
        },
        {
          "name": "ear_right",
          "parent": "ears",
          "pivot": [
            0,
            40,
            1
          ],
          "rotation": [
            -5,
            0,
            -5
          ],
          "cubes": [
            {
              "origin": [
                -2,
                40,
                -1
              ],
              "size": [
                2,
                11,
                4
              ],
              "uv": [
                76,
                106
              ]
            }
          ]
        },
        {
          "name": "ear_right2",
          "parent": "ear_right",
          "pivot": [
            0,
            51,
            1
          ]
        },
        {
          "name": "ear_right2_rotation",
          "parent": "ear_right2",
          "pivot": [
            -2,
            51,
            1
          ],
          "rotation": [
            0,
            0,
            5
          ],
          "cubes": [
            {
              "origin": [
                -9,
                51,
                -2.5
              ],
              "size": [
                9,
                3,
                7
              ],
              "inflate": 0.01,
              "uv": [
                48,
                36
              ]
            }
          ]
        },
        {
          "name": "ear_right3",
          "parent": "ear_right2_rotation",
          "pivot": [
            -8,
            52.5,
            1
          ],
          "cubes": [
            {
              "origin": [
                -17,
                51,
                -2.5
              ],
              "size": [
                9,
                3,
                7
              ],
              "inflate": 0.02,
              "uv": [
                48,
                46
              ]
            },
            {
              "origin": [
                -20,
                51,
                -1.5
              ],
              "size": [
                3,
                3,
                5
              ],
              "uv": [
                120,
                60
              ]
            }
          ]
        },
        {
          "name": "ear_right4",
          "parent": "ear_right3",
          "pivot": [
            -18.5,
            52,
            1
          ],
          "cubes": [
            {
              "origin": [
                -26,
                52.5,
                -4
              ],
              "size": [
                3,
                3,
                10
              ],
              "pivot": [
                -20.5,
                54,
                1
              ],
              "rotation": [
                0,
                0,
                90
              ],
              "uv": [
                0,
                74
              ]
            },
            {
              "origin": [
                -18,
                48.5,
                -4
              ],
              "size": [
                3,
                3,
                10
              ],
              "pivot": [
                -20.5,
                50,
                1
              ],
              "rotation": [
                0,
                0,
                90
              ],
              "uv": [
                26,
                76
              ]
            },
            {
              "origin": [
                -25.5,
                50,
                -6
              ],
              "size": [
                10,
                4,
                14
              ],
              "pivot": [
                -20.5,
                52,
                1
              ],
              "rotation": [
                0,
                0,
                90
              ],
              "uv": [
                0,
                0
              ]
            },
            {
              "origin": [
                -37,
                51,
                -1.5
              ],
              "size": [
                3,
                3,
                5
              ],
              "uv": [
                64,
                121
              ]
            },
            {
              "origin": [
                -25,
                51,
                -1.5
              ],
              "size": [
                3,
                3,
                5
              ],
              "uv": [
                114,
                121
              ]
            },
            {
              "origin": [
                -34,
                51,
                -2.5
              ],
              "size": [
                9,
                3,
                7
              ],
              "inflate": 0.02,
              "uv": [
                0,
                54
              ]
            }
          ]
        },
        {
          "name": "ear_right5",
          "parent": "ear_right4",
          "pivot": [
            -36.5,
            52.5,
            1
          ],
          "cubes": [
            {
              "origin": [
                -44,
                52.5,
                -4
              ],
              "size": [
                3,
                3,
                10
              ],
              "pivot": [
                -38.5,
                54,
                1
              ],
              "rotation": [
                0,
                0,
                90
              ],
              "uv": [
                52,
                76
              ]
            },
            {
              "origin": [
                -36,
                48.5,
                -4
              ],
              "size": [
                3,
                3,
                10
              ],
              "pivot": [
                -38.5,
                50,
                1
              ],
              "rotation": [
                0,
                0,
                90
              ],
              "uv": [
                78,
                76
              ]
            },
            {
              "origin": [
                -43.5,
                50,
                -6
              ],
              "size": [
                10,
                4,
                14
              ],
              "pivot": [
                -38.5,
                52,
                1
              ],
              "rotation": [
                0,
                0,
                90
              ],
              "uv": [
                0,
                18
              ]
            }
          ]
        },
        {
          "name": "ear_right6",
          "parent": "ear_right5",
          "pivot": [
            -40.5,
            52.5,
            1
          ],
          "cubes": [
            {
              "origin": [
                -52,
                51,
                -2.5
              ],
              "size": [
                9,
                3,
                7
              ],
              "inflate": 0.02,
              "uv": [
                32,
                56
              ]
            },
            {
              "origin": [
                -43,
                51,
                -1.5
              ],
              "size": [
                3,
                3,
                5
              ],
              "uv": [
                122,
                19
              ]
            },
            {
              "origin": [
                -55,
                51,
                -1.5
              ],
              "size": [
                3,
                3,
                5
              ],
              "uv": [
                122,
                11
              ]
            },
            {
              "origin": [
                -57,
                51,
                -0.5
              ],
              "size": [
                2,
                3,
                3
              ],
              "uv": [
                100,
                128
              ]
            }
          ]
        },
        {
          "name": "ear_left",
          "parent": "ears",
          "pivot": [
            0,
            40,
            1
          ],
          "rotation": [
            -5,
            0,
            5
          ],
          "cubes": [
            {
              "origin": [
                0,
                40,
                -1
              ],
              "size": [
                2,
                11,
                4
              ],
              "uv": [
                110,
                11
              ]
            }
          ]
        },
        {
          "name": "ear_left2",
          "parent": "ear_left",
          "pivot": [
            0,
            51,
            1
          ]
        },
        {
          "name": "ear_left2_rotation",
          "parent": "ear_left2",
          "pivot": [
            2,
            51,
            1
          ],
          "rotation": [
            0,
            0,
            -5
          ],
          "cubes": [
            {
              "origin": [
                0,
                51,
                -2.5
              ],
              "size": [
                9,
                3,
                7
              ],
              "inflate": 0.01,
              "uv": [
                0,
                64
              ]
            }
          ]
        },
        {
          "name": "ear_left3",
          "parent": "ear_left2_rotation",
          "pivot": [
            8,
            52.5,
            1
          ],
          "cubes": [
            {
              "origin": [
                8,
                51,
                -2.5
              ],
              "size": [
                9,
                3,
                7
              ],
              "inflate": 0.02,
              "uv": [
                64,
                56
              ]
            },
            {
              "origin": [
                17,
                51,
                -1.5
              ],
              "size": [
                3,
                3,
                5
              ],
              "uv": [
                0,
                124
              ]
            }
          ]
        },
        {
          "name": "ear_left4",
          "parent": "ear_left3",
          "pivot": [
            18.5,
            52,
            1
          ],
          "cubes": [
            {
              "origin": [
                23,
                52.5,
                -4
              ],
              "size": [
                3,
                3,
                10
              ],
              "pivot": [
                20.5,
                54,
                1
              ],
              "rotation": [
                0,
                0,
                -90
              ],
              "uv": [
                80,
                36
              ]
            },
            {
              "origin": [
                15,
                48.5,
                -4
              ],
              "size": [
                3,
                3,
                10
              ],
              "pivot": [
                20.5,
                50,
                1
              ],
              "rotation": [
                0,
                0,
                -90
              ],
              "uv": [
                84,
                18
              ]
            },
            {
              "origin": [
                15.5,
                50,
                -6
              ],
              "size": [
                10,
                4,
                14
              ],
              "pivot": [
                20.5,
                52,
                1
              ],
              "rotation": [
                0,
                0,
                -90
              ],
              "uv": [
                0,
                36
              ]
            },
            {
              "origin": [
                34,
                51,
                -1.5
              ],
              "size": [
                3,
                3,
                5
              ],
              "uv": [
                124,
                0
              ]
            },
            {
              "origin": [
                22,
                51,
                -1.5
              ],
              "size": [
                3,
                3,
                5
              ],
              "uv": [
                16,
                124
              ]
            },
            {
              "origin": [
                25,
                51,
                -2.5
              ],
              "size": [
                9,
                3,
                7
              ],
              "inflate": 0.02,
              "uv": [
                32,
                66
              ]
            }
          ]
        },
        {
          "name": "ear_left5",
          "parent": "ear_left4",
          "pivot": [
            36.5,
            52.5,
            1
          ],
          "cubes": [
            {
              "origin": [
                41,
                52.5,
                -4
              ],
              "size": [
                3,
                3,
                10
              ],
              "pivot": [
                38.5,
                54,
                1
              ],
              "rotation": [
                0,
                0,
                -90
              ],
              "uv": [
                0,
                87
              ]
            },
            {
              "origin": [
                33,
                48.5,
                -4
              ],
              "size": [
                3,
                3,
                10
              ],
              "pivot": [
                38.5,
                50,
                1
              ],
              "rotation": [
                0,
                0,
                -90
              ],
              "uv": [
                26,
                89
              ]
            },
            {
              "origin": [
                33.5,
                50,
                -6
              ],
              "size": [
                10,
                4,
                14
              ],
              "pivot": [
                38.5,
                52,
                1
              ],
              "rotation": [
                0,
                0,
                -90
              ],
              "uv": [
                48,
                0
              ]
            }
          ]
        },
        {
          "name": "ear_left6",
          "parent": "ear_left5",
          "pivot": [
            40.5,
            52.5,
            1
          ],
          "cubes": [
            {
              "origin": [
                43,
                51,
                -2.5
              ],
              "size": [
                9,
                3,
                7
              ],
              "inflate": 0.02,
              "uv": [
                64,
                66
              ]
            },
            {
              "origin": [
                40,
                51,
                -1.5
              ],
              "size": [
                3,
                3,
                5
              ],
              "uv": [
                124,
                43
              ]
            },
            {
              "origin": [
                52,
                51,
                -1.5
              ],
              "size": [
                3,
                3,
                5
              ],
              "uv": [
                124,
                51
              ]
            },
            {
              "origin": [
                55,
                51,
                -0.5
              ],
              "size": [
                2,
                3,
                3
              ],
              "uv": [
                58,
                129
              ]
            }
          ]
        },
        {
          "name": "mouth",
          "parent": "head",
          "pivot": [
            0,
            33.75,
            -5.5
          ]
        },
        {
          "name": "mouth_closed",
          "parent": "mouth",
          "pivot": [
            0,
            33.75,
            -5.5
          ],
          "cubes": [
            {
              "origin": [
                -2.5,
                32.25,
                -5.5
              ],
              "size": [
                5,
                3,
                0
              ],
              "inflate": 0.01,
              "uv": [
                40,
                102
              ]
            }
          ]
        },
        {
          "name": "mouth_open",
          "parent": "mouth",
          "pivot": [
            0,
            33.75,
            -5.5
          ],
          "cubes": [
            {
              "origin": [
                -2.5,
                32.25,
                -5.4
              ],
              "size": [
                5,
                3,
                0
              ],
              "inflate": 0.01,
              "uv": [
                104,
                86
              ]
            }
          ]
        },
        {
          "name": "tail",
          "parent": "torso",
          "pivot": [
            0,
            19,
            3
          ],
          "rotation": [
            5,
            0,
            0
          ],
          "cubes": [
            {
              "origin": [
                -2,
                17,
                3
              ],
              "size": [
                4,
                4,
                4
              ],
              "uv": [
                48,
                119
              ]
            }
          ]
        },
        {
          "name": "legs",
          "parent": "body",
          "pivot": [
            0,
            20.75,
            0
          ]
        },
        {
          "name": "leg_right",
          "parent": "legs",
          "pivot": [
            -3,
            20.75,
            0
          ],
          "rotation": [
            2.5,
            -2.5,
            -2.5
          ],
          "cubes": [
            {
              "origin": [
                -5,
                10.75,
                -3
              ],
              "size": [
                4,
                10,
                6
              ],
              "uv": [
                96,
                89
              ]
            }
          ]
        },
        {
          "name": "leg_right2",
          "parent": "leg_right",
          "pivot": [
            -3,
            9.75,
            0.75
          ],
          "rotation": [
            -10,
            0,
            2.5
          ],
          "cubes": [
            {
              "origin": [
                -4.5,
                1.5,
                -0.75
              ],
              "size": [
                3,
                10,
                3
              ],
              "uv": [
                88,
                117
              ]
            },
            {
              "origin": [
                -6,
                1.5,
                -3.25
              ],
              "size": [
                6,
                3,
                8
              ],
              "uv": [
                96,
                0
              ]
            }
          ]
        },
        {
          "name": "foot_right",
          "parent": "leg_right2",
          "pivot": [
            -3.06822,
            1.49719,
            -0.74904
          ],
          "rotation": [
            7.5,
            0,
            0
          ],
          "cubes": [
            {
              "origin": [
                -4.5,
                -0.4999,
                -3.74962
              ],
              "size": [
                3,
                2,
                6
              ],
              "uv": [
                116,
                94
              ]
            }
          ]
        },
        {
          "name": "leg_left",
          "parent": "legs",
          "pivot": [
            3,
            20.75,
            0
          ],
          "rotation": [
            2.5,
            2.5,
            2.5
          ],
          "cubes": [
            {
              "origin": [
                1,
                10.75,
                -3
              ],
              "size": [
                4,
                10,
                6
              ],
              "uv": [
                0,
                100
              ]
            }
          ]
        },
        {
          "name": "leg_left2",
          "parent": "leg_left",
          "pivot": [
            3,
            9.75,
            0.75
          ],
          "rotation": [
            -10,
            0,
            -2.5
          ],
          "cubes": [
            {
              "origin": [
                1.5,
                1.5,
                -0.75
              ],
              "size": [
                3,
                10,
                3
              ],
              "uv": [
                36,
                119
              ]
            },
            {
              "origin": [
                0,
                1.5,
                -3.25
              ],
              "size": [
                6,
                3,
                8
              ],
              "uv": [
                96,
                49
              ]
            }
          ]
        },
        {
          "name": "foot_left",
          "parent": "leg_left2",
          "pivot": [
            3.06822,
            1.49719,
            -0.74904
          ],
          "rotation": [
            7.5,
            0,
            0
          ],
          "cubes": [
            {
              "origin": [
                1.5,
                -0.4999,
                -3.74962
              ],
              "size": [
                3,
                2,
                6
              ],
              "uv": [
                116,
                102
              ]
            }
          ]
        }
      ]
    }
  ]
}