{
	"format_version": "1.12.0",
	"minecraft:geometry": [
		{
			"description": {
				"identifier": "geometry.slowking",
				"texture_width": 128,
				"texture_height": 64,
				"visible_bounds_width": 4,
				"visible_bounds_height": 4.5,
				"visible_bounds_offset": [0, 1.75, 0]
			},
			"bones": [
				{
					"name": "slowking",
					"pivot": [0, 0, 0]
				},
				{
					"name": "body",
					"parent": "slowking",
					"pivot": [0, 11, 0]
				},
				{
					"name": "torso",
					"parent": "body",
					"pivot": [0, 6.5, 0],
					"cubes": [
						{"origin": [-5, 11, -4.5], "size": [10, 6, 9], "uv": [0, 17]},
						{"origin": [-5.5, 3, -5], "size": [11, 8, 11], "uv": [0, 32]},
						{"origin": [-4, 17, -4], "size": [8, 1, 8], "inflate": 0.01, "uv": [45, 38]}
					]
				},
				{
                    "name": "locator_seat_1",
                    "parent": "body",
                    "pivot": [0, 31, 3],
                    "locators": {
                        "seat_1": [0, 31, 3]
                    }
                },
				{
					"name": "tail",
					"parent": "torso",
					"pivot": [0, 6.5, 5],
					"cubes": [
						{"origin": [-4, 3.5, 4], "size": [8, 7, 6], "uv": [0, 51]}
					]
				},
				{
					"name": "tail2",
					"parent": "tail",
					"pivot": [0, 6.5, 7.1],
					"cubes": [
						{"origin": [-2.5, 4.5, 6], "size": [5, 5, 8], "uv": [28, 51]}
					]
				},
				{
					"name": "tail3",
					"parent": "tail2",
					"pivot": [0, 7, 13],
					"cubes": [
						{"origin": [-1.5, 5.5, 12], "size": [3, 3, 5], "uv": [68, 14]}
					]
				},
				{
					"name": "frills",
					"parent": "torso",
					"pivot": [0, 17.9, 0]
				},
				{
					"name": "front_frill",
					"parent": "frills",
					"pivot": [0, 17.5, -4],
					"rotation": [22.5, 0, 0],
					"cubes": [
						{"origin": [-6, 17.5, -10], "size": [12, 0, 7], "uv": [96, 14]}
					]
				},
				{
					"name": "right_frill",
					"parent": "frills",
					"pivot": [-4, 17.5, 0],
					"rotation": [0, 0, -25],
					"cubes": [
						{"origin": [-10, 17.5, -6], "size": [7, 0, 12], "uv": [86, 1]}
					]
				},
				{
					"name": "left_frill",
					"parent": "frills",
					"pivot": [4, 17.5, 0],
					"rotation": [0, 0, 22.5],
					"cubes": [
						{"origin": [3, 17.5, -6], "size": [7, 0, 12], "uv": [101, 1]}
					]
				},
				{
					"name": "back_frill",
					"parent": "frills",
					"pivot": [0, 17.5, 4],
					"rotation": [-22.5, 0, 0],
					"cubes": [
						{"origin": [-6, 17.5, 3], "size": [12, 0, 7], "uv": [96, 22]}
					]
				},
				{
					"name": "neck",
					"parent": "torso",
					"pivot": [0, 17.5, 0],
					"cubes": [
						{"origin": [-3.5, 16.5, -3.5], "size": [7, 4, 7], "uv": [29, 14]}
					]
				},
				{
					"name": "head",
					"parent": "neck",
					"pivot": [0, 17.8, 0]
				},
				{
					"name": "head_correction",
					"parent": "head",
					"pivot": [0, 17.8, 0]
				},
				{
					"name": "head_ai",
					"parent": "head_correction",
					"pivot": [0, 17.8, 0]
				},
				{
					"name": "head_angle",
					"parent": "head_ai",
					"pivot": [0, 17.8, 0],
					"cubes": [
						{"origin": [0.5, 19.8, -6.51], "size": [1, 1, 0], "uv": [46, 56]},
						{"origin": [-1.5, 19.8, -6.51], "size": [1, 1, 0], "uv": [46, 55]},
						{"origin": [2, 18.55, -6.25], "size": [1, 1, 0], "uv": [46, 52]},
						{"origin": [-3, 18.55, -6.25], "size": [1, 1, 0], "uv": [46, 51]},
						{"origin": [-4.5, 17.8, -4.5], "size": [9, 8, 9], "uv": [0, 0]},
						{"origin": [-4, 19.1, -6.5], "size": [8, 2, 3], "uv": [46, 54]}
					]
				},
				{
					"name": "crown",
					"parent": "head_angle",
					"pivot": [0, 25.6, 0.5],
					"rotation": [-15, 0, 0],
					"cubes": [
						{"origin": [-5.5, 23.1, -4.75], "size": [11, 4, 11], "uv": [84, 49]},
						{"origin": [-2.5, 22.1, -4.25], "size": [1, 1, 0], "uv": [117, 49]},
						{"origin": [1.5, 22.1, -4.25], "size": [1, 1, 0], "uv": [117, 50], "mirror": true},
						{"origin": [-4.5, 27.1, -3.75], "size": [9, 3, 9], "inflate": 0.01, "uv": [92, 37]},
						{"origin": [-7, 30.1, 2.75], "size": [5, 2, 0], "pivot": [-2, 30.1, 2.75], "rotation": [38.42684, 25.49671, 61.51653], "uv": [118, 57]},
						{"origin": [2, 30.1, 2.75], "size": [5, 2, 0], "pivot": [2, 30.1, 2.75], "rotation": [38.42684, -25.49671, -61.51653], "uv": [90, 43]},
						{"origin": [-2.5, 30.1, -1.75], "size": [5, 3, 5], "uv": [64, 56]},
						{"origin": [2, 30.1, -1.25], "size": [5, 2, 0], "pivot": [2, 30.1, -1.25], "rotation": [-38.42684, 25.49671, -61.51653], "uv": [90, 40]},
						{"origin": [-7, 30.1, -1.25], "size": [5, 2, 0], "pivot": [-2, 30.1, -1.25], "rotation": [-38.42684, -25.49671, 61.51653], "uv": [118, 54]},
						{"origin": [-1, 29.8, -3.25], "size": [2, 2, 2], "pivot": [0, 29.8, -2.25], "rotation": [-12.5, 0, 0], "uv": [119, 42]},
						{"origin": [-1.5, 32.1, 0.75], "size": [3, 5, 0], "pivot": [0, 32.1, 0.75], "rotation": [0, -45, 0], "uv": [75, 40]},
						{"origin": [-1.5, 32.1, 0.75], "size": [3, 5, 0], "pivot": [0, 32.1, 0.75], "rotation": [0, 45, 0], "uv": [83, 40]}
					]
				},
				{
					"name": "horn_right",
					"parent": "crown",
					"pivot": [-4.5, 25.2, -3.25],
					"rotation": [-20, -35, 35],
					"cubes": [
						{"origin": [-9, 23.7, -4.75], "size": [5, 3, 3], "uv": [66, 50]},
						{"origin": [-13, 24.2, -4.25], "size": [4, 2, 2], "pivot": [-9, 24.2, -3.25], "rotation": [0, 0, 37], "uv": [83, 50]}
					]
				},
				{
					"name": "horn_left",
					"parent": "crown",
					"pivot": [4.5, 25.2, -3.25],
					"rotation": [-20, 35, -35],
					"cubes": [
						{"origin": [4, 23.7, -4.75], "size": [5, 3, 3], "uv": [79, 54], "mirror": true},
						{"origin": [9, 24.2, -4.25], "size": [4, 2, 2], "pivot": [9, 24.2, -3.25], "rotation": [0, 0, -37], "uv": [80, 46], "mirror": true}
					]
				},
				{
					"name": "crown_eyes",
					"parent": "crown",
					"pivot": [0, 24.6, 6.26]
				},
				{
					"name": "crown_eye_left",
					"parent": "crown_eyes",
					"pivot": [2.5, 24.8, 6.26],
					"rotation": [0, 0, -10],
					"cubes": [
						{"origin": [1, 23.8, 6.26], "size": [3, 2, 0], "uv": [28, 1]}
					]
				},
				{
					"name": "crown_pupil_left",
					"parent": "crown_eye_left",
					"pivot": [2.1, 24.3, 6.261],
					"cubes": [
						{"origin": [1.6, 23.8, 6.261], "size": [1, 1, 0], "inflate": 0.01, "uv": [27, 8]}
					]
				},
				{
					"name": "crown_eye_right",
					"parent": "crown_eyes",
					"pivot": [-2.5, 24.8, 6.26],
					"rotation": [0, 0, 10],
					"cubes": [
						{"origin": [-4, 23.8, 6.26], "size": [3, 2, 0], "uv": [28, 4]}
					]
				},
				{
					"name": "crown_pupil_right",
					"parent": "crown_eye_right",
					"pivot": [-2.1, 24.3, 6.261],
					"cubes": [
						{"origin": [-2.6, 23.8, 6.261], "size": [1, 1, 0], "inflate": 0.01, "uv": [27, 7]}
					]
				},
				{
					"name": "crown_eyelid_left",
					"parent": "crown_eyes",
					"pivot": [2.5, 24.8, 5.66],
					"rotation": [0, 0, -10],
					"cubes": [
						{"origin": [1, 23.8, 6.16], "size": [3, 2, 0], "inflate": 0.015, "uv": [35, 4]}
					]
				},
				{
					"name": "crown_eyelid_right",
					"parent": "crown_eyes",
					"pivot": [-2.5, 24.8, 5.66],
					"rotation": [0, 0, 10],
					"cubes": [
						{"origin": [-4, 23.8, 6.16], "size": [3, 2, 0], "inflate": 0.015, "uv": [35, 1]}
					]
				},
				{
					"name": "eyes",
					"parent": "head_angle",
					"pivot": [0, 22.3, -4.5]
				},
				{
					"name": "eye_left",
					"parent": "eyes",
					"pivot": [2.51, 22.3, -4.01],
					"cubes": [
						{"origin": [1.51, 20.8, -4.51], "size": [2, 3, 0], "uv": [4, 0]}
					]
				},
				{
					"name": "pupil_left",
					"parent": "eye_left",
					"pivot": [2.21, 22.3, -4.015],
					"cubes": [
						{"origin": [1.71, 21.8, -4.515], "size": [1, 1, 0], "uv": [0, 4]}
					]
				},
				{
					"name": "eye_right",
					"parent": "eyes",
					"pivot": [-2.51, 22.3, -4.01],
					"cubes": [
						{"origin": [-3.51, 20.8, -4.51], "size": [2, 3, 0], "uv": [0, 0]}
					]
				},
				{
					"name": "pupil_right",
					"parent": "eye_right",
					"pivot": [-2.21, 22.3, -4.015],
					"cubes": [
						{"origin": [-2.71, 21.8, -4.515], "size": [1, 1, 0], "uv": [0, 3]}
					]
				},
				{
					"name": "eyelid_left",
					"parent": "eyes",
					"pivot": [2.51, 22.3, -3.91],
					"cubes": [
						{"origin": [1.51, 20.8, -4.41], "size": [2, 3, 1], "inflate": 0.015, "uv": [0, 18]}
					]
				},
				{
					"name": "eyelid_right",
					"parent": "eyes",
					"pivot": [-2.51, 22.3, -3.91],
					"cubes": [
						{"origin": [-3.51, 20.8, -4.41], "size": [2, 3, 1], "inflate": 0.015, "uv": [0, 22], "mirror": true}
					]
				},
				{
					"name": "jaw",
					"parent": "head_angle",
					"pivot": [0, 19.2, -4.5],
					"cubes": [
						{"origin": [-3.5, 18.2, -6.2], "size": [7, 1, 3], "uv": [46, 50]}
					]
				},
				{
					"name": "arms",
					"parent": "torso",
					"pivot": [0, 14.5, -0.75]
				},
				{
					"name": "arm_left",
					"parent": "arms",
					"pivot": [4, 14.5, -0.75],
					"cubes": [
						{"origin": [3.5, 13.5, -2.75], "size": [6, 3, 4], "inflate": 0.001, "uv": [34, 29]}
					]
				},
				{
					"name": "arm_left2",
					"parent": "arm_left",
					"pivot": [9.5, 16, 0.75],
					"cubes": [
						{"origin": [9.5, 14, -2.25], "size": [4, 2, 3], "uv": [51, 33]}
					]
				},
				{
					"name": "finger_left",
					"parent": "arm_left2",
					"pivot": [13.5, 16, -0.75],
					"cubes": [
						{"origin": [13.5, 15, -1.75], "size": [1, 1, 2], "uv": [28, 51]}
					]
				},
				{
					"name": "thumb_left",
					"parent": "arm_left2",
					"pivot": [12.75, 15, -1.75],
					"cubes": [
						{"origin": [12.25, 15, -3.25], "size": [1, 0, 2], "uv": [50, 14]}
					]
				},
				{
					"name": "arm_right",
					"parent": "arms",
					"pivot": [-4, 14.5, -0.75],
					"cubes": [
						{"origin": [-9.5, 13.5, -2.75], "size": [6, 3, 4], "inflate": 0.001, "uv": [33, 36]}
					]
				},
				{
					"name": "arm_right2",
					"parent": "arm_right",
					"pivot": [-9.5, 16, 0.75],
					"cubes": [
						{"origin": [-13.5, 14, -2.25], "size": [4, 2, 3], "uv": [50, 28]}
					]
				},
				{
					"name": "finger_right",
					"parent": "arm_right2",
					"pivot": [-13.5, 16, -0.75],
					"cubes": [
						{"origin": [-14.5, 15, -1.75], "size": [1, 1, 2], "uv": [22, 51]}
					]
				},
				{
					"name": "thumb_right",
					"parent": "arm_right2",
					"pivot": [-12.75, 15, -1.75],
					"cubes": [
						{"origin": [-13.25, 15, -3.25], "size": [1, 0, 2], "uv": [48, 14]}
					]
				},
				{
					"name": "legs",
					"parent": "body",
					"pivot": [0, 6, -1]
				},
				{
					"name": "leg_left",
					"parent": "legs",
					"pivot": [6, 6, -1],
					"cubes": [
						{"origin": [4, 2.5, -4], "size": [4, 7, 7], "uv": [58, 0]}
					]
				},
				{
					"name": "leg_left2",
					"parent": "leg_left",
					"pivot": [6, 2.5, -1],
					"cubes": [
						{"origin": [4.5, 0.5, -1], "size": [3, 3, 3], "uv": [73, 0]}
					]
				},
				{
					"name": "foot_left",
					"parent": "leg_left2",
					"pivot": [6, 1.5, 1.5],
					"cubes": [
						{"origin": [4, 0, -2.5], "size": [4, 2, 5], "inflate": 0.001, "uv": [52, 21]},
						{"origin": [4.5, 0, -3.5], "size": [3, 1, 2], "uv": [0, 37]}
					]
				},
				{
					"name": "leg_right",
					"parent": "legs",
					"pivot": [-6, 6, -1],
					"cubes": [
						{"origin": [-8, 2.5, -4], "size": [4, 7, 7], "uv": [36, 0]}
					]
				},
				{
					"name": "leg_right2",
					"parent": "leg_right",
					"pivot": [-6, 2.5, -1],
					"cubes": [
						{"origin": [-7.5, 0.5, -1], "size": [3, 3, 3], "uv": [51, 0]}
					]
				},
				{
					"name": "foot_right",
					"parent": "leg_right2",
					"pivot": [-6, 1.5, 1.5],
					"cubes": [
						{"origin": [-8, 0, -2.5], "size": [4, 2, 5], "inflate": 0.001, "uv": [50, 14]},
						{"origin": [-7.5, 0, -3.5], "size": [3, 1, 2], "uv": [0, 40]}
					]
				}
			]
		}
	]
}