{
	"format_version": "1.12.0",
	"minecraft:geometry": [
		{
			"description": {
				"identifier": "geometry.vivillon",
				"texture_width": 128,
				"texture_height": 64,
				"visible_bounds_width": 5,
				"visible_bounds_height": 4,
				"visible_bounds_offset": [0, 1, 0]
			},
			"bones": [
				{
					"name": "vivillon",
					"pivot": [0, 0, 0]
				},
				{
					"name": "body",
					"parent": "vivillon",
					"pivot": [0, 3.5, -1]
				},
				{
                    "name": "locator_seat_1",
                    "parent": "body",
                    "pivot": [0, 0, 10],
                    "locators": {
                        "seat_1": [0, 0, 10]
                    }
                },
				{
					"name": "abdomen",
					"parent": "body",
					"pivot": [0, 3.5, -1],
					"cubes": [
						{"origin": [-1.5, 0, -1], "size": [3, 7, 2], "uv": [58, 36]}
					]
				},
				{
					"name": "wing_left",
					"parent": "abdomen",
					"pivot": [0, 6, 1.01],
					"cubes": [
						{"origin": [0, -8, 1.01], "size": [25, 18, 0], "pivot": [0, 6, 1], "rotation": [0, 0, -45], "uv": [0, 18]}
					]
				},
				{
					"name": "wing_left2",
					"parent": "wing_left",
					"pivot": [0, 6, 1],
					"rotation": [0, -1, 0],
					"cubes": [
						{"origin": [-6, -12, 1.01], "size": [14, 18, 0], "pivot": [0, 6, 1], "rotation": [0, 0, -45], "uv": [28, 36]}
					]
				},
				{
					"name": "wing_right",
					"parent": "abdomen",
					"pivot": [0, 6, 0.99],
					"cubes": [
						{"origin": [0, -8, 0.99], "size": [25, 18, 0], "pivot": [0, 6, 1], "rotation": [-180, 0, -135], "uv": [0, 0]}
					]
				},
				{
					"name": "wing_right2",
					"parent": "wing_right",
					"pivot": [0, 6, 1],
					"rotation": [0, 1, 0],
					"cubes": [
						{"origin": [-6, -12, 0.99], "size": [14, 18, 0], "pivot": [0, 6, 1], "rotation": [-180, 0, -135], "uv": [0, 36]}
					]
				},
				{
					"name": "head",
					"parent": "abdomen",
					"pivot": [0, 7, -0.5],
					"cubes": [
						{"origin": [-2.5, 7, -3], "size": [5, 4, 4], "uv": [54, 52]}
					],
					"locators": {
						"sleep": [0, 11, -2.5]
					}
				},
				{
					"name": "eyes",
					"parent": "head",
					"pivot": [0, 9, -0.5]
				},
				{
					"name": "eye_normal_left",
					"parent": "eyes",
					"pivot": [1.5, 8.5, -1.5],
					"cubes": [
						{"origin": [0.5, 8.5, -3], "size": [2, 3, 3], "inflate": 0.01, "uv": [77, 0]}
					]
				},
				{
					"name": "eye_normal_right",
					"parent": "eyes",
					"pivot": [-1.5, 8.5, -1.5],
					"cubes": [
						{"origin": [-2.5, 8.5, -3], "size": [2, 3, 3], "inflate": 0.01, "uv": [67, 0]}
					]
				},
				{
					"name": "eye_happy_left",
					"parent": "eyes",
					"pivot": [1.4, 7.9, -1.4],
					"cubes": [
						{"origin": [0.4, 7.9, -2.9], "size": [2, 3, 3], "inflate": 0.01, "uv": [77, 12]}
					]
				},
				{
					"name": "eye_happy_right",
					"parent": "eyes",
					"pivot": [-1.4, 7.9, -1.4],
					"cubes": [
						{"origin": [-2.4, 7.9, -2.9], "size": [2, 3, 3], "inflate": 0.01, "uv": [67, 12]}
					]
				},
				{
					"name": "eye_sad_left",
					"parent": "eyes",
					"pivot": [1.4, 7.9, -1.4],
					"cubes": [
						{"origin": [0.4, 7.9, -2.9], "size": [2, 3, 3], "inflate": 0.01, "uv": [77, 6]}
					]
				},
				{
					"name": "eye_closed_left",
					"parent": "eyes",
					"pivot": [1.4, 8, -1.4],
					"cubes": [
						{"origin": [0.4, 8, -2.9], "size": [2, 3, 3], "inflate": 0.01, "uv": [77, 18]}
					]
				},
				{
					"name": "eye_sad_right",
					"parent": "eyes",
					"pivot": [-1.4, 7.9, -1.4],
					"cubes": [
						{"origin": [-2.4, 7.9, -2.9], "size": [2, 3, 3], "inflate": 0.01, "uv": [67, 6]}
					]
				},
				{
					"name": "eye_closed_right",
					"parent": "eyes",
					"pivot": [-1.4, 8, -1.4],
					"cubes": [
						{"origin": [-2.4, 8, -2.9], "size": [2, 3, 3], "inflate": 0.01, "uv": [67, 18]}
					]
				},
				{
					"name": "mouth",
					"parent": "head",
					"pivot": [0, 8, -2.9],
					"cubes": [
						{"origin": [-1, 7, -2.91], "size": [2, 1, 0], "uv": [50, 35]}
					]
				},
				{
					"name": "antenna_left",
					"parent": "head",
					"pivot": [0.5, 11, -2],
					"cubes": [
						{"origin": [0.5, 11, -2.5], "size": [0, 4, 1], "uv": [54, 3]}
					]
				},
				{
					"name": "antenna_left2",
					"parent": "antenna_left",
					"pivot": [0.5, 15, -2.5],
					"cubes": [
						{"origin": [0.5, 15, -2.5], "size": [0, 3, 1], "uv": [54, 7]},
						{"origin": [0, 18, -2.5], "size": [1, 2, 1], "uv": [54, 25]}
					]
				},
				{
					"name": "antenna_right",
					"parent": "head",
					"pivot": [-0.5, 11, -2],
					"cubes": [
						{"origin": [-0.5, 11, -2.5], "size": [0, 4, 1], "uv": [54, -1]}
					]
				},
				{
					"name": "antenna_right2",
					"parent": "antenna_right",
					"pivot": [-0.5, 15, -2.5],
					"cubes": [
						{"origin": [-0.5, 15, -2.5], "size": [0, 3, 1], "uv": [54, 10]},
						{"origin": [-1, 18, -2.5], "size": [1, 2, 1], "uv": [54, 22]}
					]
				},
				{
					"name": "hand_left",
					"parent": "abdomen",
					"pivot": [1, 6, -1],
					"cubes": [
						{"origin": [1, 5.5, -2], "size": [1, 1, 1], "uv": [54, 16]}
					]
				},
				{
					"name": "hand_right",
					"parent": "abdomen",
					"pivot": [-1, 6, -1],
					"cubes": [
						{"origin": [-2, 5.5, -2], "size": [1, 1, 1], "uv": [54, 14]}
					]
				},
				{
					"name": "leg_left",
					"parent": "body",
					"pivot": [1, 3.5, -1.01],
					"cubes": [
						{"origin": [0.5, -0.5, -1.01], "size": [1, 4, 0], "uv": [54, 18]}
					]
				},
				{
					"name": "leg_right",
					"parent": "body",
					"pivot": [-1, 3.5, -1.01],
					"cubes": [
						{"origin": [-1.5, -0.5, -1.01], "size": [1, 4, 0], "uv": [56, 18]}
					]
				}
			]
		}
	]
}