{
	"format_version": "1.12.0",
	"minecraft:geometry": [
		{
			"description": {
				"identifier": "geometry.whiscash",
				"texture_width": 256,
				"texture_height": 128,
				"visible_bounds_width": 12,
				"visible_bounds_height": 3.5,
				"visible_bounds_offset": [0, 1.25, 0]
			},
			"bones": [
				{
					"name": "whiscash",
					"pivot": [0, 0, -13]
				},
				{
					"name": "body",
					"parent": "whiscash",
					"pivot": [0, 12, 0]
				},
				{
					"name": "torso",
					"parent": "body",
					"pivot": [0, 10.75, 8.75],
					"cubes": [
						{"origin": [-19, 0, -24], "size": [38, 24, 34], "uv": [0, 0]},
						{"origin": [-18, 8, -27], "size": [36, 3, 3], "inflate": 0.01, "uv": [74, 64]}
					]
				},
				{
                    "name": "locator_seat_1",
                    "parent": "body",
                    "pivot": [0, 23, -9],
                    "locators": {
                        "seat_1": [0, 23, -9]
                    }
                },
				{
					"name": "whisker_left",
					"parent": "torso",
					"pivot": [19, 10, -19],
					"cubes": [
						{"origin": [19, 9, -19], "size": [12, 2, 0], "uv": [232, 56]}
					]
				},
				{
					"name": "whisker_left2",
					"parent": "whisker_left",
					"pivot": [30.5, 10, -19],
					"cubes": [
						{"origin": [30.5, 9, -19], "size": [12, 2, 0], "uv": [232, 54]}
					]
				},
				{
					"name": "whisker_left3",
					"parent": "whisker_left2",
					"pivot": [42, 10, -19],
					"cubes": [
						{"origin": [42, 9, -19], "size": [12, 2, 0], "uv": [232, 52]}
					]
				},
				{
					"name": "whisker_left4",
					"parent": "whisker_left3",
					"pivot": [53.5, 10, -19],
					"cubes": [
						{"origin": [53.5, 9, -19], "size": [12, 2, 0], "uv": [232, 50]}
					]
				},
				{
					"name": "whisker_left5",
					"parent": "whisker_left4",
					"pivot": [65, 10, -19],
					"cubes": [
						{"origin": [65, 9, -19], "size": [12, 2, 0], "uv": [110, 92]}
					]
				},
				{
					"name": "whisker_left6",
					"parent": "whisker_left5",
					"pivot": [76.5, 10, -19],
					"cubes": [
						{"origin": [76.5, 2, -19], "size": [11, 9, 0], "uv": [200, 64]}
					]
				},
				{
					"name": "whisker_right",
					"parent": "torso",
					"pivot": [-19, 10, -19],
					"cubes": [
						{"origin": [-31, 9, -19], "size": [12, 2, 0], "uv": [110, 90]}
					]
				},
				{
					"name": "whisker_right2",
					"parent": "whisker_right",
					"pivot": [-30.5, 10, -19],
					"cubes": [
						{"origin": [-42.5, 9, -19], "size": [12, 2, 0], "uv": [110, 32]}
					]
				},
				{
					"name": "whisker_right3",
					"parent": "whisker_right2",
					"pivot": [-42, 10, -19],
					"cubes": [
						{"origin": [-54, 9, -19], "size": [12, 2, 0], "uv": [163, 21]}
					]
				},
				{
					"name": "whisker_right4",
					"parent": "whisker_right3",
					"pivot": [-53.5, 10, -19],
					"cubes": [
						{"origin": [-65.5, 9, -19], "size": [12, 2, 0], "uv": [0, 31]}
					]
				},
				{
					"name": "whisker_right5",
					"parent": "whisker_right4",
					"pivot": [-65, 10, -19],
					"cubes": [
						{"origin": [-77, 9, -19], "size": [12, 2, 0], "uv": [0, 11]}
					]
				},
				{
					"name": "whisker_right6",
					"parent": "whisker_right5",
					"pivot": [-76.5, 10, -19],
					"cubes": [
						{"origin": [-87.5, 2, -19], "size": [11, 9, 0], "uv": [178, 61]}
					]
				},
				{
					"name": "fin_left",
					"parent": "torso",
					"pivot": [19, 5, -7.5],
					"cubes": [
						{"origin": [19, 5, -13], "size": [7, 0, 11], "uv": [99, 11]}
					]
				},
				{
					"name": "fin_left2",
					"parent": "fin_left",
					"pivot": [26, 5, -7.5],
					"cubes": [
						{"origin": [26, 5, -13], "size": [7, 0, 11], "uv": [99, 0]}
					]
				},
				{
					"name": "fin_right",
					"parent": "torso",
					"pivot": [-18.5, 5, -7.5],
					"cubes": [
						{"origin": [-26, 5, -13], "size": [7, 0, 11], "uv": [207, 46]}
					]
				},
				{
					"name": "fin_right2",
					"parent": "fin_right",
					"pivot": [-26, 5, -7.5],
					"cubes": [
						{"origin": [-33, 5, -13], "size": [7, 0, 11], "uv": [0, 0]}
					]
				},
				{
					"name": "jaw",
					"parent": "torso",
					"pivot": [0, 6.5, -25.5],
					"cubes": [
						{"origin": [-18, 5, -27], "size": [36, 3, 3], "inflate": 0.01, "uv": [74, 58]}
					]
				},
				{
					"name": "dangle_left",
					"parent": "jaw",
					"pivot": [12.5, 5.5, -25.5],
					"cubes": [
						{"origin": [9.5, -5.5, -25.5], "size": [6, 12, 0], "inflate": 0.01, "uv": [167, 23]}
					]
				},
				{
					"name": "dangle_right",
					"parent": "jaw",
					"pivot": [-12.5, 5.5, -25.5],
					"cubes": [
						{"origin": [-15.5, -5.5, -25.5], "size": [6, 12, 0], "inflate": 0.01, "uv": [0, 58]}
					]
				},
				{
					"name": "mouth_opening",
					"parent": "jaw",
					"pivot": [0, -1, -13.1],
					"cubes": [
						{"origin": [-18, 5, -24.1], "size": [36, 6, 0], "uv": [88, 84]},
						{"origin": [15, 5, -27], "size": [3, 6, 3], "uv": [179, 25]},
						{"origin": [-18, 5, -27], "size": [3, 6, 3], "uv": [182, 70]}
					]
				},
				{
					"name": "eye_left",
					"parent": "torso",
					"pivot": [16.51, 14.5, -22.01],
					"cubes": [
						{"origin": [14.01, 11.5, -24.01], "size": [5, 6, 4], "uv": [110, 22]}
					]
				},
				{
					"name": "eyelid_left",
					"parent": "eye_left",
					"pivot": [16.41, 14.5, -21.91],
					"cubes": [
						{"origin": [13.91, 11.5, -23.91], "size": [5, 6, 4], "inflate": 0.01, "uv": [149, 21]}
					]
				},
				{
					"name": "eye_right",
					"parent": "torso",
					"pivot": [-16.51, 14.5, -22.01],
					"cubes": [
						{"origin": [-19.01, 11.5, -24.01], "size": [5, 6, 4], "uv": [131, 21]}
					]
				},
				{
					"name": "eyelid_right",
					"parent": "eye_right",
					"pivot": [-16.41, 14.5, -21.91],
					"cubes": [
						{"origin": [-18.91, 11.5, -23.91], "size": [5, 6, 4], "inflate": 0.01, "uv": [228, 60]}
					]
				},
				{
					"name": "fin",
					"parent": "torso",
					"pivot": [0, 22, 6.5],
					"rotation": [-25, 0, 0],
					"cubes": [
						{"origin": [0, 20, 0], "size": [0, 18, 13], "uv": [0, 0]}
					]
				},
				{
					"name": "tail",
					"parent": "torso",
					"pivot": [0, 9.5, 9],
					"cubes": [
						{"origin": [-15, 1, 7], "size": [30, 17, 14], "uv": [0, 58]}
					]
				},
				{
					"name": "tail2",
					"parent": "tail",
					"pivot": [0, 7.5, 20],
					"cubes": [
						{"origin": [-9, 2, 20], "size": [18, 11, 10], "uv": [131, 0]}
					]
				},
				{
					"name": "tail3",
					"parent": "tail2",
					"pivot": [0, 6.5, 29],
					"cubes": [
						{"origin": [-5, 3.5, 29], "size": [10, 6, 10], "uv": [178, 45]}
					]
				},
				{
					"name": "tail4",
					"parent": "tail3",
					"pivot": [0, 6.5, 38],
					"cubes": [
						{"origin": [-9.5, 6.5, 36], "size": [19, 0, 14], "uv": [74, 70]}
					]
				},
				{
					"name": "fin_left3",
					"parent": "tail2",
					"pivot": [9, 5, 22],
					"cubes": [
						{"origin": [9, 5, 22], "size": [7, 0, 7], "uv": [211, 57]}
					]
				},
				{
					"name": "fin_right3",
					"parent": "tail2",
					"pivot": [-9, 5, 22],
					"cubes": [
						{"origin": [-16, 5, 22], "size": [7, 0, 7], "uv": [161, 45]}
					]
				}
			]
		}
	]
}