{
	"format_version": "1.12.0",
	"minecraft:geometry": [
		{
			"description": {
				"identifier": "geometry.ceruledge",
				"texture_width": 128,
				"texture_height": 64,
				"visible_bounds_width": 7,
				"visible_bounds_height": 4.5,
				"visible_bounds_offset": [0, 1.75, 0]
			},
			"bones": [
				{
					"name": "ceruledge",
					"pivot": [0, 0, 0]
				},
				{
					"name": "body",
					"parent": "ceruledge",
					"pivot": [0, 29.2, -1]
				},
				{
                    "name": "locator_seat_1",
                    "parent": "body",
                    "pivot": [0, 35, 10],
                    "locators": {
                        "seat_1": [0, 35, 10]
                    }
                },
				{
					"name": "torso",
					"parent": "body",
					"pivot": [0, 27.7, -1],
					"cubes": [
						{"origin": [-2, 24.7, -3], "size": [4, 4, 4], "inflate": 0.01, "uv": [40, 15]},
						{"origin": [0.6, 25.1, -3], "size": [2, 3, 4], "pivot": [2.1, 26.6, -1], "rotation": [0, 0, 42.5], "uv": [39, 24]},
						{"origin": [-2.6, 25.1, -3], "size": [2, 3, 4], "pivot": [-2.1, 26.6, -1], "rotation": [0, 0, -45], "uv": [52, 19], "mirror": true}
					]
				},
				{
					"name": "hips_armor_front",
					"parent": "torso",
					"pivot": [0, 28.7, -2.7],
					"rotation": [-22.5, 0, 0],
					"cubes": [
						{"origin": [0, 20.7, -2.7], "size": [3, 8, 0], "pivot": [0, 24.7, -2.7], "rotation": [0, -20, 0], "uv": [60, 8]},
						{"origin": [-3, 20.7, -2.7], "size": [3, 8, 0], "pivot": [0, 24.7, -2.7], "rotation": [0, 20, 0], "uv": [61, 33], "mirror": true}
					]
				},
				{
					"name": "hips_armor_back",
					"parent": "torso",
					"pivot": [0, 27.7, 1],
					"rotation": [42.5, 0, 0],
					"cubes": [
						{"origin": [0, 21.2, 1], "size": [3, 7, 0], "pivot": [0, 24.7, 1], "rotation": [0, 20, 0], "uv": [60, 16]},
						{"origin": [-3, 21.2, 1], "size": [3, 7, 0], "pivot": [0, 24.7, 1], "rotation": [0, -20, 0], "uv": [59, 26], "mirror": true}
					]
				},
				{
					"name": "waist",
					"parent": "torso",
					"pivot": [0, 28.7, -0.9],
					"rotation": [2.5, 0, 0],
					"cubes": [
						{"origin": [-2, 28.4, -2.5], "size": [4, 2, 3], "uv": [26, 17]}
					]
				},
				{
					"name": "chest",
					"parent": "waist",
					"pivot": [0, 30.1, 0.6],
					"rotation": [-5, 0, 0],
					"cubes": [
						{"origin": [-3, 30.1, -2.5], "size": [6, 4, 5], "inflate": 0.01, "uv": [9, 20]}
					]
				},
				{
					"name": "torso_armor",
					"parent": "chest",
					"pivot": [0, 33, 1.5],
					"cubes": [
						{"origin": [-2, 30.5, -4.5], "size": [4, 3, 2], "pivot": [0, 30.5, -2.5], "rotation": [-40, 0, 0], "uv": [31, 23]}
					]
				},
				{
					"name": "neck_armor_left",
					"parent": "torso_armor",
					"pivot": [1.1, 34.1, -1.825],
					"rotation": [35, 20, 7.5],
					"cubes": [
						{"origin": [0.6, 32.1, -1.825], "size": [1, 2, 3], "inflate": 0.01, "uv": [52, 1]},
						{"origin": [0.6, 32.1, 0.6], "size": [1, 1, 3], "pivot": [1.1, 32.1, 1.1], "rotation": [20, 0, 0], "uv": [57, 0]}
					]
				},
				{
					"name": "neck_armor_right",
					"parent": "torso_armor",
					"pivot": [-1.1, 34.1, -1.825],
					"rotation": [35, -20, -7.5],
					"cubes": [
						{"origin": [-1.6, 32.1, -1.825], "size": [1, 2, 3], "inflate": 0.01, "uv": [52, 12], "mirror": true},
						{"origin": [-1.6, 32.1, 0.6], "size": [1, 1, 3], "pivot": [-1.1, 32.1, 1.1], "rotation": [20, 0, 0], "uv": [58, 4], "mirror": true}
					]
				},
				{
					"name": "back_armor_spike",
					"parent": "torso_armor",
					"pivot": [0, 32.1, 2.5],
					"rotation": [30, 0, 0],
					"cubes": [
						{"origin": [0, 32.1, 2.5], "size": [0, 3, 6], "uv": [38, 6]}
					]
				},
				{
					"name": "arms",
					"parent": "chest",
					"pivot": [0, 32.9, 0.5],
					"rotation": [2.5, 0, 0]
				},
				{
					"name": "arm_left",
					"parent": "arms",
					"pivot": [3, 33.6, 0.7],
					"cubes": [
						{"origin": [3, 31.6, -0.3], "size": [5, 2, 2], "uv": [32, 60]}
					]
				},
				{
					"name": "shoulder_left",
					"parent": "arm_left",
					"pivot": [2.5, 34.4, 0.7],
					"cubes": [
						{"origin": [2.5, 32.4, -1.3], "size": [4, 4, 4], "inflate": 0.01, "uv": [92, 52]},
						{"origin": [2.5, 32.4, -0.31], "size": [4, 2, 0], "inflate": 0.009, "uv": [74, 57]},
						{"origin": [2.5, 32.4, 1.71], "size": [4, 2, 0], "inflate": 0.009, "uv": [60, 41]},
						{"origin": [2.5, 34.41, -0.3], "size": [4, 0, 2], "inflate": 0.009, "uv": [29, 28]},
						{"origin": [6.3, 34.25, -3.1], "size": [3, 0, 4], "pivot": [6.35, 34.45, -0.3], "rotation": [45, 0, -5], "uv": [100, 52]},
						{"origin": [6.3, 34.25, 0.48], "size": [3, 0, 4], "pivot": [6.35, 34.45, 1.7], "rotation": [-45, 0, -5], "uv": [106, 52]}
					]
				},
				{
					"name": "arm_left2",
					"parent": "arm_left",
					"pivot": [8, 32.6, 1.7],
					"cubes": [
						{"origin": [8, 31.6, -0.3], "size": [3, 2, 2], "inflate": 0.01, "uv": [46, 59]}
					]
				},
				{
					"name": "arm_left3",
					"parent": "arm_left2",
					"pivot": [10.5, 32.6, 0.7],
					"cubes": [
						{"origin": [10.5, 31.1, -1.8], "size": [4, 3, 5], "inflate": 0.1, "uv": [56, 48]},
						{"origin": [14.5, 31.6, -0.8], "size": [5, 2, 3], "uv": [79, 59]}
					]
				},
				{
					"name": "blade_left",
					"parent": "arm_left3",
					"pivot": [12.5, 32.6, 0.8],
					"cubes": [
						{"origin": [8.5, 32.6, -5.7], "size": [31, 0, 13], "uv": [53, 0]}
					]
				},
				{
					"name": "passive_blade_left",
					"parent": "arm_left3",
					"pivot": [12.5, 32.6, 0.8],
					"cubes": [
						{"origin": [10.5, 32.6, -5.7], "size": [21, 0, 13], "uv": [73, 26]}
					]
				},
				{
					"name": "arm_right",
					"parent": "arms",
					"pivot": [-3, 33.6, 0.7],
					"cubes": [
						{"origin": [-8, 31.6, -0.3], "size": [5, 2, 2], "uv": [44, 55], "mirror": true}
					]
				},
				{
					"name": "shoulder_right",
					"parent": "arm_right",
					"pivot": [-2.5, 34.4, 0.7],
					"cubes": [
						{"origin": [-6.5, 32.4, -1.3], "size": [4, 4, 4], "inflate": 0.01, "uv": [104, 56], "mirror": true},
						{"origin": [-6.5, 32.4, -0.31], "size": [4, 2, 0], "inflate": 0.009, "uv": [74, 59], "mirror": true},
						{"origin": [-6.5, 32.4, 1.71], "size": [4, 2, 0], "inflate": 0.009, "uv": [60, 43], "mirror": true},
						{"origin": [-6.5, 34.41, -0.3], "size": [4, 0, 2], "inflate": 0.009, "uv": [57, 45], "mirror": true},
						{"origin": [-9.3, 34.25, -3.1], "size": [3, 0, 4], "pivot": [-6.35, 34.45, -0.3], "rotation": [45, 0, 5], "uv": [-4, 43], "mirror": true},
						{"origin": [-9.3, 34.25, 0.48], "size": [3, 0, 4], "pivot": [-6.35, 34.45, 1.7], "rotation": [-45, 0, 5], "uv": [17, 45], "mirror": true}
					]
				},
				{
					"name": "arm_right2",
					"parent": "arm_right",
					"pivot": [-8, 32.6, 1.7],
					"cubes": [
						{"origin": [-11, 31.6, -0.3], "size": [3, 2, 2], "inflate": 0.01, "uv": [56, 57], "mirror": true}
					]
				},
				{
					"name": "arm_right3",
					"parent": "arm_right2",
					"pivot": [-10.5, 32.6, 0.7],
					"cubes": [
						{"origin": [-14.5, 31.1, -1.8], "size": [4, 3, 5], "inflate": 0.1, "uv": [61, 56], "mirror": true},
						{"origin": [-19.5, 31.6, -0.8], "size": [5, 2, 3], "uv": [74, 52], "mirror": true}
					]
				},
				{
					"name": "blade_right",
					"parent": "arm_right3",
					"pivot": [-12.5, 32.6, 0.8],
					"cubes": [
						{"origin": [-39.5, 32.6, -5.7], "size": [31, 0, 13], "uv": [53, 13], "mirror": true}
					]
				},
				{
					"name": "passive_blade_right",
					"parent": "arm_right3",
					"pivot": [-12.5, 32.6, 0.8],
					"cubes": [
						{"origin": [-29.5, 32.6, -5.7], "size": [21, 0, 13], "uv": [73, 39], "mirror": true}
					]
				},
				{
					"name": "neck",
					"parent": "chest",
					"pivot": [0, 34.1, 0.25],
					"rotation": [5, 0, 0],
					"cubes": [
						{"origin": [-1, 33, -0.75], "size": [2, 5, 2], "uv": [1, 22]}
					]
				},
				{
					"name": "head",
					"parent": "neck",
					"pivot": [0, 36.8, 0.25],
					"cubes": [
						{"origin": [-3.5, 36.55, -3.65], "size": [7, 8, 8], "uv": [0, 0]}
					]
				},
				{
					"name": "eyes",
					"parent": "head",
					"pivot": [0, 39.45, -2.95]
				},
				{
					"name": "eye_left",
					"parent": "eyes",
					"pivot": [2.51, 39.35, -3.16],
					"cubes": [
						{"origin": [1.51, 38.35, -3.66], "size": [2, 2, 1], "uv": [2, 2]}
					]
				},
				{
					"name": "eye_angry_left",
					"parent": "eye_left",
					"pivot": [2.41, 39.85, -3.58],
					"cubes": [
						{"origin": [1.41, 39.35, -3.58], "size": [1, 1, 0], "inflate": 0.01, "uv": [24, 36]},
						{"origin": [2.41, 39.85, -3.58], "size": [1, 1, 0], "inflate": 0.01, "uv": [26, 36]}
					]
				},
				{
					"name": "eye_sad_left",
					"parent": "eye_left",
					"pivot": [2.41, 39.85, -3.58],
					"cubes": [
						{"origin": [2.41, 39.85, -3.57], "size": [1, 1, 1], "inflate": 0.02, "uv": [21, 43]}
					]
				},
				{
					"name": "eye_unamused_left",
					"parent": "eye_left",
					"pivot": [2.41, 39.85, -3.08],
					"cubes": [
						{"origin": [1.41, 39.35, -3.57], "size": [2, 1, 1], "inflate": 0.02, "uv": [24, 32]}
					]
				},
				{
					"name": "pupil_left",
					"parent": "eye_left",
					"pivot": [2.26, 39.35, -3.67],
					"cubes": [
						{"origin": [1.76, 38.35, -3.67], "size": [1, 2, 0], "uv": [0, 4]}
					]
				},
				{
					"name": "eye_flame_left",
					"parent": "eye_left",
					"pivot": [2.76, 39.6, -3.66],
					"cubes": [
						{"origin": [2.26, 39.6, -4.91], "size": [1, 0, 1], "pivot": [2.76, 39.6, -4.41], "rotation": [0, -45, 0], "uv": [-1, 0]}
					]
				},
				{
					"name": "eye_flame_left2",
					"parent": "eye_flame_left",
					"pivot": [2.76, 39.6, -5.11],
					"cubes": [
						{"origin": [2.26, 39.6, -6.31], "size": [1, 0, 1], "pivot": [2.76, 39.6, -5.81], "rotation": [0, -45, 0], "uv": [1, 0]}
					]
				},
				{
					"name": "eye_flame_left3",
					"parent": "eye_flame_left2",
					"pivot": [2.76, 39.6, -5.61],
					"cubes": [
						{"origin": [2.26, 39.6, -6.81], "size": [1, 0, 1], "pivot": [2.76, 39.6, -6.31], "rotation": [0, -45, 0], "uv": [3, 0]}
					]
				},
				{
					"name": "eye_flame_left4",
					"parent": "eye_flame_left2",
					"pivot": [2.76, 39.6, -6.11],
					"cubes": [
						{"origin": [2.26, 39.6, -7.31], "size": [1, 0, 1], "pivot": [2.76, 39.6, -6.81], "rotation": [0, -45, 0], "uv": [5, 0]}
					]
				},
				{
					"name": "eyelid_left",
					"parent": "eye_left",
					"pivot": [2.41, 39.35, -3.08],
					"cubes": [
						{"origin": [1.41, 38.35, -3.58], "size": [2, 2, 1], "inflate": 0.01, "uv": [24, 4]}
					]
				},
				{
					"name": "eyelid_happy_left",
					"parent": "eye_left",
					"pivot": [2.41, 39.35, -2.58],
					"cubes": [
						{"origin": [1.41, 38.35, -3.58], "size": [2, 2, 2], "inflate": 0.01, "uv": [120, 56]}
					]
				},
				{
					"name": "eyelid_recoil_left",
					"parent": "eye_left",
					"pivot": [2.41, 39.35, -3.08],
					"cubes": [
						{"origin": [1.41, 38.35, -3.58], "size": [2, 2, 1], "inflate": 0.01, "uv": [26, 22]}
					]
				},
				{
					"name": "eye_right",
					"parent": "eyes",
					"pivot": [-2.51, 39.35, -3.16],
					"cubes": [
						{"origin": [-3.51, 38.35, -3.66], "size": [2, 2, 1], "uv": [2, 5], "mirror": true}
					]
				},
				{
					"name": "eye_angry_right",
					"parent": "eye_right",
					"pivot": [-2.41, 39.85, -3.58],
					"cubes": [
						{"origin": [-2.41, 39.35, -3.58], "size": [1, 1, 0], "inflate": 0.01, "uv": [24, 37], "mirror": true},
						{"origin": [-3.41, 39.85, -3.58], "size": [1, 1, 0], "inflate": 0.01, "uv": [26, 37], "mirror": true}
					]
				},
				{
					"name": "eye_sad_right",
					"parent": "eye_right",
					"pivot": [-2.41, 39.85, -3.58],
					"cubes": [
						{"origin": [-3.41, 39.85, -3.57], "size": [1, 1, 1], "inflate": 0.02, "uv": [25, 43], "mirror": true}
					]
				},
				{
					"name": "eye_unamused_right",
					"parent": "eye_right",
					"pivot": [-2.41, 39.85, -3.08],
					"cubes": [
						{"origin": [-3.41, 39.35, -3.57], "size": [2, 1, 1], "inflate": 0.02, "uv": [24, 34], "mirror": true}
					]
				},
				{
					"name": "pupil_right",
					"parent": "eye_right",
					"pivot": [-2.26, 39.35, -3.67],
					"cubes": [
						{"origin": [-2.76, 38.35, -3.67], "size": [1, 2, 0], "uv": [0, 6], "mirror": true}
					]
				},
				{
					"name": "eye_flame_right",
					"parent": "eye_right",
					"pivot": [-2.76, 39.6, -3.66],
					"cubes": [
						{"origin": [-3.26, 39.6, -4.91], "size": [1, 0, 1], "pivot": [-2.76, 39.6, -4.41], "rotation": [0, 45, 0], "uv": [-1, 1], "mirror": true}
					]
				},
				{
					"name": "eye_flame_right2",
					"parent": "eye_flame_right",
					"pivot": [-2.76, 39.6, -5.11],
					"cubes": [
						{"origin": [-3.26, 39.6, -6.31], "size": [1, 0, 1], "pivot": [-2.76, 39.6, -5.81], "rotation": [0, 45, 0], "uv": [1, 1], "mirror": true}
					]
				},
				{
					"name": "eye_flame_right3",
					"parent": "eye_flame_right2",
					"pivot": [-2.76, 39.6, -5.61],
					"cubes": [
						{"origin": [-3.26, 39.6, -6.81], "size": [1, 0, 1], "pivot": [-2.76, 39.6, -6.31], "rotation": [0, 45, 0], "uv": [3, 1], "mirror": true}
					]
				},
				{
					"name": "eye_flame_right4",
					"parent": "eye_flame_right2",
					"pivot": [-2.76, 39.6, -6.11],
					"cubes": [
						{"origin": [-3.26, 39.6, -7.31], "size": [1, 0, 1], "pivot": [-2.76, 39.6, -6.81], "rotation": [0, 45, 0], "uv": [5, 1], "mirror": true}
					]
				},
				{
					"name": "eyelid_right",
					"parent": "eye_right",
					"pivot": [-2.41, 39.35, -3.08],
					"cubes": [
						{"origin": [-3.41, 38.35, -3.58], "size": [2, 2, 1], "inflate": 0.01, "uv": [9, 29], "mirror": true}
					]
				},
				{
					"name": "eyelid_happy_right",
					"parent": "eye_right",
					"pivot": [-2.41, 39.35, -2.58],
					"cubes": [
						{"origin": [-3.41, 38.35, -3.58], "size": [2, 2, 2], "inflate": 0.01, "uv": [120, 60], "mirror": true}
					]
				},
				{
					"name": "eyelid_recoil_right",
					"parent": "eye_right",
					"pivot": [-2.41, 39.35, -3.08],
					"cubes": [
						{"origin": [-3.41, 38.35, -3.58], "size": [2, 2, 1], "inflate": 0.01, "uv": [21, 29], "mirror": true}
					]
				},
				{
					"name": "helmet",
					"parent": "head",
					"pivot": [0, 45.3, 0.65],
					"rotation": [2.5, 0, 0],
					"cubes": [
						{"origin": [-4, 39.3, -5.35], "size": [8, 6, 6], "inflate": 0.005, "uv": [30, 0]},
						{"origin": [-4, 40.3, -5.35], "size": [8, 0, 6], "uv": [59, 26]},
						{"origin": [-0.5, 40.3, -5.36], "size": [1, 1, 0], "inflate": 0.01, "uv": [34, 4]},
						{"origin": [-0.5, 43.31, -5.36], "size": [1, 2, 2], "inflate": 0.01, "uv": [63, 3]},
						{"origin": [2.01, 40.8, -5.36], "size": [2, 1, 1], "inflate": 0.01, "uv": [38, 15]},
						{"origin": [-4.01, 40.8, -5.36], "size": [2, 1, 1], "inflate": 0.01, "uv": [38, 17], "mirror": true},
						{"origin": [-1, 38.3, -5.34], "size": [2, 1, 0], "uv": [30, 4]}
					]
				},
				{
					"name": "head_flame",
					"parent": "head",
					"pivot": [0, 42.2, 4.02],
					"rotation": [7.5, 0, 0],
					"cubes": [
						{"origin": [0, 38.7, 3.5], "size": [0, 5, 7], "inflate": 0.0001, "uv": [0, 9]},
						{"origin": [-1, 40.7, 5.5], "size": [2, 4, 5], "uv": [68, 33]}
					]
				},
				{
					"name": "head_flame2",
					"parent": "head_flame",
					"pivot": [0, 44.01596, 8.14061],
					"rotation": [20, 0, 0],
					"cubes": [
						{"origin": [-0.5, 44.01596, 6.12061], "size": [1, 5, 4], "inflate": 0.005, "uv": [72, 43]}
					]
				},
				{
					"name": "head_flame4",
					"parent": "head_flame2",
					"pivot": [0, 44.51596, 10.12061],
					"rotation": [-27.5, 0, 0],
					"cubes": [
						{"origin": [0, 44.01596, 9.12061], "size": [0, 4, 2], "inflate": 0.005, "uv": [70, 41]}
					]
				},
				{
					"name": "head_flame3",
					"parent": "head_flame2",
					"pivot": [0, 49.01596, 6.14061],
					"rotation": [-27.5, 0, 0],
					"cubes": [
						{"origin": [0, 49.01596, 6.12061], "size": [0, 5, 4], "uv": [30, 8]}
					]
				},
				{
					"name": "cheek_spikes",
					"parent": "head",
					"pivot": [0.1, 36.8, -0.05],
					"rotation": [5, 0, 0],
					"cubes": [
						{"origin": [3.6, 36.8, -0.05], "size": [7, 2, 0], "pivot": [3.6, 36.8, -0.05], "rotation": [0, -42.5, -25], "uv": [22, 0]},
						{"origin": [-10.6, 36.8, -0.05], "size": [7, 2, 0], "pivot": [-3.6, 36.8, -0.05], "rotation": [0, 42.5, 25], "uv": [22, 2], "mirror": true}
					]
				},
				{
					"name": "legs",
					"parent": "body",
					"pivot": [0, 27.2, -1.1]
				},
				{
					"name": "leg_left",
					"parent": "legs",
					"pivot": [1.6, 26.5, -1],
					"cubes": [
						{"origin": [0.1, 15.5, -2.5], "size": [3, 11, 3], "uv": [0, 29]}
					]
				},
				{
					"name": "leg_left2",
					"parent": "leg_left",
					"pivot": [1.6, 16.5, -2.5],
					"rotation": [0, 0, 2.5]
				},
				{
					"name": "leg_left2_rotation",
					"parent": "leg_left2",
					"pivot": [1.6, 17, -2.5],
					"rotation": [0, 45, 0],
					"cubes": [
						{"origin": [-2.75, 11, -5.1], "size": [7, 5, 7], "inflate": 0.02, "pivot": [-2.75, 16, 1.9], "rotation": [-5, 0, -5], "uv": [0, 43]},
						{"origin": [-1.75, 8, -4.1], "size": [5, 4, 5], "inflate": 0.02, "pivot": [3.25, 12.5, -4.1], "rotation": [-2.5, 0, -2.5], "uv": [0, 55]},
						{"origin": [-1, 3.5, -2.85], "size": [3, 5, 3], "inflate": 0.01, "pivot": [-1, 7.5, 0.15], "rotation": [-2.5, 0, -2.5], "uv": [20, 55]},
						{"origin": [-0.5, 0, -2.35], "size": [2, 4, 2], "pivot": [-1, 7.5, 0.15], "rotation": [-2.5, 0, -2.5], "uv": [51, 26]}
					]
				},
				{
					"name": "knee_left_detail",
					"parent": "leg_left2_rotation",
					"pivot": [4.25, 15.5, -5.15],
					"rotation": [7.5, 0, 7.5],
					"cubes": [
						{"origin": [4.25, 15.5, -5.15], "size": [0, 5, 4], "pivot": [-2.75, 14, 1.85], "rotation": [0, 0, 0], "uv": [43, 39]},
						{"origin": [0.25, 15.5, -5.15], "size": [4, 5, 0], "pivot": [-2.75, 14, 1.85], "rotation": [0, 0, 0], "uv": [51, 45]}
					]
				},
				{
					"name": "foot_left",
					"parent": "leg_left2_rotation",
					"pivot": [1.35, 0, -2.2],
					"rotation": [0, -45, 0]
				},
				{
					"name": "foot_left_rotation",
					"parent": "foot_left",
					"pivot": [1.35, 0, -2.2],
					"cubes": [
						{"origin": [0.33, -1, -2.65], "size": [2, 2, 2], "inflate": 0.02, "pivot": [1.3, 0, -1.65], "rotation": [0, 45, 0], "uv": [53, 32]}
					]
				},
				{
					"name": "leg_right",
					"parent": "legs",
					"pivot": [-1.6, 26.5, -1],
					"cubes": [
						{"origin": [-3.1, 15.5, -2.5], "size": [3, 11, 3], "uv": [12, 29], "mirror": true}
					]
				},
				{
					"name": "leg_right2",
					"parent": "leg_right",
					"pivot": [-1.6, 16.5, -2.5],
					"rotation": [0, 0, -2.5]
				},
				{
					"name": "leg_right2_rotation",
					"parent": "leg_right2",
					"pivot": [-1.6, 17, -2.5],
					"rotation": [0, -45, 0],
					"cubes": [
						{"origin": [-4.25, 11, -5.1], "size": [7, 5, 7], "inflate": 0.02, "pivot": [2.75, 16, 1.9], "rotation": [-5, 0, 5], "uv": [24, 31], "mirror": true},
						{"origin": [-3.25, 8, -4.1], "size": [5, 4, 5], "inflate": 0.02, "pivot": [-3.25, 12.5, -4.1], "rotation": [-2.5, 0, 2.5], "uv": [28, 43], "mirror": true},
						{"origin": [-2, 3.5, -2.85], "size": [3, 5, 3], "inflate": 0.01, "pivot": [1, 7.5, 0.15], "rotation": [-2.5, 0, 2.5], "uv": [32, 52], "mirror": true},
						{"origin": [-1.5, 0, -2.35], "size": [2, 4, 2], "pivot": [1, 7.5, 0.15], "rotation": [-2.5, 0, 2.5], "uv": [45, 32], "mirror": true}
					]
				},
				{
					"name": "knee_right_detail",
					"parent": "leg_right2_rotation",
					"pivot": [-4.25, 15.5, -5.15],
					"rotation": [7.5, 0, -7.5],
					"cubes": [
						{"origin": [-4.25, 15.5, -5.15], "size": [0, 5, 4], "pivot": [2.75, 14, 1.85], "rotation": [0, 0, 0], "uv": [52, 36], "mirror": true},
						{"origin": [-4.25, 15.5, -5.15], "size": [4, 5, 0], "pivot": [2.75, 14, 1.85], "rotation": [0, 0, 0], "uv": [48, 50], "mirror": true}
					]
				},
				{
					"name": "foot_right",
					"parent": "leg_right2_rotation",
					"pivot": [-1.35, 0, -2.2],
					"rotation": [0, 45, 0]
				},
				{
					"name": "foot_right_rotation",
					"parent": "foot_right",
					"pivot": [-1.35, 0, -2.2],
					"cubes": [
						{"origin": [-2.33, -1, -2.65], "size": [2, 2, 2], "inflate": 0.02, "pivot": [-1.3, 0, -1.65], "rotation": [0, -45, 0], "uv": [52, 36], "mirror": true}
					]
				}
			]
		}
	]
}