{
  "format_version": "1.12.0",
  "minecraft:geometry": [
    {
      "description": {
        "identifier": "geometry.aggron",
        "texture_width": 256,
        "texture_height": 256,
        "visible_bounds_width": 7,
        "visible_bounds_height": 5.5,
        "visible_bounds_offset": [
          0,
          2.25,
          0
        ]
      },
      "bones": [
        {
          "name": "aggron",
          "pivot": [
            0,
            0,
            0
          ]
        },
        {
          "name": "body",
          "parent": "aggron",
          "pivot": [
            -1,
            25.5,
            -5
          ]
        },
        {
                    "name": "locator_seat_1",
                    "parent": "body",
                    "pivot": [0, 49, -10],
                    "locators": {
                        "seat_1": [0, 49, -10]
                    }
                },
        {
          "name": "torso",
          "parent": "body",
          "pivot": [
            -1.5,
            14.5,
            -4
          ],
          "rotation": [
            12.5,
            0,
            0
          ],
          "cubes": [
            {
              "origin": [
                -9.5,
                8.5,
                -14.5
              ],
              "size": [
                19,
                21,
                19
              ],
              "uv": [
                0,
                0
              ]
            }
          ]
        },
        {
          "name": "torso2",
          "parent": "torso",
          "pivot": [
            0,
            28.5,
            -5
          ],
          "cubes": [
            {
              "origin": [
                -7.5,
                26.5,
                -12.5
              ],
              "size": [
                15,
                10,
                15
              ],
              "uv": [
                76,
                0
              ]
            },
            {
              "origin": [
                -9,
                30,
                -14.5
              ],
              "size": [
                9,
                6,
                4
              ],
              "pivot": [
                0,
                33,
                -14.5
              ],
              "rotation": [
                0,
                12.5,
                0
              ],
              "uv": [
                42,
                168
              ]
            },
            {
              "origin": [
                0,
                30,
                -14.5
              ],
              "size": [
                9,
                6,
                4
              ],
              "inflate": 0.01,
              "pivot": [
                0,
                33,
                -14.5
              ],
              "rotation": [
                0,
                -12.5,
                0
              ],
              "uv": [
                168,
                77
              ]
            }
          ]
        },
        {
          "name": "hood3",
          "parent": "torso2",
          "pivot": [
            0,
            36,
            2.5
          ],
          "rotation": [
            52.5,
            0,
            0
          ],
          "cubes": [
            {
              "origin": [
                0,
                12,
                -5.5
              ],
              "size": [
                0,
                24,
                8
              ],
              "pivot": [
                0,
                36,
                2.5
              ],
              "rotation": [
                0,
                -62.5,
                0
              ],
              "uv": [
                0,
                148
              ]
            },
            {
              "origin": [
                0,
                12,
                -5.5
              ],
              "size": [
                0,
                24,
                8
              ],
              "pivot": [
                0,
                36,
                2.5
              ],
              "rotation": [
                0,
                62.5,
                0
              ],
              "uv": [
                140,
                144
              ]
            }
          ]
        },
        {
          "name": "neck",
          "parent": "torso2",
          "pivot": [
            -1.5,
            35,
            -4.5
          ],
          "cubes": [
            {
              "origin": [
                -4.5,
                34,
                -9.5
              ],
              "size": [
                9,
                6,
                8
              ],
              "uv": [
                136,
                0
              ]
            }
          ]
        },
        {
          "name": "head",
          "parent": "neck",
          "pivot": [
            0,
            40,
            -2.5
          ],
          "cubes": [
            {
              "origin": [
                -4.5,
                41.5,
                -11.5
              ],
              "size": [
                9,
                5,
                8
              ],
              "uv": [
                138,
                14
              ]
            },
            {
              "origin": [
                -2.5,
                42,
                -15.5
              ],
              "size": [
                5,
                4,
                5
              ],
              "inflate": 0.02,
              "uv": [
                170,
                96
              ]
            },
            {
              "origin": [
                2.5,
                41.5,
                -12.5
              ],
              "size": [
                0,
                1,
                1
              ],
              "pivot": [
                2.5,
                42,
                -12
              ],
              "rotation": [
                -45,
                0,
                0
              ],
              "uv": [
                76,
                38
              ]
            },
            {
              "origin": [
                4.49,
                41.5,
                -10.525
              ],
              "size": [
                0,
                1,
                1
              ],
              "pivot": [
                4.5,
                42,
                -10.025
              ],
              "rotation": [
                -45,
                0,
                0
              ],
              "uv": [
                78,
                38
              ]
            },
            {
              "origin": [
                4.49,
                41.5,
                -8.525
              ],
              "size": [
                0,
                1,
                1
              ],
              "pivot": [
                4.5,
                42,
                -8.025
              ],
              "rotation": [
                -45,
                0,
                0
              ],
              "uv": [
                80,
                38
              ]
            },
            {
              "origin": [
                -4.49,
                41.5,
                -10.525
              ],
              "size": [
                0,
                1,
                1
              ],
              "pivot": [
                -4.5,
                42,
                -10.025
              ],
              "rotation": [
                -45,
                0,
                0
              ],
              "uv": [
                82,
                114
              ]
            },
            {
              "origin": [
                -2.5,
                41.5,
                -12.5
              ],
              "size": [
                0,
                1,
                1
              ],
              "pivot": [
                -2.5,
                42,
                -12
              ],
              "rotation": [
                -45,
                0,
                0
              ],
              "uv": [
                82,
                37
              ]
            },
            {
              "origin": [
                -4.49,
                41.5,
                -8.525
              ],
              "size": [
                0,
                1,
                1
              ],
              "pivot": [
                -4.5,
                42,
                -8.025
              ],
              "rotation": [
                -45,
                0,
                0
              ],
              "uv": [
                82,
                35
              ]
            },
            {
              "origin": [
                -1.5,
                40,
                -16.5
              ],
              "size": [
                3,
                3,
                0
              ],
              "pivot": [
                0,
                41.5,
                -16.5
              ],
              "rotation": [
                0,
                0,
                45
              ],
              "uv": [
                76,
                35
              ]
            },
            {
              "origin": [
                -5,
                39,
                -6
              ],
              "size": [
                10,
                6,
                6
              ],
              "inflate": 0.001,
              "uv": [
                32,
                140
              ]
            },
            {
              "origin": [
                -15,
                48.5,
                -10.5
              ],
              "size": [
                15,
                0,
                27
              ],
              "inflate": 0.001,
              "pivot": [
                0,
                48.5,
                -10.5
              ],
              "rotation": [
                12.56853,
                12.27659,
                -43.64293
              ],
              "uv": [
                0,
                40
              ]
            },
            {
              "origin": [
                0,
                48.5,
                -10.5
              ],
              "size": [
                15,
                0,
                27
              ],
              "inflate": 0.001,
              "pivot": [
                0,
                48.5,
                -10.5
              ],
              "rotation": [
                12.56853,
                -12.27659,
                43.64293
              ],
              "uv": [
                0,
                67
              ]
            },
            {
              "origin": [
                -5,
                44.5,
                -13.5
              ],
              "size": [
                10,
                4,
                5
              ],
              "uv": [
                80,
                153
              ]
            },
            {
              "origin": [
                -3.5,
                43.75,
                -17
              ],
              "size": [
                7,
                3,
                6
              ],
              "pivot": [
                0,
                44.25,
                -15
              ],
              "rotation": [
                30,
                0,
                0
              ],
              "uv": [
                168,
                87
              ]
            },
            {
              "origin": [
                -1,
                46.25,
                -17
              ],
              "size": [
                2,
                4,
                4
              ],
              "pivot": [
                0,
                43.75,
                -15
              ],
              "rotation": [
                22.5,
                0,
                0
              ],
              "uv": [
                110,
                153
              ]
            },
            {
              "origin": [
                0,
                50.25,
                -17
              ],
              "size": [
                0,
                6,
                4
              ],
              "pivot": [
                0,
                43.75,
                -15
              ],
              "rotation": [
                22.5,
                0,
                0
              ],
              "uv": [
                76,
                25
              ]
            },
            {
              "origin": [
                -2.5,
                41.5,
                -16.5
              ],
              "size": [
                5,
                2,
                5
              ],
              "inflate": 0.01,
              "uv": [
                172,
                18
              ]
            }
          ],
          "locators": {
            "locator": [
              0,
              0,
              0
            ]
          }
        },
        {
          "name": "hood2",
          "parent": "head",
          "pivot": [
            -1.5,
            46.5,
            -2.5
          ],
          "rotation": [
            67.5,
            0,
            0
          ],
          "cubes": [
            {
              "origin": [
                -5.5,
                40.5,
                -2.5
              ],
              "size": [
                11,
                9,
                0
              ],
              "uv": [
                42,
                158
              ]
            },
            {
              "origin": [
                -5.5,
                40.5,
                -8.5
              ],
              "size": [
                11,
                0,
                6
              ],
              "uv": [
                16,
                152
              ]
            },
            {
              "origin": [
                0,
                16.5,
                -10.5
              ],
              "size": [
                0,
                24,
                8
              ],
              "pivot": [
                0,
                40.5,
                -2.5
              ],
              "rotation": [
                0,
                62.5,
                0
              ],
              "uv": [
                64,
                136
              ]
            },
            {
              "origin": [
                0,
                16.5,
                -10.5
              ],
              "size": [
                0,
                24,
                8
              ],
              "pivot": [
                0,
                40.5,
                -2.5
              ],
              "rotation": [
                0,
                -62.5,
                0
              ],
              "uv": [
                124,
                144
              ]
            },
            {
              "origin": [
                5.5,
                40.5,
                -8.5
              ],
              "size": [
                0,
                10,
                6
              ],
              "uv": [
                68,
                168
              ]
            },
            {
              "origin": [
                -5.5,
                40.5,
                -8.5
              ],
              "size": [
                0,
                10,
                6
              ],
              "uv": [
                16,
                171
              ]
            }
          ]
        },
        {
          "name": "horn_right",
          "parent": "hood2",
          "pivot": [
            -2.5,
            51,
            -3.75
          ],
          "rotation": [
            -17.5,
            0,
            0
          ]
        },
        {
          "name": "horn_right2",
          "parent": "horn_right",
          "pivot": [
            -2.5,
            50,
            -4
          ],
          "rotation": [
            0,
            0,
            -12.5
          ],
          "cubes": [
            {
              "origin": [
                -5.5,
                48.5,
                -5
              ],
              "size": [
                3,
                7,
                3
              ],
              "uv": [
                80,
                140
              ]
            },
            {
              "origin": [
                -5,
                55.5,
                -4.5
              ],
              "size": [
                2,
                5,
                2
              ],
              "uv": [
                38,
                120
              ]
            }
          ]
        },
        {
          "name": "horn_left2",
          "parent": "horn_right",
          "pivot": [
            2.5,
            50,
            -4
          ],
          "rotation": [
            0,
            0,
            12.5
          ],
          "cubes": [
            {
              "origin": [
                2.5,
                48.5,
                -5
              ],
              "size": [
                3,
                7,
                3
              ],
              "uv": [
                104,
                174
              ]
            },
            {
              "origin": [
                3,
                55.5,
                -4.5
              ],
              "size": [
                2,
                5,
                2
              ],
              "uv": [
                116,
                174
              ]
            }
          ]
        },
        {
          "name": "eye_right",
          "parent": "head",
          "pivot": [
            -5.5,
            44,
            -8.5
          ],
          "cubes": [
            {
              "origin": [
                -4.51,
                42.5,
                -11
              ],
              "size": [
                1,
                3,
                3
              ],
              "uv": [
                38,
                134
              ]
            },
            {
              "origin": [
                -4.515,
                43,
                -10.5
              ],
              "size": [
                1,
                2,
                1
              ],
              "uv": [
                128,
                144
              ]
            }
          ]
        },
        {
          "name": "eyelid_right",
          "parent": "eye_right",
          "pivot": [
            -5.4,
            44,
            -8.5
          ],
          "cubes": [
            {
              "origin": [
                -4.41,
                42.5,
                -11
              ],
              "size": [
                1,
                3,
                3
              ],
              "inflate": 0.01,
              "uv": [
                50,
                152
              ]
            }
          ]
        },
        {
          "name": "eye_left",
          "parent": "head",
          "pivot": [
            2.5,
            44,
            -8.5
          ],
          "cubes": [
            {
              "origin": [
                3.51,
                42.5,
                -11
              ],
              "size": [
                1,
                3,
                3
              ],
              "uv": [
                80,
                176
              ]
            },
            {
              "origin": [
                3.515,
                43,
                -10.5
              ],
              "size": [
                1,
                2,
                1
              ],
              "uv": [
                148,
                63
              ]
            }
          ]
        },
        {
          "name": "eyelid_left",
          "parent": "eye_left",
          "pivot": [
            2.4,
            44,
            -8.5
          ],
          "cubes": [
            {
              "origin": [
                3.41,
                42.5,
                -11
              ],
              "size": [
                1,
                3,
                3
              ],
              "inflate": 0.01,
              "uv": [
                88,
                176
              ]
            }
          ]
        },
        {
          "name": "jaw",
          "parent": "head",
          "pivot": [
            -1.5,
            41.5,
            -4.5
          ],
          "cubes": [
            {
              "origin": [
                -5,
                39,
                -11
              ],
              "size": [
                10,
                3,
                8
              ],
              "inflate": 0.002,
              "uv": [
                138,
                27
              ]
            },
            {
              "origin": [
                -3,
                39,
                -15
              ],
              "size": [
                6,
                3,
                4
              ],
              "inflate": 0.01,
              "uv": [
                172,
                11
              ]
            },
            {
              "origin": [
                -1.5,
                37.5,
                -15
              ],
              "size": [
                3,
                3,
                0
              ],
              "pivot": [
                0,
                39,
                -15.5
              ],
              "rotation": [
                0,
                0,
                45
              ],
              "uv": [
                138,
                63
              ]
            },
            {
              "origin": [
                -3,
                41,
                -14.5
              ],
              "size": [
                0,
                2,
                2
              ],
              "pivot": [
                0,
                42,
                -13.5
              ],
              "rotation": [
                45,
                0,
                0
              ],
              "uv": [
                144,
                63
              ]
            },
            {
              "origin": [
                3,
                41,
                -14.5
              ],
              "size": [
                0,
                2,
                2
              ],
              "pivot": [
                0,
                42,
                -13.5
              ],
              "rotation": [
                45,
                0,
                0
              ],
              "uv": [
                124,
                144
              ]
            }
          ]
        },
        {
          "name": "arm_left",
          "parent": "torso2",
          "pivot": [
            7.5,
            32.5,
            -5
          ],
          "cubes": [
            {
              "origin": [
                5.5,
                27.5,
                -10
              ],
              "size": [
                9,
                10,
                10
              ],
              "uv": [
                46,
                94
              ]
            },
            {
              "origin": [
                13,
                29.5,
                -8
              ],
              "size": [
                4,
                6,
                6
              ],
              "uv": [
                104,
                162
              ]
            },
            {
              "origin": [
                23,
                29,
                -8.5
              ],
              "size": [
                5,
                7,
                7
              ],
              "inflate": 0.5,
              "uv": [
                156,
                161
              ]
            },
            {
              "origin": [
                17,
                29,
                -8.5
              ],
              "size": [
                5,
                7,
                7
              ],
              "inflate": 0.5,
              "uv": [
                166,
                63
              ]
            },
            {
              "origin": [
                24,
                40.5,
                -6
              ],
              "size": [
                2,
                5,
                2
              ],
              "pivot": [
                21.75,
                29,
                -2.5
              ],
              "rotation": [
                0,
                0,
                -22.5
              ],
              "uv": [
                124,
                137
              ]
            },
            {
              "origin": [
                23.5,
                33.5,
                -6.5
              ],
              "size": [
                3,
                7,
                3
              ],
              "pivot": [
                21.75,
                30,
                -2.5
              ],
              "rotation": [
                0,
                0,
                -22.5
              ],
              "uv": [
                174,
                25
              ]
            },
            {
              "origin": [
                9,
                37.5,
                -6
              ],
              "size": [
                4,
                5,
                2
              ],
              "pivot": [
                9,
                37.5,
                -5
              ],
              "rotation": [
                0,
                0,
                12.5
              ],
              "uv": [
                156,
                175
              ]
            },
            {
              "origin": [
                10,
                35.5,
                -6
              ],
              "size": [
                6,
                11,
                2
              ],
              "inflate": 0.01,
              "pivot": [
                8,
                32.5,
                -5
              ],
              "rotation": [
                0,
                0,
                -10
              ],
              "uv": [
                170,
                118
              ]
            }
          ]
        },
        {
          "name": "arm_left2",
          "parent": "arm_left",
          "pivot": [
            27,
            32.5,
            -2
          ],
          "cubes": [
            {
              "origin": [
                27,
                30,
                -8
              ],
              "size": [
                5,
                5,
                6
              ],
              "uv": [
                170,
                0
              ]
            }
          ]
        },
        {
          "name": "hand_left",
          "parent": "arm_left2",
          "pivot": [
            31.5,
            32.5,
            -5
          ],
          "cubes": [
            {
              "origin": [
                30.5,
                29.5,
                -8.5
              ],
              "size": [
                6,
                6,
                7
              ],
              "inflate": 0.001,
              "uv": [
                156,
                148
              ]
            }
          ]
        },
        {
          "name": "finger_left",
          "parent": "hand_left",
          "pivot": [
            36.5,
            33.5,
            -2
          ],
          "cubes": [
            {
              "origin": [
                36.5,
                31,
                -2
              ],
              "size": [
                3,
                3,
                0
              ],
              "uv": [
                46,
                114
              ]
            }
          ]
        },
        {
          "name": "finger_left2",
          "parent": "hand_left",
          "pivot": [
            36.5,
            34,
            -5
          ],
          "cubes": [
            {
              "origin": [
                36.5,
                31.5,
                -5
              ],
              "size": [
                3,
                3,
                0
              ],
              "uv": [
                52,
                114
              ]
            }
          ]
        },
        {
          "name": "finger_left3",
          "parent": "hand_left",
          "pivot": [
            36.5,
            33.5,
            -8
          ],
          "cubes": [
            {
              "origin": [
                36.5,
                31,
                -8
              ],
              "size": [
                3,
                3,
                0
              ],
              "uv": [
                58,
                114
              ]
            }
          ]
        },
        {
          "name": "arm_right",
          "parent": "torso2",
          "pivot": [
            -7.5,
            32.5,
            -5
          ],
          "cubes": [
            {
              "origin": [
                -14.5,
                27.5,
                -10
              ],
              "size": [
                9,
                10,
                10
              ],
              "uv": [
                0,
                120
              ]
            },
            {
              "origin": [
                -17,
                29.5,
                -8
              ],
              "size": [
                4,
                6,
                6
              ],
              "uv": [
                170,
                49
              ]
            },
            {
              "origin": [
                -28,
                29,
                -8.5
              ],
              "size": [
                5,
                7,
                7
              ],
              "inflate": 0.5,
              "uv": [
                80,
                162
              ]
            },
            {
              "origin": [
                -22,
                29,
                -8.5
              ],
              "size": [
                5,
                7,
                7
              ],
              "inflate": 0.5,
              "uv": [
                166,
                131
              ]
            },
            {
              "origin": [
                -26,
                40.5,
                -6
              ],
              "size": [
                2,
                5,
                2
              ],
              "pivot": [
                -21.75,
                29,
                -2.5
              ],
              "rotation": [
                0,
                0,
                22.5
              ],
              "uv": [
                38,
                127
              ]
            },
            {
              "origin": [
                -26.5,
                33.5,
                -6.5
              ],
              "size": [
                3,
                7,
                3
              ],
              "pivot": [
                -21.75,
                30,
                -2.5
              ],
              "rotation": [
                0,
                0,
                22.5
              ],
              "uv": [
                28,
                171
              ]
            },
            {
              "origin": [
                -13,
                37.5,
                -6
              ],
              "size": [
                4,
                5,
                2
              ],
              "pivot": [
                -9,
                37.5,
                -5
              ],
              "rotation": [
                0,
                0,
                -12.5
              ],
              "uv": [
                168,
                175
              ]
            },
            {
              "origin": [
                -16,
                35.5,
                -6
              ],
              "size": [
                6,
                11,
                2
              ],
              "inflate": 0.01,
              "pivot": [
                -8,
                32.5,
                -5
              ],
              "rotation": [
                0,
                0,
                10
              ],
              "uv": [
                170,
                105
              ]
            }
          ]
        },
        {
          "name": "arm_right2",
          "parent": "arm_right",
          "pivot": [
            -27,
            32.5,
            -2
          ],
          "cubes": [
            {
              "origin": [
                -32,
                30,
                -8
              ],
              "size": [
                5,
                5,
                6
              ],
              "uv": [
                170,
                38
              ]
            }
          ]
        },
        {
          "name": "hand_right",
          "parent": "arm_right2",
          "pivot": [
            -31.5,
            32.5,
            -5
          ],
          "cubes": [
            {
              "origin": [
                -36.5,
                29.5,
                -8.5
              ],
              "size": [
                6,
                6,
                7
              ],
              "inflate": 0.001,
              "uv": [
                16,
                158
              ]
            }
          ]
        },
        {
          "name": "finger_right",
          "parent": "hand_right",
          "pivot": [
            -36.5,
            33.5,
            -2
          ],
          "cubes": [
            {
              "origin": [
                -39.5,
                31,
                -2
              ],
              "size": [
                3,
                3,
                0
              ],
              "uv": [
                64,
                114
              ]
            }
          ]
        },
        {
          "name": "finger_right2",
          "parent": "hand_right",
          "pivot": [
            -36.5,
            34,
            -5
          ],
          "cubes": [
            {
              "origin": [
                -39.5,
                31.5,
                -5
              ],
              "size": [
                3,
                3,
                0
              ],
              "uv": [
                70,
                114
              ]
            }
          ]
        },
        {
          "name": "finger_right3",
          "parent": "hand_right",
          "pivot": [
            -36.5,
            33.5,
            -8
          ],
          "cubes": [
            {
              "origin": [
                -39.5,
                31,
                -8
              ],
              "size": [
                3,
                3,
                0
              ],
              "uv": [
                76,
                114
              ]
            }
          ]
        },
        {
          "name": "tail",
          "parent": "torso",
          "pivot": [
            -1.5,
            12,
            -3.5
          ],
          "cubes": [
            {
              "origin": [
                -7,
                5,
                5
              ],
              "size": [
                14,
                14,
                9
              ],
              "uv": [
                46,
                117
              ]
            },
            {
              "origin": [
                -6,
                6,
                -7
              ],
              "size": [
                12,
                12,
                12
              ],
              "uv": [
                84,
                93
              ]
            }
          ]
        },
        {
          "name": "tail2",
          "parent": "tail",
          "pivot": [
            -1.5,
            10.5,
            13.5
          ],
          "cubes": [
            {
              "origin": [
                -5.5,
                6.47686,
                10.34965
              ],
              "size": [
                11,
                11,
                7
              ],
              "uv": [
                130,
                67
              ]
            },
            {
              "origin": [
                -6,
                5.97686,
                17.34965
              ],
              "size": [
                12,
                12,
                8
              ],
              "uv": [
                92,
                117
              ]
            }
          ]
        },
        {
          "name": "tail3",
          "parent": "tail2",
          "pivot": [
            -1.5,
            11,
            25
          ],
          "cubes": [
            {
              "origin": [
                -4.5,
                7.47686,
                21.84965
              ],
              "size": [
                9,
                9,
                8
              ],
              "uv": [
                132,
                131
              ]
            },
            {
              "origin": [
                -5,
                6.95372,
                29.19929
              ],
              "size": [
                10,
                10,
                8
              ],
              "uv": [
                132,
                85
              ]
            }
          ]
        },
        {
          "name": "tail4",
          "parent": "tail3",
          "pivot": [
            -1.5,
            11,
            36.5
          ],
          "cubes": [
            {
              "origin": [
                -3,
                8.95372,
                34.19929
              ],
              "size": [
                6,
                6,
                10
              ],
              "uv": [
                92,
                137
              ]
            }
          ]
        },
        {
          "name": "leg_left",
          "parent": "body",
          "pivot": [
            8.5,
            14,
            -5
          ],
          "cubes": [
            {
              "origin": [
                6,
                4,
                -11
              ],
              "size": [
                10,
                13,
                13
              ],
              "uv": [
                84,
                67
              ]
            },
            {
              "origin": [
                5,
                8,
                -12
              ],
              "size": [
                12,
                6,
                15
              ],
              "uv": [
                84,
                25
              ]
            }
          ]
        },
        {
          "name": "leg_left2",
          "parent": "leg_left",
          "pivot": [
            9.5,
            5,
            -8
          ],
          "cubes": [
            {
              "origin": [
                7.5,
                2.5,
                -9
              ],
              "size": [
                7,
                3,
                9
              ],
              "uv": [
                138,
                51
              ]
            }
          ]
        },
        {
          "name": "foot_left",
          "parent": "leg_left2",
          "pivot": [
            9.5,
            2.5,
            -4.5
          ],
          "cubes": [
            {
              "origin": [
                7,
                0,
                -10.5
              ],
              "size": [
                8,
                3,
                11
              ],
              "uv": [
                132,
                103
              ]
            }
          ]
        },
        {
          "name": "toe_left",
          "parent": "foot_left",
          "pivot": [
            12,
            3,
            -10.5
          ],
          "rotation": [
            0,
            -7.5,
            0
          ],
          "cubes": [
            {
              "origin": [
                13.5,
                0,
                -13.5
              ],
              "size": [
                0,
                3,
                3
              ],
              "uv": [
                58,
                152
              ]
            }
          ]
        },
        {
          "name": "toe_left2",
          "parent": "foot_left",
          "pivot": [
            9.5,
            3,
            -10.5
          ],
          "cubes": [
            {
              "origin": [
                11,
                0,
                -13.5
              ],
              "size": [
                0,
                3,
                3
              ],
              "uv": [
                96,
                176
              ]
            }
          ]
        },
        {
          "name": "toe_left3",
          "parent": "foot_left",
          "pivot": [
            7,
            3,
            -10.5
          ],
          "rotation": [
            0,
            7.5,
            0
          ],
          "cubes": [
            {
              "origin": [
                8.5,
                0,
                -13.5
              ],
              "size": [
                0,
                3,
                3
              ],
              "uv": [
                124,
                176
              ]
            }
          ]
        },
        {
          "name": "toe_left4",
          "parent": "foot_left",
          "pivot": [
            9.5,
            3,
            0.5
          ],
          "cubes": [
            {
              "origin": [
                11,
                0,
                0.5
              ],
              "size": [
                0,
                3,
                3
              ],
              "uv": [
                130,
                176
              ]
            }
          ]
        },
        {
          "name": "leg_right",
          "parent": "body",
          "pivot": [
            -8.5,
            14,
            -5
          ],
          "cubes": [
            {
              "origin": [
                -16,
                4,
                -11
              ],
              "size": [
                10,
                13,
                13
              ],
              "uv": [
                0,
                94
              ]
            },
            {
              "origin": [
                -17,
                8,
                -12
              ],
              "size": [
                12,
                6,
                15
              ],
              "uv": [
                84,
                46
              ]
            }
          ]
        },
        {
          "name": "leg_right2",
          "parent": "leg_right",
          "pivot": [
            -9.5,
            5,
            -8
          ],
          "cubes": [
            {
              "origin": [
                -14.5,
                2.5,
                -9
              ],
              "size": [
                7,
                3,
                9
              ],
              "uv": [
                0,
                140
              ]
            }
          ]
        },
        {
          "name": "foot_right",
          "parent": "leg_right2",
          "pivot": [
            -9.5,
            2.5,
            -4.5
          ],
          "cubes": [
            {
              "origin": [
                -15,
                0,
                -10.5
              ],
              "size": [
                8,
                3,
                11
              ],
              "uv": [
                132,
                117
              ]
            }
          ]
        },
        {
          "name": "toe_right",
          "parent": "foot_right",
          "pivot": [
            -12,
            3,
            -10.5
          ],
          "rotation": [
            0,
            7.5,
            0
          ],
          "cubes": [
            {
              "origin": [
                -13.5,
                0,
                -13.5
              ],
              "size": [
                0,
                3,
                3
              ],
              "uv": [
                136,
                176
              ]
            }
          ]
        },
        {
          "name": "toe_right2",
          "parent": "foot_right",
          "pivot": [
            -9.5,
            3,
            -10.5
          ],
          "cubes": [
            {
              "origin": [
                -11,
                0,
                -13.5
              ],
              "size": [
                0,
                3,
                3
              ],
              "uv": [
                142,
                176
              ]
            }
          ]
        },
        {
          "name": "toe_right3",
          "parent": "foot_right",
          "pivot": [
            -7,
            3,
            -10.5
          ],
          "rotation": [
            0,
            -7.5,
            0
          ],
          "cubes": [
            {
              "origin": [
                -8.5,
                0,
                -13.5
              ],
              "size": [
                0,
                3,
                3
              ],
              "uv": [
                148,
                176
              ]
            }
          ]
        },
        {
          "name": "toe_right4",
          "parent": "foot_right",
          "pivot": [
            -9.5,
            3,
            0.5
          ],
          "cubes": [
            {
              "origin": [
                -11,
                0,
                0.5
              ],
              "size": [
                0,
                3,
                3
              ],
              "uv": [
                40,
                178
              ]
            }
          ]
        }
      ]
    }
  ]
}