{
	"format_version": "1.12.0",
	"minecraft:geometry": [
		{
			"description": {
				"identifier": "geometry.barbaracle",
				"texture_width": 128,
				"texture_height": 128,
				"visible_bounds_width": 6,
				"visible_bounds_height": 4.5,
				"visible_bounds_offset": [0, 1.75, 0]
			},
			"bones": [
				{
					"name": "barbaracle",
					"pivot": [0, 0, 0]
				},
				{
					"name": "body",
					"parent": "barbaracle",
					"pivot": [0, 18.5, 0]
				},
				{
					"name": "torso",
					"parent": "body",
					"pivot": [0, 18.25, 0],
					"cubes": [
						{"origin": [-8, 19, -6], "size": [16, 3, 12], "inflate": 0.01, "uv": [51, 32]},
						{"origin": [-5.5, 16, -4.5], "size": [11, 4, 9], "inflate": 0.01, "uv": [58, 47]}
					]
				},
				{
                    "name": "locator_seat_1",
                    "parent": "body",
                    "pivot": [0, 34, 4],
                    "locators": {
                        "seat_1": [0, 34, 4]
                    }
                },
				{
					"name": "torso2",
					"parent": "torso",
					"pivot": [0, 22, 0],
					"cubes": [
						{"origin": [-3, 21, -2.5], "size": [6, 7, 5], "uv": [36, 47]}
					]
				},
				{
					"name": "torso3",
					"parent": "torso2",
					"pivot": [0, 28, 0],
					"cubes": [
						{"origin": [-9, 30.5, -10], "size": [18, 6, 10], "inflate": 0.01, "pivot": [-1, 36.5, 0], "rotation": [12.5, 0, 0], "uv": [67, 0]},
						{"origin": [-0.5, 36.52, -10], "size": [1, 0, 3], "pivot": [-1, 36.5, 0], "rotation": [12.5, 0, 0], "uv": [72, 7]},
						{"origin": [-9, 30.5, 0], "size": [18, 6, 10], "pivot": [-1, 36.5, 0], "rotation": [-15, 0, 0], "uv": [52, 16]},
						{"origin": [9, 32.5, -7], "size": [5, 4, 7], "inflate": 0.01, "pivot": [0, 36.5, 0], "rotation": [12.5, 0, 0], "uv": [4, 25]},
						{"origin": [9, 32.5, 0], "size": [5, 4, 7], "pivot": [0, 36.5, 0], "rotation": [-15, 0, 0], "uv": [0, 36]},
						{"origin": [-14, 32.5, -7], "size": [5, 4, 7], "inflate": 0.01, "pivot": [-1, 36.5, 0], "rotation": [12.5, 0, 0], "uv": [17, 40], "mirror": true},
						{"origin": [-14, 32.5, 0], "size": [5, 4, 7], "pivot": [-1, 36.5, 0], "rotation": [-15, 0, 0], "uv": [0, 47], "mirror": true},
						{"origin": [-6, 27, -5.5], "size": [12, 4, 11], "inflate": 0.01, "uv": [17, 25]}
					]
				},
				{
					"name": "chest_spike",
					"parent": "torso3",
					"pivot": [0, 37.5, -3],
					"rotation": [33, 0, 0],
					"cubes": [
						{"origin": [-1, 35.5, -8], "size": [2, 2, 5], "uv": [58, 0]}
					]
				},
				{
					"name": "arms",
					"parent": "torso3",
					"pivot": [0, 32, -0.5]
				},
				{
					"name": "arm_left",
					"parent": "arms",
					"pivot": [8.5, 31.5, -0.5],
					"rotation": [0, 0, 0],
					"cubes": [
						{"origin": [7.5, 30, -2], "size": [8, 3, 3], "uv": [0, 69]}
					]
				},
				{
					"name": "arm_left2",
					"parent": "arm_left",
					"pivot": [15.5, 33, 1],
					"rotation": [0, 0, 0],
					"cubes": [
						{"origin": [15.5, 30, -2], "size": [7, 3, 3], "inflate": 0.01, "uv": [45, 68]}
					]
				},
				{
					"name": "hand_left",
					"parent": "arm_left2",
					"pivot": [22.5, 33, 1],
					"rotation": [0, 0, 0],
					"cubes": [
						{"origin": [22.5, 29.5, -3.5], "size": [6, 4, 6], "inflate": 0.03, "uv": [0, 75]},
						{"origin": [26.75, 29.45, -2], "size": [1, 0, 3], "inflate": 0.01, "uv": [15, 75]}
					]
				},
				{
					"name": "hand_eye_left",
					"parent": "hand_left",
					"pivot": [26.25, 29.47, -0.5],
					"cubes": [
						{"origin": [25.75, 29.47, -1], "size": [1, 0, 1], "inflate": 0.01, "uv": [17, 78]}
					]
				},
				{
					"name": "hand_eyelid_left",
					"parent": "hand_eye_left",
					"pivot": [26, 30.07, -0.5],
					"cubes": [
						{"origin": [24.5, 29.57, -2.5], "size": [3, 1, 4], "inflate": 0.02, "uv": [0, 85]}
					]
				},
				{
					"name": "fingers_left",
					"parent": "hand_left",
					"pivot": [28.5, 33.5, -0.5]
				},
				{
					"name": "finger_front_left",
					"parent": "fingers_left",
					"pivot": [28.5, 33.5, -2],
					"cubes": [
						{"origin": [28.5, 29.5, -3], "size": [3, 4, 1], "inflate": 0.01, "uv": [22, 74]}
					]
				},
				{
					"name": "finger_front_left2",
					"parent": "finger_front_left",
					"pivot": [31.5, 33, -2.5],
					"rotation": [0, 0, 20],
					"cubes": [
						{"origin": [31.5, 30, -3], "size": [3, 3, 1], "uv": [3, 58]}
					]
				},
				{
					"name": "finger_middle_left",
					"parent": "fingers_left",
					"pivot": [28.5, 33.5, -0.5],
					"cubes": [
						{"origin": [28.5, 29.5, -2], "size": [4, 4, 3], "inflate": 0.02, "uv": [50, 74]}
					]
				},
				{
					"name": "finger_middle_left2",
					"parent": "finger_middle_left",
					"pivot": [32.5, 33, -0.5],
					"rotation": [0, 0, 15],
					"cubes": [
						{"origin": [32.5, 30, -1.5], "size": [3, 3, 2], "inflate": 0.01, "uv": [59, 81]},
						{"origin": [32.5, 30, -1], "size": [3, 3, 1], "inflate": 0.02, "uv": [29, 84]}
					]
				},
				{
					"name": "finger_middle_left3",
					"parent": "finger_middle_left2",
					"pivot": [35.5, 32, -0.5],
					"rotation": [0, 0, 10],
					"cubes": [
						{"origin": [35.5, 30, -1], "size": [1, 2, 1], "uv": [79, 79]}
					]
				},
				{
					"name": "finger_back_left",
					"parent": "fingers_left",
					"pivot": [28.5, 33.5, 1],
					"cubes": [
						{"origin": [28.5, 29.5, 1], "size": [3, 4, 1], "inflate": 0.01, "uv": [83, 82]}
					]
				},
				{
					"name": "finger_back_left2",
					"parent": "finger_back_left",
					"pivot": [31.5, 32.75, 1.5],
					"rotation": [0, 0, 20],
					"cubes": [
						{"origin": [31.5, 30, 1], "size": [3, 3, 1], "uv": [59, 86]}
					]
				},
				{
					"name": "arm_right",
					"parent": "arms",
					"pivot": [-8.5, 31.5, -0.5],
					"rotation": [0, 0, 0],
					"cubes": [
						{"origin": [-15.5, 30, -2], "size": [8, 3, 3], "uv": [23, 68], "mirror": true}
					]
				},
				{
					"name": "arm_right2",
					"parent": "arm_right",
					"pivot": [-15.5, 33, 1],
					"rotation": [0, 0, 0],
					"cubes": [
						{"origin": [-22.5, 30, -2], "size": [7, 3, 3], "inflate": 0.01, "uv": [65, 73], "mirror": true}
					]
				},
				{
					"name": "hand_right",
					"parent": "arm_right2",
					"pivot": [-22.5, 33, 1],
					"rotation": [0, 0, 0],
					"cubes": [
						{"origin": [-28.5, 29.5, -3.5], "size": [6, 4, 6], "inflate": 0.03, "uv": [24, 74], "mirror": true},
						{"origin": [-27.75, 29.45, -2], "size": [1, 0, 3], "inflate": 0.01, "uv": [17, 75], "mirror": true}
					]
				},
				{
					"name": "hand_eye_right",
					"parent": "hand_right",
					"pivot": [-26.25, 29.47, -0.5],
					"cubes": [
						{"origin": [-26.75, 29.47, -1], "size": [1, 0, 1], "inflate": 0.01, "uv": [19, 78], "mirror": true}
					]
				},
				{
					"name": "hand_eyelid_right",
					"parent": "hand_eye_right",
					"pivot": [-26, 30.07, -0.5],
					"cubes": [
						{"origin": [-27.5, 29.57, -2.5], "size": [3, 1, 4], "inflate": 0.02, "uv": [0, 90], "mirror": true}
					]
				},
				{
					"name": "fingers_right",
					"parent": "hand_right",
					"pivot": [-28.5, 33.5, -0.5]
				},
				{
					"name": "finger_front_right1",
					"parent": "fingers_right",
					"pivot": [-28.5, 33.5, -2],
					"cubes": [
						{"origin": [-31.5, 29.5, -3], "size": [3, 4, 1], "inflate": 0.01, "uv": [42, 74], "mirror": true}
					]
				},
				{
					"name": "finger_front_right2",
					"parent": "finger_front_right1",
					"pivot": [-31.5, 33, -2.5],
					"rotation": [0, 0, -20],
					"cubes": [
						{"origin": [-34.5, 30, -3], "size": [3, 3, 1], "uv": [3, 62], "mirror": true}
					]
				},
				{
					"name": "finger_middle_right",
					"parent": "fingers_right",
					"pivot": [-28.5, 33.5, -0.5],
					"cubes": [
						{"origin": [-32.5, 29.5, -2], "size": [4, 4, 3], "inflate": 0.02, "uv": [45, 81], "mirror": true}
					]
				},
				{
					"name": "finger_middle_right2",
					"parent": "finger_middle_right",
					"pivot": [-32.5, 33, -0.5],
					"rotation": [0, 0, -15],
					"cubes": [
						{"origin": [-35.5, 30, -1.5], "size": [3, 3, 2], "inflate": 0.01, "uv": [69, 79], "mirror": true},
						{"origin": [-35.5, 30, -1], "size": [3, 3, 1], "inflate": 0.02, "uv": [37, 84], "mirror": true}
					]
				},
				{
					"name": "finger_middle_right3",
					"parent": "finger_middle_right2",
					"pivot": [-35.5, 32, -0.5],
					"rotation": [0, 0, -10],
					"cubes": [
						{"origin": [-36.5, 30, -1], "size": [1, 2, 1], "uv": [79, 82], "mirror": true}
					]
				},
				{
					"name": "finger_back_right",
					"parent": "fingers_right",
					"pivot": [-28.5, 33.5, 1],
					"cubes": [
						{"origin": [-31.5, 29.5, 1], "size": [3, 4, 1], "inflate": 0.01, "uv": [91, 82], "mirror": true}
					]
				},
				{
					"name": "finger_back_right2",
					"parent": "finger_back_right",
					"pivot": [-31.5, 32.75, 1.5],
					"rotation": [0, 0, -20],
					"cubes": [
						{"origin": [-34.5, 30, 1], "size": [3, 3, 1], "uv": [69, 84], "mirror": true}
					]
				},
				{
					"name": "shoulders",
					"parent": "torso3",
					"pivot": [0, 35.5, 0.5]
				},
				{
					"name": "shoulder_arm_left",
					"parent": "shoulders",
					"pivot": [9.5, 36.5, 0.5],
					"rotation": [0, -15, 0],
					"cubes": [
						{"origin": [8, 35.5, -1], "size": [3, 4, 3], "uv": [90, 47]}
					]
				},
				{
					"name": "shoulder_arm_left2",
					"parent": "shoulder_arm_left",
					"pivot": [9.5, 39.5, 0.5],
					"cubes": [
						{"origin": [8, 39, -1], "size": [3, 3, 3], "inflate": 0.01, "uv": [115, 74]}
					]
				},
				{
					"name": "shoulder_hand_left",
					"parent": "shoulder_arm_left2",
					"pivot": [9.5, 42, 2],
					"cubes": [
						{"origin": [6.5, 42, -1.5], "size": [6, 6, 4], "inflate": 0.03, "uv": [82, 60]},
						{"origin": [8, 46.25, -1.55], "size": [3, 1, 0], "inflate": 0.01, "uv": [100, 55]}
					]
				},
				{
					"name": "shoulder_eye_left",
					"parent": "shoulder_hand_left",
					"pivot": [9.5, 45.75, -1.53],
					"cubes": [
						{"origin": [9, 45.25, -1.53], "size": [1, 1, 0], "inflate": 0.01, "uv": [98, 54]}
					]
				},
				{
					"name": "shoulder_eyelid_left",
					"parent": "shoulder_eye_left",
					"pivot": [9.5, 45.5, -0.93],
					"cubes": [
						{"origin": [7.5, 44, -1.43], "size": [4, 3, 1], "inflate": 0.02, "uv": [98, 22]}
					]
				},
				{
					"name": "shoulder_claws_left",
					"parent": "shoulder_hand_left",
					"pivot": [9.5, 48, 2.5]
				},
				{
					"name": "shoulder_claw_inner_left",
					"parent": "shoulder_claws_left",
					"pivot": [8, 48, 2.5],
					"cubes": [
						{"origin": [7, 48, -1.5], "size": [1, 3, 4], "inflate": 0.01, "uv": [118, 40]}
					]
				},
				{
					"name": "shoulder_claw_inner_left2",
					"parent": "shoulder_claw_inner_left",
					"pivot": [7.5, 51, 2],
					"rotation": [20, 0, 0],
					"cubes": [
						{"origin": [7, 51, -1], "size": [1, 3, 3], "uv": [120, 34]}
					]
				},
				{
					"name": "shoulder_claw_middle_left",
					"parent": "shoulder_claws_left",
					"pivot": [9.5, 48, 2.5],
					"cubes": [
						{"origin": [8, 48, -1.5], "size": [3, 4, 4], "inflate": 0.02, "uv": [91, 70]}
					]
				},
				{
					"name": "shoulder_claw_middle_left2",
					"parent": "shoulder_claw_middle_left",
					"pivot": [9.5, 52, 2],
					"rotation": [15, 0, 0],
					"cubes": [
						{"origin": [8.5, 52, -1], "size": [2, 3, 3], "inflate": 0.01, "uv": [114, 68]},
						{"origin": [9, 52, -1], "size": [1, 3, 3], "inflate": 0.02, "uv": [99, 82]}
					]
				},
				{
					"name": "shoulder_claw_middle_left3",
					"parent": "shoulder_claw_middle_left2",
					"pivot": [9.5, 55, 1],
					"rotation": [10, 0, 0],
					"cubes": [
						{"origin": [9, 55, -1], "size": [1, 1, 2], "uv": [112, 65]}
					]
				},
				{
					"name": "shoulder_claw_outer_left",
					"parent": "shoulder_claws_left",
					"pivot": [11, 48, 2.5],
					"cubes": [
						{"origin": [11, 48, -1.5], "size": [1, 3, 4], "inflate": 0.01, "uv": [64, 63]}
					]
				},
				{
					"name": "shoulder_claw_outer_left2",
					"parent": "shoulder_claw_outer_left",
					"pivot": [11.5, 51, 2],
					"rotation": [20, 0, 0],
					"cubes": [
						{"origin": [11, 51, -1], "size": [1, 3, 3], "uv": [77, 67]}
					]
				},
				{
					"name": "shoulder_arm_right",
					"parent": "shoulders",
					"pivot": [-9.5, 36.5, 0.5],
					"rotation": [0, 15, 0],
					"cubes": [
						{"origin": [-11, 35.5, -1], "size": [3, 4, 3], "uv": [102, 65], "mirror": true}
					]
				},
				{
					"name": "shoulder_arm_right2",
					"parent": "shoulder_arm_right",
					"pivot": [-9.5, 39.5, 0.5],
					"cubes": [
						{"origin": [-11, 39, -1], "size": [3, 3, 3], "inflate": 0.01, "uv": [112, 80], "mirror": true}
					]
				},
				{
					"name": "shoulder_hand_right",
					"parent": "shoulder_arm_right2",
					"pivot": [-9.5, 42, 2],
					"cubes": [
						{"origin": [-12.5, 42, -1.5], "size": [6, 6, 4], "inflate": 0.03, "uv": [102, 55], "mirror": true},
						{"origin": [-11, 46.25, -1.55], "size": [3, 1, 0], "inflate": 0.01, "uv": [100, 56], "mirror": true}
					]
				},
				{
					"name": "shoulder_eye_right",
					"parent": "shoulder_hand_right",
					"pivot": [-9.5, 45.75, -1.53],
					"cubes": [
						{"origin": [-10, 45.25, -1.53], "size": [1, 1, 0], "inflate": 0.01, "uv": [100, 54], "mirror": true}
					]
				},
				{
					"name": "shoulder_eyelid_right",
					"parent": "shoulder_eye_right",
					"pivot": [-9.5, 45.5, -0.93],
					"cubes": [
						{"origin": [-11.5, 44, -1.43], "size": [4, 3, 1], "inflate": 0.02, "uv": [116, 30], "mirror": true}
					]
				},
				{
					"name": "shoulder_claws_right",
					"parent": "shoulder_hand_right",
					"pivot": [-9.5, 48, 2.5]
				},
				{
					"name": "shoulder_claw_inner_right",
					"parent": "shoulder_claws_right",
					"pivot": [-8, 48, 2.5],
					"cubes": [
						{"origin": [-8, 48, -1.5], "size": [1, 3, 4], "inflate": 0.01, "uv": [118, 52], "mirror": true}
					]
				},
				{
					"name": "shoulder_claw_inner_right2",
					"parent": "shoulder_claw_inner_right",
					"pivot": [-7.5, 51, 2],
					"rotation": [20, 0, 0],
					"cubes": [
						{"origin": [-8, 51, -1], "size": [1, 3, 3], "uv": [120, 62], "mirror": true}
					]
				},
				{
					"name": "shoulder_claw_middle_right",
					"parent": "shoulder_claws_right",
					"pivot": [-9.5, 48, 2.5],
					"cubes": [
						{"origin": [-11, 48, -1.5], "size": [3, 4, 4], "inflate": 0.02, "uv": [101, 74], "mirror": true}
					]
				},
				{
					"name": "shoulder_claw_middle_right2",
					"parent": "shoulder_claw_middle_right",
					"pivot": [-9.5, 52, 2],
					"rotation": [15, 0, 0],
					"cubes": [
						{"origin": [-10.5, 52, -1], "size": [2, 3, 3], "inflate": 0.01, "uv": [84, 76], "mirror": true},
						{"origin": [-10, 52, -1], "size": [1, 3, 3], "inflate": 0.02, "uv": [107, 83], "mirror": true}
					]
				},
				{
					"name": "shoulder_claw_middle_right3",
					"parent": "shoulder_claw_middle_right2",
					"pivot": [-9.5, 55, 1],
					"rotation": [10, 0, 0],
					"cubes": [
						{"origin": [-10, 55, -1], "size": [1, 1, 2], "uv": [94, 78], "mirror": true}
					]
				},
				{
					"name": "shoulder_claw_outer_right",
					"parent": "shoulder_claws_right",
					"pivot": [-11, 48, 2.5],
					"cubes": [
						{"origin": [-12, 48, -1.5], "size": [1, 3, 4], "inflate": 0.01, "uv": [70, 60], "mirror": true}
					]
				},
				{
					"name": "shoulder_claw_outer_right2",
					"parent": "shoulder_claw_outer_right",
					"pivot": [-11.5, 51, 2],
					"rotation": [20, 0, 0],
					"cubes": [
						{"origin": [-12, 51, -1], "size": [1, 3, 3], "uv": [82, 70], "mirror": true}
					]
				},
				{
					"name": "head",
					"parent": "torso3",
					"pivot": [0, 36, 0]
				},
				{
					"name": "head_correction",
					"parent": "head",
					"pivot": [0, 36, 0]
				},
				{
					"name": "head_ai",
					"parent": "head_correction",
					"pivot": [0, 36, 0]
				},
				{
					"name": "head_angle",
					"parent": "head_ai",
					"pivot": [0, 36, 0],
					"cubes": [
						{"origin": [-4.5, 34.5, -3], "size": [9, 6, 6], "uv": [0, 0]},
						{"origin": [1.45, 36.9, -3.02], "size": [3, 2, 0], "inflate": 0.02, "pivot": [3, 37.25, -3.02], "rotation": [0, 0, -45], "uv": [24, 0]},
						{"origin": [-4.45, 36.9, -3.02], "size": [3, 2, 0], "inflate": 0.02, "pivot": [-3, 37.25, -3.02], "rotation": [0, 0, 45], "uv": [24, 12], "mirror": true}
					]
				},
				{
					"name": "eyes",
					"parent": "head_angle",
					"pivot": [0, 39.5, -3.01]
				},
				{
					"name": "eye_left",
					"parent": "eyes",
					"pivot": [1.5, 39.55, -3.01],
					"cubes": [
						{"origin": [0.5, 39.06, -3.01], "size": [2, 1, 0], "uv": [0, 0]}
					]
				},
				{
					"name": "eye_expression_left",
					"parent": "eye_left",
					"pivot": [1, 40.26, -2.92],
					"cubes": [
						{"origin": [0.5, 39.76, -2.92], "size": [1, 1, 0], "inflate": 0.01, "uv": [0, 16]}
					]
				},
				{
					"name": "pupil_left",
					"parent": "eye_left",
					"pivot": [1.5, 40.05, -3.02],
					"cubes": [
						{"origin": [1, 39.05, -3.22], "size": [1, 2, 1], "inflate": -0.2, "uv": [7, 20]}
					]
				},
				{
					"name": "eyelid_happy_left",
					"parent": "eye_left",
					"pivot": [1.45, 39.485, -2.42],
					"cubes": [
						{"origin": [0.2, 38.485, -2.92], "size": [3.1, 2, 1], "inflate": 0.01, "uv": [14, 22]}
					]
				},
				{
					"name": "eyelid_recoil_left",
					"parent": "eye_left",
					"pivot": [1.45, 39.485, -2.42],
					"cubes": [
						{"origin": [0.45, 38.485, -2.92], "size": [2.1, 2, 1], "inflate": 0.01, "uv": [21, 26]}
					]
				},
				{
					"name": "eye_right",
					"parent": "eyes",
					"pivot": [-1.5, 39.55, -3.01],
					"cubes": [
						{"origin": [-2.5, 39.06, -3.01], "size": [2, 1, 0], "uv": [0, 1], "mirror": true}
					]
				},
				{
					"name": "eye_expression_right",
					"parent": "eye_right",
					"pivot": [-1, 40.26, -2.92],
					"cubes": [
						{"origin": [-1.5, 39.76, -2.92], "size": [1, 1, 0], "inflate": 0.01, "uv": [0, 17], "mirror": true}
					]
				},
				{
					"name": "pupil_right",
					"parent": "eye_right",
					"pivot": [-1.5, 40.05, -3.02],
					"cubes": [
						{"origin": [-2, 39.05, -3.22], "size": [1, 2, 1], "inflate": -0.2, "uv": [11, 20], "mirror": true}
					]
				},
				{
					"name": "eyelid_happy_right",
					"parent": "eye_right",
					"pivot": [-1.45, 39.485, -2.42],
					"cubes": [
						{"origin": [-3.3, 38.485, -2.92], "size": [3.1, 2, 1], "inflate": 0.01, "uv": [22, 22], "mirror": true}
					]
				},
				{
					"name": "eyelid_recoil_right",
					"parent": "eye_right",
					"pivot": [-1.45, 39.485, -2.42],
					"cubes": [
						{"origin": [-2.55, 38.485, -2.92], "size": [2.1, 2, 1], "inflate": 0.01, "uv": [21, 29], "mirror": true}
					]
				},
				{
					"name": "eyelid_left",
					"parent": "eyes",
					"pivot": [1.45, 39.485, -2.42],
					"cubes": [
						{"origin": [0.45, 38.485, -2.92], "size": [2.1, 2, 1], "inflate": 0.01, "uv": [0, 2]}
					]
				},
				{
					"name": "eyelid_right",
					"parent": "eyes",
					"pivot": [-1.45, 39.485, -2.42],
					"cubes": [
						{"origin": [-2.55, 38.485, -2.92], "size": [2.1, 2, 1], "inflate": 0.01, "uv": [0, 13], "mirror": true}
					]
				},
				{
					"name": "mouth",
					"parent": "head_angle",
					"pivot": [0, 37.5, -3.01]
				},
				{
					"name": "mouth_closed",
					"parent": "mouth",
					"pivot": [0, 37.5, -3.01],
					"cubes": [
						{"origin": [-1.5, 37, -3.01], "size": [3, 1, 0], "uv": [5, 12]}
					]
				},
				{
					"name": "mouth_open",
					"parent": "mouth",
					"pivot": [0, 37.5, -2.91],
					"cubes": [
						{"origin": [-1.5, 37, -2.91], "size": [3, 1, 0], "uv": [5, 13]}
					]
				},
				{
					"name": "head_eyebrow",
					"parent": "head_angle",
					"pivot": [0, 40.5, -3.02],
					"cubes": [
						{"origin": [-2, 40, -3.02], "size": [4, 1, 0], "inflate": 0.02, "uv": [15, 12]}
					]
				},
				{
					"name": "head_fingers",
					"parent": "head_angle",
					"pivot": [0, 40.5, 3]
				},
				{
					"name": "head_finger_left",
					"parent": "head_fingers",
					"pivot": [2, 40.5, 2.5],
					"cubes": [
						{"origin": [2, 40, -2.5], "size": [2, 4, 5], "uv": [30, 0]}
					]
				},
				{
					"name": "head_finger_left1_2",
					"parent": "head_finger_left",
					"pivot": [3, 44, 2.5],
					"rotation": [10, 0, 0],
					"cubes": [
						{"origin": [2, 44, -3.5], "size": [2, 2, 6], "inflate": 0.01, "uv": [5, 12]}
					]
				},
				{
					"name": "head_finger_left1_3",
					"parent": "head_finger_left1_2",
					"pivot": [3, 46, -3.5],
					"cubes": [
						{"origin": [2.5, 44, -5.5], "size": [1, 2, 2], "inflate": 0.01, "uv": [5, 14]}
					]
				},
				{
					"name": "head_finger_left2",
					"parent": "head_fingers",
					"pivot": [0, 40.5, 3],
					"cubes": [
						{"origin": [0, 40.5, -3], "size": [2, 4, 6], "inflate": 0.01, "uv": [38, 3]}
					]
				},
				{
					"name": "head_finger_left2_2",
					"parent": "head_finger_left2",
					"pivot": [1, 44.5, 3],
					"rotation": [10, 0, 0],
					"cubes": [
						{"origin": [0, 44.5, -5], "size": [2, 2, 8], "inflate": 0.02, "uv": [46, 5]}
					]
				},
				{
					"name": "head_finger_left2_3",
					"parent": "head_finger_left2_2",
					"pivot": [1, 46.5, -5],
					"cubes": [
						{"origin": [0.5, 44.5, -7], "size": [1, 2, 2], "inflate": 0.01, "uv": [48, 5]}
					]
				},
				{
					"name": "head_finger_right",
					"parent": "head_fingers",
					"pivot": [-2, 40.5, 2.5],
					"cubes": [
						{"origin": [-4, 40, -2.5], "size": [2, 4, 5], "uv": [25, 9], "mirror": true}
					]
				},
				{
					"name": "head_finger_right1_2",
					"parent": "head_finger_right",
					"pivot": [-3, 44, 2.5],
					"rotation": [10, 0, 0],
					"cubes": [
						{"origin": [-4, 44, -3.5], "size": [2, 2, 6], "inflate": 0.01, "uv": [15, 14], "mirror": true}
					]
				},
				{
					"name": "head_finger_right1_3",
					"parent": "head_finger_right1_2",
					"pivot": [-3, 46, -3.5],
					"cubes": [
						{"origin": [-3.5, 44, -5.5], "size": [1, 2, 2], "inflate": 0.01, "uv": [15, 14], "mirror": true}
					]
				},
				{
					"name": "head_finger_right2",
					"parent": "head_fingers",
					"pivot": [0, 40.5, 3],
					"cubes": [
						{"origin": [-2, 40.5, -3], "size": [2, 4, 6], "inflate": 0.01, "uv": [33, 13], "mirror": true}
					]
				},
				{
					"name": "head_finger_right2_2",
					"parent": "head_finger_right2",
					"pivot": [-1, 44.5, 3],
					"rotation": [10, 0, 0],
					"cubes": [
						{"origin": [-2, 44.5, -5], "size": [2, 2, 8], "inflate": 0.02, "uv": [41, 15], "mirror": true}
					]
				},
				{
					"name": "head_finger_right2_3",
					"parent": "head_finger_right2_2",
					"pivot": [-1, 46.5, -5],
					"cubes": [
						{"origin": [-1.5, 44.5, -7], "size": [1, 2, 2], "inflate": 0.01, "uv": [48, 1], "mirror": true}
					]
				},
				{
					"name": "head_thumb",
					"parent": "head_angle",
					"pivot": [-4.5, 36.75, -2],
					"rotation": [-5, 30, 0],
					"cubes": [
						{"origin": [-4.5, 36.75, -3], "size": [2, 2, 1], "uv": [29, 2]}
					]
				},
				{
					"name": "head_thumb2",
					"parent": "head_thumb",
					"pivot": [-4.5, 36.75, -3],
					"cubes": [
						{"origin": [-4.5, 36.75, -5], "size": [2, 2, 2], "inflate": 0.01, "uv": [54, 1]}
					]
				},
				{
					"name": "head_thumb3",
					"parent": "head_thumb2",
					"pivot": [-4.5, 37.25, -5],
					"cubes": [
						{"origin": [-4.5, 37.25, -7], "size": [2, 1, 2], "uv": [42, 0]}
					]
				},
				{
					"name": "legs",
					"parent": "body",
					"pivot": [0, 18, 0.5]
				},
				{
					"name": "leg_left",
					"parent": "legs",
					"pivot": [4, 18, 0.5],
					"rotation": [0, 0, 0],
					"cubes": [
						{"origin": [2, 9, -2], "size": [4, 10, 4], "uv": [108, 16]}
					]
				},
				{
					"name": "leg_left2",
					"parent": "leg_left",
					"pivot": [4, 9, -2],
					"cubes": [
						{"origin": [1.5, 3, -2], "size": [5, 6, 5], "inflate": 0.01, "uv": [21, 54]}
					]
				},
				{
					"name": "foot_left",
					"parent": "leg_left2",
					"pivot": [4, 3, 3],
					"cubes": [
						{"origin": [1.5, 0, -2], "size": [5, 3, 5], "inflate": 0.03, "uv": [6, 61]},
						{"origin": [3, -0.04, -0.5], "size": [2, 0, 2], "uv": [24, 65]}
					]
				},
				{
					"name": "toes_left",
					"parent": "foot_left",
					"pivot": [4, 0, -2]
				},
				{
					"name": "toe_inner_left",
					"parent": "toes_left",
					"pivot": [1.5, 2, -2],
					"rotation": [0, -10, 0],
					"cubes": [
						{"origin": [1.5, 0, -6], "size": [1, 2, 4], "inflate": 0.01, "uv": [1, 20]}
					]
				},
				{
					"name": "toe_middle_left",
					"parent": "toes_left",
					"pivot": [4, 3, -2],
					"cubes": [
						{"origin": [2.5, 0, -4.5], "size": [3, 3, 3], "inflate": 0.02, "uv": [34, 41]}
					]
				},
				{
					"name": "toe_middle_left2",
					"parent": "toe_middle_left",
					"pivot": [4, 3, -4.5],
					"cubes": [
						{"origin": [3, 0, -6.5], "size": [2, 3, 2], "inflate": 0.01, "uv": [53, 47]},
						{"origin": [3.5, 0, -6.5], "size": [1, 3, 2], "inflate": 0.02, "uv": [17, 85]}
					]
				},
				{
					"name": "toe_outer_left",
					"parent": "toes_left",
					"pivot": [6.5, 2, -2],
					"rotation": [0, 10, 0],
					"cubes": [
						{"origin": [5.5, 0, -6], "size": [1, 2, 4], "inflate": 0.01, "uv": [98, 16]}
					]
				},
				{
					"name": "leg_right",
					"parent": "legs",
					"pivot": [-4, 18, 0.5],
					"rotation": [0, 0, 0],
					"cubes": [
						{"origin": [-6, 9, -2], "size": [4, 10, 4], "uv": [104, 30], "mirror": true}
					]
				},
				{
					"name": "leg_right2",
					"parent": "leg_right",
					"pivot": [-4, 9, -2],
					"cubes": [
						{"origin": [-6.5, 3, -2], "size": [5, 6, 5], "inflate": 0.01, "uv": [102, 44], "mirror": true}
					]
				},
				{
					"name": "foot_right",
					"parent": "leg_right2",
					"pivot": [-4, 3, 3],
					"cubes": [
						{"origin": [-6.5, 0, -2], "size": [5, 3, 5], "inflate": 0.03, "uv": [36, 60], "mirror": true},
						{"origin": [-5, -0.04, -0.5], "size": [2, 0, 2], "uv": [28, 65], "mirror": true}
					]
				},
				{
					"name": "toes_right",
					"parent": "foot_right",
					"pivot": [-4, 0, -2]
				},
				{
					"name": "toe_inner_right",
					"parent": "toes_right",
					"pivot": [-1.5, 2, -2],
					"rotation": [0, 10, 0],
					"cubes": [
						{"origin": [-2.5, 0, -6], "size": [1, 2, 4], "inflate": 0.01, "uv": [1, 26], "mirror": true}
					]
				},
				{
					"name": "toe_middle_right",
					"parent": "toes_right",
					"pivot": [-4, 3, -2],
					"cubes": [
						{"origin": [-5.5, 0, -4.5], "size": [3, 3, 3], "inflate": 0.02, "uv": [56, 60], "mirror": true}
					]
				},
				{
					"name": "toe_middle_right2",
					"parent": "toe_middle_right",
					"pivot": [-4, 3, -4.5],
					"cubes": [
						{"origin": [-5, 0, -6.5], "size": [2, 3, 2], "inflate": 0.01, "uv": [59, 50], "mirror": true},
						{"origin": [-4.5, 0, -6.5], "size": [1, 3, 2], "inflate": 0.02, "uv": [23, 84], "mirror": true}
					]
				},
				{
					"name": "toe_outer_right",
					"parent": "toes_right",
					"pivot": [-6.5, 2, -2],
					"rotation": [0, -10, 0],
					"cubes": [
						{"origin": [-6.5, 0, -6], "size": [1, 2, 4], "inflate": 0.01, "uv": [113, 4], "mirror": true}
					]
				}
			]
		}
	]
}