{
	"format_version": "1.12.0",
	"minecraft:geometry": [
		{
			"description": {
				"identifier": "geometry.torterra_oak",
				"texture_width": 256,
				"texture_height": 256,
				"visible_bounds_width": 7,
				"visible_bounds_height": 5.5,
				"visible_bounds_offset": [0, 2.25, 0]
			},
			"bones": [
				{
					"name": "torterra",
					"pivot": [0, 0, 0]
				},
				{
					"name": "body",
					"parent": "torterra",
					"pivot": [0, 14, 0]
				},
				{
					"name": "torso",
					"parent": "body",
					"pivot": [0, 13, 0],
					"cubes": [
						{"origin": [-12, 6.5, -16], "size": [24, 12, 31], "uv": [0, 80]},
						{"origin": [-14, 15, -15], "size": [28, 4, 33], "uv": [0, 43]},
						{"origin": [-14, 15, -23], "size": [28, 4, 8], "inflate": 0.001, "pivot": [0, 15, -15], "rotation": [-20, 0, 0], "uv": [89, 43]},
						{"origin": [-13, 19, -19.5], "size": [26, 7, 36], "inflate": 0.001, "uv": [0, 0]},
						{"origin": [8, 26, -13], "size": [0, 3, 18], "inflate": 0.001, "pivot": [8, 26, -4], "rotation": [0, 0, 5], "uv": [0, 3]},
						{"origin": [10, 22, 5], "size": [5, 6, 0], "inflate": 0.001, "uv": [25, 24]},
						{"origin": [0, 26, 6], "size": [6, 2, 0], "inflate": 0.001, "pivot": [5.5, 25, 6], "rotation": [0, 42.5, 0], "uv": [18, 34]}
					]
				},
				{
					"name": "locator_seat_1",
					"parent": "body",
					"pivot": [0, 27, 3],
					"rotation": [-90, 180, 0],
					"locators": {
						"seat_1": [0, 27, 3]
					}
				},
				{
					"name": "tree",
					"parent": "torso",
					"pivot": [7, 25.25, 5.5],
					"rotation": [-5, 0, 5],
					"cubes": [
						{"origin": [5, 24, 2.5], "size": [5, 14, 5], "inflate": 0.001, "uv": [79, 80]}
					]
				},
				{
					"name": "leaves",
					"parent": "tree",
					"pivot": [7.5, 37.05556, 5.22222],
					"cubes": [
						{"origin": [6, 50, -1.5], "size": [3, 5, 13], "inflate": 0.001, "uv": [0, 43]},
						{"origin": [1, 45, -1.5], "size": [13, 5, 13], "inflate": 0.001, "uv": [120, 111]},
						{"origin": [14, 37, -1.5], "size": [5, 8, 13], "inflate": 0.001, "uv": [0, 0]},
						{"origin": [-4, 37, -6.5], "size": [5, 8, 18], "inflate": 0.001, "uv": [0, 123]},
						{"origin": [1, 37, -6.5], "size": [13, 8, 23], "inflate": 0.001, "uv": [79, 80]},
						{"origin": [9, 50, 3.5], "size": [5, 5, 3], "inflate": 0.001, "uv": [128, 95]},
						{"origin": [1, 50, 3.5], "size": [5, 5, 3], "inflate": 0.001, "uv": [91, 123]},
						{"origin": [-4, 42, 11.5], "size": [5, 3, 5], "inflate": 0.001, "uv": [124, 35]},
						{"origin": [14, 37, 11.5], "size": [5, 3, 5], "inflate": 0.001, "uv": [71, 123]}
					]
				},
				{
					"name": "outerleaves",
					"parent": "leaves",
					"pivot": [2.5, 12.5, -6.5],
					"cubes": [
						{"origin": [15, 36, -2.5], "size": [5, 10, 15], "inflate": 0.001, "uv": [46, 123]},
						{"origin": [0, 36, -7.5], "size": [15, 10, 25], "inflate": 0.001, "uv": [88, 0]},
						{"origin": [0, 46, -2.5], "size": [15, 5, 15], "inflate": 0.001, "uv": [89, 55]},
						{"origin": [5, 51, -2.5], "size": [5, 5, 15], "inflate": 0.001, "uv": [128, 75]},
						{"origin": [10, 51, 2.5], "size": [5, 5, 5], "inflate": 0.001, "uv": [159, 106]},
						{"origin": [15, 36, 12.5], "size": [5, 5, 5], "inflate": 0.001, "uv": [158, 129]},
						{"origin": [-5, 36, -7.5], "size": [5, 10, 20], "inflate": 0.001, "uv": [90, 111]},
						{"origin": [-5, 41, 12.5], "size": [5, 5, 5], "inflate": 0.001, "uv": [153, 35]},
						{"origin": [0, 51, 2.5], "size": [5, 5, 5], "inflate": 0.001, "uv": [143, 15]}
					]
				},
				{
					"name": "spike3",
					"parent": "torso",
					"pivot": [-6.5, 26.5, -10],
					"rotation": [0, 0, -27.5],
					"cubes": [
						{"origin": [-12.12132, 24, -9.37868], "size": [5, 7, 5], "inflate": 0.001, "pivot": [-6.5, 26, -10], "rotation": [0, -55, 0], "uv": [88, 0]},
						{"origin": [-11.12132, 31, -8.37868], "size": [3, 4, 3], "inflate": 0.001, "pivot": [-6.5, 26, -10], "rotation": [0, -55, 0], "uv": [62, 148]}
					]
				},
				{
					"name": "spike2",
					"parent": "torso",
					"pivot": [-6.5, 26.5, -1],
					"rotation": [0, 0, -22.5],
					"cubes": [
						{"origin": [-12.12132, 24, -2.37868], "size": [7, 9, 7], "inflate": 0.001, "pivot": [-6.5, 26, -1], "rotation": [0, -45, 0], "uv": [0, 80]},
						{"origin": [-11.12132, 33, -1.37868], "size": [5, 6, 5], "inflate": 0.001, "pivot": [-6.5, 26, -1], "rotation": [0, -45, 0], "uv": [151, 95]}
					]
				},
				{
					"name": "spike",
					"parent": "torso",
					"pivot": [-6.5, 26.5, 8],
					"rotation": [0, 0, -27.5],
					"cubes": [
						{"origin": [-12.12132, 24, 8.62132], "size": [5, 7, 5], "inflate": 0.001, "pivot": [-6.5, 26, 8], "rotation": [0, -35, 0], "uv": [88, 12]},
						{"origin": [-11.12132, 31, 9.62132], "size": [3, 4, 3], "inflate": 0.001, "pivot": [-6.5, 26, 8], "rotation": [0, -35, 0], "uv": [24, 149]}
					]
				},
				{
					"name": "head",
					"parent": "torso",
					"pivot": [0, 12.5, -16],
					"cubes": [
						{"origin": [-4.5, 8, -22.5], "size": [9, 3, 7], "inflate": 0.001, "uv": [0, 24]},
						{"origin": [4.5, 10, -27.5], "size": [0, 1, 5], "uv": [0, 6]},
						{"origin": [-4.5, 10, -27.5], "size": [0, 1, 5], "uv": [0, 7]},
						{"origin": [-4.5, 10, -27.5], "size": [9, 1, 0], "uv": [0, 34]},
						{"origin": [-2.5, 9.5, -30.5], "size": [5, 6, 3], "uv": [0, 132]},
						{"origin": [-4.5, 11, -27.5], "size": [9, 6, 12], "inflate": 0.001, "uv": [128, 129]},
						{"origin": [4.5, 9, -21.75], "size": [4, 4, 5], "uv": [28, 130]},
						{"origin": [8.5, 10, -20.75], "size": [4, 2, 4], "uv": [104, 141]},
						{"origin": [-16.5, 11, -19.75], "size": [4, 0, 3], "uv": [0, 8]},
						{"origin": [-12.5, 10, -20.75], "size": [4, 2, 4], "uv": [71, 131]},
						{"origin": [12.5, 11, -19.75], "size": [4, 0, 3], "uv": [20, 8]},
						{"origin": [-8.5, 9, -21.75], "size": [4, 4, 5], "uv": [0, 123]}
					]
				},
				{
					"name": "eye_left",
					"parent": "head",
					"pivot": [4.01, 13, -24.5],
					"cubes": [
						{"origin": [3.51, 11, -27], "size": [1, 3, 5], "uv": [19, 43]}
					]
				},
				{
					"name": "eyelid_left",
					"parent": "eye_left",
					"pivot": [3.91, 13, -24.5],
					"cubes": [
						{"origin": [3.41, 11, -27], "size": [1, 3, 5], "inflate": 0.01, "uv": [0, 43]}
					]
				},
				{
					"name": "eye_right",
					"parent": "head",
					"pivot": [-4.01, 13, -24.5],
					"cubes": [
						{"origin": [-4.51, 11, -27], "size": [1, 3, 5], "uv": [23, 0]}
					]
				},
				{
					"name": "eyelid_right",
					"parent": "eye_right",
					"pivot": [-3.91, 13, -24.5],
					"cubes": [
						{"origin": [-4.41, 11, -27], "size": [1, 3, 5], "inflate": 0.01, "uv": [0, 0]}
					]
				},
				{
					"name": "jaw",
					"parent": "head",
					"pivot": [0, 11, -22],
					"cubes": [
						{"origin": [-4.5, 10, -27.5], "size": [0, 1, 5], "uv": [23, 7]},
						{"origin": [4.5, 10, -27.5], "size": [0, 1, 5], "uv": [23, 6]},
						{"origin": [-4.5, 8, -27.5], "size": [9, 2, 5], "uv": [28, 123]}
					]
				},
				{
					"name": "tail",
					"parent": "torso",
					"pivot": [0, 12, 14],
					"cubes": [
						{"origin": [-4.5, 7.5, 14], "size": [9, 8, 8], "uv": [140, 147]}
					]
				},
				{
					"name": "tail2",
					"parent": "tail",
					"pivot": [0, 12, 21.5],
					"cubes": [
						{"origin": [-3.5, 8.5, 21], "size": [7, 6, 9], "uv": [0, 61]}
					]
				},
				{
					"name": "tail3",
					"parent": "tail2",
					"pivot": [0, 12, 29.5],
					"cubes": [
						{"origin": [-2.5, 9.5, 29], "size": [5, 4, 9], "uv": [0, 96]}
					]
				},
				{
					"name": "leg_front_left",
					"parent": "body",
					"pivot": [9.20214, 10.36054, -10],
					"cubes": [
						{"origin": [7.5, 5.5, -14.5], "size": [8, 9, 8], "pivot": [15.5, 5.5, -10.5], "rotation": [0, 0, -20], "uv": [70, 156]}
					]
				},
				{
					"name": "foot_front_left",
					"parent": "leg_front_left",
					"pivot": [11.5, 5.5, -12.5],
					"cubes": [
						{"origin": [7, 0, -15], "size": [9, 6, 9], "uv": [104, 147]},
						{"origin": [16, 0, -13], "size": [1, 3, 2], "uv": [19, 51]},
						{"origin": [6, 0, -13], "size": [1, 3, 2], "uv": [6, 51]},
						{"origin": [9.5, 0, -17], "size": [4, 5, 2], "uv": [131, 147]},
						{"origin": [9.5, 0, -6], "size": [4, 5, 2], "uv": [46, 130]}
					]
				},
				{
					"name": "leg_back_left",
					"parent": "body",
					"pivot": [9.20214, 10.36054, 9.5],
					"cubes": [
						{"origin": [7.5, 5.5, 6], "size": [8, 9, 8], "pivot": [15.5, 5.5, 9], "rotation": [0, 0, -20], "uv": [153, 70]}
					]
				},
				{
					"name": "foot_back_left",
					"parent": "leg_back_left",
					"pivot": [11.5, 5.5, 7],
					"cubes": [
						{"origin": [7, 0, 5.5], "size": [9, 6, 9], "uv": [143, 0]},
						{"origin": [16, 0, 7.5], "size": [1, 3, 2], "uv": [0, 51]},
						{"origin": [6, 0, 7.5], "size": [1, 3, 2], "uv": [26, 43]},
						{"origin": [9.5, 0, 3.5], "size": [4, 5, 2], "uv": [128, 82]},
						{"origin": [9.5, 0, 14.5], "size": [4, 5, 2], "uv": [128, 75]}
					]
				},
				{
					"name": "leg_back_right",
					"parent": "body",
					"pivot": [-9.20214, 10.36054, 9.5],
					"cubes": [
						{"origin": [-15.5, 5.5, 6], "size": [8, 9, 8], "pivot": [-15.5, 5.5, 9], "rotation": [0, 0, 20], "uv": [38, 148]}
					]
				},
				{
					"name": "foot_back_right",
					"parent": "leg_back_right",
					"pivot": [-11.5, 5.5, 7],
					"cubes": [
						{"origin": [-16, 0, 5.5], "size": [9, 6, 9], "uv": [134, 55]},
						{"origin": [-17, 0, 7.5], "size": [1, 3, 2], "uv": [0, 24]},
						{"origin": [-7, 0, 7.5], "size": [1, 3, 2], "uv": [7, 0]},
						{"origin": [-13.5, 0, 3.5], "size": [4, 5, 2], "uv": [89, 62]},
						{"origin": [-13.5, 0, 14.5], "size": [4, 5, 2], "uv": [89, 55]}
					]
				},
				{
					"name": "leg_front_right",
					"parent": "body",
					"pivot": [-9.20214, 10.36054, -10],
					"cubes": [
						{"origin": [-15.5, 5.5, -14.5], "size": [8, 9, 8], "pivot": [-15.5, 5.5, -10.5], "rotation": [0, 0, 20], "uv": [0, 149]}
					]
				},
				{
					"name": "foot_front_right",
					"parent": "leg_front_right",
					"pivot": [-11.5, 5.5, -12.5],
					"cubes": [
						{"origin": [-16, 0, -15], "size": [9, 6, 9], "uv": [77, 141]},
						{"origin": [-17, 0, -13], "size": [1, 3, 2], "uv": [7, 43]},
						{"origin": [-7, 0, -13], "size": [1, 3, 2], "uv": [30, 0]},
						{"origin": [-13.5, 0, -17], "size": [4, 5, 2], "uv": [120, 111]},
						{"origin": [-13.5, 0, -6], "size": [4, 5, 2], "uv": [19, 96]}
					]
				}
			]
		}
	]
}