{
	"format_version": "1.12.0",
	"minecraft:geometry": [
		{
			"description": {
				"identifier": "geometry.cloyster",
				"texture_width": 256,
				"texture_height": 128,
				"visible_bounds_width": 5,
				"visible_bounds_height": 3.5,
				"visible_bounds_offset": [0, 1.25, 0]
			},
			"bones": [
				{
					"name": "cloyster",
					"pivot": [0, 0, 0]
				},
				{
					"name": "body",
					"parent": "cloyster",
					"pivot": [0, 16.5, 0]
				},
				{
					"name": "shell_left",
					"parent": "body",
					"pivot": [0, 15.5, 13],
					"rotation": [0, -12.5, 0.00002],
					"cubes": [
						{"origin": [0, 4, -15.01], "size": [8, 26, 0], "uv": [0, 24]},
						{"origin": [0, 4, 11], "size": [8, 26, 2], "inflate": 0.01, "uv": [32, 24]},
						{"origin": [0, 30, -15], "size": [8, 2, 28], "inflate": 0.01, "uv": [52, 16]},
						{"origin": [0, 2, -15], "size": [8, 2, 28], "inflate": 0.01, "uv": [0, 52]},
						{"origin": [8, 2, -15], "size": [2, 30, 28], "inflate": 0.01, "uv": [124, 0]}
					]
				},
				{
					"name": "spikes_left",
					"parent": "shell_left",
					"pivot": [10, 15.5, -13]
				},
				{
					"name": "spike_left_top",
					"parent": "spikes_left",
					"pivot": [10, 26, -1.5],
					"rotation": [0, 0, -37.5],
					"cubes": [
						{"origin": [10, 26, -4.5], "size": [6, 3, 3], "uv": [0, 118]},
						{"origin": [15.5, 25, -5.5], "size": [4, 5, 5], "uv": [44, 82]},
						{"origin": [19, 25.5, -5], "size": [4, 4, 4], "uv": [44, 102]},
						{"origin": [22.4, 26, -4.5], "size": [4, 3, 3], "inflate": -0.1, "uv": [36, 112]}
					]
				},
				{
					"name": "spike_left_middle",
					"parent": "spikes_left",
					"pivot": [10, 17, -2.5],
					"cubes": [
						{"origin": [9.5, 14.5, -7.5], "size": [3, 5, 5], "uv": [0, 50]},
						{"origin": [12.5, 15.5, -6.5], "size": [6, 3, 3], "uv": [0, 65]}
					]
				},
				{
					"name": "spike_left_bottom",
					"parent": "spikes_left",
					"pivot": [10, 8.25, -1],
					"rotation": [0, 0, 32.5],
					"cubes": [
						{"origin": [9.5, 3.5, -6], "size": [4, 5, 5], "uv": [10, 84]},
						{"origin": [13, 4.5, -5], "size": [6, 3, 3], "uv": [10, 104]}
					]
				},
				{
					"name": "bump_left1",
					"parent": "spikes_left",
					"pivot": [10, 21.5, -7.5],
					"rotation": [0, 5, -7.5],
					"cubes": [
						{"origin": [10, 21.5, -12.5], "size": [3, 5, 5], "uv": [81, 0]}
					]
				},
				{
					"name": "bump_left2",
					"parent": "spikes_left",
					"pivot": [10, 12.5, -7.5],
					"rotation": [0, 5, 7.5],
					"cubes": [
						{"origin": [10, 7.5, -12.5], "size": [3, 5, 5], "uv": [97, 0]}
					]
				},
				{
					"name": "bump_back_left1",
					"parent": "spikes_left",
					"pivot": [9.25, 22.5, 5.6],
					"rotation": [-2.5, -5, 0],
					"cubes": [
						{"origin": [7.25, 17.5, 0.5], "size": [4, 6, 13], "uv": [118, 9]}
					]
				},
				{
					"name": "bump_back_left2",
					"parent": "spikes_left",
					"pivot": [9.25, 9.5, 5.6],
					"rotation": [2.5, -5, 0],
					"cubes": [
						{"origin": [7.25, 8.5, 0.5], "size": [4, 6, 13], "uv": [156, 0]}
					]
				},
				{
					"name": "shell_back_left",
					"parent": "shell_left",
					"pivot": [0, 14.5, 13],
					"rotation": [0, 35, 0],
					"cubes": [
						{"origin": [2.75, 14.5, 13], "size": [2, 13, 9], "inflate": 0.01, "pivot": [4.75, 14.5, 17], "rotation": [0, 0, -12.5], "uv": [63, 106]},
						{"origin": [2.75, 1.5, 13], "size": [2, 13, 9], "pivot": [4.75, 14.5, 17], "rotation": [0, 0, 12.5], "uv": [85, 106]}
					]
				},
				{
                    "name": "locator_seat_1",
                    "parent": "body",
                    "pivot": [0, 27, -2],
                    "locators": {
                        "seat_1": [0, 27, -2]
                    }
                },
				{
					"name": "shell_right",
					"parent": "body",
					"pivot": [0, 15.5, 13],
					"rotation": [0, 12.5, -0.00002],
					"cubes": [
						{"origin": [-8, 4, -15.01], "size": [8, 26, 0], "uv": [16, 24], "mirror": true},
						{"origin": [-8, 4, 11], "size": [8, 26, 2], "inflate": 0.01, "uv": [52, 16], "mirror": true},
						{"origin": [-8, 30, -15], "size": [8, 2, 28], "inflate": 0.01, "uv": [44, 46], "mirror": true},
						{"origin": [-8, 2, -15], "size": [8, 2, 28], "inflate": 0.01, "uv": [0, 82], "mirror": true},
						{"origin": [-10, 2, -15], "size": [2, 30, 28], "inflate": 0.01, "uv": [88, 48], "mirror": true}
					]
				},
				{
					"name": "spikes_right",
					"parent": "shell_right",
					"pivot": [-10, 15.5, -13]
				},
				{
					"name": "spike_right_top",
					"parent": "spikes_right",
					"pivot": [-10, 26, -1.5],
					"rotation": [0, 0, 37.5],
					"cubes": [
						{"origin": [-16, 26, -4.5], "size": [6, 3, 3], "uv": [18, 112], "mirror": true},
						{"origin": [-19.5, 25, -5.5], "size": [4, 5, 5], "uv": [44, 92], "mirror": true},
						{"origin": [-23, 25.5, -5], "size": [4, 4, 4], "uv": [60, 98], "mirror": true},
						{"origin": [-26.4, 26, -4.5], "size": [4, 3, 3], "inflate": -0.1, "uv": [18, 118], "mirror": true}
					]
				},
				{
					"name": "spike_right_middle",
					"parent": "spikes_right",
					"pivot": [-10, 17, -2.5],
					"cubes": [
						{"origin": [-12.5, 14.5, -7.5], "size": [3, 5, 5], "uv": [11, 55], "mirror": true},
						{"origin": [-18.5, 15.5, -6.5], "size": [6, 3, 3], "uv": [0, 71], "mirror": true}
					]
				},
				{
					"name": "spike_right_bottom",
					"parent": "spikes_right",
					"pivot": [-10, 8.25, -1],
					"rotation": [0, 0, -32.5],
					"cubes": [
						{"origin": [-13.5, 3.5, -6], "size": [4, 5, 5], "uv": [10, 94], "mirror": true},
						{"origin": [-19, 4.5, -5], "size": [6, 3, 3], "uv": [0, 112], "mirror": true}
					]
				},
				{
					"name": "bump_right1",
					"parent": "spikes_right",
					"pivot": [-10, 21.5, -7.5],
					"rotation": [0, -5, 7.5],
					"cubes": [
						{"origin": [-13, 21.5, -12.5], "size": [3, 5, 5], "uv": [96, 10], "mirror": true}
					]
				},
				{
					"name": "bump_right2",
					"parent": "spikes_right",
					"pivot": [-10, 12.5, -7.5],
					"rotation": [0, -5, -7.5],
					"cubes": [
						{"origin": [-13, 7.5, -12.5], "size": [3, 5, 5], "uv": [96, 20], "mirror": true}
					]
				},
				{
					"name": "bump_back_right1",
					"parent": "spikes_right",
					"pivot": [-9.25, 22.5, 5.6],
					"rotation": [-2.5, 5, 0],
					"cubes": [
						{"origin": [-11.25, 17.5, 0.5], "size": [4, 6, 13], "uv": [177, 6], "mirror": true}
					]
				},
				{
					"name": "bump_back_right2",
					"parent": "spikes_right",
					"pivot": [-9.25, 9.5, 5.6],
					"rotation": [2.5, 5, 0],
					"cubes": [
						{"origin": [-11.25, 8.5, 0.5], "size": [4, 6, 13], "uv": [198, 0], "mirror": true}
					]
				},
				{
					"name": "shell_back_right",
					"parent": "shell_right",
					"pivot": [0, 14.5, 13],
					"rotation": [0, -35, 0],
					"cubes": [
						{"origin": [-4.75, 14.5, 13], "size": [2, 13, 9], "inflate": 0.01, "pivot": [-4.75, 14.5, 17], "rotation": [0, 0, 12.5], "uv": [107, 106], "mirror": true},
						{"origin": [-4.75, 1.5, 13], "size": [2, 13, 9], "pivot": [-4.75, 14.5, 17], "rotation": [0, 0, -12.5], "uv": [129, 106], "mirror": true}
					]
				},
				{
					"name": "inner_shell",
					"parent": "body",
					"pivot": [0, 16, -2]
				},
				{
					"name": "inner_shell_left",
					"parent": "inner_shell",
					"pivot": [4, 23, 10],
					"rotation": [0, 0, 5],
					"cubes": [
						{"origin": [8, 7, -13], "size": [0, 16, 23], "uv": [200, 2]},
						{"origin": [1, 7, 10], "size": [7, 16, 0], "inflate": 0.01, "pivot": [8, 14.5, 10], "rotation": [0, 0.1, 0], "uv": [162, 58]},
						{"origin": [4, 23, -13], "size": [4, 0, 23], "uv": [161, 25]},
						{"origin": [2, 7, -13], "size": [6, 0, 23], "uv": [209, 2]}
					]
				},
				{
					"name": "inner_shell_right",
					"parent": "inner_shell",
					"pivot": [-4, 23, 10],
					"rotation": [0, 0, -5],
					"cubes": [
						{"origin": [-8, 7, -13], "size": [0, 16, 23], "uv": [200, 18], "mirror": true},
						{"origin": [-8, 7, 10], "size": [7, 16, 0], "inflate": 0.01, "pivot": [-8, 14.5, 10], "rotation": [0, -0.1, 0], "uv": [148, 68], "mirror": true},
						{"origin": [-8, 23, -13], "size": [4, 0, 23], "uv": [169, 25], "mirror": true},
						{"origin": [-8, 7, -13], "size": [6, 0, 23], "uv": [221, 2], "mirror": true}
					]
				},
				{
					"name": "inner_shell_top",
					"parent": "inner_shell",
					"pivot": [0, 16, -2],
					"cubes": [
						{"origin": [-4, 28, -11], "size": [8, 0, 21], "uv": [35, 46]},
						{"origin": [-4, 11, 10], "size": [8, 17, 0], "pivot": [0, 28, 10], "rotation": [-1, 0, 0], "uv": [88, 46]},
						{"origin": [-1, 7.28, 8], "size": [2, 0, 2], "uv": [226, 23]},
						{"origin": [4, 23, -11], "size": [0, 5, 21], "uv": [120, 37]},
						{"origin": [-4, 23, -11], "size": [0, 5, 21], "uv": [120, 42], "mirror": true}
					]
				},
				{
					"name": "inner_spike",
					"parent": "inner_shell",
					"pivot": [0, 24, -3],
					"rotation": [-15, 0, 0],
					"cubes": [
						{"origin": [-2, 22, -5], "size": [4, 4, 11], "uv": [49, 1]},
						{"origin": [-1.5, 22.5, -14], "size": [3, 3, 9], "uv": [36, 0]},
						{"origin": [-1, 23, -23], "size": [2, 2, 9], "uv": [68, 1]}
					]
				},
				{
					"name": "head",
					"parent": "body",
					"pivot": [0, 13, -6.5],
					"cubes": [
						{"origin": [-6, 10, -12.5], "size": [12, 12, 12], "uv": [0, 0]}
					]
				},
				{
					"name": "mouth",
					"parent": "head",
					"pivot": [0, 13.5, -12.51]
				},
				{
					"name": "mouth_closed",
					"parent": "mouth",
					"pivot": [0, 13.5, -12.41],
					"cubes": [
						{"origin": [-4.5, 12.5, -12.41], "size": [9, 2, 0], "inflate": 0.01, "uv": [88, 63]}
					]
				},
				{
					"name": "mouth_sad",
					"parent": "mouth",
					"pivot": [0, 13.5, -12.41],
					"cubes": [
						{"origin": [-4.5, 12.5, -12.41], "size": [9, 2, 0], "inflate": 0.01, "uv": [88, 65]}
					]
				},
				{
					"name": "mouth_open",
					"parent": "mouth",
					"pivot": [0, 13.5, -12.41],
					"cubes": [
						{"origin": [-2, 11.5, -12.41], "size": [4, 3, 0], "inflate": 0.01, "uv": [88, 67]}
					]
				},
				{
					"name": "mouth_smile",
					"parent": "mouth",
					"pivot": [0, 13.5, -12.51],
					"cubes": [
						{"origin": [-4.5, 11.5, -12.51], "size": [9, 3, 0], "inflate": 0.01, "uv": [96, 30]},
						{"origin": [-2.5, 13, -12.51], "size": [5, 1, 0], "uv": [96, 33]}
					]
				},
				{
					"name": "mouth_frown",
					"parent": "mouth",
					"pivot": [0, 13.5, -12.41],
					"cubes": [
						{"origin": [-4.5, 11.5, -12.41], "size": [9, 3, 0], "inflate": 0.01, "uv": [96, 34]},
						{"origin": [-2.5, 12, -12.41], "size": [5, 1, 0], "uv": [106, 33]}
					]
				},
				{
					"name": "mouth_smirk_left",
					"parent": "mouth",
					"pivot": [0, 13.5, -12.41],
					"cubes": [
						{"origin": [-4.5, 11.5, -12.41], "size": [9, 3, 0], "inflate": 0.01, "uv": [96, 41]},
						{"origin": [-0.5, 13, -12.41], "size": [3, 1, 0], "uv": [102, 40]}
					]
				},
				{
					"name": "mouth_smirk_right",
					"parent": "mouth",
					"pivot": [0, 13.5, -12.41],
					"cubes": [
						{"origin": [-4.5, 11.5, -12.41], "size": [9, 3, 0], "inflate": 0.01, "uv": [96, 37]},
						{"origin": [-2.5, 13, -12.41], "size": [3, 1, 0], "uv": [96, 40]}
					]
				},
				{
					"name": "eyes",
					"parent": "head",
					"pivot": [0, 16.5, -12.51]
				},
				{
					"name": "eye_left",
					"parent": "eyes",
					"pivot": [3.5, 17.5, -12.51],
					"cubes": [
						{"origin": [1.5, 15.5, -12.51], "size": [4, 4, 0], "uv": [0, 0]},
						{"origin": [1.5, 17, -12.52], "size": [3, 2, 0], "uv": [0, 4]}
					]
				},
				{
					"name": "eye_angry_left",
					"parent": "eye_left",
					"pivot": [3.5, 18.5, -12.43],
					"cubes": [
						{"origin": [1.5, 17.5, -12.43], "size": [4, 2, 0], "inflate": 0.01, "uv": [36, 0]},
						{"origin": [3.5, 18, -12.43], "size": [1, 1, 0], "inflate": 0.02, "uv": [36, 4]}
					]
				},
				{
					"name": "eye_sad_left",
					"parent": "eye_left",
					"pivot": [3.5, 19, -12.43],
					"cubes": [
						{"origin": [3.5, 18, -12.43], "size": [2, 2, 0], "inflate": 0.01, "uv": [36, 5]},
						{"origin": [1.5, 18, -12.43], "size": [1, 1, 0], "inflate": 0.01, "uv": [40, 4]}
					]
				},
				{
					"name": "pupil_left",
					"parent": "eye_left",
					"pivot": [3, 17.5, -12.52],
					"cubes": [
						{"origin": [2.5, 16.5, -12.52], "size": [1, 2, 0], "inflate": 0.01, "uv": [8, 0]}
					]
				},
				{
					"name": "eyelid_left",
					"parent": "eye_left",
					"pivot": [3.5, 17.5, -11.93],
					"cubes": [
						{"origin": [1.5, 15.5, -12.43], "size": [4, 4, 1], "inflate": 0.01, "uv": [92, 0]}
					]
				},
				{
					"name": "eyelid_happy_left",
					"parent": "eye_left",
					"pivot": [3.5, 17.5, -11.93],
					"cubes": [
						{"origin": [1.5, 15.5, -12.43], "size": [4, 4, 1], "inflate": 0.01, "uv": [91, 10]}
					]
				},
				{
					"name": "eyelid_recoil_left",
					"parent": "eye_left",
					"pivot": [3.5, 17.5, -11.93],
					"cubes": [
						{"origin": [1.5, 15.5, -12.43], "size": [4, 4, 1], "inflate": 0.01, "uv": [118, 0]}
					]
				},
				{
					"name": "eye_right",
					"parent": "eyes",
					"pivot": [-3.5, 17.5, -12.51],
					"cubes": [
						{"origin": [-5.5, 15.5, -12.51], "size": [4, 4, 0], "uv": [0, 6], "mirror": true},
						{"origin": [-4.5, 17, -12.52], "size": [3, 2, 0], "uv": [0, 10], "mirror": true}
					]
				},
				{
					"name": "eye_angry_right",
					"parent": "eye_right",
					"pivot": [-3.5, 18.5, -12.43],
					"cubes": [
						{"origin": [-5.5, 17.5, -12.43], "size": [4, 2, 0], "inflate": 0.01, "uv": [36, 2], "mirror": true},
						{"origin": [-4.5, 18, -12.43], "size": [1, 1, 0], "inflate": 0.02, "uv": [38, 4], "mirror": true}
					]
				},
				{
					"name": "eye_sad_right",
					"parent": "eye_right",
					"pivot": [-3.5, 19, -12.43],
					"cubes": [
						{"origin": [-5.5, 18, -12.43], "size": [2, 2, 0], "inflate": 0.01, "uv": [40, 5], "mirror": true},
						{"origin": [-2.5, 18, -12.43], "size": [1, 1, 0], "inflate": 0.01, "uv": [42, 4], "mirror": true}
					]
				},
				{
					"name": "pupil_right",
					"parent": "eye_right",
					"pivot": [-3, 17.5, -12.52],
					"cubes": [
						{"origin": [-3.5, 16.5, -12.52], "size": [1, 2, 0], "inflate": 0.01, "uv": [8, 2], "mirror": true}
					]
				},
				{
					"name": "eyelid_right",
					"parent": "eye_right",
					"pivot": [-3.5, 17.5, -11.93],
					"cubes": [
						{"origin": [-5.5, 15.5, -12.43], "size": [4, 4, 1], "inflate": 0.01, "uv": [108, 0], "mirror": true}
					]
				},
				{
					"name": "eyelid_happy_right",
					"parent": "eye_right",
					"pivot": [-3.5, 17.5, -11.93],
					"cubes": [
						{"origin": [-5.5, 15.5, -12.43], "size": [4, 4, 1], "inflate": 0.01, "uv": [107, 10], "mirror": true}
					]
				},
				{
					"name": "eyelid_recoil_right",
					"parent": "eye_right",
					"pivot": [-3.5, 17.5, -11.93],
					"cubes": [
						{"origin": [-5.5, 15.5, -12.43], "size": [4, 4, 1], "inflate": 0.01, "uv": [113, 5], "mirror": true}
					]
				}
			]
		}
	]
}