{
	"format_version": "1.12.0",
	"minecraft:geometry": [
		{
			"description": {
				"identifier": "geometry.toxicroak_male",
				"texture_width": 128,
				"texture_height": 64,
				"visible_bounds_width": 4,
				"visible_bounds_height": 3.5,
				"visible_bounds_offset": [0, 1.25, 0]
			},
			"bones": [
				{
					"name": "toxicroak",
					"pivot": [0, 0, 0]
				},
				{
					"name": "body",
					"parent": "toxicroak",
					"pivot": [0, 0, 0]
				},
				{
					"name": "torso",
					"parent": "body",
					"pivot": [0, 12.03407, 2.74118],
					"cubes": [
						{"origin": [-4, 8, -0.5], "size": [8, 6, 7], "uv": [1, 19]}
					]
				},
				{
                    "name": "locator_seat_1",
                    "parent": "body",
                    "pivot": [0, 24, 4],
                    "locators": {
                        "seat_1": [0, 24, 4]
                    }
                },
				{
					"name": "torso2",
					"parent": "torso",
					"pivot": [0, 13.95578, 2.83592],
					"cubes": [
						{"origin": [-3.5, 12, 0], "size": [7, 10, 6], "uv": [0, 32]}
					]
				},
				{
					"name": "torso3",
					"parent": "torso2",
					"pivot": [-0.5, 20.95578, 2.83592],
					"cubes": [
						{"origin": [-4.5, 21, -1], "size": [9, 8, 8], "uv": [32, 14]},
						{"origin": [-2.5, 23.65578, 5.83592], "size": [5, 5, 3], "uv": [33, 0]}
					]
				},
				{
					"name": "arms",
					"parent": "torso3",
					"pivot": [0, 24.15, 3.35]
				},
				{
					"name": "shoulder_left",
					"parent": "arms",
					"pivot": [4.5, 24.15, 3.35],
					"cubes": [
						{"origin": [3.5, 22.5, 1.5], "size": [5, 4, 4], "uv": [45, 30]}
					]
				},
				{
					"name": "arm_left",
					"parent": "shoulder_left",
					"pivot": [6.5, 24.5, 3.5],
					"cubes": [
						{"origin": [6.5, 23.5, 2.5], "size": [8, 2, 2], "uv": [42, 42]}
					]
				},
				{
					"name": "arm_left2",
					"parent": "arm_left",
					"pivot": [13.5, 24.5, 3.5],
					"cubes": [
						{"origin": [13.5, 23, 2], "size": [4, 3, 3], "uv": [62, 35]}
					]
				},
				{
					"name": "hand_left",
					"parent": "arm_left2",
					"pivot": [17, 24.5, 3.5],
					"cubes": [
						{"origin": [17, 23, 1], "size": [6, 3, 5], "inflate": 0.01, "uv": [58, 14]}
					]
				},
				{
					"name": "stinger_left",
					"parent": "hand_left",
					"pivot": [23, 25.5, 3.5],
					"cubes": [
						{"origin": [23, 24.5, 2.5], "size": [5, 2, 2], "uv": [70, 58]},
						{"origin": [27, 23, 3.5], "size": [6, 3, 0], "uv": [87, 60]}
					]
				},
				{
					"name": "finger_front_left",
					"parent": "hand_left",
					"pivot": [23, 24, 2],
					"cubes": [
						{"origin": [22, 23, 1], "size": [4, 2, 2], "uv": [97, 6]}
					]
				},
				{
					"name": "finger_front_left2",
					"parent": "finger_front_left",
					"pivot": [26, 25, 2],
					"cubes": [
						{"origin": [26, 23, 1], "size": [3, 2, 2], "inflate": 0.01, "uv": [115, 6]}
					]
				},
				{
					"name": "finger_back_left",
					"parent": "hand_left",
					"pivot": [23, 24, 5],
					"cubes": [
						{"origin": [22, 23, 4], "size": [4, 2, 2], "uv": [87, 4]}
					]
				},
				{
					"name": "finger_back_left2",
					"parent": "finger_back_left",
					"pivot": [26, 25, 5],
					"cubes": [
						{"origin": [26, 23, 4], "size": [3, 2, 2], "inflate": 0.01, "uv": [107, 4]}
					]
				},
				{
					"name": "finger_thumb_left",
					"parent": "hand_left",
					"pivot": [21, 23.5, 1],
					"cubes": [
						{"origin": [20, 22.5, -1.1], "size": [2, 2, 3], "uv": [101, 10]}
					]
				},
				{
					"name": "finger_thumb_left2",
					"parent": "finger_thumb_left",
					"pivot": [21, 24.5, -1.26408],
					"cubes": [
						{"origin": [20, 22.5, -3.1], "size": [2, 2, 2], "inflate": 0.01, "uv": [108, 8]}
					]
				},
				{
					"name": "shoulder_right",
					"parent": "arms",
					"pivot": [-4.5, 24.15, 3.35],
					"cubes": [
						{"origin": [-8.5, 22.5, 1.5], "size": [5, 4, 4], "uv": [27, 30]}
					]
				},
				{
					"name": "arm_right",
					"parent": "shoulder_right",
					"pivot": [-6.5, 24.5, 3.5],
					"cubes": [
						{"origin": [-14.5, 23.5, 2.5], "size": [8, 2, 2], "uv": [42, 38]}
					]
				},
				{
					"name": "arm_right2",
					"parent": "arm_right",
					"pivot": [-13.5, 24.5, 3.5],
					"cubes": [
						{"origin": [-17.5, 23, 2], "size": [4, 3, 3], "uv": [63, 29]}
					]
				},
				{
					"name": "hand_right",
					"parent": "arm_right2",
					"pivot": [-17, 24.5, 3.5],
					"cubes": [
						{"origin": [-23, 23, 1], "size": [6, 3, 5], "inflate": 0.01, "uv": [65, 0]}
					]
				},
				{
					"name": "stinger_right",
					"parent": "hand_right",
					"pivot": [-23, 25.5, 3.5],
					"cubes": [
						{"origin": [-28, 24.5, 2.5], "size": [5, 2, 2], "uv": [70, 54]},
						{"origin": [-33, 23, 3.5], "size": [6, 3, 0], "uv": [87, 56]}
					]
				},
				{
					"name": "finger_front_right",
					"parent": "hand_right",
					"pivot": [-23, 24, 2],
					"cubes": [
						{"origin": [-26, 23, 1], "size": [4, 2, 2], "uv": [97, 2]}
					]
				},
				{
					"name": "finger_front_right2",
					"parent": "finger_front_right",
					"pivot": [-26, 25, 2],
					"cubes": [
						{"origin": [-29, 23, 1], "size": [3, 2, 2], "inflate": 0.01, "uv": [115, 2]}
					]
				},
				{
					"name": "finger_back_right",
					"parent": "hand_right",
					"pivot": [-23, 24, 5],
					"cubes": [
						{"origin": [-26, 23, 4], "size": [4, 2, 2], "uv": [87, 0]}
					]
				},
				{
					"name": "finger_back_right2",
					"parent": "finger_back_right",
					"pivot": [-26, 25, 5],
					"cubes": [
						{"origin": [-29, 23, 4], "size": [3, 2, 2], "inflate": 0.01, "uv": [107, 0]}
					]
				},
				{
					"name": "finger_thumb_right",
					"parent": "hand_right",
					"pivot": [-21, 23.5, 1],
					"cubes": [
						{"origin": [-22, 22.5, -1.1], "size": [2, 2, 3], "uv": [91, 10]}
					]
				},
				{
					"name": "finger_thumb_right2",
					"parent": "finger_thumb_right",
					"pivot": [-21, 24.5, -1.1],
					"cubes": [
						{"origin": [-22, 22.5, -3.1], "size": [2, 2, 2], "inflate": 0.01, "uv": [86, 8]}
					]
				},
				{
					"name": "neck",
					"parent": "torso3",
					"pivot": [0, 28.95578, 6.63592],
					"cubes": [
						{"origin": [-4, 29, -2.2], "size": [8, 5, 9], "inflate": -0.01, "uv": [40, 0]}
					]
				},
				{
					"name": "throat_sack",
					"parent": "neck",
					"pivot": [0, 31.5, -2.35],
					"cubes": [
						{"origin": [-4, 28, -7.35], "size": [8, 7, 6], "inflate": -0.1, "uv": [100, 51]}
					]
				},
				{
					"name": "head",
					"parent": "neck",
					"pivot": [0, 33.5, 2.8]
				},
				{
					"name": "head_ai",
					"parent": "head",
					"pivot": [0, 33.5, 2.8]
				},
				{
					"name": "head_angle",
					"parent": "head_ai",
					"pivot": [0, 33.5, 2.8],
					"cubes": [
						{"origin": [-5, 29.5, -5.2], "size": [10, 9, 10], "uv": [0, 0]}
					]
				},
				{
					"name": "horn",
					"parent": "head_angle",
					"pivot": [0, 36.8, -2.7],
					"rotation": [57.5, 0, 0],
					"cubes": [
						{"origin": [-1.5, 34.8, -5.2], "size": [3, 6, 5], "uv": [75, 8]}
					]
				},
				{
					"name": "horn2",
					"parent": "horn",
					"pivot": [0, 39.3, -2.8],
					"cubes": [
						{"origin": [-1, 40.3, -3.8], "size": [2, 4, 3], "uv": [66, 22]}
					]
				},
				{
					"name": "lips",
					"parent": "head_angle",
					"pivot": [3, 31.5, -2.2],
					"cubes": [
						{"origin": [-5, 31.5, -5.21], "size": [10, 1, 6], "inflate": 0.02, "uv": [95, 16]},
						{"origin": [-5, 31, -5.21], "size": [10, 2, 3], "inflate": 0.02, "uv": [101, 23]}
					]
				},
				{
					"name": "lip_corner_left",
					"parent": "lips",
					"pivot": [5.01, 33, 0.3],
					"cubes": [
						{"origin": [5.01, 32.5, -0.2], "size": [0, 1, 1], "uv": [4, 61]}
					]
				},
				{
					"name": "lip_corner_right",
					"parent": "lips",
					"pivot": [-5.01, 33, 0.3],
					"cubes": [
						{"origin": [-5.01, 32.5, -0.2], "size": [0, 1, 1], "uv": [1, 61]}
					]
				},
				{
					"name": "mouth_closed",
					"parent": "head_angle",
					"pivot": [3, 31.8, -4.2],
					"cubes": [
						{"origin": [-5, 30, -5.2], "size": [10, 2, 1], "inflate": 0.01, "uv": [105, 35]}
					]
				},
				{
					"name": "mouth_open",
					"parent": "head_angle",
					"pivot": [0, 31, -3.2],
					"cubes": [
						{"origin": [-5, 29.5, -4.2], "size": [10, 3, 2], "inflate": -0.01, "uv": [103, 29]}
					]
				},
				{
					"name": "eye_left",
					"parent": "head_angle",
					"pivot": [3.5, 34.4, -2.7],
					"cubes": [
						{"origin": [5.01, 35, -3.2], "size": [0, 1, 3], "uv": [24, 59]},
						{"origin": [5.01, 33, -5.2], "size": [0, 2, 4], "uv": [1, 3]}
					]
				},
				{
					"name": "pupil_left",
					"parent": "eye_left",
					"pivot": [4.53, 34.5, -3.71],
					"cubes": [
						{"origin": [4.02, 34, -4.21], "size": [1, 1, 1], "uv": [117, 13]}
					]
				},
				{
					"name": "eyelid_left",
					"parent": "eye_left",
					"pivot": [3.9, 34.4, -2.7],
					"cubes": [
						{"origin": [3.93, 33, -5.19], "size": [1, 2, 4], "uv": [88, 20]}
					]
				},
				{
					"name": "eyelid_angry_left",
					"parent": "eye_left",
					"pivot": [3.3, 33.9, -4.6],
					"cubes": [
						{"origin": [4.93, 34.5, -5.2], "size": [0, 1, 2], "uv": [12, 60]}
					]
				},
				{
					"name": "eyelid_sad_left",
					"parent": "eye_left",
					"pivot": [3.4, 33.9, -2.6],
					"cubes": [
						{"origin": [4.93, 34.5, -3.21], "size": [0, 2, 3], "uv": [1, 50]}
					]
				},
				{
					"name": "eyelid_happy_left",
					"parent": "eye_left",
					"pivot": [4.94, 34, -3.21],
					"cubes": [
						{"origin": [3.93, 33, -5.19], "size": [1, 2, 4], "uv": [89, 27]}
					]
				},
				{
					"name": "eyelid_recoil_left",
					"parent": "eye_left",
					"pivot": [4.94, 34, -3.21],
					"cubes": [
						{"origin": [3.93, 33, -5.19], "size": [1, 2, 4], "uv": [88, 34]}
					]
				},
				{
					"name": "eye_right",
					"parent": "head_angle",
					"pivot": [-3.5, 34.4, -2.7],
					"cubes": [
						{"origin": [-5.01, 35, -3.2], "size": [0, 1, 3], "uv": [17, 59]},
						{"origin": [-5.01, 33, -5.2], "size": [0, 2, 4], "uv": [1, -3]}
					]
				},
				{
					"name": "pupil_right",
					"parent": "eye_right",
					"pivot": [-4.53, 34.5, -3.71],
					"cubes": [
						{"origin": [-5.02, 34, -4.21], "size": [1, 1, 1], "uv": [112, 13]}
					]
				},
				{
					"name": "eyelid_right",
					"parent": "eye_right",
					"pivot": [-3.9, 34.4, -2.7],
					"cubes": [
						{"origin": [-4.93, 33, -5.19], "size": [1, 2, 4], "uv": [77, 20]}
					]
				},
				{
					"name": "eyelid_angry_right",
					"parent": "eye_right",
					"pivot": [-3.3, 33.9, -4.6],
					"cubes": [
						{"origin": [-4.93, 34.5, -5.2], "size": [0, 1, 2], "uv": [7, 60]}
					]
				},
				{
					"name": "eyelid_sad_right",
					"parent": "eye_right",
					"pivot": [-3.4, 33.9, -2.6],
					"cubes": [
						{"origin": [-4.93, 34.5, -3.21], "size": [0, 2, 3], "uv": [1, 47]}
					]
				},
				{
					"name": "eyelid_happy_right",
					"parent": "eye_right",
					"pivot": [-4.94, 34, -3.21],
					"cubes": [
						{"origin": [-4.93, 33, -5.19], "size": [1, 2, 4], "uv": [78, 27]}
					]
				},
				{
					"name": "eyelid_recoil_right",
					"parent": "eye_right",
					"pivot": [-4.94, 34, -3.21],
					"cubes": [
						{"origin": [-4.93, 33, -5.19], "size": [1, 2, 4], "uv": [77, 34]}
					]
				},
				{
					"name": "legs",
					"parent": "body",
					"pivot": [0, 10.5, 1.5]
				},
				{
					"name": "leg_left",
					"parent": "legs",
					"pivot": [4.5, 10.5, 1.5],
					"cubes": [
						{"origin": [3, 8.5, -4.5], "size": [5, 5, 8], "inflate": 0.01, "uv": [26, 48]}
					]
				},
				{
					"name": "leg_left2",
					"parent": "leg_left",
					"pivot": [5.5, 10.5, -4.5],
					"cubes": [
						{"origin": [4.5, 3.5, -5.5], "size": [2, 8, 2], "uv": [34, 38]}
					]
				},
				{
					"name": "foot_left",
					"parent": "leg_left2",
					"pivot": [5.5, 5, -4.5],
					"cubes": [
						{"origin": [3.5, 2, -7.5], "size": [4, 3, 4], "uv": [44, 49]}
					]
				},
				{
					"name": "foot_back_left",
					"parent": "foot_left",
					"pivot": [4, 2, -3.5],
					"cubes": [
						{"origin": [4.5, 2, -3.5], "size": [2, 3, 2], "uv": [24, 19]},
						{"origin": [5.5, 3, -2.5], "size": [0, 3, 2], "pivot": [4, 3, -2.5], "rotation": [-25, 0, 0], "uv": [80, 48]}
					]
				},
				{
					"name": "toes_left",
					"parent": "foot_left",
					"pivot": [5.5, 2.2, -7.5],
					"cubes": [
						{"origin": [2.5, 2.2, -10.5], "size": [6, 2, 3], "inflate": 0.01, "uv": [56, 48]}
					]
				},
				{
					"name": "toe_left1",
					"parent": "toes_left",
					"pivot": [3.5, 3.7, -10.3],
					"cubes": [
						{"origin": [2.5, 2.2, -12.3], "size": [2, 2, 2], "inflate": 0.1, "uv": [52, 60]}
					]
				},
				{
					"name": "toe_left2",
					"parent": "toes_left",
					"pivot": [5.5, 3.7, -10.5],
					"cubes": [
						{"origin": [4.5, 2.2, -12.5], "size": [2, 2, 2], "inflate": 0.11, "uv": [64, 60]}
					]
				},
				{
					"name": "toe_left3",
					"parent": "toes_left",
					"pivot": [7.5, 3.7, -10.3],
					"cubes": [
						{"origin": [6.5, 2.2, -12.3], "size": [2, 2, 2], "inflate": 0.1, "uv": [58, 58]}
					]
				},
				{
					"name": "leg_right",
					"parent": "legs",
					"pivot": [-4.5, 10.5, 1.5],
					"cubes": [
						{"origin": [-8, 8.5, -4.5], "size": [5, 5, 8], "inflate": 0.01, "uv": [0, 48]}
					]
				},
				{
					"name": "leg_right2",
					"parent": "leg_right",
					"pivot": [-5.5, 10.5, -4.5],
					"cubes": [
						{"origin": [-6.5, 3.5, -5.5], "size": [2, 8, 2], "uv": [26, 38]}
					]
				},
				{
					"name": "foot_right",
					"parent": "leg_right2",
					"pivot": [-5.5, 5, -4.5],
					"cubes": [
						{"origin": [-7.5, 2, -7.5], "size": [4, 3, 4], "uv": [18, 49]}
					]
				},
				{
					"name": "foot_back_right",
					"parent": "foot_right",
					"pivot": [-4, 2, -3.5],
					"cubes": [
						{"origin": [-6.5, 2, -3.5], "size": [2, 3, 2], "uv": [0, 19]},
						{"origin": [-5.5, 3, -2.5], "size": [0, 3, 2], "pivot": [-4, 3, -2.5], "rotation": [-25, 0, 0], "uv": [75, 48]}
					]
				},
				{
					"name": "toes_right",
					"parent": "foot_right",
					"pivot": [-5.5, 2.2, -7.5],
					"cubes": [
						{"origin": [-8.5, 2.2, -10.5], "size": [6, 2, 3], "inflate": 0.01, "uv": [59, 43]}
					]
				},
				{
					"name": "toe_right1",
					"parent": "toes_right",
					"pivot": [-3.5, 3.7, -10.3],
					"cubes": [
						{"origin": [-4.5, 2.2, -12.3], "size": [2, 2, 2], "inflate": 0.1, "uv": [52, 56]}
					]
				},
				{
					"name": "toe_right2",
					"parent": "toes_right",
					"pivot": [-5.5, 3.7, -10.5],
					"cubes": [
						{"origin": [-6.5, 2.2, -12.5], "size": [2, 2, 2], "inflate": 0.11, "uv": [64, 56]}
					]
				},
				{
					"name": "toe_right3",
					"parent": "toes_right",
					"pivot": [-7.5, 3.7, -10.3],
					"cubes": [
						{"origin": [-8.5, 2.2, -12.3], "size": [2, 2, 2], "inflate": 0.1, "uv": [58, 54]}
					]
				}
			]
		}
	]
}