{
	"format_version": "1.12.0",
	"minecraft:geometry": [
		{
			"description": {
				"identifier": "geometry.amoonguss",
				"texture_width": 128,
				"texture_height": 64,
				"visible_bounds_width": 3,
				"visible_bounds_height": 3.5,
				"visible_bounds_offset": [0, 1.25, 0]
			},
			"bones": [
				{
					"name": "amoonguss",
					"pivot": [0, 0, 0]
				},
				{
					"name": "body",
					"parent": "amoonguss",
					"pivot": [0, 9, 0]
				},
				{
                    "name": "locator_seat_1",
                    "parent": "body",
                    "pivot": [0, 19, 1],
                    "locators": {
                        "seat_1": [0, 19, 1]
                    }
                },
				{
					"name": "torso",
					"parent": "body",
					"pivot": [0, 0, 0.5]
				},
				{
					"name": "torso_squish",
					"parent": "torso",
					"pivot": [0, 3.5, 0.5],
					"cubes": [
						{"origin": [-5.5, 0, -5], "size": [11, 7, 11], "uv": [0, 23]}
					]
				},
				{
					"name": "head",
					"parent": "torso",
					"pivot": [0, 6.5, 0],
					"cubes": [
						{"origin": [-4, 3, -3.5], "size": [8, 12, 8], "uv": [44, 23]}
					]
				},
				{
					"name": "mouth",
					"parent": "head",
					"pivot": [0, 11, -3.51],
					"cubes": [
						{"origin": [-1.5, 9.5, -5], "size": [3, 3, 2], "uv": [0, 14]}
					]
				},
				{
					"name": "mouth_hole",
					"parent": "mouth",
					"pivot": [0, 11, -5.02],
					"cubes": [
						{"origin": [-0.5, 10.5, -5.02], "size": [1, 1, 0], "uv": [9, 14]}
					]
				},
				{
					"name": "arms",
					"parent": "head",
					"pivot": [0, 8.25, 0.5]
				},
				{
					"name": "arm_left",
					"parent": "arms",
					"pivot": [3.5, 8.25, 0.5],
					"cubes": [
						{"origin": [3, 7.25, -0.5], "size": [5, 2, 2], "inflate": 0.02, "uv": [57, 8]}
					]
				},
				{
					"name": "arm_left2",
					"parent": "arm_left",
					"pivot": [8, 8.25, 1.5],
					"cubes": [
						{"origin": [8, 7.25, -0.5], "size": [3, 2, 2], "uv": [57, 12]}
					]
				},
				{
					"name": "hand_left",
					"parent": "arm_left2",
					"pivot": [10.5, 8.25, 0.5],
					"cubes": [
						{"origin": [10.5, 4.25, -3.5], "size": [2, 8, 8], "uv": [96, 19]},
						{"origin": [11.5, 7.75, -3.5], "size": [1, 1, 8], "inflate": 0.02, "uv": [0, 41]},
						{"origin": [12.5, 5.25, -2.5], "size": [1, 6, 6], "uv": [90, 35]},
						{"origin": [12.5, 7.75, -2.5], "size": [1, 1, 6], "inflate": 0.02, "uv": [23, 41]}
					]
				},
				{
					"name": "arm_right",
					"parent": "arms",
					"pivot": [-3.5, 8.25, 0.5],
					"cubes": [
						{"origin": [-8, 7.25, -0.5], "size": [5, 2, 2], "inflate": 0.02, "uv": [57, 0]}
					]
				},
				{
					"name": "arm_right2",
					"parent": "arm_right",
					"pivot": [-8, 8.25, 1.5],
					"cubes": [
						{"origin": [-11, 7.25, -0.5], "size": [3, 2, 2], "uv": [57, 4]}
					]
				},
				{
					"name": "hand_right",
					"parent": "arm_right2",
					"pivot": [-10.5, 8.25, 0.5],
					"cubes": [
						{"origin": [-12.5, 4.25, -3.5], "size": [2, 8, 8], "uv": [76, 19]},
						{"origin": [-12.5, 7.75, -3.5], "size": [1, 1, 8], "inflate": 0.02, "uv": [0, 50]},
						{"origin": [-13.5, 5.25, -2.5], "size": [1, 6, 6], "uv": [76, 35]},
						{"origin": [-13.5, 7.75, -2.5], "size": [1, 1, 6], "inflate": 0.02, "uv": [23, 48]}
					]
				},
				{
					"name": "eyes",
					"parent": "head",
					"pivot": [0, 12.75, -3.52]
				},
				{
					"name": "eye_left",
					"parent": "eyes",
					"pivot": [2, 12.75, -3.52],
					"cubes": [
						{"origin": [1, 11.75, -3.52], "size": [2, 2, 0], "uv": [5, 1]}
					]
				},
				{
					"name": "pupil_left",
					"parent": "eye_left",
					"pivot": [2, 13.5, -3.54],
					"cubes": [
						{"origin": [1.5, 13, -3.54], "size": [1, 1, 0], "uv": [12, 1]}
					]
				},
				{
					"name": "eyebrow_left",
					"parent": "eye_left",
					"pivot": [2, 14.25, -3.56],
					"cubes": [
						{"origin": [0.5, 13.75, -3.56], "size": [3, 1, 0], "uv": [8, 10]}
					]
				},
				{
					"name": "eye_left_overlay_small",
					"parent": "eye_left",
					"pivot": [3, 14.25, -3.46],
					"cubes": [
						{"origin": [1.5, 13.75, -3.48], "size": [2, 1, 0], "uv": [10, 3], "mirror": true}
					]
				},
				{
					"name": "eye_left_happy",
					"parent": "eyes",
					"pivot": [2.5, 13, -3.42],
					"cubes": [
						{"origin": [1, 12, -3.42], "size": [3, 2, 0], "uv": [8, 7]}
					]
				},
				{
					"name": "eyelid_left",
					"parent": "eyes",
					"pivot": [2, 13, -3.42],
					"cubes": [
						{"origin": [1, 12, -3.42], "size": [3, 1, 0], "uv": [8, 12]}
					]
				},
				{
					"name": "eye_left_hurt",
					"parent": "eyes",
					"pivot": [2.25, 13, -3.42],
					"cubes": [
						{"origin": [1.25, 12, -3.42], "size": [2, 2, 0], "uv": [5, 4]}
					]
				},
				{
					"name": "eye_right",
					"parent": "eyes",
					"pivot": [-2, 12.75, -3.52],
					"cubes": [
						{"origin": [-3, 11.75, -3.52], "size": [2, 2, 0], "uv": [1, 1]}
					]
				},
				{
					"name": "pupil_right",
					"parent": "eye_right",
					"pivot": [-2, 13.5, -3.54],
					"cubes": [
						{"origin": [-2.5, 13, -3.54], "size": [1, 1, 0], "uv": [10, 1]}
					]
				},
				{
					"name": "eyebrow_right",
					"parent": "eye_right",
					"pivot": [-2, 14.25, -3.56],
					"cubes": [
						{"origin": [-3.5, 13.75, -3.56], "size": [3, 1, 0], "uv": [1, 10]}
					]
				},
				{
					"name": "eye_right_overlay_small",
					"parent": "eye_right",
					"pivot": [-3, 14.25, -3.46],
					"cubes": [
						{"origin": [-3.5, 13.75, -3.48], "size": [2, 1, 0], "uv": [10, 2]}
					]
				},
				{
					"name": "eye_right_happy",
					"parent": "eyes",
					"pivot": [-2.5, 13, -3.42],
					"cubes": [
						{"origin": [-4, 12, -3.42], "size": [3, 2, 0], "uv": [1, 7]}
					]
				},
				{
					"name": "eyelid_right",
					"parent": "eyes",
					"pivot": [-2, 13, -3.42],
					"cubes": [
						{"origin": [-4, 12, -3.42], "size": [3, 1, 0], "uv": [1, 12]}
					]
				},
				{
					"name": "eye_right_hurt",
					"parent": "eyes",
					"pivot": [-2.25, 13, -3.42],
					"cubes": [
						{"origin": [-3.25, 12, -3.42], "size": [2, 2, 0], "uv": [1, 4]}
					]
				},
				{
					"name": "hat",
					"parent": "head",
					"pivot": [0, 14.5, 0.5],
					"cubes": [
						{"origin": [-9.5, 14, -9], "size": [19, 4, 19], "uv": [0, 0]},
						{"origin": [4, 17, -9], "size": [4, 1, 2], "inflate": 0.02, "uv": [106, 0]},
						{"origin": [-9, 17, -9], "size": [3, 1, 3], "inflate": 0.02, "uv": [115, 7]},
						{"origin": [-8, 18, -7.5], "size": [2, 3, 2], "inflate": 0.02, "uv": [109, 20]},
						{"origin": [7.5, 17, -4.5], "size": [2, 1, 3], "inflate": 0.02, "uv": [106, 4]},
						{"origin": [8.02, 18, -4.5], "size": [0, 2, 3], "uv": [106, 6]},
						{"origin": [4, 18.02, 8], "size": [4, 0, 2], "uv": [117, 4]},
						{"origin": [-6, 16, 8], "size": [4, 2, 2], "inflate": 0.02, "uv": [89, 20]},
						{"origin": [4, 18, 8.52], "size": [4, 2, 0], "uv": [119, 1]},
						{"origin": [-8, 18, -7.5], "size": [16, 3, 16], "uv": [57, 0]},
						{"origin": [-1, 15, -9], "size": [2, 3, 19], "inflate": 0.02, "uv": [0, 41]}
					]
				}
			]
		}
	]
}