{
	"format_version": "1.12.0",
	"minecraft:geometry": [
		{
			"description": {
				"identifier": "geometry.heliolisk",
				"texture_width": 112,
				"texture_height": 112,
				"visible_bounds_width": 7,
				"visible_bounds_height": 4,
				"visible_bounds_offset": [0, 1, 0]
			},
			"bones": [
				{
					"name": "heliolisk",
					"pivot": [0, 0, 0]
				},
				{
					"name": "body",
					"parent": "heliolisk",
					"pivot": [0, 0, 0]
				},
				{
					"name": "legs",
					"parent": "body",
					"pivot": [0, 0, 3]
				},
				{
					"name": "leg1",
					"parent": "legs",
					"pivot": [5, 11, 1],
					"cubes": [
						{"origin": [3, 6, -1], "size": [3, 7, 5], "uv": [21, 64]}
					]
				},
				{
					"name": "leg_part1",
					"parent": "leg1",
					"pivot": [4, 6, 2],
					"cubes": [
						{"origin": [3.5, 1, 0.5], "size": [2, 7, 2], "uv": [15, 86]}
					]
				},
				{
					"name": "leg_mini1",
					"parent": "leg_part1",
					"pivot": [0, 0, 3],
					"cubes": [
						{"origin": [3, 0, -0.5], "size": [3, 1, 3], "uv": [85, 86]}
					]
				},
				{
					"name": "leg_mini_part1",
					"parent": "leg_mini1",
					"pivot": [4, 1, 4],
					"cubes": [
						{"origin": [3, 0, -1.5], "size": [3, 1, 1], "uv": [85, 39]}
					]
				},
				{
					"name": "leg_nails1",
					"parent": "leg_mini_part1",
					"pivot": [0, 1, 0]
				},
				{
					"name": "leg_nail1",
					"parent": "leg_nails1",
					"pivot": [6, 1, -4],
					"cubes": [
						{"origin": [5, 0, -4.5], "size": [1, 1, 3], "uv": [73, 94]}
					]
				},
				{
					"name": "leg_nail2",
					"parent": "leg_nails1",
					"pivot": [3, 1, -4],
					"cubes": [
						{"origin": [3, 0, -4.5], "size": [1, 1, 3], "uv": [82, 95]}
					]
				},
				{
					"name": "leg_nail3",
					"parent": "leg_nails1",
					"pivot": [5, 1, -4],
					"cubes": [
						{"origin": [4, 0, -4.5], "size": [1, 1, 3], "uv": [91, 95]}
					]
				},
				{
					"name": "leg2",
					"parent": "legs",
					"pivot": [-6, 11, 1],
					"cubes": [
						{"origin": [-7, 6, -1], "size": [3, 7, 5], "uv": [21, 64], "mirror": true}
					]
				},
				{
					"name": "leg_part2",
					"parent": "leg2",
					"pivot": [-5, 6, 2],
					"cubes": [
						{"origin": [-6.5, 1, 0.5], "size": [2, 7, 2], "uv": [15, 86], "mirror": true}
					]
				},
				{
					"name": "leg_mini2",
					"parent": "leg_part2",
					"pivot": [-1, 0, 3],
					"cubes": [
						{"origin": [-7, 0, -0.5], "size": [3, 1, 3], "uv": [85, 86], "mirror": true}
					]
				},
				{
					"name": "leg_mini_part2",
					"parent": "leg_mini2",
					"pivot": [-5, 1, 4],
					"cubes": [
						{"origin": [-7, 0, -1.5], "size": [3, 1, 1], "uv": [85, 39], "mirror": true}
					]
				},
				{
					"name": "leg_nails2",
					"parent": "leg_mini_part2",
					"pivot": [-1, 1, 0]
				},
				{
					"name": "leg_nail4",
					"parent": "leg_nails2",
					"pivot": [-7, 1, -4],
					"cubes": [
						{"origin": [-7, 0, -4.5], "size": [1, 1, 3], "uv": [73, 94], "mirror": true}
					]
				},
				{
					"name": "leg_nail5",
					"parent": "leg_nails2",
					"pivot": [-4, 1, -4],
					"cubes": [
						{"origin": [-5, 0, -4.5], "size": [1, 1, 3], "uv": [82, 95], "mirror": true}
					]
				},
				{
					"name": "leg_nail6",
					"parent": "leg_nails2",
					"pivot": [-6, 1, -4],
					"cubes": [
						{"origin": [-6, 0, -4.5], "size": [1, 1, 3], "uv": [91, 95], "mirror": true}
					]
				},
				{
					"name": "torso",
					"parent": "body",
					"pivot": [-1, 8, 1],
					"cubes": [
						{"origin": [-4, 8, -2], "size": [7, 10, 7], "uv": [0, 26]}
					]
				},
				{
					"name": "torso2",
					"parent": "torso",
					"pivot": [-1, 21, 3],
					"cubes": [
						{"origin": [-3.5, 18, -1.5], "size": [6, 6, 5], "uv": [54, 42]}
					]
				},
				{
					"name": "hands",
					"parent": "torso2",
					"pivot": [0, 23, 0]
				},
				{
					"name": "hand1",
					"parent": "hands",
					"pivot": [3, 21, 1],
					"cubes": [
						{"origin": [2.5, 21, -1], "size": [3, 2, 2], "uv": [36, 89]}
					]
				},
				{
					"name": "hand_part1",
					"parent": "hand1",
					"pivot": [6, 21, 1],
					"cubes": [
						{"origin": [5.5, 21, -1], "size": [3, 2, 2], "uv": [37, 94]}
					]
				},
				{
					"name": "hand_mini1",
					"parent": "hand_part1",
					"pivot": [9, 21, 1],
					"cubes": [
						{"origin": [8.5, 21, -1.5], "size": [2, 2, 3], "uv": [48, 89]}
					]
				},
				{
					"name": "hand_nails1",
					"parent": "hand_mini1",
					"pivot": [9, 21, 1]
				},
				{
					"name": "hand_nail1",
					"parent": "hand_nails1",
					"pivot": [10, 21, -1],
					"cubes": [
						{"origin": [10, 21.5, -1.49], "size": [3, 1, 0], "uv": [35, 86]}
					]
				},
				{
					"name": "hand_nail2",
					"parent": "hand_nails1",
					"pivot": [10, 21, 3],
					"cubes": [
						{"origin": [10, 21.5, 1.51], "size": [3, 1, 0], "uv": [94, 39]}
					]
				},
				{
					"name": "hand_nail3",
					"parent": "hand_nails1",
					"pivot": [10, 21, 1],
					"cubes": [
						{"origin": [10, 21.5, 0], "size": [3, 1, 0], "uv": [96, 91]}
					]
				},
				{
					"name": "hand2",
					"parent": "hands",
					"pivot": [-3, 21, 1],
					"cubes": [
						{"origin": [-6.5, 21, -1], "size": [4, 2, 2], "uv": [35, 89], "mirror": true}
					]
				},
				{
					"name": "hand_part2",
					"parent": "hand2",
					"pivot": [-7, 21, 1],
					"cubes": [
						{"origin": [-9.5, 21, -1], "size": [3, 2, 2], "uv": [37, 94], "mirror": true}
					]
				},
				{
					"name": "hand_mini2",
					"parent": "hand_part2",
					"pivot": [-10, 21, 1],
					"cubes": [
						{"origin": [-11.5, 21, -1.5], "size": [2, 2, 3], "uv": [48, 89], "mirror": true}
					]
				},
				{
					"name": "hand_nails2",
					"parent": "hand_mini2",
					"pivot": [-10, 21, 1]
				},
				{
					"name": "hand_nail4",
					"parent": "hand_nails2",
					"pivot": [-11, 21, -1],
					"cubes": [
						{"origin": [-14, 21.5, -1.49], "size": [3, 1, 0], "uv": [35, 86], "mirror": true}
					]
				},
				{
					"name": "hand_nail5",
					"parent": "hand_nails2",
					"pivot": [-11, 21, 3],
					"cubes": [
						{"origin": [-14, 21.5, 1.51], "size": [3, 1, 0], "uv": [94, 39], "mirror": true}
					]
				},
				{
					"name": "hand_nail6",
					"parent": "hand_nails2",
					"pivot": [-11, 21, 1],
					"cubes": [
						{"origin": [-14, 21.5, 0], "size": [3, 1, 0], "uv": [96, 91], "mirror": true}
					]
				},
				{
					"name": "torso3",
					"parent": "torso2",
					"pivot": [-2, 21, 5],
					"cubes": [
						{"origin": [-2.5, 24, -1], "size": [4, 4, 4], "uv": [42, 78]}
					]
				},
				{
					"name": "head",
					"parent": "torso3",
					"pivot": [-1, 28, 1],
					"cubes": [
						{"origin": [-4.1, 28.2, -3.55], "size": [7, 7, 8], "inflate": -0.001, "uv": [29, 26]}
					]
				},
				{
					"name": "mounths",
					"parent": "head",
					"pivot": [-1, 30, 0]
				},
				{
					"name": "mounth1",
					"parent": "mounths",
					"pivot": [-1, 30, 0],
					"cubes": [
						{"origin": [-2.5, 28.2, -10.5], "size": [5, 2, 5], "pivot": [5, 28, -5], "rotation": [0, 45, 0], "uv": [76, 62]}
					]
				},
				{
					"name": "mounth2",
					"parent": "mounths",
					"pivot": [-1, 30, 0],
					"cubes": [
						{"origin": [-2.5, 30.2, -10.5], "size": [5, 4, 5], "pivot": [5, 30, -5], "rotation": [0, 45, 0], "uv": [60, 26]}
					]
				},
				{
					"name": "eyes",
					"parent": "head",
					"pivot": [-1, 27, 2]
				},
				{
					"name": "eye1",
					"parent": "eyes",
					"pivot": [1, 26, 3],
					"rotation": [0, 22.5, 0],
					"cubes": [
						{"origin": [3.3, 30, -3], "size": [2, 4, 3], "uv": [24, 86], "mirror": true},
						{"origin": [5.3, 34, -3], "size": [0, 3, 3], "uv": [11, 96], "mirror": true}
					]
				},
				{
					"name": "eye_pupiled1",
					"parent": "eye1",
					"pivot": [1, 26, 3],
					"cubes": [
						{"origin": [5.31, 30, -3], "size": [0, 4, 3], "uv": [59, 94], "mirror": true},
						{"origin": [5.32, 31, -3], "size": [0, 3, 2], "uv": [18, 96], "mirror": true},
						{"origin": [5.33, 31.5, -2.7], "size": [0, 2, 1], "uv": [25, 44], "mirror": true}
					]
				},
				{
					"name": "eye2",
					"parent": "eyes",
					"pivot": [-6, 26, 1],
					"rotation": [0, -22.5, 0],
					"cubes": [
						{"origin": [-6.1, 30, -5], "size": [2, 4, 3], "uv": [24, 86]},
						{"origin": [-6.1, 34, -5], "size": [0, 3, 3], "uv": [11, 96]}
					]
				},
				{
					"name": "eye_pupiled2",
					"parent": "eye2",
					"pivot": [-2, 26, 1],
					"cubes": [
						{"origin": [-6.1, 30, -5], "size": [0, 4, 3], "uv": [59, 94]},
						{"origin": [-6.11, 31, -5], "size": [0, 3, 2], "uv": [18, 96]},
						{"origin": [-6.12, 31.5, -4.7], "size": [0, 2, 1], "uv": [25, 44]}
					]
				},
				{
					"name": "tail",
					"parent": "torso",
					"pivot": [0, 8, 6],
					"cubes": [
						{"origin": [-3, 8, 5], "size": [5, 6, 7], "uv": [29, 42]}
					]
				},
				{
					"name": "tail2",
					"parent": "tail",
					"pivot": [0, 8, 13],
					"cubes": [
						{"origin": [-2.5, 9, 12], "size": [4, 4, 6], "uv": [2, 46]}
					]
				},
				{
					"name": "tail3",
					"parent": "tail2",
					"pivot": [0, 11, 19],
					"cubes": [
						{"origin": [-2, 9.5, 18], "size": [3, 3, 7], "uv": [0, 57]}
					]
				},
				{
					"name": "tail4",
					"parent": "tail3",
					"pivot": [0, 11, 25],
					"cubes": [
						{"origin": [-2, 9.5, 25], "size": [3, 3, 6], "uv": [0, 68]}
					]
				},
				{
					"name": "tail5",
					"parent": "tail4",
					"pivot": [0, 11, 33],
					"cubes": [
						{"origin": [-1.5, 10, 31], "size": [2, 2, 7], "uv": [38, 68]}
					]
				},
				{
					"name": "tail6",
					"parent": "tail5",
					"pivot": [0, 8, 40],
					"cubes": [
						{"origin": [-1.5, 10, 38], "size": [2, 2, 7], "uv": [57, 68]}
					]
				},
				{
					"name": "torso_sun",
					"parent": "torso",
					"pivot": [-1, 25, 1]
				},
				{
					"name": "sun1",
					"parent": "torso_sun",
					"pivot": [-2, 28, 0],
					"cubes": [
						{"origin": [-3, 28, -11], "size": [5, 0, 7], "uv": [54, 54]},
						{"origin": [-2.5, 28, -4], "size": [4, 0, 3], "uv": [79, 58]}
					]
				},
				{
					"name": "sun2",
					"parent": "torso_sun",
					"pivot": [1, 28, 2],
					"rotation": [0, 180, 0],
					"cubes": [
						{"origin": [0, 28, -9], "size": [5, 0, 7], "uv": [54, 54]},
						{"origin": [0.5, 28, -2], "size": [4, 0, 3], "uv": [79, 58]}
					]
				},
				{
					"name": "sun3",
					"parent": "torso_sun",
					"pivot": [2, 28, 1],
					"rotation": [0, -32.5, 0],
					"cubes": [
						{"origin": [-1.5, 28, -10], "size": [3, 0, 7], "uv": [76, 70]},
						{"origin": [-1, 28, -3], "size": [3, 0, 3], "uv": [70, 90]}
					]
				},
				{
					"name": "sun_part1",
					"parent": "sun3",
					"pivot": [5, 28, 1],
					"cubes": [
						{"origin": [1.5, 28, -10], "size": [2, 0, 7], "uv": [59, 78]}
					]
				},
				{
					"name": "sun_mini1",
					"parent": "sun_part1",
					"pivot": [5, 28, 1],
					"cubes": [
						{"origin": [1, 28, -3], "size": [2, 0, 3], "uv": [38, 64]}
					]
				},
				{
					"name": "sun4",
					"parent": "torso_sun",
					"pivot": [-1, 28, 2],
					"rotation": [0, -140, 0],
					"cubes": [
						{"origin": [-4.5, 28, -9], "size": [3, 0, 7], "uv": [76, 70]},
						{"origin": [-4, 28, -2], "size": [3, 0, 3], "uv": [70, 90]}
					]
				},
				{
					"name": "sun_part2",
					"parent": "sun4",
					"pivot": [2, 28, 2],
					"cubes": [
						{"origin": [-1.5, 28, -9], "size": [2, 0, 7], "uv": [59, 78]}
					]
				},
				{
					"name": "sun_mini2",
					"parent": "sun_part2",
					"pivot": [2, 28, 2],
					"cubes": [
						{"origin": [-2, 28, -2], "size": [2, 0, 3], "uv": [38, 64]}
					]
				},
				{
					"name": "sun8",
					"parent": "torso_sun",
					"pivot": [0, 28, 2],
					"rotation": [0, 140, 0],
					"cubes": [
						{"origin": [0.5, 28, -9], "size": [3, 0, 7], "uv": [76, 70], "mirror": true},
						{"origin": [0, 28, -2], "size": [3, 0, 3], "uv": [70, 90], "mirror": true}
					]
				},
				{
					"name": "sun_part4",
					"parent": "sun8",
					"pivot": [-3, 28, 2],
					"cubes": [
						{"origin": [-1.5, 28, -9], "size": [2, 0, 7], "uv": [59, 78], "mirror": true}
					]
				},
				{
					"name": "sun_mini4",
					"parent": "sun_part4",
					"pivot": [-3, 28, 2],
					"cubes": [
						{"origin": [-1, 28, -2], "size": [2, 0, 3], "uv": [38, 64], "mirror": true}
					]
				},
				{
					"name": "sun6",
					"parent": "torso_sun",
					"pivot": [-3, 28, 1],
					"rotation": [0, 32.5, 0],
					"cubes": [
						{"origin": [-2.5, 28, -10], "size": [3, 0, 7], "uv": [76, 70], "mirror": true},
						{"origin": [-3, 28, -3], "size": [3, 0, 3], "uv": [70, 90], "mirror": true}
					]
				},
				{
					"name": "sun_part3",
					"parent": "sun6",
					"pivot": [-6, 28, 1],
					"cubes": [
						{"origin": [-4.5, 28, -10], "size": [2, 0, 7], "uv": [59, 78], "mirror": true}
					]
				},
				{
					"name": "sun_mini3",
					"parent": "sun_part3",
					"pivot": [-6, 28, 1],
					"cubes": [
						{"origin": [-4, 28, -3], "size": [2, 0, 3], "uv": [38, 64], "mirror": true}
					]
				},
				{
					"name": "sun5",
					"parent": "torso_sun",
					"pivot": [1, 28, 1],
					"cubes": [
						{"origin": [4, 28, -1.5], "size": [7, 0, 5], "uv": [60, 36]},
						{"origin": [1, 28, -1], "size": [3, 0, 4], "uv": [85, 34]}
					]
				},
				{
					"name": "sun7",
					"parent": "torso_sun",
					"pivot": [-1, 28, 1],
					"cubes": [
						{"origin": [-11, 28, -1.5], "size": [7, 0, 5], "uv": [60, 36], "mirror": true},
						{"origin": [-4, 28, -1], "size": [3, 0, 4], "uv": [85, 34], "mirror": true}
					]
				},
				{
					"name": "sun_battle",
					"parent": "torso_sun",
					"pivot": [-1, 28, 1],
					"cubes": [
						{"origin": [-12, 27.99, -12], "size": [23, 0, 25], "uv": [0, 0]}
					]
				}
			]
		}
	]
}