{
	"format_version": "1.12.0",
	"minecraft:geometry": [
		{
			"description": {
				"identifier": "geometry.coalossal",
				"texture_width": 256,
				"texture_height": 256,
				"visible_bounds_width": 6,
				"visible_bounds_height": 6,
				"visible_bounds_offset": [0, 2, 0]
			},
			"bones": [
				{
					"name": "coalossal",
					"pivot": [0, 0, 0]
				},
				{
					"name": "locator_top",
					"parent": "coalossal",
					"pivot": [0, 55, 1],
					"locators": {
						"top": [0, 55, 1]
					}
				},
				{
					"name": "locator_root",
					"parent": "coalossal",
					"pivot": [0, 0, 0],
					"locators": {
						"root": [0, 0, 0]
					}
				},
				{
					"name": "allbody",
					"parent": "coalossal",
					"pivot": [0, 0, 0]
				},
				{
					"name": "locator_target",
					"parent": "allbody",
					"pivot": [-1, 39, -11],
					"locators": {
						"target": [-1, 39, -11]
					}
				},
				{
					"name": "legs",
					"parent": "allbody",
					"pivot": [0, 0, 0]
				},
				{
					"name": "leg1",
					"parent": "legs",
					"pivot": [-2, 2, 1],
					"cubes": [
						{"origin": [7.5, 7, -3.5], "size": [8, 12, 10], "uv": [69, 0]}
					]
				},
				{
					"name": "legpart1",
					"parent": "leg1",
					"pivot": [-2, 2, 1],
					"cubes": [
						{"origin": [9, 5, -1], "size": [5, 7, 5], "uv": [121, 75]}
					]
				},
				{
					"name": "legwalk1",
					"parent": "legpart1",
					"pivot": [-2, 2, 1],
					"cubes": [
						{"origin": [8, 0, -3], "size": [7, 5, 8], "uv": [68, 114]},
						{"origin": [7, 0, -5], "size": [3, 3, 5], "pivot": [8, 0, -2], "rotation": [0, 20, 0], "uv": [139, 22]},
						{"origin": [13, 0, -5], "size": [3, 3, 5], "pivot": [15, 0, -2], "rotation": [0, -20, 0], "uv": [139, 31]},
						{"origin": [10, 0, -7], "size": [3, 3, 5], "uv": [85, 139]}
					]
				},
				{
					"name": "leg2",
					"parent": "legs",
					"pivot": [2, 2, 1],
					"cubes": [
						{"origin": [-15.5, 7, -3.5], "size": [8, 12, 10], "uv": [69, 0], "mirror": true}
					]
				},
				{
					"name": "legpart2",
					"parent": "leg2",
					"pivot": [2, 2, 1],
					"cubes": [
						{"origin": [-14, 5, -1], "size": [5, 7, 5], "uv": [121, 75], "mirror": true}
					]
				},
				{
					"name": "legwalk2",
					"parent": "legpart2",
					"pivot": [2, 2, 1],
					"cubes": [
						{"origin": [-15, 0, -3], "size": [7, 5, 8], "uv": [68, 114], "mirror": true},
						{"origin": [-10, 0, -5], "size": [3, 3, 5], "pivot": [-8, 0, -2], "rotation": [0, -20, 0], "uv": [139, 22], "mirror": true},
						{"origin": [-16, 0, -5], "size": [3, 3, 5], "pivot": [-15, 0, -2], "rotation": [0, 20, 0], "uv": [139, 31], "mirror": true},
						{"origin": [-13, 0, -7], "size": [3, 3, 5], "uv": [85, 139], "mirror": true}
					]
				},
				{
					"name": "torso",
					"parent": "allbody",
					"pivot": [0, -3, 0],
					"cubes": [
						{"origin": [-7, 19, -10], "size": [6, 7, 3], "pivot": [-4, 20, -9], "rotation": [-2.5, 0, 0], "uv": [48, 130]},
						{"origin": [0, 11, -10], "size": [7, 7, 2], "pivot": [3, 12, -8], "rotation": [-2.5, 0, 0], "uv": [131, 124]},
						{"origin": [0, 19, -9], "size": [7, 7, 3], "uv": [85, 128]},
						{"origin": [-6, 12, -9], "size": [5, 6, 1], "pivot": [-5, 12, -8], "rotation": [-2.5, 0, 0], "uv": [72, 144]},
						{"origin": [-8, 10, -8], "size": [16, 16, 18], "uv": [0, 0]},
						{"origin": [-7.5, 25, -7.5], "size": [15, 4, 17], "uv": [0, 35]},
						{"origin": [-4, 8, 9], "size": [8, 27, 4], "uv": [59, 79]},
						{"origin": [-8.8, 9, 8.2], "size": [5, 24, 4], "inflate": -0.01, "uv": [37, 85]},
						{"origin": [3.8, 9, 8.2], "size": [5, 24, 4], "inflate": -0.01, "uv": [37, 85], "mirror": true},
						{"origin": [-1.5, 8.7, -6], "size": [3, 3, 12], "uv": [37, 114]},
						{"origin": [2, 9, -6], "size": [3, 2, 13], "uv": [106, 14]},
						{"origin": [-5, 9, -6], "size": [3, 2, 13], "uv": [106, 14], "mirror": true}
					]
				},
				{
					"name": "torso_mini",
					"parent": "torso",
					"pivot": [0, -16, -3],
					"cubes": [
						{"origin": [-6.4, 26, -5.5], "size": [13, 11, 14], "uv": [2, 59]},
						{"origin": [2, 28, -7.3], "size": [3, 3, 3], "pivot": [4, 28, -7], "rotation": [25.22872, 18.98052, 39.19477], "uv": [147, 117]},
						{"origin": [3, 31, 6.7], "size": [3, 3, 3], "pivot": [5, 31, 7], "rotation": [52.69726, 36.7415, 49.67638], "uv": [148, 48]},
						{"origin": [-8, 28, 6.7], "size": [3, 3, 3], "pivot": [-6, 26, 6], "rotation": [-13.30796, -62.31521, 51.2868], "uv": [85, 148]},
						{"origin": [3, 27, 2.7], "size": [3, 3, 3], "pivot": [5, 27, 3], "rotation": [52.69726, 36.7415, 49.67638], "uv": [148, 86]},
						{"origin": [-9, 27, -7.3], "size": [3, 3, 3], "pivot": [-7, 27, -7], "rotation": [25.22872, 18.98052, 39.19477], "uv": [0, 149]},
						{"origin": [-9, 27, -0.3], "size": [3, 3, 3], "pivot": [-7, 27, 0], "rotation": [52.72872, 18.98052, 39.19477], "uv": [32, 150]},
						{"origin": [2, 31, -8.3], "size": [3, 3, 2], "pivot": [3, 31, -8], "rotation": [-17.56153, -38.02444, 8.97929], "uv": [96, 46]},
						{"origin": [0, 32, -8.3], "size": [3, 3, 2], "pivot": [1, 32, -8], "rotation": [-25.943, -33.36366, 23.28349], "uv": [45, 150]},
						{"origin": [-1, 33, -6.3], "size": [3, 3, 3], "pivot": [1, 33, -7], "rotation": [2.09446, -63.79633, -21.14467], "uv": [150, 55]},
						{"origin": [-5, 30, -7.3], "size": [3, 3, 2], "pivot": [-4, 30, -7], "rotation": [-17.56153, -38.02444, 8.97929], "uv": [150, 62]}
					]
				},
				{
					"name": "bone3",
					"parent": "torso_mini",
					"pivot": [0, -19, -3],
					"cubes": [
						{"origin": [-5.5, 34, -4.5], "size": [11, 8, 12], "uv": [60, 58]}
					]
				},
				{
					"name": "bone4",
					"parent": "bone3",
					"pivot": [-1, -14, -2],
					"cubes": [
						{"origin": [-4, 42, -2.5], "size": [8, 6, 9], "uv": [84, 98]}
					]
				},
				{
					"name": "bone5",
					"parent": "bone4",
					"pivot": [-1, -14, -2],
					"cubes": [
						{"origin": [-7, 47, 8], "size": [3, 6, 3], "pivot": [-6, -10, 7], "rotation": [10, 25, 10], "uv": [125, 143]},
						{"origin": [-3, 43, 3], "size": [3, 7, 3], "uv": [23, 118]}
					]
				},
				{
					"name": "hands",
					"parent": "torso",
					"pivot": [0, -4, -3]
				},
				{
					"name": "hand1",
					"parent": "hands",
					"pivot": [9, 29, -3]
				},
				{
					"name": "hand_parte1",
					"parent": "hand1",
					"pivot": [-1, -4, -3],
					"cubes": [
						{"origin": [7, 25, -5], "size": [8, 8, 10], "uv": [84, 79]}
					]
				},
				{
					"name": "bone",
					"parent": "hand_parte1",
					"pivot": [8, 33, -3],
					"cubes": [
						{"origin": [9, 33, -4], "size": [5, 7, 6], "pivot": [8, 33, -3], "rotation": [-12.5, 0, 5], "uv": [0, 118]},
						{"origin": [11, 37, -2], "size": [3, 10, 5], "pivot": [10, 37, -1], "rotation": [-12.5, 0, -5], "uv": [68, 128]}
					]
				},
				{
					"name": "hand_mini1",
					"parent": "hand_parte1",
					"pivot": [8, 29, -3],
					"cubes": [
						{"origin": [15, 27, -1.5], "size": [9, 3, 3], "uv": [106, 128]}
					]
				},
				{
					"name": "fist1",
					"parent": "hand_mini1",
					"pivot": [7, 29, -3]
				},
				{
					"name": "fist",
					"parent": "fist1",
					"pivot": [7, 29, -3],
					"cubes": [
						{"origin": [23, 26, -4], "size": [10, 5, 8], "uv": [0, 104]}
					]
				},
				{
					"name": "nail_left",
					"parent": "fist",
					"pivot": [34, 30, 0],
					"cubes": [
						{"origin": [31, 27, 1.5], "size": [4, 3, 3], "pivot": [32, 27, 3], "rotation": [0, -10, 0], "uv": [138, 143]},
						{"origin": [31, 27, -4.5], "size": [4, 3, 3], "pivot": [32, 27, -3], "rotation": [0, 10, 0], "uv": [138, 143]},
						{"origin": [31, 27, -1.5], "size": [6, 3, 3], "uv": [142, 79]}
					]
				},
				{
					"name": "hand2",
					"parent": "hands",
					"pivot": [-9, 29, -3]
				},
				{
					"name": "hand_parte2",
					"parent": "hand2",
					"pivot": [1, -4, -3],
					"cubes": [
						{"origin": [-15, 25, -5], "size": [8, 8, 10], "uv": [84, 79], "mirror": true}
					]
				},
				{
					"name": "bone2",
					"parent": "hand_parte2",
					"pivot": [1, -4, -2],
					"cubes": [
						{"origin": [-14, 33, -3], "size": [5, 4, 6], "pivot": [-8, 33, -2], "rotation": [-12.5, 0, -5], "uv": [127, 59]},
						{"origin": [-13, 35, -1], "size": [3, 7, 5], "pivot": [-9, 35, 0], "rotation": [-12.5, 0, 7.5], "uv": [130, 111]}
					]
				},
				{
					"name": "hand_mini2",
					"parent": "hand_parte2",
					"pivot": [-8, 29, -3],
					"cubes": [
						{"origin": [-24, 27, -1.5], "size": [9, 3, 3], "uv": [106, 128], "mirror": true}
					]
				},
				{
					"name": "fist2",
					"parent": "hand_mini2",
					"pivot": [-7, 29, -3]
				},
				{
					"name": "fist3",
					"parent": "fist2",
					"pivot": [-7, 29, -3],
					"cubes": [
						{"origin": [-33, 26, -4], "size": [10, 5, 8], "uv": [0, 104], "mirror": true}
					]
				},
				{
					"name": "nail_right",
					"parent": "fist3",
					"pivot": [-34, 30, 0],
					"cubes": [
						{"origin": [-35, 27, 1.5], "size": [4, 3, 3], "pivot": [-32, 27, 3], "rotation": [0, 10, 0], "uv": [138, 143], "mirror": true},
						{"origin": [-35, 27, -4.5], "size": [4, 3, 3], "pivot": [-32, 27, -3], "rotation": [0, -10, 0], "uv": [138, 143], "mirror": true},
						{"origin": [-37, 27, -1.5], "size": [6, 3, 3], "uv": [142, 79], "mirror": true}
					]
				},
				{
					"name": "head",
					"parent": "torso",
					"pivot": [0, 26, -9],
					"cubes": [
						{"origin": [-5, 26.60896, -12.06147], "size": [9, 2, 6], "inflate": -0.0001, "uv": [65, 46]},
						{"origin": [3, 27.60896, -10.06147], "size": [2, 3, 4], "pivot": [9, 27.60896, -9.06147], "rotation": [0, 0, -5], "uv": [147, 109]},
						{"origin": [-6, 27.60896, -10.06147], "size": [2, 3, 4], "pivot": [-10, 27.60896, -9.06147], "rotation": [0, 0, 5], "uv": [147, 109], "mirror": true},
						{"origin": [-3, 31.9, -11.06147], "size": [5, 2, 5], "uv": [0, 132]},
						{"origin": [-1, 26.60896, -14.89], "size": [1, 2, 3], "uv": [139, 40]},
						{"origin": [-4.5, 26.60896, -16.06147], "size": [5, 2, 4], "pivot": [2, 26.60896, -13.06147], "rotation": [0, 30, 0], "uv": [142, 102]},
						{"origin": [-1.5, 26.60896, -16.06147], "size": [5, 2, 4], "pivot": [-3, 26.60896, -13.06147], "rotation": [0, -30, 0], "uv": [143, 0]},
						{"origin": [-0.7, 25.60896, -16.06147], "size": [2, 2, 0], "pivot": [-5, 25.60896, -13.06147], "rotation": [0, -30, 0], "uv": [119, 111]},
						{"origin": [-1.5, 25.60896, -16.06147], "size": [2, 2, 0], "pivot": [5, 25.60896, -13.06147], "rotation": [0, 30, 0], "uv": [121, 95]},
						{"origin": [-3.8, 25.60896, -14.06147], "size": [2, 2, 0], "pivot": [3, 25.60896, -11.06147], "rotation": [0, 30, 0], "uv": [124, 111]},
						{"origin": [1.3, 25.60896, -14.06147], "size": [2, 2, 0], "pivot": [-3, 25.60896, -11.06147], "rotation": [0, -30, 0], "uv": [126, 95]},
						{"origin": [-3, 28, -14.2], "size": [5, 6, 6], "pivot": [0, 27.60896, -13.06147], "rotation": [-27.5, 0, 0], "uv": [118, 98]},
						{"origin": [-3, 27.60896, -10.06147], "size": [6, 5, 3], "pivot": [1, 27.60896, -8.06147], "rotation": [-27.5, -75, 27.5], "uv": [131, 134]},
						{"origin": [-4, 27.60896, -10.06147], "size": [6, 5, 3], "pivot": [-2, 27.60896, -8.06147], "rotation": [-27.5, 75, -27.5], "uv": [131, 134], "mirror": true}
					]
				},
				{
					"name": "eyes",
					"parent": "head",
					"pivot": [0, -12.39104, 0.93853]
				},
				{
					"name": "eye1",
					"parent": "eyes",
					"pivot": [0, -12.39104, 0.93853],
					"cubes": [
						{"origin": [2.5, 29.65, -11.5], "size": [0, 2, 2], "pivot": [3, 29.60896, -11.06147], "rotation": [1.6575, 12.39135, -4.82005], "uv": [96, 52]},
						{"origin": [2.51, 30, -11.5], "size": [0, 1, 1], "pivot": [3, 29.60896, -11.06147], "rotation": [1.6575, 12.39135, -4.82005], "uv": [65, 35]}
					]
				},
				{
					"name": "ceja1",
					"parent": "eye1",
					"pivot": [0, -12.39104, 0.93853],
					"cubes": [
						{"origin": [2.52, 30.65, -11], "size": [0, 1, 3], "pivot": [3, 29.60896, -11.06147], "rotation": [26.6575, 12.39135, -4.82005], "uv": [107, 74]}
					]
				},
				{
					"name": "eye2",
					"parent": "eyes",
					"pivot": [-1, -12.39104, 0.93853],
					"cubes": [
						{"origin": [-3.5, 29.65, -11.5], "size": [0, 2, 2], "pivot": [-4, 29.60896, -11.06147], "rotation": [1.6575, -12.39135, 4.82005], "uv": [101, 52]},
						{"origin": [-3.51, 30, -11.5], "size": [0, 1, 1], "pivot": [-4, 29.60896, -11.06147], "rotation": [1.6575, -12.39135, 4.82005], "uv": [65, 38]}
					]
				},
				{
					"name": "ceja2",
					"parent": "eye2",
					"pivot": [-1, -12.39104, 0.93853],
					"cubes": [
						{"origin": [-3.52, 30.65, -11], "size": [0, 1, 3], "pivot": [-4, 29.60896, -11.06147], "rotation": [26.6575, -12.39135, 4.82005], "uv": [112, 74]}
					]
				},
				{
					"name": "mouchs",
					"parent": "head",
					"pivot": [0, -14.39104, 5.93853]
				},
				{
					"name": "mounch1",
					"parent": "mouchs",
					"pivot": [0, 26.60896, -6.06147],
					"cubes": [
						{"origin": [-5, 25, -9.8], "size": [9, 2, 4], "uv": [121, 88]},
						{"origin": [-2.5, 25, -13.9], "size": [4, 2, 4], "uv": [143, 7]},
						{"origin": [-1.5, 27, -13.9], "size": [2, 1, 0], "uv": [65, 55]},
						{"origin": [-5.15, 25, -11.8], "size": [4, 2, 5], "pivot": [0, 25, -8], "rotation": [0, -30, 0], "uv": [21, 137]},
						{"origin": [0.15, 25, -11.8], "size": [4, 2, 5], "pivot": [-1, 25, -8], "rotation": [0, 30, 0], "uv": [139, 14]}
					]
				}
			]
		}
	]
}