{
  "portraitScale": 3.4,
  "portraitTranslation": [ -1, -1.8, 0 ],
  "profileScale": 1,
  "profileTranslation": [ 0, 0.2, 0 ],
  "poses": { 
    "battle-standing": {
      "poseTypes": ["STAND"],
      "isBattle": true,
      "animations": [
        "q.look('head')",
        "q.bedrock('arctibax', 'ground_idle')"
      ]
    },
    "standing": {
      "poseTypes": ["STAND", "NONE", "PORTRAIT", "PROFILE"],
      "isBattle": false,
      "animations": [
        "q.look('head')",
        "q.bedrock('arctibax', 'ground_idle')"
      ]
    },
    "walking": {
      "poseTypes": ["WALK"],
      "animations": [
        "q.look('head')",
        "q.bedrock('arctibax', 'ground_walk')"
      ]
    }
  }
}