{
	"format_version": "1.8.0",
	"animations": {
		"animation.rolycoly.ground_walk": {
			"loop": true,
			"animation_length": 1,
			"bones": {
				"torsoparte": {
					"rotation": ["math.sin(q.anim_time*90*6)*4", "0+math.sin(q.anim_time*90*4+90)*6", "0+math.sin(q.anim_time*90*4+180)*6"]
				},
				"legparte1": {
					"rotation": ["q.anim_time*90*4", 0, 0],
					"position": {
						"0.0": {
							"post": [0, 0, 0],
							"lerp_mode": "catmullrom"
						},
						"0.25": {
							"post": [0, 2, 0],
							"lerp_mode": "catmullrom"
						},
						"0.5": {
							"post": [0, 1.48, -1],
							"lerp_mode": "catmullrom"
						},
						"0.75": {
							"post": [0, 0.58, -1.56],
							"lerp_mode": "catmullrom"
						},
						"1.0": {
							"post": [0, 0, 0],
							"lerp_mode": "catmullrom"
						}
					}
				},
				"allbody": {
					"position": ["0-math.sin(q.anim_time*90*4-90)*0.2", "0+math.cos((query.anim_time)*90*16/0.8+90)*0.1", 0]
				}
			}
		},
		"animation.rolycoly.ground_run": {
			"loop": true,
			"animation_length": 1,
			"bones": {
				"torsoparte": {
					"rotation": ["7.5+math.sin(q.anim_time*90*8)*6", "math.sin(q.anim_time*90*4+90)*6", "math.sin(q.anim_time*90*4+180)*6"]
				},
				"legparte1": {
					"rotation": ["q.anim_time*90*5", 0, 0],
					"position": {
						"0.0": {
							"post": [0, 0, 0],
							"lerp_mode": "catmullrom"
						},
						"0.25": {
							"post": [0, 2, 0],
							"lerp_mode": "catmullrom"
						},
						"0.5": {
							"post": [0, 1.48, -1],
							"lerp_mode": "catmullrom"
						},
						"0.75": {
							"post": [0, 0.58, -1.56],
							"lerp_mode": "catmullrom"
						},
						"1.0": {
							"post": [0, 0, 0],
							"lerp_mode": "catmullrom"
						}
					}
				},
				"allbody": {
					"position": ["0-math.sin(q.anim_time*90*4-90)*1", "0+math.cos((query.anim_time)*90*16/0.8+90)*0.1", "0-Math.sin(q.anim_time*90*4-0)*0.5"]
				}
			}
		},
		"animation.rolycoly.recoil": {
			"animation_length": 1,
			"bones": {
				"torso": {
					"rotation": {
						"0.0": [0, 0, 0],
						"0.0417": {
							"pre": [-5, -2.85682, 0],
							"post": [-5, -2.85682, 0],
							"lerp_mode": "catmullrom"
						},
						"0.2917": {
							"post": [0, -20, 0],
							"lerp_mode": "catmullrom"
						},
						"1.0": {
							"post": [0, 0, 0],
							"lerp_mode": "catmullrom"
						}
					}
				},
				"face": {
					"rotation": {
						"0.0": [0, 0, 0],
						"0.0417": [1.43, 0, 0],
						"1.0": [0, 0, 0]
					}
				},
				"eye1": {
					"position": {
						"0.0": [0, 0, 0],
						"0.1667": [0, 0, 1],
						"1.0": [0, 0, 0]
					}
				},
				"hand1": {
					"rotation": {
						"0.0": [0, 0, 0],
						"0.2917": [2.5, 7.5, 0],
						"1.0": [0, 0, 0]
					}
				},
				"hand2": {
					"rotation": {
						"0.0": [0, 0, 0],
						"0.2917": [5, -7.5, 0],
						"1.0": [0, 0, 0]
					}
				},
				"legparte1": {
					"rotation": [0, 0, 0]
				},
				"torsoparte": {
					"rotation": {
						"0.0": {
							"post": [0, 0, 0],
							"lerp_mode": "catmullrom"
						},
						"0.0417": {
							"post": [-5.04292, -7.4713, 0.6574],
							"lerp_mode": "catmullrom"
						},
						"0.2917": {
							"post": [-6.2, 0, 0],
							"lerp_mode": "catmullrom"
						},
						"1.0": {
							"post": [0, 0, 0],
							"lerp_mode": "catmullrom"
						}
					}
				}
			}
		},
		"animation.rolycoly.blink": {
			"animation_length": 0.1667,
			"bones": {
				"eye1": {
					"position": {
						"0.0": [0, 0, 1],
						"0.1667": {
							"pre": [0, 0, 1],
							"post": [0, 0, 0]
						}
					}
				}
			}
		},
		"animation.rolycoly.ground_idle": {
			"loop": true,
			"bones": {
				"torso": {
					"rotation": ["6.9185+math.sin(q.anim_time*90*3)*1.8", "0.2611+math.sin(q.anim_time*90*2)*1.5", "-1.3128+math.sin(q.anim_time*90*2)*1"],
					"position": [0, 0, "0-math.cos(q.anim_time*90*0.1)*1"]
				},
				"hands": {
					"rotation": [0.25677, "-4.9944+math.sin(q.anim_time*90*1.7-60)*1", "0+math.sin(q.anim_time*90*1.6-60)*1"]
				},
				"leg1": {
					"rotation": ["-7.5-math.sin(q.anim_time*90*2+60)*1", 0, 0]
				},
				"legparte1": {
					"rotation": [2.5, 0, 0]
				},
				"torsoparte": {
					"rotation": [-7.5, 0, "0+math.sin(q.anim_time*90*2+90)*1"]
				},
				"hand1": {
					"position": [0, 0, 0]
				}
			}
		},
		"animation.rolycoly.shoulder_left": {
			"loop": true,
			"bones": {
				"torso": {
					"rotation": [0, 0, 17.5],
					"position": [6, -3, 2]
				},
				"legparte1": {
					"rotation": [0, 0, -7.5]
				},
				"torsoparte": {
					"rotation": ["math.cos(q.anim_time*90*3)*3", "math.sin(q.anim_time*90*2)*4", 0]
				}
			}
		},
		"animation.rolycoly.shoulder_right": {
			"loop": true,
			"bones": {
				"torso": {
					"rotation": [0, 0, -17.5],
					"position": [-7, -3, 2]
				},
				"legparte1": {
					"rotation": [0, 0, 7.5]
				},
				"torsoparte": {
					"rotation": ["math.cos(q.anim_time*90*3)*3", "math.sin(q.anim_time*90*2)*4", 0]
				}
			}
		},
		"animation.rolycoly.render": {
			"loop": true,
			"bones": {
				"torso": {
					"rotation": [5.35417, -17.35667, 3.70208]
				},
				"hand2": {
					"rotation": [0, -20, 0],
					"position": [-0.2, 0, -1.5]
				},
				"torsoparte": {
					"rotation": [-17.41924, -31.63177, 6.68022]
				},
				"allbody": {
					"rotation": [0, 67.5, 0]
				},
				"leg1": {
					"rotation": [0, -35, 0]
				},
				"eye_pupiled1": {
					"rotation": [0, 0, -5],
					"position": [1, 0.2, 0]
				}
			}
		},
		"animation.rolycoly.pose": {
			"loop": true,
			"bones": {
				"torso": {
					"rotation": [1.6576, 6.6588, 5.558]
				},
				"hands": {
					"rotation": [0.25677, -4.9944, -5.0132]
				}
			}
		},
		"animation.rolycoly.special": {
			"animation_length": 2,
			"bones": {
				"torso": {
					"rotation": {
						"0.0": {
							"post": [1.6576, 6.6588, 5.558],
							"lerp_mode": "catmullrom"
						},
						"0.3333": {
							"post": [1.6576, 6.6588, 5.558],
							"lerp_mode": "catmullrom"
						},
						"0.5": {
							"post": [1.6576, 6.6588, 5.558],
							"lerp_mode": "catmullrom"
						},
						"0.625": {
							"post": [1.6576, 6.6588, 5.558],
							"lerp_mode": "catmullrom"
						},
						"0.9583": {
							"post": [-5.92497, 11.63249, 5.03902],
							"lerp_mode": "catmullrom"
						},
						"1.0417": {
							"post": [34.25333, 11.51554, 5.05122],
							"lerp_mode": "catmullrom"
						},
						"1.7917": {
							"post": [1.6576, 6.6588, 5.558],
							"lerp_mode": "catmullrom"
						},
						"2.0": {
							"post": [1.6576, 6.6588, 5.558],
							"lerp_mode": "catmullrom"
						}
					}
				},
				"hands": {
					"rotation": {
						"0.0": {
							"post": [0.25677, -4.9944, -5.0132],
							"lerp_mode": "catmullrom"
						},
						"0.3333": {
							"post": [0.25677, -4.9944, -5.0132],
							"lerp_mode": "catmullrom"
						},
						"0.5": {
							"post": [0.25677, -4.9944, -5.0132],
							"lerp_mode": "catmullrom"
						},
						"0.625": {
							"post": [0.25677, -4.9944, -5.0132],
							"lerp_mode": "catmullrom"
						},
						"1.7917": {
							"post": [0.25677, -4.9944, -5.0132],
							"lerp_mode": "catmullrom"
						},
						"2.0": {
							"post": [0.25677, -4.9944, -5.0132],
							"lerp_mode": "catmullrom"
						}
					}
				},
				"allbody": {
					"rotation": {
						"0.0": {
							"post": [0, 0, 0],
							"lerp_mode": "catmullrom"
						},
						"0.3333": {
							"post": [0, 0, 0],
							"lerp_mode": "catmullrom"
						},
						"0.5": {
							"post": [0, 0, 0],
							"lerp_mode": "catmullrom"
						},
						"0.75": {
							"post": [0, -40, 0],
							"lerp_mode": "catmullrom"
						},
						"0.875": {
							"post": [17.0709, -0.1265, -7.64736],
							"lerp_mode": "catmullrom"
						},
						"1.0": {
							"post": [-21.56151, -14.19023, 6.57402],
							"lerp_mode": "catmullrom"
						},
						"1.0417": {
							"post": [-12.38854, -20.1385, -8.12234],
							"lerp_mode": "catmullrom"
						},
						"1.0833": {
							"post": [40.98942, -18.64381, -10.31087],
							"lerp_mode": "catmullrom"
						},
						"1.125": [66.99292, -1.57359, -19.61238],
						"1.2083": {
							"pre": [89.393, -0.556, -20.44373],
							"post": [89.393, -0.556, -20.44373],
							"lerp_mode": "catmullrom"
						},
						"1.5833": {
							"post": [46.99292, -1.57359, -19.61238],
							"lerp_mode": "catmullrom"
						},
						"1.7917": {
							"post": [17.5, 0, 0],
							"lerp_mode": "catmullrom"
						},
						"2.0": {
							"post": [0, 0, 0],
							"lerp_mode": "catmullrom"
						}
					},
					"position": {
						"0.0": {
							"post": [0, 0, 0],
							"lerp_mode": "catmullrom"
						},
						"0.3333": {
							"post": [0, 0, 0],
							"lerp_mode": "catmullrom"
						},
						"0.5": {
							"post": [0, 0, 0],
							"lerp_mode": "catmullrom"
						},
						"0.6667": {
							"post": [0, 0, 2],
							"lerp_mode": "catmullrom"
						},
						"0.875": {
							"post": [0, 0.53, 3.16],
							"lerp_mode": "catmullrom"
						},
						"0.9583": {
							"post": [0, 9, 2],
							"lerp_mode": "catmullrom"
						},
						"1.0417": {
							"post": [1.93, 7.45, 1.49],
							"lerp_mode": "catmullrom"
						},
						"1.0833": {
							"post": [0, 5.94, 0.93],
							"lerp_mode": "catmullrom"
						},
						"1.125": [1, 2, -3],
						"1.1667": [1.05, 0.84, -3.01],
						"1.2083": [1.06, 1.9, -3.03],
						"1.25": [1.06, 0.98, -3.05],
						"1.2917": [1.06, 2.07, -3.08],
						"1.5833": {
							"pre": [1, 4, -2],
							"post": [1, 4, -2],
							"lerp_mode": "catmullrom"
						},
						"1.875": {
							"post": [0, 0, 0],
							"lerp_mode": "catmullrom"
						},
						"2.0": {
							"post": [0, 0, 0],
							"lerp_mode": "catmullrom"
						}
					}
				},
				"torsoparte": {
					"rotation": {
						"0.0": {
							"post": [0, 0, 0],
							"lerp_mode": "catmullrom"
						},
						"0.3333": {
							"post": [0, 0, 0],
							"lerp_mode": "catmullrom"
						},
						"0.5": {
							"post": [0, 0, 0],
							"lerp_mode": "catmullrom"
						},
						"0.75": {
							"post": [21.17283, -18.74724, -7.09597],
							"lerp_mode": "catmullrom"
						},
						"1.0": {
							"post": [-20.07087, 11.63418, 1.78527],
							"lerp_mode": "catmullrom"
						},
						"1.0833": {
							"post": [-19.79207, 6.93332, 3.51189],
							"lerp_mode": "catmullrom"
						},
						"1.125": [-12.29207, 6.93332, 3.51189],
						"1.5": {
							"pre": [-4.79207, 6.93332, 3.51189],
							"post": [-4.79207, 6.93332, 3.51189],
							"lerp_mode": "catmullrom"
						},
						"1.5833": [-23.78122, 6.09875, 3.08916],
						"1.7917": {
							"pre": [-12.5, 0, 0],
							"post": [-12.5, 0, 0],
							"lerp_mode": "catmullrom"
						},
						"2.0": {
							"post": [0, 0, 0],
							"lerp_mode": "catmullrom"
						}
					},
					"position": {
						"0.0": {
							"post": [0, 0, 0],
							"lerp_mode": "catmullrom"
						},
						"0.3333": {
							"post": [0, 0, 0],
							"lerp_mode": "catmullrom"
						},
						"1.0": {
							"post": [0, 1, -1],
							"lerp_mode": "catmullrom"
						},
						"1.7917": [0, 0, 0],
						"2.0": [0, 0, 0]
					}
				},
				"hand1": {
					"rotation": {
						"0.0": {
							"post": [0, 0, 0],
							"lerp_mode": "catmullrom"
						},
						"0.3333": {
							"post": [0, 0, 0],
							"lerp_mode": "catmullrom"
						},
						"0.5": {
							"post": [0, 0, 0],
							"lerp_mode": "catmullrom"
						},
						"0.75": {
							"post": [7.5, -10, 0],
							"lerp_mode": "catmullrom"
						},
						"1.0": {
							"post": [7.44701, 7.35361, 2.2681],
							"lerp_mode": "catmullrom"
						},
						"1.0833": {
							"post": [11.82133, -51.21932, -9.79918],
							"lerp_mode": "catmullrom"
						},
						"1.125": [7.44987, 7.52124, -0.32904],
						"1.5": {
							"pre": [7.44987, 7.52124, -0.32904],
							"post": [7.44987, 7.52124, -0.32904],
							"lerp_mode": "catmullrom"
						},
						"1.7917": {
							"post": [0, 0, 0],
							"lerp_mode": "catmullrom"
						},
						"2.0": {
							"post": [0, 0, 0],
							"lerp_mode": "catmullrom"
						}
					},
					"position": {
						"0.0": {
							"post": [0, 0, 0],
							"lerp_mode": "catmullrom"
						},
						"0.3333": {
							"post": [0, 0, 0],
							"lerp_mode": "catmullrom"
						},
						"0.5": {
							"post": [0, 0, 0],
							"lerp_mode": "catmullrom"
						},
						"0.75": {
							"post": [-1, 0, 1],
							"lerp_mode": "catmullrom"
						},
						"1.0": {
							"post": [0, 0, 1],
							"lerp_mode": "catmullrom"
						},
						"1.0833": {
							"post": [-3, 1, 3],
							"lerp_mode": "catmullrom"
						},
						"1.125": [0, 1, 1],
						"1.5": {
							"pre": [0, 1, 1],
							"post": [0, 1, 1],
							"lerp_mode": "catmullrom"
						},
						"1.7917": {
							"post": [0, 0, 0],
							"lerp_mode": "catmullrom"
						},
						"2.0": {
							"post": [0, 0, 0],
							"lerp_mode": "catmullrom"
						}
					}
				},
				"hand2": {
					"rotation": {
						"0.0": {
							"post": [0, 0, 0],
							"lerp_mode": "catmullrom"
						},
						"0.3333": {
							"post": [0, 0, 0],
							"lerp_mode": "catmullrom"
						},
						"0.5": {
							"post": [0, 0, 0],
							"lerp_mode": "catmullrom"
						},
						"0.75": {
							"post": [7.5, 10, 0],
							"lerp_mode": "catmullrom"
						},
						"1.0": {
							"post": [7.44701, 7.35361, 2.2681],
							"lerp_mode": "catmullrom"
						},
						"1.0833": {
							"post": [11.82133, 51.21932, 9.79918],
							"lerp_mode": "catmullrom"
						},
						"1.125": [7.44987, -7.52124, 0.32904],
						"1.5": {
							"pre": [7.44987, -7.52124, 0.32904],
							"post": [7.44987, -7.52124, 0.32904],
							"lerp_mode": "catmullrom"
						},
						"1.7917": {
							"post": [0, 0, 0],
							"lerp_mode": "catmullrom"
						},
						"2.0": {
							"post": [0, 0, 0],
							"lerp_mode": "catmullrom"
						}
					},
					"position": {
						"0.0": {
							"post": [0, 0, 0],
							"lerp_mode": "catmullrom"
						},
						"0.3333": {
							"post": [0, 0, 0],
							"lerp_mode": "catmullrom"
						},
						"0.5": {
							"post": [0, 0, 0],
							"lerp_mode": "catmullrom"
						},
						"0.75": {
							"post": [1, 0, 0],
							"lerp_mode": "catmullrom"
						},
						"1.0": {
							"post": [0, 0, 1],
							"lerp_mode": "catmullrom"
						},
						"1.0833": {
							"post": [3, 1, 3],
							"lerp_mode": "catmullrom"
						},
						"1.125": [0, 1, 0],
						"1.5": {
							"pre": [0, 1, 0],
							"post": [0, 1, 0],
							"lerp_mode": "catmullrom"
						},
						"1.7917": {
							"post": [0, 0, 0],
							"lerp_mode": "catmullrom"
						},
						"2.0": {
							"post": [0, 0, 0],
							"lerp_mode": "catmullrom"
						}
					}
				},
				"hand_mini3": {
					"rotation": {
						"0.0": [0, 0, 0],
						"0.3333": [0, 0, 0],
						"1.0": [0, 20, 0],
						"1.7917": [0, 0, 0],
						"2.0": [0, 0, 0]
					}
				},
				"face": {
					"rotation": {
						"0.0": {
							"post": [0, 0, 0],
							"lerp_mode": "catmullrom"
						},
						"0.3333": {
							"post": [0, 0, 0],
							"lerp_mode": "catmullrom"
						},
						"0.5": {
							"post": [0, 0, 0],
							"lerp_mode": "catmullrom"
						},
						"0.75": {
							"post": [10, 0, 0],
							"lerp_mode": "catmullrom"
						},
						"1.0": {
							"post": [0, 0, 0],
							"lerp_mode": "catmullrom"
						},
						"1.0833": {
							"post": [10.93, 0, 0],
							"lerp_mode": "catmullrom"
						},
						"1.125": [12.5, 0, 0],
						"1.5": {
							"pre": [7.5, 0, 0],
							"post": [7.5, 0, 0],
							"lerp_mode": "catmullrom"
						},
						"1.7917": {
							"post": [0, 0, 0],
							"lerp_mode": "catmullrom"
						},
						"2.0": {
							"post": [0, 0, 0],
							"lerp_mode": "catmullrom"
						}
					},
					"position": {
						"0.0": {
							"post": [0, 0, 0],
							"lerp_mode": "catmullrom"
						},
						"0.3333": {
							"post": [0, 0, 0],
							"lerp_mode": "catmullrom"
						},
						"0.5": {
							"post": [0, 0, 0],
							"lerp_mode": "catmullrom"
						},
						"0.75": {
							"post": [0, 0, 1],
							"lerp_mode": "catmullrom"
						},
						"1.0833": {
							"post": [0, 0.5, 0],
							"lerp_mode": "catmullrom"
						},
						"1.125": [0, 1.5, 2],
						"1.5": {
							"pre": [0, 0.5, 2],
							"post": [0, 0.5, 2],
							"lerp_mode": "catmullrom"
						},
						"1.7917": {
							"post": [0, 0, 0],
							"lerp_mode": "catmullrom"
						},
						"2.0": {
							"post": [0, 0, 0],
							"lerp_mode": "catmullrom"
						}
					}
				},
				"eye1": {
					"position": {
						"0.0": [0, 0, 0],
						"0.3333": [0, 0, 0],
						"0.5": [0, 0, 0],
						"0.75": {"pre": [0, 0, 0], "post": [0, 0, 1]},
						"1.0": {"pre": [0, 0, 1], "post": [0, 0, 0]},
						"1.125": {"pre": [0, 0, 0], "post": [0, 0, 1]},
						"1.5": {
							"pre": [0, 0, 1],
							"post": [0, 0, 1],
							"lerp_mode": "catmullrom"
						},
						"1.7917": [0, 0, 0],
						"2.0": [0, 0, 0]
					}
				},
				"legparte1": {
					"rotation": {
						"0.0": {
							"post": [0, 0, 0],
							"lerp_mode": "catmullrom"
						},
						"0.3333": {
							"post": [0, 0, 0],
							"lerp_mode": "catmullrom"
						},
						"0.5": {
							"post": [0, 0, 0],
							"lerp_mode": "catmullrom"
						},
						"0.75": {
							"post": [27.86082, -8.86042, -4.65468],
							"lerp_mode": "catmullrom"
						},
						"1.0": {
							"post": [2.49875, 6.65872, 3.47288],
							"lerp_mode": "catmullrom"
						},
						"1.0833": {
							"post": [-17.99336, 5.13373, -1.31437],
							"lerp_mode": "catmullrom"
						},
						"1.125": [9.50664, 5.13373, -1.31437],
						"1.5": {
							"pre": [-22.99336, 5.13373, -1.31437],
							"post": [-22.99336, 5.13373, -1.31437],
							"lerp_mode": "catmullrom"
						},
						"1.7917": {
							"post": [0, 0, 0],
							"lerp_mode": "catmullrom"
						},
						"2.0": {
							"post": [0, 0, 0],
							"lerp_mode": "catmullrom"
						}
					},
					"position": {
						"0.0": {
							"post": [0, 0, 0],
							"lerp_mode": "catmullrom"
						},
						"0.3333": {
							"post": [0, 0, 0],
							"lerp_mode": "catmullrom"
						},
						"0.5": {
							"post": [0, 0, 0],
							"lerp_mode": "catmullrom"
						},
						"0.75": {
							"post": [0, 1, 0],
							"lerp_mode": "catmullrom"
						},
						"1.0": {
							"post": [0, 0, 0],
							"lerp_mode": "catmullrom"
						},
						"1.0833": {
							"post": [0.5, 0, -2],
							"lerp_mode": "catmullrom"
						},
						"1.125": [0.5, 0, -1],
						"1.5": {
							"pre": [0.5, 0, -1],
							"post": [0.5, 0, -1],
							"lerp_mode": "catmullrom"
						},
						"1.7917": {
							"post": [0, 0, 0],
							"lerp_mode": "catmullrom"
						},
						"2.0": {
							"post": [0, 0, 0],
							"lerp_mode": "catmullrom"
						}
					}
				}
			}
		},
		"animation.rolycoly.status": {
			"animation_length": 2.2083,
			"bones": {
				"torso": {
					"rotation": {
						"0.0": [1.6576, 6.6588, 5.558],
						"0.5": {
							"pre": [1.6576, 6.6588, 5.558],
							"post": [1.6576, 6.6588, 5.558],
							"lerp_mode": "catmullrom"
						},
						"1.4167": [-15.8424, 6.6588, 5.558],
						"2.2083": [1.6576, 6.6588, 5.558]
					}
				},
				"hands": {
					"rotation": {
						"0.0": [0.25677, -4.9944, -5.0132],
						"0.5": {
							"pre": [0.25677, -4.9944, -5.0132],
							"post": [0.25677, -4.9944, -5.0132],
							"lerp_mode": "catmullrom"
						},
						"2.2083": [0.25677, -4.9944, -5.0132]
					}
				},
				"allbody": {
					"rotation": {
						"0.0": {
							"post": [0, 0, 0],
							"lerp_mode": "catmullrom"
						},
						"0.2917": {
							"post": [0, 0, 0],
							"lerp_mode": "catmullrom"
						},
						"0.5417": {
							"post": [5.12076, -12.45167, -1.10693],
							"lerp_mode": "catmullrom"
						},
						"0.7917": {
							"post": [0, 27.5, 0],
							"lerp_mode": "catmullrom"
						},
						"0.875": {
							"post": [19.0674, -24.13071, -5.68633],
							"lerp_mode": "catmullrom"
						},
						"1.0": {
							"post": [0, -60, 0],
							"lerp_mode": "catmullrom"
						},
						"1.0833": {
							"post": [0, -160, 0],
							"lerp_mode": "catmullrom"
						},
						"1.1667": {
							"post": [0, -360, 0],
							"lerp_mode": "catmullrom"
						},
						"1.4167": {
							"post": [-11.45943, -371.26972, 0],
							"lerp_mode": "catmullrom"
						},
						"1.5417": {
							"post": [10.92978, -350.04429, 2.82266],
							"lerp_mode": "catmullrom"
						},
						"1.625": {
							"post": [22.5, -360, 0],
							"lerp_mode": "catmullrom"
						},
						"1.7083": {
							"post": [-0.80961, -360.73746, -0.20909],
							"lerp_mode": "catmullrom"
						},
						"2.0": {
							"post": [0, -360, 0],
							"lerp_mode": "catmullrom"
						},
						"2.125": {
							"post": [0, -360, 0],
							"lerp_mode": "catmullrom"
						},
						"2.1667": [0, -360, 0],
						"2.2083": {
							"pre": [0, -360, 0],
							"post": [0, 0, 0]
						}
					},
					"position": {
						"0.0": {
							"post": [0, 0, 0],
							"lerp_mode": "catmullrom"
						},
						"0.3333": {
							"post": [0, 0, 2],
							"lerp_mode": "catmullrom"
						},
						"0.5833": {
							"post": [0, 0, 4],
							"lerp_mode": "catmullrom"
						},
						"0.7083": {
							"post": [0, -0.65, 3.51],
							"lerp_mode": "catmullrom"
						},
						"0.7917": {
							"post": [0, 0, 5],
							"lerp_mode": "catmullrom"
						},
						"0.9167": {
							"post": [0, 9, -6],
							"lerp_mode": "catmullrom"
						},
						"1.375": {
							"post": [0, 13.63, -4.52],
							"lerp_mode": "catmullrom"
						},
						"1.5833": {
							"post": [0, 9.88, -2.16],
							"lerp_mode": "catmullrom"
						},
						"1.7083": {
							"post": [0, 7, 0],
							"lerp_mode": "catmullrom"
						},
						"2.0": {
							"post": [0, 1.78, 2.89],
							"lerp_mode": "catmullrom"
						},
						"2.1667": {
							"post": [0, 1.78, 2.89],
							"lerp_mode": "catmullrom"
						},
						"2.2083": {
							"post": [0, 0, 0],
							"lerp_mode": "catmullrom"
						}
					}
				},
				"torsoparte": {
					"rotation": {
						"0.0": [0, 0, 0],
						"0.3333": {
							"pre": [10.92153, 36.61274, 0.27211],
							"post": [10.92153, 36.61274, 0.27211],
							"lerp_mode": "catmullrom"
						},
						"0.5417": {
							"post": [24.56622, 46.31598, 11.6171],
							"lerp_mode": "catmullrom"
						},
						"0.7917": {
							"post": [7.99119, 22.38696, 1.75088],
							"lerp_mode": "catmullrom"
						},
						"0.875": {
							"post": [-10.08573, 5.04223, -0.65435],
							"lerp_mode": "catmullrom"
						},
						"1.0": {
							"post": [18.43655, -35.83869, -13.03986],
							"lerp_mode": "catmullrom"
						},
						"1.0833": {
							"post": [19.4448, -62.48328, -23.97022],
							"lerp_mode": "catmullrom"
						},
						"1.1667": {
							"post": [-11.16809, -0.76959, -1.08053],
							"lerp_mode": "catmullrom"
						},
						"1.4167": {
							"post": [3.86077, 3.65611, 0.71408],
							"lerp_mode": "catmullrom"
						},
						"1.75": {
							"post": [-19.05013, -7.3208, -1.33822],
							"lerp_mode": "catmullrom"
						},
						"1.875": {
							"post": [-3.53154, -6.44595, -1.1816],
							"lerp_mode": "catmullrom"
						},
						"2.2083": [0, 0, 0]
					}
				},
				"hand1": {
					"rotation": {
						"0.0": [0, 0, 0],
						"0.5417": {
							"pre": [0, 4.74, 0],
							"post": [0, 4.74, 0],
							"lerp_mode": "catmullrom"
						},
						"0.7917": {
							"post": [0, 10, 0],
							"lerp_mode": "catmullrom"
						},
						"1.0": {
							"post": [0, -2.5, 0],
							"lerp_mode": "catmullrom"
						},
						"2.2083": [0, 0, 0]
					}
				},
				"hand2": {
					"rotation": {
						"0.0": [0, 0, 0],
						"0.5417": {
							"pre": [0, 5.69, 0],
							"post": [0, 5.69, 0],
							"lerp_mode": "catmullrom"
						},
						"0.7917": {
							"post": [0, -2.5, 0],
							"lerp_mode": "catmullrom"
						},
						"1.0": {
							"post": [0, 2.5, 0],
							"lerp_mode": "catmullrom"
						},
						"2.2083": [0, 0, 0]
					}
				},
				"hand_mini3": {
					"rotation": {
						"0.0": [0, 0, 0],
						"0.7917": {
							"pre": [0, 10, 0],
							"post": [0, 10, 0],
							"lerp_mode": "catmullrom"
						},
						"1.0": {
							"post": [0, 2.5, 0],
							"lerp_mode": "catmullrom"
						},
						"2.2083": [0, 0, 0]
					}
				},
				"hand_mini2": {
					"rotation": {
						"0.0": [0, 0, 0],
						"0.7917": {
							"pre": [0, -2.5, 0],
							"post": [0, -2.5, 0],
							"lerp_mode": "catmullrom"
						},
						"1.0": {
							"post": [0, 7.5, 0],
							"lerp_mode": "catmullrom"
						},
						"2.2083": [0, 0, 0]
					}
				},
				"face": {
					"rotation": {
						"0.0": {
							"post": [0, 0, 0],
							"lerp_mode": "catmullrom"
						},
						"0.3333": {
							"post": [5.00139, -6.29895, -1.08745],
							"lerp_mode": "catmullrom"
						},
						"0.5417": {
							"post": [0, 10, 0],
							"lerp_mode": "catmullrom"
						},
						"0.7917": {
							"post": [0, -10, 0],
							"lerp_mode": "catmullrom"
						},
						"0.875": {
							"post": [0, 2.5, 0],
							"lerp_mode": "catmullrom"
						},
						"0.9583": {
							"post": [0, -7.5, 0],
							"lerp_mode": "catmullrom"
						},
						"1.0417": {
							"post": [0, -2.5, 0],
							"lerp_mode": "catmullrom"
						},
						"1.125": {
							"post": [0, 7.5, 0],
							"lerp_mode": "catmullrom"
						},
						"1.25": {
							"post": [0, 0, 0],
							"lerp_mode": "catmullrom"
						},
						"2.2083": [0, 0, 0]
					}
				},
				"eye_pupiled1": {
					"position": {
						"0.0": [0, 0, 0],
						"1.25": {
							"pre": [0, 0, 0],
							"post": [0, 0, 1]
						},
						"2.2083": {
							"pre": [0, 0, 1],
							"post": [0, 0, 0]
						}
					}
				},
				"eye_pupiled_bored1": {
					"position": {
						"0.0": [0, 0, 0],
						"1.5": {
							"pre": [0, 0, 0],
							"post": [0, 0, -1]
						},
						"2.2083": {
							"pre": [0, 0, -1],
							"post": [0, 0, 0]
						}
					}
				},
				"eye_pupiled_chock1": {
					"position": {
						"0.0": [0, 0, 0],
						"1.5": [0, 0, 0]
					}
				},
				"eye_pupiled_happy1": {
					"rotation": {
						"0.0": [0, 0, 0],
						"1.25": {
							"pre": [0, 0, 0],
							"post": [0, 0, -12.5]
						},
						"2.2083": {
							"pre": [0, 0, -12.5],
							"post": [0, 0, 0]
						}
					},
					"position": {
						"0.0": [0, 0, 0],
						"1.25": {
							"pre": [0, 0, 0],
							"post": [1.5, 0.2, -1]
						},
						"1.5": {
							"pre": [1.5, 0.2, -1],
							"post": [1.5, 0.2, 0]
						},
						"2.2083": {
							"pre": [1.5, 0.2, 0],
							"post": [0, 0, 0]
						}
					}
				},
				"legparte1": {
					"rotation": {
						"0.0": {
							"post": [0, 0, 0],
							"lerp_mode": "catmullrom"
						},
						"0.25": {
							"post": [27.31694, 40.90789, 8.75812],
							"lerp_mode": "catmullrom"
						},
						"0.5417": {
							"post": [0, 37.5, 0],
							"lerp_mode": "catmullrom"
						},
						"1.0": {
							"post": [13.22268, -32.66377, -23.444],
							"lerp_mode": "catmullrom"
						},
						"1.0833": {
							"post": [24.14611, -56.77406, -28.18679],
							"lerp_mode": "catmullrom"
						},
						"1.1667": {
							"post": [6.50828, -2.37018, -1.52019],
							"lerp_mode": "catmullrom"
						},
						"2.2083": {
							"post": [0, 0, 0],
							"lerp_mode": "catmullrom"
						}
					},
					"position": {
						"0.0": {
							"post": [0, 0, 0],
							"lerp_mode": "catmullrom"
						},
						"0.25": {
							"post": [2, 1, 0],
							"lerp_mode": "catmullrom"
						},
						"0.5417": {
							"post": [2, 0, -1],
							"lerp_mode": "catmullrom"
						},
						"1.0": {
							"post": [-1, 0, -1],
							"lerp_mode": "catmullrom"
						},
						"1.0833": {
							"post": [-3, 0, -3],
							"lerp_mode": "catmullrom"
						},
						"1.1667": {
							"post": [0, 0, 0],
							"lerp_mode": "catmullrom"
						},
						"2.2083": {
							"post": [0, 0, 0],
							"lerp_mode": "catmullrom"
						}
					}
				}
			}
		},
		"animation.rolycoly.battle_cry": {
			"animation_length": 2.2083,
			"bones": {
				"torso": {
					"rotation": {
						"0.0": [1.6576, 6.6588, 5.558],
						"0.5": {
							"pre": [1.6576, 6.6588, 5.558],
							"post": [1.6576, 6.6588, 5.558],
							"lerp_mode": "catmullrom"
						},
						"1.4167": [-15.8424, 6.6588, 5.558],
						"2.2083": [1.6576, 6.6588, 5.558]
					}
				},
				"hands": {
					"rotation": {
						"0.0": [0.25677, -4.9944, -5.0132],
						"0.5": {
							"pre": [0.25677, -4.9944, -5.0132],
							"post": [0.25677, -4.9944, -5.0132],
							"lerp_mode": "catmullrom"
						},
						"2.2083": [0.25677, -4.9944, -5.0132]
					}
				},
				"allbody": {
					"rotation": {
						"0.0": {
							"post": [0, 0, 0],
							"lerp_mode": "catmullrom"
						},
						"0.2917": {
							"post": [0, 0, 0],
							"lerp_mode": "catmullrom"
						},
						"0.5417": {
							"post": [5.12076, -12.45167, -1.10693],
							"lerp_mode": "catmullrom"
						},
						"0.7917": {
							"post": [0, 27.5, 0],
							"lerp_mode": "catmullrom"
						},
						"0.875": {
							"post": [19.0674, -24.13071, -5.68633],
							"lerp_mode": "catmullrom"
						},
						"1.0": {
							"post": [0, -60, 0],
							"lerp_mode": "catmullrom"
						},
						"1.0833": {
							"post": [0, -160, 0],
							"lerp_mode": "catmullrom"
						},
						"1.1667": {
							"post": [0, -360, 0],
							"lerp_mode": "catmullrom"
						},
						"1.4167": {
							"post": [-11.45943, -371.26972, 0],
							"lerp_mode": "catmullrom"
						},
						"1.5417": {
							"post": [10.92978, -350.04429, 2.82266],
							"lerp_mode": "catmullrom"
						},
						"1.625": {
							"post": [22.5, -360, 0],
							"lerp_mode": "catmullrom"
						},
						"1.7083": {
							"post": [-0.80961, -360.73746, -0.20909],
							"lerp_mode": "catmullrom"
						},
						"2.0": {
							"post": [0, -360, 0],
							"lerp_mode": "catmullrom"
						},
						"2.125": {
							"post": [0, -360, 0],
							"lerp_mode": "catmullrom"
						},
						"2.1667": [0, -360, 0],
						"2.2083": {
							"pre": [0, -360, 0],
							"post": [0, 0, 0]
						}
					},
					"position": {
						"0.0": {
							"post": [0, 0, 0],
							"lerp_mode": "catmullrom"
						},
						"0.3333": {
							"post": [0, 0, 2],
							"lerp_mode": "catmullrom"
						},
						"0.5833": {
							"post": [0, 0, 4],
							"lerp_mode": "catmullrom"
						},
						"0.7083": {
							"post": [0, -0.65, 3.51],
							"lerp_mode": "catmullrom"
						},
						"0.7917": {
							"post": [0, 0, 5],
							"lerp_mode": "catmullrom"
						},
						"0.9167": {
							"post": [0, 9, -6],
							"lerp_mode": "catmullrom"
						},
						"1.375": {
							"post": [0, 13.63, -4.52],
							"lerp_mode": "catmullrom"
						},
						"1.5833": {
							"post": [0, 9.88, -2.16],
							"lerp_mode": "catmullrom"
						},
						"1.7083": {
							"post": [0, 7, 0],
							"lerp_mode": "catmullrom"
						},
						"2.0": {
							"post": [0, 1.78, 2.89],
							"lerp_mode": "catmullrom"
						},
						"2.1667": {
							"post": [0, 1.78, 2.89],
							"lerp_mode": "catmullrom"
						},
						"2.2083": {
							"post": [0, 0, 0],
							"lerp_mode": "catmullrom"
						}
					}
				},
				"torsoparte": {
					"rotation": {
						"0.0": [0, 0, 0],
						"0.3333": {
							"pre": [10.92153, 36.61274, 0.27211],
							"post": [10.92153, 36.61274, 0.27211],
							"lerp_mode": "catmullrom"
						},
						"0.5417": {
							"post": [24.56622, 46.31598, 11.6171],
							"lerp_mode": "catmullrom"
						},
						"0.7917": {
							"post": [7.99119, 22.38696, 1.75088],
							"lerp_mode": "catmullrom"
						},
						"0.875": {
							"post": [-10.08573, 5.04223, -0.65435],
							"lerp_mode": "catmullrom"
						},
						"1.0": {
							"post": [18.43655, -35.83869, -13.03986],
							"lerp_mode": "catmullrom"
						},
						"1.0833": {
							"post": [19.4448, -62.48328, -23.97022],
							"lerp_mode": "catmullrom"
						},
						"1.1667": {
							"post": [-11.16809, -0.76959, -1.08053],
							"lerp_mode": "catmullrom"
						},
						"1.4167": {
							"post": [3.86077, 3.65611, 0.71408],
							"lerp_mode": "catmullrom"
						},
						"1.75": {
							"post": [-19.05013, -7.3208, -1.33822],
							"lerp_mode": "catmullrom"
						},
						"1.875": {
							"post": [-3.53154, -6.44595, -1.1816],
							"lerp_mode": "catmullrom"
						},
						"2.2083": [0, 0, 0]
					}
				},
				"hand1": {
					"rotation": {
						"0.0": [0, 0, 0],
						"0.5417": {
							"pre": [0, 4.74, 0],
							"post": [0, 4.74, 0],
							"lerp_mode": "catmullrom"
						},
						"0.7917": {
							"post": [0, 10, 0],
							"lerp_mode": "catmullrom"
						},
						"1.0": {
							"post": [0, -2.5, 0],
							"lerp_mode": "catmullrom"
						},
						"2.2083": [0, 0, 0]
					}
				},
				"hand2": {
					"rotation": {
						"0.0": [0, 0, 0],
						"0.5417": {
							"pre": [0, 5.69, 0],
							"post": [0, 5.69, 0],
							"lerp_mode": "catmullrom"
						},
						"0.7917": {
							"post": [0, -2.5, 0],
							"lerp_mode": "catmullrom"
						},
						"1.0": {
							"post": [0, 2.5, 0],
							"lerp_mode": "catmullrom"
						},
						"2.2083": [0, 0, 0]
					}
				},
				"hand_mini3": {
					"rotation": {
						"0.0": [0, 0, 0],
						"0.7917": {
							"pre": [0, 10, 0],
							"post": [0, 10, 0],
							"lerp_mode": "catmullrom"
						},
						"1.0": {
							"post": [0, 2.5, 0],
							"lerp_mode": "catmullrom"
						},
						"2.2083": [0, 0, 0]
					}
				},
				"hand_mini2": {
					"rotation": {
						"0.0": [0, 0, 0],
						"0.7917": {
							"pre": [0, -2.5, 0],
							"post": [0, -2.5, 0],
							"lerp_mode": "catmullrom"
						},
						"1.0": {
							"post": [0, 7.5, 0],
							"lerp_mode": "catmullrom"
						},
						"2.2083": [0, 0, 0]
					}
				},
				"face": {
					"rotation": {
						"0.0": {
							"post": [0, 0, 0],
							"lerp_mode": "catmullrom"
						},
						"0.3333": {
							"post": [5.00139, -6.29895, -1.08745],
							"lerp_mode": "catmullrom"
						},
						"0.5417": {
							"post": [0, 10, 0],
							"lerp_mode": "catmullrom"
						},
						"0.7917": {
							"post": [0, -10, 0],
							"lerp_mode": "catmullrom"
						},
						"0.875": {
							"post": [0, 2.5, 0],
							"lerp_mode": "catmullrom"
						},
						"0.9583": {
							"post": [0, -7.5, 0],
							"lerp_mode": "catmullrom"
						},
						"1.0417": {
							"post": [0, -2.5, 0],
							"lerp_mode": "catmullrom"
						},
						"1.125": {
							"post": [0, 7.5, 0],
							"lerp_mode": "catmullrom"
						},
						"1.25": {
							"post": [0, 0, 0],
							"lerp_mode": "catmullrom"
						},
						"2.2083": [0, 0, 0]
					}
				},
				"eye_pupiled1": {
					"position": {
						"0.0": [0, 0, 0],
						"1.25": {
							"pre": [0, 0, 0],
							"post": [0, 0, 1]
						},
						"2.2083": {
							"pre": [0, 0, 1],
							"post": [0, 0, 0]
						}
					}
				},
				"eye_pupiled_bored1": {
					"position": {
						"0.0": [0, 0, 0],
						"1.5": {
							"pre": [0, 0, 0],
							"post": [0, 0, -1]
						},
						"2.2083": {
							"pre": [0, 0, -1],
							"post": [0, 0, 0]
						}
					}
				},
				"eye_pupiled_chock1": {
					"position": {
						"0.0": [0, 0, 0],
						"1.5": [0, 0, 0]
					}
				},
				"eye_pupiled_happy1": {
					"rotation": {
						"0.0": [0, 0, 0],
						"1.25": {
							"pre": [0, 0, 0],
							"post": [0, 0, -12.5]
						},
						"2.2083": {
							"pre": [0, 0, -12.5],
							"post": [0, 0, 0]
						}
					},
					"position": {
						"0.0": [0, 0, 0],
						"1.25": {
							"pre": [0, 0, 0],
							"post": [1.5, 0.2, -1]
						},
						"1.5": {
							"pre": [1.5, 0.2, -1],
							"post": [1.5, 0.2, 0]
						},
						"2.2083": {
							"pre": [1.5, 0.2, 0],
							"post": [0, 0, 0]
						}
					}
				},
				"legparte1": {
					"rotation": {
						"0.0": {
							"post": [0, 0, 0],
							"lerp_mode": "catmullrom"
						},
						"0.25": {
							"post": [27.31694, 40.90789, 8.75812],
							"lerp_mode": "catmullrom"
						},
						"0.5417": {
							"post": [0, 37.5, 0],
							"lerp_mode": "catmullrom"
						},
						"1.0": {
							"post": [13.22268, -32.66377, -23.444],
							"lerp_mode": "catmullrom"
						},
						"1.0833": {
							"post": [24.14611, -56.77406, -28.18679],
							"lerp_mode": "catmullrom"
						},
						"1.1667": {
							"post": [6.50828, -2.37018, -1.52019],
							"lerp_mode": "catmullrom"
						},
						"2.2083": {
							"post": [0, 0, 0],
							"lerp_mode": "catmullrom"
						}
					},
					"position": {
						"0.0": {
							"post": [0, 0, 0],
							"lerp_mode": "catmullrom"
						},
						"0.25": {
							"post": [2, 1, 0],
							"lerp_mode": "catmullrom"
						},
						"0.5417": {
							"post": [2, 0, -1],
							"lerp_mode": "catmullrom"
						},
						"1.0": {
							"post": [-1, 0, -1],
							"lerp_mode": "catmullrom"
						},
						"1.0833": {
							"post": [-3, 0, -3],
							"lerp_mode": "catmullrom"
						},
						"1.1667": {
							"post": [0, 0, 0],
							"lerp_mode": "catmullrom"
						},
						"2.2083": {
							"post": [0, 0, 0],
							"lerp_mode": "catmullrom"
						}
					}
				}
			},
			"sound_effects": {
				"1.1667": {
					"effect": "pokemon.rolycoly.cry"
				}
			}
		},
		"animation.rolycoly.faint": {
			"loop": "hold_on_last_frame",
			"animation_length": 3,
			"bones": {
				"torso": {
					"rotation": [1.6576, 6.6588, 5.558]
				},
				"hands": {
					"rotation": [0.25677, -4.9944, -5.0132]
				},
				"allbody": {
					"rotation": {
						"0.0": {
							"post": [0, 0, 0],
							"lerp_mode": "catmullrom"
						},
						"0.2917": {
							"post": [-22.79588, -28.02432, 11.17023],
							"lerp_mode": "catmullrom"
						},
						"0.4583": {
							"post": [0, 0, 0],
							"lerp_mode": "catmullrom"
						},
						"0.5833": {
							"post": [0, 0, 0],
							"lerp_mode": "catmullrom"
						},
						"0.75": {
							"post": [0, 0, 20],
							"lerp_mode": "catmullrom"
						},
						"0.9167": {
							"post": [0, 0, 37.5],
							"lerp_mode": "catmullrom"
						},
						"1.125": {
							"post": [0, 0, 90],
							"lerp_mode": "catmullrom"
						}
					},
					"position": {
						"0.0": {
							"post": [0, 0, 0],
							"lerp_mode": "catmullrom"
						},
						"0.125": {
							"post": [0, 0, 4],
							"lerp_mode": "catmullrom"
						},
						"0.25": {
							"post": [0, 0, -4.3],
							"lerp_mode": "catmullrom"
						},
						"0.4583": {
							"post": [0, 0, -3.9],
							"lerp_mode": "catmullrom"
						},
						"0.5833": {
							"post": [0, 0, -3.7],
							"lerp_mode": "catmullrom"
						},
						"0.6667": {
							"post": [1.41, 0.09, -3.35],
							"lerp_mode": "catmullrom"
						},
						"0.9167": {
							"post": [4, 1, -2],
							"lerp_mode": "catmullrom"
						},
						"1.125": {
							"post": [2, 6, 0],
							"lerp_mode": "catmullrom"
						},
						"1.1667": {
							"post": [2, 5.9, 0],
							"lerp_mode": "catmullrom"
						},
						"1.2083": {
							"post": [2, 5.8, 0],
							"lerp_mode": "catmullrom"
						},
						"1.2917": {
							"post": [2, 5.7, 0],
							"lerp_mode": "catmullrom"
						},
						"1.3333": {
							"post": [2, 5.6, 0],
							"lerp_mode": "catmullrom"
						},
						"1.4167": {
							"post": [2, 5.5, 0],
							"lerp_mode": "catmullrom"
						}
					}
				},
				"torsoparte": {
					"rotation": {
						"0.0": {
							"post": [0, 0, 0],
							"lerp_mode": "catmullrom"
						},
						"0.125": {
							"post": [27.4048, -10.6926, -1.42341],
							"lerp_mode": "catmullrom"
						},
						"0.2083": {
							"post": [-8.84575, 0.68464, -10.86778],
							"lerp_mode": "catmullrom"
						},
						"0.2917": {
							"post": [12.25, 12.25, 0],
							"lerp_mode": "catmullrom"
						},
						"0.4167": {
							"post": [16.1034, 27.13609, 2.89481],
							"lerp_mode": "catmullrom"
						},
						"0.625": {
							"post": [10.40249, 16.56771, 0.66206],
							"lerp_mode": "catmullrom"
						},
						"0.75": {
							"post": [-8.87909, -2.1563, -5.93712],
							"lerp_mode": "catmullrom"
						},
						"0.875": {
							"post": [24.78259, 13.23632, 9.02161],
							"lerp_mode": "catmullrom"
						},
						"1.0": {
							"post": [25.56025, 11.01056, -6.86787],
							"lerp_mode": "catmullrom"
						},
						"1.125": {
							"post": [24.06989, -8.04765, 1.73594],
							"lerp_mode": "catmullrom"
						},
						"1.3333": {
							"post": [10.55497, -19.84357, -4.01972],
							"lerp_mode": "catmullrom"
						}
					}
				},
				"eye1": {
					"position": {
						"0.0": {
							"post": [0, 0, 0],
							"lerp_mode": "catmullrom"
						},
						"0.2083": {
							"post": [0, 0, 0],
							"lerp_mode": "catmullrom"
						},
						"1.3333": {
							"post": [0, 0, 1],
							"lerp_mode": "catmullrom"
						}
					}
				},
				"legparte1": {
					"rotation": {
						"0.0": {
							"post": [0, 0, 0],
							"lerp_mode": "catmullrom"
						},
						"0.125": {
							"post": [42.5, 0, 0],
							"lerp_mode": "catmullrom"
						},
						"0.2083": {
							"post": [12.08681, 3.21132, -14.65993],
							"lerp_mode": "catmullrom"
						},
						"0.2917": {
							"post": [34.95392, -1.08089, 4.88206],
							"lerp_mode": "catmullrom"
						},
						"0.4167": {
							"post": [7.76101, 7.32484, -5.47298],
							"lerp_mode": "catmullrom"
						},
						"0.625": {
							"post": [16.30516, 0.94714, -5.90635],
							"lerp_mode": "catmullrom"
						},
						"0.75": {
							"post": [20.0417, -16.16991, 30.1777],
							"lerp_mode": "catmullrom"
						},
						"0.875": {
							"post": [30.70397, -17.62251, 30.34867],
							"lerp_mode": "catmullrom"
						},
						"1.125": {
							"post": [34.77393, -3.94026, 8.98814],
							"lerp_mode": "catmullrom"
						},
						"1.3333": {
							"post": [17.92631, -11.97075, 1.14325],
							"lerp_mode": "catmullrom"
						}
					},
					"position": {
						"0.0": {
							"post": [0, 0, 0],
							"lerp_mode": "catmullrom"
						},
						"0.125": {
							"post": [0, 1, 0],
							"lerp_mode": "catmullrom"
						},
						"0.875": {
							"post": [-1, 1, 0],
							"lerp_mode": "catmullrom"
						},
						"1.125": {
							"post": [0, 1, 0],
							"lerp_mode": "catmullrom"
						}
					}
				},
				"rock": {
					"rotation": {
						"0.0": {
							"post": [0, 0, 0],
							"lerp_mode": "catmullrom"
						},
						"0.75": {
							"post": [0, 0, 0],
							"lerp_mode": "catmullrom"
						},
						"1.0": {
							"post": [14.48174, 9.93191, 56.26501],
							"lerp_mode": "catmullrom"
						},
						"1.4167": {
							"post": [0, 40, 0],
							"lerp_mode": "catmullrom"
						}
					},
					"position": {
						"0.0": {
							"post": [0, 0, 0],
							"lerp_mode": "catmullrom"
						},
						"0.75": {
							"post": [0, 0, 0],
							"lerp_mode": "catmullrom"
						},
						"0.9583": {
							"post": [0.88, 3.56, 0],
							"lerp_mode": "catmullrom"
						},
						"1.4167": {
							"post": [6, 5, 0],
							"lerp_mode": "catmullrom"
						}
					}
				},
				"rock3": {
					"rotation": {
						"0.0": {
							"post": [0, 0, 0],
							"lerp_mode": "catmullrom"
						},
						"0.75": {
							"post": [0, 0, 0],
							"lerp_mode": "catmullrom"
						},
						"1.0": {
							"post": [7.1632, 4.79972, 45.37974],
							"lerp_mode": "catmullrom"
						},
						"1.4167": {
							"post": [7.6734, 26.48829, 16.80857],
							"lerp_mode": "catmullrom"
						}
					},
					"position": {
						"0.0": {
							"post": [0, 0, 0],
							"lerp_mode": "catmullrom"
						},
						"0.75": {
							"post": [0, 0, 0],
							"lerp_mode": "catmullrom"
						},
						"0.9583": {
							"post": [3.25, 3.63, 1.88],
							"lerp_mode": "catmullrom"
						},
						"1.4167": {
							"post": [4, 2, 6],
							"lerp_mode": "catmullrom"
						}
					}
				},
				"rock4": {
					"rotation": {
						"0.0": {
							"post": [0, 0, 0],
							"lerp_mode": "catmullrom"
						},
						"0.75": {
							"post": [0, 0, 0],
							"lerp_mode": "catmullrom"
						},
						"1.0": {
							"post": [0, 0, 35.94],
							"lerp_mode": "catmullrom"
						},
						"1.4167": {
							"post": [0, 0, 62.5],
							"lerp_mode": "catmullrom"
						}
					},
					"position": {
						"0.0": {
							"post": [0, 0, 0],
							"lerp_mode": "catmullrom"
						},
						"0.75": {
							"post": [0, 0, 0],
							"lerp_mode": "catmullrom"
						},
						"0.9583": {
							"post": [2.81, 4.01, 1.81],
							"lerp_mode": "catmullrom"
						},
						"1.4167": {
							"post": [6, 10, 6],
							"lerp_mode": "catmullrom"
						}
					}
				},
				"face": {
					"rotation": {
						"0.0": [0, 0, 0],
						"0.2083": [-2.5, 0, 0]
					}
				}
			}
		},
		"animation.rolycoly.battle_idle": {
			"loop": true,
			"bones": {
				"torso": {
					"rotation": ["1.6576+math.sin(q.anim_time*90*4)*1", "6.6588+math.cos((query.anim_time)*90*8/4+90)*1", "5.558+math.sin(q.anim_time*90*4+90)*0.5"]
				},
				"hands": {
					"rotation": [0.25677, -4.9944, -5.0132]
				},
				"legparte1": {
					"rotation": ["0+math.sin(q.anim_time*90*4-90)*1.25", "0+math.sin(q.anim_time*90*3)*0.75", 0]
				},
				"hand1": {
					"position": [0, 0.5, 0.5]
				},
				"hand2": {
					"position": [0, 0, -0.2]
				}
			}
		},
		"animation.rolycoly.sleep": {
			"loop": true,
			"bones": {
				"torso": {
					"rotation": [0, 0, 17.5]
				},
				"torsoparte": {
					"rotation": ["9.9627107872+math.sin(q.anim_time*90*2)*0.55", "-0.867172409-math.sin(q.anim_time*90*2)*0.5", 4.92442],
					"position": [0, -1, 0]
				},
				"eye1": {
					"position": [0, 0, 1]
				}
			}
		},
		"animation.rolycoly.physical": {
			"loop": "hold_on_last_frame",
			"animation_length": 1.2917,
			"bones": {
				"torso": {
					"rotation": {
						"0.0": {
							"post": [1.6576, 6.6588, 5.558],
							"lerp_mode": "catmullrom"
						},
						"0.25": {
							"post": [6.69795, 9.14185, 5.85148],
							"lerp_mode": "catmullrom"
						},
						"0.4583": {
							"post": [0, 32.5, 0],
							"lerp_mode": "catmullrom"
						},
						"0.75": {
							"post": [28.55897, -51.49254, -15.14534],
							"lerp_mode": "catmullrom"
						},
						"0.9583": {
							"post": [25.41062, -56.12977, 25.49978],
							"lerp_mode": "catmullrom"
						},
						"1.2917": {
							"post": [1.6576, 6.6588, 5.558],
							"lerp_mode": "catmullrom"
						}
					},
					"position": {
						"0.0": {
							"post": [0, 0, 0],
							"lerp_mode": "catmullrom"
						},
						"0.25": {
							"post": [0, 0, 2],
							"lerp_mode": "catmullrom"
						},
						"0.4583": {
							"post": [0, 0, -1],
							"lerp_mode": "catmullrom"
						},
						"0.75": {
							"post": [4, 2, -15],
							"lerp_mode": "catmullrom"
						},
						"1.2917": {
							"post": [0, 0, 0],
							"lerp_mode": "catmullrom"
						}
					}
				},
				"hands": {
					"rotation": [0.25677, -4.9944, -5.0132]
				},
				"allbody": {
					"rotation": {
						"0.0": {
							"post": [0, 0, 0],
							"lerp_mode": "catmullrom"
						},
						"0.1667": {
							"post": [-9.54925, 34.14863, -3.35801],
							"lerp_mode": "catmullrom"
						},
						"0.25": {
							"post": [-10, 20, 0],
							"lerp_mode": "catmullrom"
						},
						"0.5": {
							"post": [27.47423, -66.65002, -31.69465],
							"lerp_mode": "catmullrom"
						},
						"0.625": {
							"post": [5, 15.86327, 0],
							"lerp_mode": "catmullrom"
						},
						"0.9583": {
							"post": [-29.7498, 4.50727, -11.51766],
							"lerp_mode": "catmullrom"
						},
						"1.125": {
							"post": [-27.01105, 5.15725, 0.74303],
							"lerp_mode": "catmullrom"
						},
						"1.2917": {
							"post": [0, 0, 0],
							"lerp_mode": "catmullrom"
						}
					},
					"position": {
						"0.0": {
							"post": [0, 0, 0],
							"lerp_mode": "catmullrom"
						},
						"0.25": {
							"post": [-3, 0, 10],
							"lerp_mode": "catmullrom"
						},
						"0.375": {
							"post": [-4, 0.23, 5.74],
							"lerp_mode": "catmullrom"
						},
						"0.5": [3, 0.3, 0.17],
						"0.6667": [0, -1, -0.3],
						"0.7083": [0, 0.01, 0.67],
						"0.75": [0, 0.43, -1.57],
						"0.7917": [0, 0.83, 0.89],
						"0.8333": [0, 1.04, -0.33],
						"1.0": [0, 1.71, -0.31],
						"1.0833": [0, 0.75, 2.9],
						"1.1667": {
							"pre": [0, -0.26, 1.87],
							"post": [0, -0.26, 1.87],
							"lerp_mode": "catmullrom"
						},
						"1.2917": {
							"post": [0, 0, 0],
							"lerp_mode": "catmullrom"
						}
					}
				},
				"torsoparte": {
					"rotation": {
						"0.0": {
							"post": [0, 0, 0],
							"lerp_mode": "catmullrom"
						},
						"0.25": {
							"post": [-13.21315, 14.53961, 1.65067],
							"lerp_mode": "catmullrom"
						},
						"0.4583": {
							"post": [7.61206, "3.8009+math.sin(q.anim_time*90*6+90)*25", 1.32559],
							"lerp_mode": "catmullrom"
						},
						"0.75": {
							"post": [17.97289, "-46.30824+math.sin(q.anim_time*90*6+90)*20", -10.99606],
							"lerp_mode": "catmullrom"
						},
						"1.2917": {
							"post": [0, 0, 0],
							"lerp_mode": "catmullrom"
						}
					}
				},
				"hand1": {
					"rotation": {
						"0.0": {
							"post": [0, 0, 0],
							"lerp_mode": "catmullrom"
						},
						"0.25": {
							"post": [0, 5, 0],
							"lerp_mode": "catmullrom"
						},
						"0.4583": {
							"post": [0, -5, 0],
							"lerp_mode": "catmullrom"
						},
						"1.2917": {
							"post": [0, 0, 0],
							"lerp_mode": "catmullrom"
						}
					},
					"position": {
						"0.0": {
							"post": [0, 0.5, 0.5],
							"lerp_mode": "catmullrom"
						},
						"0.4583": {
							"post": [0, 0, 1],
							"lerp_mode": "catmullrom"
						},
						"1.2917": {
							"post": [0, 0.5, 0.5],
							"lerp_mode": "catmullrom"
						}
					}
				},
				"hand2": {
					"rotation": {
						"0.0": {
							"post": [0, 0, 0],
							"lerp_mode": "catmullrom"
						},
						"0.25": {
							"post": [0, -7.5, 0],
							"lerp_mode": "catmullrom"
						},
						"1.2917": {
							"post": [0, 0, 0],
							"lerp_mode": "catmullrom"
						}
					},
					"position": [0, 0, -0.2]
				},
				"face": {
					"rotation": {
						"0.0": [0, 0, 0],
						"0.75": [0, -5, 0],
						"1.2917": [0, 0, 0]
					}
				},
				"eye1": {
					"position": {
						"0.0": {
							"post": [0, 0, 0],
							"lerp_mode": "catmullrom"
						},
						"0.4583": {
							"post": [0, 0, 1],
							"lerp_mode": "catmullrom"
						},
						"1.2917": {
							"post": [0, 0, 0],
							"lerp_mode": "catmullrom"
						}
					}
				},
				"legparte1": {
					"rotation": {
						"0.0": [0, 0, 0],
						"0.25": ["17.5+q.anim_time*90*12", 0, 0],
						"0.75": ["30+q.anim_time*90*15", 0, 0],
						"1.2917": [0, 0, 0]
					}
				}
			}
		},
		"animation.rolycoly.quirk": {
			"animation_length": 3,
			"bones": {
				"torsoparte": {
					"rotation": {
						"0.0": {
							"post": [0, 0, 0],
							"lerp_mode": "catmullrom"
						},
						"0.5": {
							"post": [-10.23772, 12.3071, -2.20462],
							"lerp_mode": "catmullrom"
						},
						"1.0": {
							"post": [-7.5, -12.5, 0],
							"lerp_mode": "catmullrom"
						},
						"1.75": {
							"post": [2.5, 0, 0],
							"lerp_mode": "catmullrom"
						},
						"2.0833": {
							"post": ["2.3599939296+math.sin(q.anim_time*90*8)*4", "5.9082149394+math.sin(q.anim_time*90*30)*8", "0.205655386+math.cos(q.anim_time*90*16)*6"],
							"lerp_mode": "catmullrom"
						},
						"2.1667": {
							"post": [5.22261, 23.8711, -1.28795],
							"lerp_mode": "catmullrom"
						},
						"2.25": {
							"post": [4.00346, -5.01467, -2.74656],
							"lerp_mode": "catmullrom"
						},
						"2.3333": {
							"post": [3.17163, -6.88464, -2.28085],
							"lerp_mode": "catmullrom"
						},
						"2.4167": {
							"post": [2.35743, 21.19985, -0.15766],
							"lerp_mode": "catmullrom"
						},
						"2.5": {
							"post": [1.30192, "1.1892392716+math.siN(q.anim_time*90*15)*18", 0.07149],
							"lerp_mode": "catmullrom"
						},
						"2.5833": {
							"post": [1.05104, 6.7938, 0.49393],
							"lerp_mode": "catmullrom"
						},
						"2.6667": {
							"post": [0.89641, -13.87783, 0.13756],
							"lerp_mode": "catmullrom"
						},
						"2.75": {
							"post": [0.68935, 4.98636, 0.29689],
							"lerp_mode": "catmullrom"
						},
						"2.8333": {
							"post": [0.4905, 17.40583, 0.32728],
							"lerp_mode": "catmullrom"
						},
						"2.9167": {
							"post": [0.23191, -8.02073, 0.09484],
							"lerp_mode": "catmullrom"
						},
						"3.0": {
							"post": [0, 0, 0],
							"lerp_mode": "catmullrom"
						}
					}
				},
				"eye1": {
					"position": {
						"0.0": {
							"post": [0, 0, 0],
							"lerp_mode": "catmullrom"
						},
						"1.6667": {
							"post": [0, 0, 0],
							"lerp_mode": "catmullrom"
						},
						"1.75": {
							"post": [0, 0, 1],
							"lerp_mode": "catmullrom"
						},
						"3.0": {
							"post": [0, 0, 0],
							"lerp_mode": "catmullrom"
						}
					}
				}
			}
		},
		"animation.rolycoly.cry": {
			"animation_length": 1,
			"bones": {
				"torsoparte": {
					"rotation": {
						"0.0": {
							"post": [0, 0, 0],
							"lerp_mode": "catmullrom"
						},
						"0.1667": {
							"post": [-5, 0, 0],
							"lerp_mode": "catmullrom"
						},
						"0.25": {
							"post": [-2.5, 0, 0],
							"lerp_mode": "catmullrom"
						},
						"0.3333": {
							"post": [-7.5, 0, 0],
							"lerp_mode": "catmullrom"
						},
						"0.4167": {
							"post": [-5, 0, 0],
							"lerp_mode": "catmullrom"
						},
						"0.5": {
							"post": [-7.5, 0, 0],
							"lerp_mode": "catmullrom"
						},
						"1.0": {
							"post": [0, 0, 0],
							"lerp_mode": "catmullrom"
						}
					}
				}
			},
			"sound_effects": {
				"0.1667": {
					"effect": "pokemon.rolycoly.cry"
				}
			}
		},
		"animation.rolycoly.surprised": {
			"loop": true,
			"bones": {
				"eye_pupiled1": {
					"position": [0, 0, 1]
				},
				"eye_pupiled_chock1": {
					"position": [0, 0, -1]
				}
			}
		},
		"animation.rolycoly.disintrested": {
			"loop": true,
			"bones": {
				"eye_pupiled1": {
					"position": [0, 0, 1]
				},
				"eye_pupiled_bored1": {
					"rotation": [0, 0, -12.5],
					"position": [1.5, 0, -1]
				}
			}
		},
		"animation.rolycoly.happy": {
			"loop": true,
			"bones": {
				"eye_pupiled1": {
					"position": [0, 0, 1]
				},
				"eye_pupiled_happy1": {
					"rotation": [0, 0, -12.5],
					"position": [1.5, 0.2, -1]
				}
			}
		},
		"animation.rolycoly.hurt": {
			"loop": true,
			"bones": {
				"eye_pupiled1": {
					"position": [0, 0, 2]
				},
				"eye_pupiled_hurt1": {
					"position": [-0.2, 0, -1]
				}
			}
		}
	}
}