{
  "species": "cobblemon:furfrou",
  "order": 1,
  "variations": [
    {
      "aspects": ["dandy-trim"],
      "poser": "cobblemon:limegreen_furfrou",
      "model": "cobblemon:limegreen_furfrou.geo",
      "texture": "cobblemon:textures/pokemon/0676_furfrou/limegreen_furfrou.png",
      "layers": []
    },
    {
      "aspects": ["shiny","dandy-trim"],
      "texture": "cobblemon:textures/pokemon/0676_furfrou/limegreen_furfrou_shiny.png"
    },
	{
      "aspects": ["debutante-trim"],
      "poser": "cobblemon:yellow_furfrou",
      "model": "cobblemon:yellow_furfrou.geo",
      "texture": "cobblemon:textures/pokemon/0676_furfrou/yellow_furfrou.png",
      "layers": []
    },
    {
      "aspects": ["shiny","debutante-trim"],
      "texture": "cobblemon:textures/pokemon/0676_furfrou/yellow_furfrou_shiny.png"
    },
	{
      "aspects": ["diamond-trim"],
      "poser": "cobblemon:orange_furfrou",
      "model": "cobblemon:orange_furfrou.geo",
      "texture": "cobblemon:textures/pokemon/0676_furfrou/orange_furfrou.png",
      "layers": []
    },
    {
      "aspects": ["shiny","diamond-trim"],
      "texture": "cobblemon:textures/pokemon/0676_furfrou/orange_furfrou_shiny.png"
    },
	{
      "aspects": ["heart-trim"],
      "poser": "cobblemon:pink_furfrou",
      "model": "cobblemon:pink_furfrou.geo",
      "texture": "cobblemon:textures/pokemon/0676_furfrou/pink_furfrou.png",
      "layers": []
    },
    {
      "aspects": ["shiny","heart-trim"],
      "texture": "cobblemon:textures/pokemon/0676_furfrou/pink_furfrou_shiny.png"
    },
	{
      "aspects": ["kabuki-trim"],
      "poser": "cobblemon:red_furfrou",
      "model": "cobblemon:red_furfrou.geo",
      "texture": "cobblemon:textures/pokemon/0676_furfrou/red_furfrou.png",
      "layers": []
    },
    {
      "aspects": ["shiny","kabuki-trim"],
      "texture": "cobblemon:textures/pokemon/0676_furfrou/red_furfrou_shiny.png"
    },
	{
      "aspects": ["la_reine-trim"],
      "poser": "cobblemon:cyan_furfrou",
      "model": "cobblemon:cyan_furfrou.geo",
      "texture": "cobblemon:textures/pokemon/0676_furfrou/cyan_furfrou.png",
      "layers": []
    },
    {
      "aspects": ["shiny","la_reine-trim"],
      "texture": "cobblemon:textures/pokemon/0676_furfrou/cyan_furfrou_shiny.png"
    },
	{
      "aspects": ["matron-trim"],
      "poser": "cobblemon:purple_furfrou",
      "model": "cobblemon:purple_furfrou.geo",
      "texture": "cobblemon:textures/pokemon/0676_furfrou/purple_furfrou.png",
      "layers": []
    },
    {
      "aspects": ["shiny","matron-trim"],
      "texture": "cobblemon:textures/pokemon/0676_furfrou/purple_furfrou_shiny.png"
    },
	{
      "aspects": ["pharaoh-trim"],
      "poser": "cobblemon:blue_furfrou",
      "model": "cobblemon:blue_furfrou.geo",
      "texture": "cobblemon:textures/pokemon/0676_furfrou/blue_furfrou.png",
      "layers": []
    },
    {
      "aspects": ["shiny","pharaoh-trim"],
      "texture": "cobblemon:textures/pokemon/0676_furfrou/blue_furfrou_shiny.png"
    },
	{
      "aspects": ["star-trim"],
      "poser": "cobblemon:lightblue_furfrou",
      "model": "cobblemon:lightblue_furfrou.geo",
      "texture": "cobblemon:textures/pokemon/0676_furfrou/lightblue_furfrou.png",
      "layers": []
    },
    {
      "aspects": ["shiny","star-trim"],
      "texture": "cobblemon:textures/pokemon/0676_furfrou/lightblue_furfrou_shiny.png"
    }
  ]
}