{
  "nationalPokedexNumber": 684,
  "name": "Swirlix",
  "primaryType": "fairy",
  "maleRatio": 0.5,
  "height": 4,
  "weight": 35,
  "pokedex": [
    "cobblemon.species.swirlix.desc"
  ],
  "labels": [
    "gen6"
  ],
  "aspects": [],
  "abilities": [
    "sweetveil",
    "h:unburden"
  ],
  "eggGroups": [
    "fairy"
  ],
  "baseStats": {
    "hp": 62,
    "attack": 48,
    "defence": 66,
    "special_attack": 59,
    "special_defence": 57,
    "speed": 49
  },
  "evYield": {
    "hp": 0,
    "attack": 0,
    "defence": 1,
    "special_attack": 0,
    "special_defence": 0,
    "speed": 0
  },
  "baseExperienceYield": 68,
  "experienceGroup": "medium_fast",
  "catchRate": 200,
  "eggCycles": 20,
  "baseFriendship": 50,
  "baseScale": 0.6,
  "hitbox": {
    "width": 0.5,
    "height": 0.5,
    "fixed": false
  },
  "drops": {
    "amount": 3,
    "entries": [
      {
        "item": "minecraft:sugar",
        "quantityRange": "0-1"
      },
      {
        "item": "minecraft:cake",
        "percentage": 2.5
      },
      {
        "item": "cobblemon:babiri_berry",
        "percentage": 2.5
      }
    ]
  },
  "moves": [
    "1:sweetscent",
    "1:tackle",
    "3:playnice",
    "6:fairywind",
    "9:aromatherapy",
    "12:drainingkiss",
    "15:faketears",
    "18:round",
    "21:stringshot",
    "24:cottonspore",
    "27:energyball",
    "30:wish",
    "33:playrough",
    "36:cottonguard",
    "39:endeavor",
    "egg:afteryou",
    "egg:bellydrum",
    "egg:copycat",
    "egg:stickyweb",
    "egg:yawn",
    "tm:afteryou",
    "tm:amnesia",
    "tm:calmmind",
    "tm:charm",
    "tm:covet",
    "tm:dazzlinggleam",
    "tm:drainingkiss",
    "tm:dreameater",
    "tm:endeavor",
    "tm:endure",
    "tm:energyball",
    "tm:facade",
    "tm:faketears",
    "tm:flamethrower",
    "tm:flash",
    "tm:gastroacid",
    "tm:healbell",
    "tm:helpinghand",
    "tm:lightscreen",
    "tm:magiccoat",
    "tm:mistyexplosion",
    "tm:playrough",
    "tm:protect",
    "tm:psychic",
    "tm:psychup",
    "tm:raindance",
    "tm:rest",
    "tm:round",
    "tm:safeguard",
    "tm:sleeptalk",
    "tm:stringshot",
    "tm:substitute",
    "tm:sunnyday",
    "tm:surf",
    "tm:terablast",
    "tm:thief",
    "tm:thunderbolt",
    "tutor:afteryou",
    "tutor:calmmind",
    "tutor:covet",
    "tutor:dazzlinggleam",
    "tutor:endeavor",
    "tutor:energyball",
    "tutor:flamethrower",
    "tutor:gastroacid",
    "tutor:healbell",
    "tutor:helpinghand",
    "tutor:magiccoat",
    "tutor:mistyexplosion",
    "tutor:playrough",
    "tutor:psychic",
    "tutor:rest",
    "tutor:sleeptalk",
    "tutor:stringshot",
    "tutor:thunderbolt"
  ],
  "evolutions": [
    {
      "id": "swirlix_slurpuff",
      "variant": "trade",
      "result": "slurpuff",
      "consumeHeldItem": true,
      "learnableMoves": [],
      "requirements": [
        {
          "variant": "held_item",
          "itemCondition": "cobblemon:whipped_dream"
        }
      ]
    }
  ]
}
