{
	"format_version": "1.8.0",
	"animations": {
		"animation.lugia.pose": {
			"loop": true,
			"bones": {
				"body": {
					"position": [0, 51, 0]
				},
				"torso": {
					"rotation": [20, 0, 0]
				},
				"neck": {
					"rotation": [10, 0, 0]
				},
				"bone10": {
					"rotation": [-20, 0, 0]
				},
				"bone11": {
					"rotation": [22.5, 0, 0]
				},
				"bone12": {
					"rotation": [17.5, 0, 0]
				},
				"head": {
					"rotation": [-37.5, 0, 0]
				},
				"jaw": {
					"rotation": [50, 0, 0],
					"position": [0, -2, 0]
				},
				"wing_left": {
					"rotation": [0, 0, 0]
				},
				"bone22": {
					"rotation": [0, -15, -15]
				},
				"bone23": {
					"rotation": [0, -5, 0]
				},
				"bone24": {
					"rotation": [0, -25, 0]
				},
				"bone25": {
					"rotation": [0, -17.5, 0]
				},
				"bone26": {
					"rotation": [0, 0, 0]
				},
				"bone29": {
					"rotation": [0, -12.5, 0]
				},
				"bone30": {
					"rotation": [0, 0, 0]
				},
				"bone31": {
					"rotation": [0, -5, 0]
				},
				"bone32": {
					"rotation": [0, 0, 0]
				},
				"bone27": {
					"rotation": [0, -17.5, 0]
				},
				"bone28": {
					"rotation": [0, 0, 0]
				},
				"bone15": {
					"rotation": [-44.91726, -15.36287, -10.78993]
				},
				"bone16": {
					"rotation": [17.5, 0, 0]
				},
				"bone17": {
					"rotation": [-15, 0, 0]
				},
				"bone19": {
					"rotation": [-25, 0, 0]
				},
				"bone36": {
					"rotation": [-60.5608, 14.74444, 4.73216]
				},
				"bone37": {
					"rotation": [20, 0, 0]
				},
				"bone38": {
					"rotation": [-17.11985, -0.87641, 3.95493]
				},
				"bone39": {
					"rotation": [-20, 0, 0]
				},
				"bone44": {
					"rotation": [-2.88419, 6.92618, -22.67458]
				},
				"bone45": {
					"rotation": [0, 0, 0]
				},
				"wing_right": {
					"rotation": [0, 10, 0]
				},
				"bone47": {
					"rotation": [0, 20, 10]
				},
				"bone48": {
					"rotation": [0, 5, 0]
				},
				"bone49": {
					"rotation": [0, 22.5, 0]
				},
				"bone50": {
					"rotation": [0, 12.5, 0]
				},
				"bone51": {
					"rotation": [0, 0, 0]
				},
				"bone52": {
					"rotation": [0, 5, 0]
				},
				"bone53": {
					"rotation": [0, 0, 0]
				},
				"bone54": {
					"rotation": [0, 2.5, 0]
				},
				"bone55": {
					"rotation": [0, 0, 0]
				},
				"bone56": {
					"rotation": [0, 10, 0]
				},
				"bone57": {
					"rotation": [0, 0, 0]
				},
				"bone58": {
					"rotation": [-1.71394, -4.69776, 20.07031]
				},
				"bone59": {
					"rotation": [0, 0, 0]
				},
				"bone60": {
					"rotation": [-7.5, 0, 0]
				},
				"bone61": {
					"rotation": [-10, 0, 0]
				},
				"bone62": {
					"rotation": [-20, 0, 0]
				},
				"bone63": {
					"rotation": [-12.5, 0, 0]
				},
				"bone64": {
					"rotation": [-20, 0, 0]
				},
				"wings_closed": {
					"scale": 0
				}
			}
		},
		"animation.lugia.ground_idle": {
			"loop": true,
			"bones": {
				"body": {
					"position": [0, 9, 0]
				},
				"torso": {
					"rotation": ["-2.5+math.sin(q.anim_time*90*1+90)*2", 0, 0],
					"position": [0, "-math.sin(q.anim_time*90*1)*2", "-math.sin(q.anim_time*90*1)*1"]
				},
				"bone10": {
					"rotation": ["12.5+math.sin(q.anim_time*90*1-135)*2.5", 0, 0]
				},
				"bone11": {
					"rotation": ["15+math.sin(q.anim_time*90*1-180)*2", 0, 0]
				},
				"bone12": {
					"rotation": ["15+math.sin(q.anim_time*90*1-225)*2", 0, 0]
				},
				"head": {
					"rotation": [5, 0, 0]
				},
				"bone65": {
					"rotation": [-29.20697, 34.71083, 31.66916],
					"position": [0, 0, 2.325]
				},
				"bone68": {
					"rotation": [0, 90, 0]
				},
				"bone66": {
					"rotation": [-14.16664, 33.8589, 10.46127],
					"position": [-4, 0, 0]
				},
				"bone69": {
					"rotation": [0, 102.5, 0]
				},
				"bone67": {
					"rotation": [0, 35, 0],
					"position": [-2, 0, 0]
				},
				"bone70": {
					"rotation": [0, 80, 0]
				},
				"bone71": {
					"rotation": [1.08927, 29.84909, -15.03852],
					"position": [0, -2, 0]
				},
				"bone72": {
					"rotation": [0, 85, 0]
				},
				"bone73": {
					"rotation": [-7.47894, 32.49807, -0.19805]
				},
				"bone77": {
					"rotation": [-29.20697, -34.71083, -31.66916],
					"position": [0, 0, 2.325]
				},
				"bone78": {
					"rotation": [0, -80, 0]
				},
				"bone79": {
					"rotation": [-16.22821, -37.75858, -15.50836],
					"position": [5, 0, 0]
				},
				"bone80": {
					"rotation": [0, -97.5, 0]
				},
				"bone81": {
					"rotation": [0, -35, 0],
					"position": [2, 0, 0]
				},
				"bone82": {
					"rotation": [0, -85, 0]
				},
				"bone83": {
					"rotation": [1.08927, -29.84909, 15.03852],
					"position": [0, -2, 0]
				},
				"bone84": {
					"rotation": [0, -90, 0]
				},
				"bone85": {
					"rotation": [-10, -25, 0]
				},
				"wing_left": {
					"rotation": [-21.19224, 81.31368, -36.36353],
					"position": [8, 3, 9]
				},
				"bone22": {
					"rotation": [0, 0, 22.5]
				},
				"bone23": {
					"rotation": [0, 0, 35],
					"position": [-22, 2, 0]
				},
				"bone24": {
					"rotation": [0, 0, 55],
					"position": [-9, 9, 0]
				},
				"bone25": {
					"rotation": [0, 0, 15]
				},
				"bone26": {
					"rotation": [0, 15, 0]
				},
				"bone29": {
					"rotation": [0.64743, 2.41476, 7.51365]
				},
				"bone30": {
					"rotation": [0, 12.5, 0]
				},
				"bone31": {
					"rotation": [1.29717, 4.82922, 2.5547]
				},
				"bone32": {
					"rotation": [0, 17.5, 0]
				},
				"bone27": {
					"rotation": [-0.43439, -2.462, 17.50933]
				},
				"bone28": {
					"rotation": [0, 20, 0]
				},
				"bone44": {
					"rotation": [0, 0, 10],
					"position": [0, -4, 0]
				},
				"bone45": {
					"rotation": [0, 15, 0]
				},
				"wing_right": {
					"rotation": [-21.19224, -81.31368, 36.36353],
					"position": [-8, 3, 9]
				},
				"bone47": {
					"rotation": [0, 0, -22.5]
				},
				"bone48": {
					"rotation": [0, 0, -35],
					"position": [22, 2, 0]
				},
				"bone49": {
					"rotation": [0, 0, -55],
					"position": [9, 9, 0]
				},
				"bone50": {
					"rotation": [0, 0, -15]
				},
				"bone51": {
					"rotation": [0, -25, 0]
				},
				"bone52": {
					"rotation": [0.64743, -2.41476, -7.51365]
				},
				"bone53": {
					"rotation": [0, -25, 0]
				},
				"bone54": {
					"rotation": [1.29717, -4.82922, -2.5547]
				},
				"bone55": {
					"rotation": [0, -22.5, 0]
				},
				"bone56": {
					"rotation": [-0.43439, 2.462, -17.50933]
				},
				"bone57": {
					"rotation": [0, -30, 0]
				},
				"bone58": {
					"rotation": [0, 0, -10],
					"position": [0, -4, 0]
				},
				"bone59": {
					"rotation": [0, -12.5, 0]
				},
				"bone60": {
					"rotation": ["-20+math.sin(q.anim_time*90*1+45)*-2", "math.sin(q.anim_time*90*0.7)*15", 0]
				},
				"bone61": {
					"rotation": ["30+math.sin(q.anim_time*90*1-45)*-3", "math.sin(q.anim_time*90*0.7-60)*10", 0]
				},
				"bone62": {
					"rotation": ["15+math.sin(q.anim_time*90*1-45)*-3", "math.sin(q.anim_time*90*0.7-60)*10", 0]
				},
				"bone63": {
					"rotation": ["22.5+math.sin(q.anim_time*90*1-45)*-3", "math.sin(q.anim_time*90*0.7-60)*10", 0]
				},
				"bone64": {
					"rotation": ["7.5+math.sin(q.anim_time*90*1-45)*-3", "math.sin(q.anim_time*90*0.7-60)*10", 0]
				},
				"bone15": {
					"rotation": ["-31.5389038956+math.sin(q.anim_time*90*1+30)*-2", -21.49527, 9.5999],
					"position": ["-(math.sin(q.anim_time*90*1+30)*0.05)", "-math.sin(q.anim_time*90*1+30)*1", "-math.sin(q.anim_time*90*1+30)*0.1"]
				},
				"bone16": {
					"rotation": [17.5, 0, 0]
				},
				"bone17": {
					"rotation": ["-12.5+math.sin(q.anim_time*90*1+30)*2", 0, 0]
				},
				"bone35": {
					"rotation": [-37.5, 0, 0]
				},
				"bone36": {
					"rotation": ["-16.8196020924+math.sin(q.anim_time*90*1+30)*-2", 20.06742, -11.25672],
					"position": ["-(math.sin(q.anim_time*90*1+30)*0.05)", "-math.sin(q.anim_time*90*1+30)*1", "-math.sin(q.anim_time*90*1+30)*0.1"]
				},
				"bone39": {
					"rotation": [-17.5, 0, 0]
				},
				"bone40": {
					"rotation": [-27.5, 0, 0]
				},
				"wing_closed_left": {
					"rotation": [0, -17.5, 0]
				},
				"wings_closed": {
					"rotation": [10, 0, 0]
				},
				"neck": {
					"rotation": ["-20+math.sin(q.anim_time*90*1-90)*2", 0, 0]
				},
				"bone19": {
					"rotation": ["-math.sin(q.anim_time*90*1+30)*-0.01", 0, 2.5]
				},
				"wing_closed_right": {
					"rotation": [0, 17.5, 0]
				},
				"bone38": {
					"rotation": ["-2.5+math.sin(q.anim_time*90*1+30)*2", 0, 0]
				}
			}
		},
		"animation.lugia.ground_walk": {
			"loop": true,
			"animation_length": 2,
			"bones": {
				"body": {
					"position": {
						"0.0": [0, 9, 0],
						"0.0417": [0, 8, 0],
						"0.1667": [0, 9, 0],
						"0.9583": [0, 9, 0],
						"1.0": [0, 8, 0],
						"1.0833": [0, 9, 0],
						"1.1458": [0, 8, 0],
						"1.2292": [0, 9, 0],
						"1.9583": [0, 9, 0],
						"2.0": [0, 8, 0]
					}
				},
				"torso": {
					"rotation": ["17.5-math.cos((q.anim_time)*90*8/2)*2", 0, 0],
					"position": [0, "-math.cos((q.anim_time)*90*8/2)*2", "math.sin(q.anim_time*90*4)*-1+1"]
				},
				"bone10": {
					"rotation": {
						"0.0": [5, 0, 0],
						"2.0": [5, 0, 0]
					}
				},
				"bone11": {
					"rotation": {
						"0.0": [15, 0, 0],
						"2.0": [15, 0, 0]
					}
				},
				"bone12": {
					"rotation": ["15-math.cos((q.anim_time)*90*8/2-90)*1", 0, 0]
				},
				"head": {
					"rotation": {
						"0.0": [-17.5, 0, 0],
						"2.0": [-17.5, 0, 0]
					}
				},
				"bone65": {
					"rotation": {
						"0.0": [-29.20697, 34.71083, 31.66916],
						"2.0": [-29.20697, 34.71083, 31.66916]
					},
					"position": {
						"0.0": [0, 0, 2.325],
						"2.0": [0, 0, 2.325]
					}
				},
				"bone68": {
					"rotation": [0, 90, 0]
				},
				"bone66": {
					"rotation": {
						"0.0": [-14.16664, 33.8589, 10.46127],
						"2.0": [-14.16664, 33.8589, 10.46127]
					},
					"position": {
						"0.0": [-4, 0, 0],
						"2.0": [-4, 0, 0]
					}
				},
				"bone69": {
					"rotation": [0, 102.5, 0]
				},
				"bone67": {
					"rotation": {
						"0.0": [0, 35, 0],
						"2.0": [0, 35, 0]
					},
					"position": {
						"0.0": [-2, 0, 0],
						"2.0": [-2, 0, 0]
					}
				},
				"bone70": {
					"rotation": [0, 80, 0]
				},
				"bone71": {
					"rotation": {
						"0.0": [1.08927, 29.84909, -15.03852],
						"2.0": [1.08927, 29.84909, -15.03852]
					},
					"position": {
						"0.0": [0, -2, 0],
						"2.0": [0, -2, 0]
					}
				},
				"bone72": {
					"rotation": [0, 85, 0]
				},
				"bone73": {
					"rotation": {
						"0.0": [-7.47894, 32.49807, -0.19805],
						"2.0": [-7.47894, 32.49807, -0.19805]
					}
				},
				"bone77": {
					"rotation": {
						"0.0": [-29.20697, -34.71083, -31.66916],
						"2.0": [-29.20697, -34.71083, -31.66916]
					},
					"position": {
						"0.0": [0, 0, 2.325],
						"2.0": [0, 0, 2.325]
					}
				},
				"bone78": {
					"rotation": [0, -80, 0]
				},
				"bone79": {
					"rotation": {
						"0.0": [-16.22821, -37.75858, -15.50836],
						"2.0": [-16.22821, -37.75858, -15.50836]
					},
					"position": {
						"0.0": [5, 0, 0],
						"2.0": [5, 0, 0]
					}
				},
				"bone80": {
					"rotation": [0, -97.5, 0]
				},
				"bone81": {
					"rotation": {
						"0.0": [0, -35, 0],
						"2.0": [0, -35, 0]
					},
					"position": {
						"0.0": [2, 0, 0],
						"2.0": [2, 0, 0]
					}
				},
				"bone82": {
					"rotation": [0, -85, 0]
				},
				"bone83": {
					"rotation": {
						"0.0": [1.08927, -29.84909, 15.03852],
						"2.0": [1.08927, -29.84909, 15.03852]
					},
					"position": {
						"0.0": [0, -2, 0],
						"2.0": [0, -2, 0]
					}
				},
				"bone84": {
					"rotation": [0, -90, 0]
				},
				"bone85": {
					"rotation": {
						"0.0": [-10, -25, 0],
						"2.0": [-10, -25, 0]
					}
				},
				"wing_left": {
					"rotation": {
						"0.0": [-21.19224, 81.31368, -36.36353],
						"2.0": [-21.19224, 81.31368, -36.36353]
					},
					"position": {
						"0.0": [8, 3, 9],
						"2.0": [8, 3, 9]
					}
				},
				"bone22": {
					"rotation": {
						"0.0": [0, 0, 22.5],
						"2.0": [0, 0, 22.5]
					}
				},
				"bone23": {
					"rotation": {
						"0.0": [0, 0, 35],
						"2.0": [0, 0, 35]
					},
					"position": {
						"0.0": [-22, 2, 0],
						"2.0": [-22, 2, 0]
					}
				},
				"bone24": {
					"rotation": {
						"0.0": [0, 0, 55],
						"2.0": [0, 0, 55]
					},
					"position": {
						"0.0": [-9, 9, 0],
						"2.0": [-9, 9, 0]
					}
				},
				"bone25": {
					"rotation": {
						"0.0": [0, 0, 15],
						"2.0": [0, 0, 15]
					}
				},
				"bone26": {
					"rotation": {
						"0.0": [0, 15, 0],
						"2.0": [0, 15, 0]
					}
				},
				"bone29": {
					"rotation": {
						"0.0": [0.64743, 2.41476, 7.51365],
						"2.0": [0.64743, 2.41476, 7.51365]
					}
				},
				"bone30": {
					"rotation": {
						"0.0": [0, 12.5, 0],
						"2.0": [0, 12.5, 0]
					}
				},
				"bone31": {
					"rotation": {
						"0.0": [1.29717, 4.82922, 2.5547],
						"2.0": [1.29717, 4.82922, 2.5547]
					}
				},
				"bone32": {
					"rotation": {
						"0.0": [0, 17.5, 0],
						"2.0": [0, 17.5, 0]
					}
				},
				"bone27": {
					"rotation": {
						"0.0": [-0.43439, -2.462, 17.50933],
						"2.0": [-0.43439, -2.462, 17.50933]
					}
				},
				"bone28": {
					"rotation": {
						"0.0": [0, 20, 0],
						"2.0": [0, 20, 0]
					}
				},
				"bone44": {
					"rotation": {
						"0.0": [0, 0, 10],
						"2.0": [0, 0, 10]
					},
					"position": {
						"0.0": [0, -4, 0],
						"2.0": [0, -4, 0]
					}
				},
				"bone45": {
					"rotation": {
						"0.0": [0, 15, 0],
						"2.0": [0, 15, 0]
					}
				},
				"wing_right": {
					"rotation": {
						"0.0": [-21.19224, -81.31368, 36.36353],
						"2.0": [-21.19224, -81.31368, 36.36353]
					},
					"position": {
						"0.0": [-8, 3, 9],
						"2.0": [-8, 3, 9]
					}
				},
				"bone47": {
					"rotation": {
						"0.0": [0, 0, -22.5],
						"2.0": [0, 0, -22.5]
					}
				},
				"bone48": {
					"rotation": {
						"0.0": [0, 0, -35],
						"2.0": [0, 0, -35]
					},
					"position": {
						"0.0": [22, 2, 0],
						"2.0": [22, 2, 0]
					}
				},
				"bone49": {
					"rotation": {
						"0.0": [0, 0, -55],
						"2.0": [0, 0, -55]
					},
					"position": {
						"0.0": [9, 9, 0],
						"2.0": [9, 9, 0]
					}
				},
				"bone50": {
					"rotation": {
						"0.0": [0, 0, -15],
						"2.0": [0, 0, -15]
					}
				},
				"bone51": {
					"rotation": {
						"0.0": [0, -25, 0],
						"2.0": [0, -25, 0]
					}
				},
				"bone52": {
					"rotation": {
						"0.0": [0.64743, -2.41476, -7.51365],
						"2.0": [0.64743, -2.41476, -7.51365]
					}
				},
				"bone53": {
					"rotation": {
						"0.0": [0, -25, 0],
						"2.0": [0, -25, 0]
					}
				},
				"bone54": {
					"rotation": {
						"0.0": [1.29717, -4.82922, -2.5547],
						"2.0": [1.29717, -4.82922, -2.5547]
					}
				},
				"bone55": {
					"rotation": {
						"0.0": [0, -22.5, 0],
						"2.0": [0, -22.5, 0]
					}
				},
				"bone56": {
					"rotation": {
						"0.0": [-0.43439, 2.462, -17.50933],
						"2.0": [-0.43439, 2.462, -17.50933]
					}
				},
				"bone57": {
					"rotation": {
						"0.0": [0, -30, 0],
						"2.0": [0, -30, 0]
					}
				},
				"bone58": {
					"rotation": {
						"0.0": [0, 0, -10],
						"2.0": [0, 0, -10]
					},
					"position": {
						"0.0": [0, -4, 0],
						"2.0": [0, -4, 0]
					}
				},
				"bone59": {
					"rotation": {
						"0.0": [0, -12.5, 0],
						"2.0": [0, -12.5, 0]
					}
				},
				"bone60": {
					"rotation": [-22.5, 0, "math.sin(q.anim_time*90*2)*10"]
				},
				"bone61": {
					"rotation": [7.5, 0, "math.sin(q.anim_time*90*2-90)*10"]
				},
				"bone62": {
					"rotation": [7.5, 0, "math.sin(q.anim_time*90*2-90)*10"]
				},
				"bone63": {
					"rotation": [22.5, 0, "math.sin(q.anim_time*90*2-90)*10"]
				},
				"bone64": {
					"rotation": [17.5, 0, "math.sin(q.anim_time*90*2-90)*10"]
				},
				"bone15": {
					"rotation": {
						"0.0": {
							"post": [5.9611, -21.49527, 9.5999],
							"lerp_mode": "catmullrom"
						},
						"1.0": {
							"post": [-54.0389, -21.49527, 9.5999],
							"lerp_mode": "catmullrom"
						},
						"2.0": {
							"post": [5.9611, -21.49527, 9.5999],
							"lerp_mode": "catmullrom"
						}
					},
					"position": {
						"0.0": {
							"post": [0, -10, 9],
							"lerp_mode": "catmullrom"
						},
						"0.875": {
							"post": [0, 6.5, -1.75],
							"lerp_mode": "catmullrom"
						},
						"1.0": {
							"post": [0, 2, -9],
							"lerp_mode": "catmullrom"
						},
						"2.0": {
							"post": [0, -10, 9],
							"lerp_mode": "catmullrom"
						}
					}
				},
				"bone16": {
					"rotation": {
						"0.0": [12.5, 0, 0],
						"0.2083": [18.26, 0, 0],
						"0.75": [6.25, 0, 0],
						"1.0": [17.5, 0, 0],
						"2.0": [12.5, 0, 0]
					}
				},
				"bone17": {
					"rotation": {
						"0.0": [-12.5, 0, 0],
						"0.2083": [3.44, 0, 0],
						"0.7292": [-1.19, 0, 0],
						"1.0": [-20, 0, 0],
						"1.25": [-8.12, 0, 0],
						"1.5": [-1.25, 0, 0],
						"2.0": [-12.5, 0, 0]
					}
				},
				"bone35": {
					"rotation": {
						"0.0": [-52.5, 0, 0],
						"1.0": [-25, 0, 0],
						"2.0": [-52.5, 0, 0]
					}
				},
				"bone36": {
					"rotation": {
						"0.0": {
							"post": [-41.8196, 20.06742, -11.25672],
							"lerp_mode": "catmullrom"
						},
						"1.0": {
							"post": [28.23222, 8.63939, -2.29394],
							"lerp_mode": "catmullrom"
						},
						"2.0": {
							"post": [-41.8196, 20.06742, -11.25672],
							"lerp_mode": "catmullrom"
						}
					},
					"position": {
						"0.0": {
							"post": [0, 2, -6],
							"lerp_mode": "catmullrom"
						},
						"1.0": {
							"post": [0, -6, 16],
							"lerp_mode": "catmullrom"
						},
						"1.875": {
							"post": [0, 9, 0.5],
							"lerp_mode": "catmullrom"
						},
						"2.0": {
							"post": [0, 2, -6],
							"lerp_mode": "catmullrom"
						}
					}
				},
				"bone39": {
					"rotation": {
						"0.0": [2.5, 0, 0],
						"0.25": [-12.87, 0, 0],
						"0.5": [-18.25, 0, 0],
						"0.75": [-15.37, 0, 0],
						"1.0": [-7.5, 0, 0],
						"1.75": [-22.5, 0, 0],
						"2.0": [2.5, 0, 0]
					}
				},
				"bone40": {
					"rotation": {
						"0.0": [-17.47985, 0.31195, -0.3362],
						"1.0": [-54.97985, 0.31195, -0.3362],
						"2.0": [-17.47985, 0.31195, -0.3362]
					}
				},
				"wing_closed_left": {
					"rotation": [0, -17.5, "math.sin(q.anim_time*90*4)*3"]
				},
				"wings_closed": {
					"rotation": {
						"0.0": [10, 0, 0],
						"2.0": [10, 0, 0]
					}
				},
				"neck": {
					"rotation": ["-15-math.cos((q.anim_time)*90*8/2-90)*1", 0, 0]
				},
				"bone19": {
					"rotation": {
						"0.0": [-17.5, 0, 2.5],
						"1.0": [17.5, 0, 2.5],
						"1.25": [-1.25, 0, 2.5],
						"1.5": [-15, 0, 2.5],
						"2.0": [-17.5, 0, 2.5]
					}
				},
				"wing_closed_right": {
					"rotation": [0, 17.5, "-math.sin(q.anim_time*90*4)*3"]
				},
				"bone37": {
					"rotation": {
						"0.0": [0, 0, 0],
						"0.5": [10, 0, 0],
						"1.0": [15, 0, 0],
						"2.0": [0, 0, 0]
					}
				},
				"bone38": {
					"rotation": {
						"0.0": [-7.5, 0, 0],
						"0.25": [-2, 0, 0],
						"0.5": [-14, 0, 0],
						"0.75": [-19.5, 0, 0],
						"1.0": [-45, 0, 0],
						"1.3333": [0, 0, 0],
						"2.0": [-7.5, 0, 0]
					}
				},
				"torso_upper": {
					"rotation": ["0-math.cos((q.anim_time)*90*8/2-90)*1", 0, 0]
				}
			}
		},
		"animation.lugia.water_swim": {
			"loop": true,
			"bones": {
				"body": {
					"rotation": ["57.5-math.sin(q.anim_time*90*4)*8", 0, 0],
					"position": [0, "-31+math.sin(q.anim_time*90*4-20)*10", 0]
				},
				"torso_upper": {
					"rotation": [10, 0, 0]
				},
				"neck": {
					"rotation": ["-5+math.sin(q.anim_time*90*4-90)*5", 0, 0]
				},
				"bone10": {
					"rotation": ["0+math.sin(q.anim_time*90*4-30)*5", 0, 0]
				},
				"bone11": {
					"rotation": ["0+math.sin(q.anim_time*90*4-30)*5", 0, 0]
				},
				"bone12": {
					"rotation": ["0+math.sin(q.anim_time*90*4-30)*5", 0, 0]
				},
				"head": {
					"rotation": [-40, 0, 0]
				},
				"jaw": {
					"rotation": [10, 0, 0]
				},
				"bone65": {
					"rotation": [-17.5, 30, 0]
				},
				"bone66": {
					"rotation": [0, 30, 0]
				},
				"bone67": {
					"rotation": [0, 30, 0]
				},
				"bone71": {
					"rotation": [0, 32.5, 0]
				},
				"bone73": {
					"rotation": [0, 20, 0]
				},
				"bone77": {
					"rotation": [-25, -22.5, 0]
				},
				"bone79": {
					"rotation": [0, -27.5, 0]
				},
				"bone81": {
					"rotation": [0, -32.5, 0]
				},
				"bone83": {
					"rotation": [0, -25, 0]
				},
				"bone85": {
					"rotation": [0, -27.5, 0]
				},
				"wing_left": {
					"rotation": [0, "-7.5+math.sin(q.anim_time*90*4-40)*5", 17.5]
				},
				"bone22": {
					"rotation": [0, 0, 22.5]
				},
				"bone23": {
					"rotation": [0, "0+math.sin(q.anim_time*90*4-40)*2", 17.5]
				},
				"bone24": {
					"rotation": [0, "math.sin(q.anim_time*90*4-40)*2", 0]
				},
				"bone44": {
					"rotation": [0, 0, -27.5]
				},
				"wing_right": {
					"rotation": [0, "10-math.sin(q.anim_time*90*4-40)*5", -20]
				},
				"bone47": {
					"rotation": [0, 0, -22.5]
				},
				"bone48": {
					"rotation": [0, "0-math.sin(q.anim_time*90*4-40)*2", -17.5]
				},
				"bone49": {
					"rotation": [0, "0-math.sin(q.anim_time*90*4-40)*2", 0]
				},
				"bone58": {
					"rotation": [0, 0, 27.5]
				},
				"bone60": {
					"rotation": ["-2.5-math.sin(q.anim_time*90*4-90)*3", 0, 0]
				},
				"bone61": {
					"rotation": ["-20-math.sin(q.anim_time*90*4-90)*3", 0, 0]
				},
				"bone62": {
					"rotation": ["-22.5-math.sin(q.anim_time*90*4-90)*3", 0, 0]
				},
				"bone63": {
					"rotation": ["-4.8784352423-math.sin(q.anim_time*90*4-90)*3", 0.52253, -0.98614]
				},
				"bone64": {
					"rotation": ["-7.5-math.sin(q.anim_time*90*4-90)*3", 0, 0]
				},
				"bone15": {
					"rotation": ["0.1187+math.sin(q.anim_time*90*4-90)*2", -20.51354, -8.43793]
				},
				"bone17": {
					"rotation": ["-25+math.sin(q.anim_time*90*4-90)*2", 0, 0]
				},
				"bone19": {
					"rotation": ["32.5+math.sin(q.anim_time*90*4-90)*2", 0, 0]
				},
				"bone36": {
					"rotation": ["-0.141376138+math.sin(q.anim_time*90*4-90)*2", 16.95528, 6.31232]
				},
				"bone38": {
					"rotation": ["-20+math.sin(q.anim_time*90*4-90)*2", 0, 0]
				},
				"bone39": {
					"rotation": ["32.5+math.sin(q.anim_time*90*4-90)*2", 0, 0]
				}
			}
		},
		"animation.lugia.air_idle": {
			"loop": true,
			"animation_length": 4,
			"bones": {
				"body": {
					"rotation": ["math.sin(q.anim_time*90*1-90)*-0.5", 0, 0],
					"position": ["math.cos(q.anim_time*90*1-60)*2", "12+math.cos((q.anim_time*90*2-60)+math.sin(q.anim_time*90*2)*20)*5", 0]
				},
				"neck": {
					"rotation": {
						"0.0": {
							"post": ["-10+math.sin(q.anim_time*90*2-45)*3", 0, 0],
							"lerp_mode": "catmullrom"
						}
					}
				},
				"bone10": {
					"rotation": {
						"0.0": {
							"post": ["12.5+math.sin(q.anim_time*90*2)*4", 0, 0],
							"lerp_mode": "catmullrom"
						}
					}
				},
				"bone11": {
					"rotation": {
						"0.0": {
							"post": ["20+math.sin(q.anim_time*90*2+45)*-2", 0, 0],
							"lerp_mode": "catmullrom"
						}
					}
				},
				"bone12": {
					"rotation": ["10+math.sin(q.anim_time*90*2-120)*-15", 0, 0]
				},
				"head": {
					"rotation": {
						"0.0": {
							"post": [-10, 0, 0],
							"lerp_mode": "catmullrom"
						},
						"2.0": {
							"post": [-10, 0, 0],
							"lerp_mode": "catmullrom"
						}
					}
				},
				"wing_left": {
					"rotation": {
						"0.0": {
							"post": [23.34288, 30.32448, 12.2921],
							"lerp_mode": "catmullrom"
						},
						"1.0": {
							"post": [38.52354, -24.52371, -6.98977],
							"lerp_mode": "catmullrom"
						},
						"2.0": {
							"post": [23.34288, 30.32448, 12.2921],
							"lerp_mode": "catmullrom"
						},
						"3.0": {
							"post": [38.52354, -24.52371, -6.98977],
							"lerp_mode": "catmullrom"
						},
						"4.0": {
							"post": [23.34288, 30.32448, 12.2921],
							"lerp_mode": "catmullrom"
						}
					}
				},
				"bone22": {
					"rotation": {
						"0.0": {
							"post": [0, 0, 0],
							"lerp_mode": "catmullrom"
						},
						"1.0": {
							"post": [6.46066, -13.56626, -25.76926],
							"lerp_mode": "catmullrom"
						},
						"1.5": {
							"post": [3.30995, -14.27095, -13.31947],
							"lerp_mode": "catmullrom"
						},
						"2.0": {
							"post": [0, 0, 0],
							"lerp_mode": "catmullrom"
						},
						"3.0": {
							"post": [6.46066, -13.56626, -25.76926],
							"lerp_mode": "catmullrom"
						},
						"3.5": {
							"post": [3.30995, -14.27095, -13.31947],
							"lerp_mode": "catmullrom"
						},
						"4.0": {
							"post": [0, 0, 0],
							"lerp_mode": "catmullrom"
						}
					}
				},
				"bone23": {
					"rotation": {
						"0.0": {
							"post": [25.56145, 27.51235, 12.45891],
							"lerp_mode": "catmullrom"
						},
						"0.5": {
							"post": [20.15128, 31.97039, 12.44032],
							"lerp_mode": "catmullrom"
						},
						"0.75": {
							"post": [14.23588, 20.22912, 5.91083],
							"lerp_mode": "catmullrom"
						},
						"1.0": {
							"post": [8.48755, -20.59284, -7.45219],
							"lerp_mode": "catmullrom"
						},
						"1.5": {
							"post": [17.66768, -15.64812, -3.46568],
							"lerp_mode": "catmullrom"
						},
						"1.75": {
							"post": [22.77812, -10.20612, -1.97527],
							"lerp_mode": "catmullrom"
						},
						"2.0": {
							"post": [25.56145, 27.51235, 12.45891],
							"lerp_mode": "catmullrom"
						},
						"2.5": {
							"post": [20.15128, 31.97039, 12.44032],
							"lerp_mode": "catmullrom"
						},
						"2.75": {
							"post": [14.23588, 20.22912, 5.91083],
							"lerp_mode": "catmullrom"
						},
						"3.0": {
							"post": [8.48755, -20.59284, -7.45219],
							"lerp_mode": "catmullrom"
						},
						"3.5": {
							"post": [17.66768, -15.64812, -3.46568],
							"lerp_mode": "catmullrom"
						},
						"3.75": {
							"post": [22.77812, -10.20612, -1.97527],
							"lerp_mode": "catmullrom"
						},
						"4.0": {
							"post": [25.56145, 27.51235, 12.45891],
							"lerp_mode": "catmullrom"
						}
					}
				},
				"bone24": {
					"rotation": {
						"0.0": {
							"post": [8.26511, 24.77164, 3.48303],
							"lerp_mode": "catmullrom"
						},
						"0.5": {
							"post": [8.71008, 25.98745, 3.88945],
							"lerp_mode": "catmullrom"
						},
						"0.75": {
							"post": [8.82104, 24.57667, 3.84045],
							"lerp_mode": "catmullrom"
						},
						"1.0": {
							"post": [7.56397, -7.43547, -0.98448],
							"lerp_mode": "catmullrom"
						},
						"1.5": {
							"post": [8.05141, -13.61938, -1.85874],
							"lerp_mode": "catmullrom"
						},
						"2.0": {
							"post": [8.26511, 24.77164, 3.48303],
							"lerp_mode": "catmullrom"
						},
						"2.5": {
							"post": [8.71008, 25.98745, 3.88945],
							"lerp_mode": "catmullrom"
						},
						"2.75": {
							"post": [8.82104, 24.57667, 3.84045],
							"lerp_mode": "catmullrom"
						},
						"3.0": {
							"post": [7.56397, -7.43547, -0.98448],
							"lerp_mode": "catmullrom"
						},
						"3.5": {
							"post": [8.05141, -13.61938, -1.85874],
							"lerp_mode": "catmullrom"
						},
						"3.75": {
							"post": [8.63331, -19.62684, -2.9197],
							"lerp_mode": "catmullrom"
						},
						"4.0": {
							"post": [8.26511, 24.77164, 3.48303],
							"lerp_mode": "catmullrom"
						}
					}
				},
				"bone26": {
					"rotation": {
						"0.0": {
							"post": [0, 27.5, 0],
							"lerp_mode": "catmullrom"
						},
						"0.5": {
							"post": [0, 21.25, 0],
							"lerp_mode": "catmullrom"
						},
						"0.75": {
							"post": [0, 32.73, 0],
							"lerp_mode": "catmullrom"
						},
						"1.0": {
							"post": [0, 0, 0],
							"lerp_mode": "catmullrom"
						},
						"1.5": {
							"post": [0, 0, 0],
							"lerp_mode": "catmullrom"
						},
						"1.75": {
							"post": [0, 0, 0],
							"lerp_mode": "catmullrom"
						},
						"2.0": {
							"post": [0, 27.5, 0],
							"lerp_mode": "catmullrom"
						},
						"2.5": {
							"post": [0, 21.25, 0],
							"lerp_mode": "catmullrom"
						},
						"3.0": {
							"post": [0, 0, 0],
							"lerp_mode": "catmullrom"
						},
						"3.5": {
							"post": [0, 0, 0],
							"lerp_mode": "catmullrom"
						},
						"3.75": {
							"post": [0, 0, 0],
							"lerp_mode": "catmullrom"
						},
						"4.0": {
							"post": [0, 27.5, 0],
							"lerp_mode": "catmullrom"
						}
					}
				},
				"bone30": {
					"rotation": {
						"0.0": {
							"post": [0, 20, 0],
							"lerp_mode": "catmullrom"
						},
						"0.5": {
							"post": [0, 20, 0],
							"lerp_mode": "catmullrom"
						},
						"0.75": {
							"post": [0, 37.5, 0],
							"lerp_mode": "catmullrom"
						},
						"1.0": {
							"post": [0, 0, 0],
							"lerp_mode": "catmullrom"
						},
						"1.5": {
							"post": [0, 0, 0],
							"lerp_mode": "catmullrom"
						},
						"1.75": {
							"post": [0, 0, 0],
							"lerp_mode": "catmullrom"
						},
						"2.0": {
							"post": [0, 20, 0],
							"lerp_mode": "catmullrom"
						},
						"2.5": {
							"post": [0, 20, 0],
							"lerp_mode": "catmullrom"
						},
						"3.0": {
							"post": [0, 0, 0],
							"lerp_mode": "catmullrom"
						},
						"3.5": {
							"post": [0, 0, 0],
							"lerp_mode": "catmullrom"
						},
						"3.75": {
							"post": [0, 0, 0],
							"lerp_mode": "catmullrom"
						},
						"4.0": {
							"post": [0, 20, 0],
							"lerp_mode": "catmullrom"
						}
					}
				},
				"bone32": {
					"rotation": {
						"0.0": {
							"post": [0, 20, 0],
							"lerp_mode": "catmullrom"
						},
						"0.5": {
							"post": [0, 25, 0],
							"lerp_mode": "catmullrom"
						},
						"0.75": {
							"post": [0, 32.81, 0],
							"lerp_mode": "catmullrom"
						},
						"1.0": {
							"post": [0, 0, 0],
							"lerp_mode": "catmullrom"
						},
						"1.5": {
							"post": [0, 0, 0],
							"lerp_mode": "catmullrom"
						},
						"1.75": {
							"post": [0, 0, 0],
							"lerp_mode": "catmullrom"
						},
						"2.0": {
							"post": [0, 20, 0],
							"lerp_mode": "catmullrom"
						},
						"2.5": {
							"post": [0, 25, 0],
							"lerp_mode": "catmullrom"
						},
						"3.0": {
							"post": [0, 0, 0],
							"lerp_mode": "catmullrom"
						},
						"3.5": {
							"post": [0, 0, 0],
							"lerp_mode": "catmullrom"
						},
						"3.75": {
							"post": [0, 0, 0],
							"lerp_mode": "catmullrom"
						},
						"4.0": {
							"post": [0, 20, 0],
							"lerp_mode": "catmullrom"
						}
					}
				},
				"bone28": {
					"rotation": {
						"0.0": {
							"post": [0, 25, 0],
							"lerp_mode": "catmullrom"
						},
						"0.5": {
							"post": [0, 22.5, 0],
							"lerp_mode": "catmullrom"
						},
						"0.75": {
							"post": [0, 41.09, 0],
							"lerp_mode": "catmullrom"
						},
						"1.0": {
							"post": [0, 0, 0],
							"lerp_mode": "catmullrom"
						},
						"1.5": {
							"post": [0, 0, 0],
							"lerp_mode": "catmullrom"
						},
						"1.75": {
							"post": [0, 0, 0],
							"lerp_mode": "catmullrom"
						},
						"2.0": {
							"post": [0, 25, 0],
							"lerp_mode": "catmullrom"
						},
						"2.5": {
							"post": [0, 22.5, 0],
							"lerp_mode": "catmullrom"
						},
						"3.0": {
							"post": [0, 0, 0],
							"lerp_mode": "catmullrom"
						},
						"3.5": {
							"post": [0, 0, 0],
							"lerp_mode": "catmullrom"
						},
						"3.75": {
							"post": [0, 0, 0],
							"lerp_mode": "catmullrom"
						},
						"4.0": {
							"post": [0, 25, 0],
							"lerp_mode": "catmullrom"
						}
					}
				},
				"bone44": {
					"rotation": {
						"0.0": {
							"post": [0, 0, -27.5],
							"lerp_mode": "catmullrom"
						},
						"0.5": {
							"post": [0, 26.25, -27.5],
							"lerp_mode": "catmullrom"
						},
						"1.0": {
							"post": [0, -7.5, -27.5],
							"lerp_mode": "catmullrom"
						},
						"1.5": {
							"post": [0, -18.75, -27.5],
							"lerp_mode": "catmullrom"
						},
						"2.0": {
							"post": [0, 0, -27.5],
							"lerp_mode": "catmullrom"
						},
						"2.5": {
							"post": [0, 26.25, -27.5],
							"lerp_mode": "catmullrom"
						},
						"3.0": {
							"post": [0, -7.5, -27.5],
							"lerp_mode": "catmullrom"
						},
						"3.5": {
							"post": [0, -18.75, -27.5],
							"lerp_mode": "catmullrom"
						},
						"4.0": {
							"post": [0, 0, -27.5],
							"lerp_mode": "catmullrom"
						}
					}
				},
				"wing_right": {
					"rotation": {
						"0.0": {
							"post": [13.74538, -24.3683, -5.7632],
							"lerp_mode": "catmullrom"
						},
						"1.0": {
							"post": [38.52354, 24.52371, 6.98977],
							"lerp_mode": "catmullrom"
						},
						"2.0": {
							"post": [13.74538, -24.3683, -5.7632],
							"lerp_mode": "catmullrom"
						},
						"3.0": {
							"post": [38.52354, 24.52371, 6.98977],
							"lerp_mode": "catmullrom"
						},
						"4.0": {
							"post": [13.74538, -24.3683, -5.7632],
							"lerp_mode": "catmullrom"
						}
					}
				},
				"bone47": {
					"rotation": {
						"0.0": {
							"post": [0, -2.5, 0],
							"lerp_mode": "catmullrom"
						},
						"1.0": {
							"post": [5.23619, 14.0761, 20.6469],
							"lerp_mode": "catmullrom"
						},
						"1.5": {
							"post": [2.67636, 13.28007, 10.67445],
							"lerp_mode": "catmullrom"
						},
						"2.0": {
							"post": [0, -2.5, 0],
							"lerp_mode": "catmullrom"
						},
						"3.0": {
							"post": [5.23619, 14.0761, 20.6469],
							"lerp_mode": "catmullrom"
						},
						"3.5": {
							"post": [2.67636, 13.28007, 10.67445],
							"lerp_mode": "catmullrom"
						},
						"4.0": {
							"post": [0, -2.5, 0],
							"lerp_mode": "catmullrom"
						}
					}
				},
				"bone48": {
					"rotation": {
						"0.0": {
							"post": [33.69007, -25.65891, -16.10211],
							"lerp_mode": "catmullrom"
						},
						"0.5": {
							"post": [24.02589, -28.00855, -15.17182],
							"lerp_mode": "catmullrom"
						},
						"0.75": {
							"post": [15.36308, -15.64629, -6.81923],
							"lerp_mode": "catmullrom"
						},
						"1.0": {
							"post": [8.48755, 20.59284, 7.45219],
							"lerp_mode": "catmullrom"
						},
						"1.5": {
							"post": [21.97068, 16.0974, 3.03403],
							"lerp_mode": "catmullrom"
						},
						"1.75": {
							"post": [29.68893, 10.34766, 1.72885],
							"lerp_mode": "catmullrom"
						},
						"2.0": {
							"post": [33.69007, -25.65891, -16.10211],
							"lerp_mode": "catmullrom"
						},
						"2.5": {
							"post": [24.02589, -28.00855, -15.17182],
							"lerp_mode": "catmullrom"
						},
						"2.75": {
							"post": [15.36308, -15.64629, -6.81923],
							"lerp_mode": "catmullrom"
						},
						"3.0": {
							"post": [8.48755, 20.59284, 7.45219],
							"lerp_mode": "catmullrom"
						},
						"3.5": {
							"post": [21.97068, 16.0974, 3.03403],
							"lerp_mode": "catmullrom"
						},
						"3.75": {
							"post": [29.68893, 10.34766, 1.72885],
							"lerp_mode": "catmullrom"
						},
						"4.0": {
							"post": [33.69007, -25.65891, -16.10211],
							"lerp_mode": "catmullrom"
						}
					}
				},
				"bone49": {
					"rotation": {
						"0.0": {
							"post": [8.44236, -27.24513, -3.88714],
							"lerp_mode": "catmullrom"
						},
						"0.5": {
							"post": [9.08366, -29.68817, -4.59351],
							"lerp_mode": "catmullrom"
						},
						"0.75": {
							"post": [8.93256, -24.41199, -3.93095],
							"lerp_mode": "catmullrom"
						},
						"1.0": {
							"post": [7.56397, 7.43547, 0.98448],
							"lerp_mode": "catmullrom"
						},
						"1.5": {
							"post": [8.38204, 19.80277, 2.79182],
							"lerp_mode": "catmullrom"
						},
						"2.0": {
							"post": [8.44236, -27.24513, -3.88714],
							"lerp_mode": "catmullrom"
						},
						"2.5": {
							"post": [9.08366, -29.68817, -4.59351],
							"lerp_mode": "catmullrom"
						},
						"2.75": {
							"post": [8.93256, -24.41199, -3.93095],
							"lerp_mode": "catmullrom"
						},
						"3.0": {
							"post": [7.56397, 7.43547, 0.98448],
							"lerp_mode": "catmullrom"
						},
						"3.5": {
							"post": [8.38204, 19.80277, 2.79182],
							"lerp_mode": "catmullrom"
						},
						"3.75": {
							"post": [8.92657, 19.45373, 3.01776],
							"lerp_mode": "catmullrom"
						},
						"4.0": {
							"post": [8.44236, -27.24513, -3.88714],
							"lerp_mode": "catmullrom"
						}
					}
				},
				"bone50": {
					"rotation": {
						"0.0": {
							"post": [0, -10, 0],
							"lerp_mode": "catmullrom"
						},
						"0.5": {
							"post": [0, -13.75, 0],
							"lerp_mode": "catmullrom"
						},
						"0.75": {
							"post": [0, -20.94, 0],
							"lerp_mode": "catmullrom"
						},
						"1.0": {
							"post": [0, 12.5, 0],
							"lerp_mode": "catmullrom"
						},
						"1.5": {
							"post": [0, 13.75, 0],
							"lerp_mode": "catmullrom"
						},
						"1.75": {
							"post": [0, 17.19, 0],
							"lerp_mode": "catmullrom"
						},
						"2.0": {
							"post": [0, -10, 0],
							"lerp_mode": "catmullrom"
						},
						"2.5": {
							"post": [0, -13.75, 0],
							"lerp_mode": "catmullrom"
						},
						"2.75": {
							"post": [0, -20.94, 0],
							"lerp_mode": "catmullrom"
						},
						"3.0": {
							"post": [0, 12.5, 0],
							"lerp_mode": "catmullrom"
						},
						"3.5": {
							"post": [0, 13.75, 0],
							"lerp_mode": "catmullrom"
						},
						"3.75": {
							"post": [0, 17.19, 0],
							"lerp_mode": "catmullrom"
						},
						"4.0": {
							"post": [0, -10, 0],
							"lerp_mode": "catmullrom"
						}
					}
				},
				"bone51": {
					"rotation": {
						"0.0": {
							"post": [0, -17.5, 0],
							"lerp_mode": "catmullrom"
						},
						"0.5": {
							"post": [0, -28.75, 0],
							"lerp_mode": "catmullrom"
						},
						"0.75": {
							"post": [0, -37.58, 0],
							"lerp_mode": "catmullrom"
						},
						"1.0": {
							"post": [0, 0, 0],
							"lerp_mode": "catmullrom"
						},
						"1.5": {
							"post": [0, 0, 0],
							"lerp_mode": "catmullrom"
						},
						"1.75": {
							"post": [0, 0, 0],
							"lerp_mode": "catmullrom"
						},
						"2.0": {
							"post": [0, -17.5, 0],
							"lerp_mode": "catmullrom"
						},
						"2.5": {
							"post": [0, -28.75, 0],
							"lerp_mode": "catmullrom"
						},
						"2.75": {
							"post": [0, -37.58, 0],
							"lerp_mode": "catmullrom"
						},
						"3.0": {
							"post": [0, 0, 0],
							"lerp_mode": "catmullrom"
						},
						"3.5": {
							"post": [0, 0, 0],
							"lerp_mode": "catmullrom"
						},
						"3.75": {
							"post": [0, 0, 0],
							"lerp_mode": "catmullrom"
						},
						"4.0": {
							"post": [0, -17.5, 0],
							"lerp_mode": "catmullrom"
						}
					}
				},
				"bone52": {
					"rotation": {
						"0.0": {
							"post": [0, -7.5, 0],
							"lerp_mode": "catmullrom"
						},
						"0.5": {
							"post": [0, -7.5, 0],
							"lerp_mode": "catmullrom"
						},
						"0.75": {
							"post": [0, -17.66, 0],
							"lerp_mode": "catmullrom"
						},
						"1.0": {
							"post": [0, 12.5, 0],
							"lerp_mode": "catmullrom"
						},
						"1.5": {
							"post": [0, 15, 0],
							"lerp_mode": "catmullrom"
						},
						"1.75": {
							"post": [0, 16.41, 0],
							"lerp_mode": "catmullrom"
						},
						"2.0": {
							"post": [0, -7.5, 0],
							"lerp_mode": "catmullrom"
						},
						"2.5": {
							"post": [0, -7.5, 0],
							"lerp_mode": "catmullrom"
						},
						"2.75": {
							"post": [0, -17.66, 0],
							"lerp_mode": "catmullrom"
						},
						"3.0": {
							"post": [0, 12.5, 0],
							"lerp_mode": "catmullrom"
						},
						"3.5": {
							"post": [0, 15, 0],
							"lerp_mode": "catmullrom"
						},
						"3.75": {
							"post": [0, 16.41, 0],
							"lerp_mode": "catmullrom"
						},
						"4.0": {
							"post": [0, -7.5, 0],
							"lerp_mode": "catmullrom"
						}
					}
				},
				"bone53": {
					"rotation": {
						"0.0": {
							"post": [0, -15, 0],
							"lerp_mode": "catmullrom"
						},
						"0.5": {
							"post": [0, -32.5, 0],
							"lerp_mode": "catmullrom"
						},
						"0.75": {
							"post": [0, -39.84, 0],
							"lerp_mode": "catmullrom"
						},
						"1.0": {
							"post": [0, 0, 0],
							"lerp_mode": "catmullrom"
						},
						"1.5": {
							"post": [0, 0, 0],
							"lerp_mode": "catmullrom"
						},
						"1.75": {
							"post": [0, 0, 0],
							"lerp_mode": "catmullrom"
						},
						"2.0": {
							"post": [0, -15, 0],
							"lerp_mode": "catmullrom"
						},
						"2.5": {
							"post": [0, -32.5, 0],
							"lerp_mode": "catmullrom"
						},
						"2.75": {
							"post": [0, -39.84, 0],
							"lerp_mode": "catmullrom"
						},
						"3.0": {
							"post": [0, 0, 0],
							"lerp_mode": "catmullrom"
						},
						"3.5": {
							"post": [0, 0, 0],
							"lerp_mode": "catmullrom"
						},
						"3.75": {
							"post": [0, 0, 0],
							"lerp_mode": "catmullrom"
						},
						"4.0": {
							"post": [0, -15, 0],
							"lerp_mode": "catmullrom"
						}
					}
				},
				"bone54": {
					"rotation": {
						"0.0": {
							"post": [0, -5, 0],
							"lerp_mode": "catmullrom"
						},
						"0.5": {
							"post": [0, -5, 0],
							"lerp_mode": "catmullrom"
						},
						"0.75": {
							"post": [0, -17.66, 0],
							"lerp_mode": "catmullrom"
						},
						"1.0": {
							"post": [0, 10, 0],
							"lerp_mode": "catmullrom"
						},
						"1.5": {
							"post": [0, 12.5, 0],
							"lerp_mode": "catmullrom"
						},
						"1.75": {
							"post": [0, 13.91, 0],
							"lerp_mode": "catmullrom"
						},
						"2.0": {
							"post": [0, -5, 0],
							"lerp_mode": "catmullrom"
						},
						"2.5": {
							"post": [0, -5, 0],
							"lerp_mode": "catmullrom"
						},
						"2.75": {
							"post": [0, -17.66, 0],
							"lerp_mode": "catmullrom"
						},
						"3.0": {
							"post": [0, 10, 0],
							"lerp_mode": "catmullrom"
						},
						"3.5": {
							"post": [0, 12.5, 0],
							"lerp_mode": "catmullrom"
						},
						"3.75": {
							"post": [0, 13.91, 0],
							"lerp_mode": "catmullrom"
						},
						"4.0": {
							"post": [0, -5, 0],
							"lerp_mode": "catmullrom"
						}
					}
				},
				"bone55": {
					"rotation": {
						"0.0": {
							"post": [0, -10, 0],
							"lerp_mode": "catmullrom"
						},
						"0.5": {
							"post": [0, -37.5, 0],
							"lerp_mode": "catmullrom"
						},
						"0.75": {
							"post": [0, -37.97, 0],
							"lerp_mode": "catmullrom"
						},
						"1.0": {
							"post": [0, 0, 0],
							"lerp_mode": "catmullrom"
						},
						"1.5": {
							"post": [0, 0, 0],
							"lerp_mode": "catmullrom"
						},
						"1.75": {
							"post": [0, 0, 0],
							"lerp_mode": "catmullrom"
						},
						"2.0": {
							"post": [0, -10, 0],
							"lerp_mode": "catmullrom"
						},
						"2.5": {
							"post": [0, -37.5, 0],
							"lerp_mode": "catmullrom"
						},
						"2.75": {
							"post": [0, -37.97, 0],
							"lerp_mode": "catmullrom"
						},
						"3.0": {
							"post": [0, 0, 0],
							"lerp_mode": "catmullrom"
						},
						"3.5": {
							"post": [0, 0, 0],
							"lerp_mode": "catmullrom"
						},
						"3.75": {
							"post": [0, 0, 0],
							"lerp_mode": "catmullrom"
						},
						"4.0": {
							"post": [0, -10, 0],
							"lerp_mode": "catmullrom"
						}
					}
				},
				"bone56": {
					"rotation": {
						"0.0": {
							"post": [0, -15, 0],
							"lerp_mode": "catmullrom"
						},
						"0.5": {
							"post": [0, -16.25, 0],
							"lerp_mode": "catmullrom"
						},
						"0.75": {
							"post": [0, -21.87, 0],
							"lerp_mode": "catmullrom"
						},
						"1.0": {
							"post": [0, 12.5, 0],
							"lerp_mode": "catmullrom"
						},
						"1.5": {
							"post": [0, 11.25, 0],
							"lerp_mode": "catmullrom"
						},
						"1.75": {
							"post": [0, 13.13, 0],
							"lerp_mode": "catmullrom"
						},
						"2.0": {
							"post": [0, -15, 0],
							"lerp_mode": "catmullrom"
						},
						"2.5": {
							"post": [0, -16.25, 0],
							"lerp_mode": "catmullrom"
						},
						"2.75": {
							"post": [0, -21.87, 0],
							"lerp_mode": "catmullrom"
						},
						"3.0": {
							"post": [0, 12.5, 0],
							"lerp_mode": "catmullrom"
						},
						"3.5": {
							"post": [0, 11.25, 0],
							"lerp_mode": "catmullrom"
						},
						"3.75": {
							"post": [0, 13.13, 0],
							"lerp_mode": "catmullrom"
						},
						"4.0": {
							"post": [0, -15, 0],
							"lerp_mode": "catmullrom"
						}
					}
				},
				"bone57": {
					"rotation": {
						"0.0": {
							"post": [0, -25, 0],
							"lerp_mode": "catmullrom"
						},
						"0.5": {
							"post": [0, -25, 0],
							"lerp_mode": "catmullrom"
						},
						"0.75": {
							"post": [0, -35, 0],
							"lerp_mode": "catmullrom"
						},
						"1.0": {
							"post": [0, 0, 0],
							"lerp_mode": "catmullrom"
						},
						"1.5": {
							"post": [0, 0, 0],
							"lerp_mode": "catmullrom"
						},
						"1.75": {
							"post": [0, 0, 0],
							"lerp_mode": "catmullrom"
						},
						"2.0": {
							"post": [0, -25, 0],
							"lerp_mode": "catmullrom"
						},
						"2.5": {
							"post": [0, -25, 0],
							"lerp_mode": "catmullrom"
						},
						"2.75": {
							"post": [0, -35, 0],
							"lerp_mode": "catmullrom"
						},
						"3.0": {
							"post": [0, 0, 0],
							"lerp_mode": "catmullrom"
						},
						"3.5": {
							"post": [0, 0, 0],
							"lerp_mode": "catmullrom"
						},
						"3.75": {
							"post": [0, 0, 0],
							"lerp_mode": "catmullrom"
						},
						"4.0": {
							"post": [0, -25, 0],
							"lerp_mode": "catmullrom"
						}
					}
				},
				"bone58": {
					"rotation": {
						"0.0": {
							"post": [-7.59001, -15.81499, 26.05573],
							"lerp_mode": "catmullrom"
						},
						"0.5": {
							"post": [-4.33264, -29.09687, 28.61231],
							"lerp_mode": "catmullrom"
						},
						"1.0": {
							"post": [0, 7.5, 27.5],
							"lerp_mode": "catmullrom"
						},
						"1.5": {
							"post": [-3.80465, 5.82063, 26.11592],
							"lerp_mode": "catmullrom"
						},
						"2.0": {
							"post": [-7.59001, -15.81499, 26.05573],
							"lerp_mode": "catmullrom"
						},
						"2.5": {
							"post": [-4.33264, -29.09687, 28.61231],
							"lerp_mode": "catmullrom"
						},
						"3.0": {
							"post": [0, 7.5, 27.5],
							"lerp_mode": "catmullrom"
						},
						"3.5": {
							"post": [-3.80465, 5.82063, 26.11592],
							"lerp_mode": "catmullrom"
						},
						"4.0": {
							"post": [-7.59001, -15.81499, 26.05573],
							"lerp_mode": "catmullrom"
						}
					}
				},
				"bone59": {
					"rotation": {
						"0.0": {
							"post": [0, -12.5, 0],
							"lerp_mode": "catmullrom"
						},
						"0.5": {
							"post": [0, -21.25, 0],
							"lerp_mode": "catmullrom"
						},
						"0.75": {
							"post": [0, -24.77, 0],
							"lerp_mode": "catmullrom"
						},
						"1.0": {
							"post": [0, 0, 0],
							"lerp_mode": "catmullrom"
						},
						"1.75": {
							"post": [0, 0, 0],
							"lerp_mode": "catmullrom"
						},
						"2.0": {
							"post": [0, -12.5, 0],
							"lerp_mode": "catmullrom"
						},
						"2.5": {
							"post": [0, -11.25, 0],
							"lerp_mode": "catmullrom"
						},
						"2.75": {
							"post": [0, -24.77, 0],
							"lerp_mode": "catmullrom"
						},
						"3.0": {
							"post": [0, 0, 0],
							"lerp_mode": "catmullrom"
						},
						"3.75": {
							"post": [0, 0, 0],
							"lerp_mode": "catmullrom"
						},
						"4.0": {
							"post": [0, -12.5, 0],
							"lerp_mode": "catmullrom"
						}
					}
				},
				"bone60": {
					"rotation": ["-5+math.sin(q.anim_time*90*2-150)*4", "math.cos(q.anim_time*90*1-60)*-1", "math.cos(q.anim_time*90*1-120)*-2"]
				},
				"bone61": {
					"rotation": ["12.5+math.sin(q.anim_time*90*2)*-5", "math.cos(q.anim_time*90*1-160)*4", 0]
				},
				"bone62": {
					"rotation": ["10+math.sin(q.anim_time*90*2-45)*-7", "math.cos(q.anim_time*90*1-200)*6", 0]
				},
				"bone63": {
					"rotation": ["7.5+math.sin(q.anim_time*90*2-90)*-10", "math.cos(q.anim_time*90*1-240)*8", 0]
				},
				"bone64": {
					"rotation": ["2.5+math.sin(q.anim_time*90*2-120)*-15", "math.cos(q.anim_time*90*1-260)*10", 0]
				},
				"bone15": {
					"rotation": {
						"0.0": {
							"post": ["-5.815632622+math.sin(q.anim_time*90*2-150)*-6", -21.02311, -7.0136],
							"lerp_mode": "catmullrom"
						}
					}
				},
				"bone36": {
					"rotation": {
						"0.0": {
							"post": ["-6.5064026697+math.sin(q.anim_time*90*2-150)*-6", 21.93857, 5.123],
							"lerp_mode": "catmullrom"
						}
					}
				},
				"bone25": {
					"rotation": {
						"0.0": {
							"post": [0, 0, 0],
							"lerp_mode": "catmullrom"
						},
						"0.5": {
							"post": [0, 26.25, 0],
							"lerp_mode": "catmullrom"
						},
						"0.75": {
							"post": [0, 31.35, 0],
							"lerp_mode": "catmullrom"
						},
						"1.0": {
							"post": [0, -12.5, 0],
							"lerp_mode": "catmullrom"
						},
						"1.75": {
							"post": [0, -17.79, 0],
							"lerp_mode": "catmullrom"
						},
						"2.0": {
							"post": [0, 0, 0],
							"lerp_mode": "catmullrom"
						},
						"2.5": {
							"post": [0, 26.25, 0],
							"lerp_mode": "catmullrom"
						},
						"3.0": {
							"post": [0, -12.5, 0],
							"lerp_mode": "catmullrom"
						},
						"3.75": {
							"post": [0, -17.79, 0],
							"lerp_mode": "catmullrom"
						},
						"4.0": {
							"post": [0, 0, 0],
							"lerp_mode": "catmullrom"
						}
					}
				},
				"bone29": {
					"rotation": {
						"0.0": {
							"post": [0, 0, 0],
							"lerp_mode": "catmullrom"
						},
						"0.5": {
							"post": [0, 23.75, 0],
							"lerp_mode": "catmullrom"
						},
						"0.75": {
							"post": [0, 27.43, 0],
							"lerp_mode": "catmullrom"
						},
						"1.0": {
							"post": [0, -12.5, 0],
							"lerp_mode": "catmullrom"
						},
						"1.75": {
							"post": [0, -17.56, 0],
							"lerp_mode": "catmullrom"
						},
						"2.0": {
							"post": [0, 0, 0],
							"lerp_mode": "catmullrom"
						},
						"2.5": {
							"post": [0, 23.75, 0],
							"lerp_mode": "catmullrom"
						},
						"3.0": {
							"post": [0, -12.5, 0],
							"lerp_mode": "catmullrom"
						},
						"3.75": {
							"post": [0, -17.56, 0],
							"lerp_mode": "catmullrom"
						},
						"4.0": {
							"post": [0, 0, 0],
							"lerp_mode": "catmullrom"
						}
					}
				},
				"bone31": {
					"rotation": {
						"0.0": {
							"post": [0, 0, 0],
							"lerp_mode": "catmullrom"
						},
						"0.5": {
							"post": [0, 20, 0],
							"lerp_mode": "catmullrom"
						},
						"0.75": {
							"post": [0, 26.51, 0],
							"lerp_mode": "catmullrom"
						},
						"1.0": {
							"post": [0, -10, 0],
							"lerp_mode": "catmullrom"
						},
						"1.75": {
							"post": [0, -14.14, 0],
							"lerp_mode": "catmullrom"
						},
						"2.0": {
							"post": [0, 0, 0],
							"lerp_mode": "catmullrom"
						},
						"2.5": {
							"post": [0, 20, 0],
							"lerp_mode": "catmullrom"
						},
						"3.0": {
							"post": [0, -10, 0],
							"lerp_mode": "catmullrom"
						},
						"3.75": {
							"post": [0, -14.14, 0],
							"lerp_mode": "catmullrom"
						},
						"4.0": {
							"post": [0, 0, 0],
							"lerp_mode": "catmullrom"
						}
					}
				},
				"bone27": {
					"rotation": {
						"0.0": {
							"post": [0, 0, 0],
							"lerp_mode": "catmullrom"
						},
						"0.5": {
							"post": [0, 26.25, 0],
							"lerp_mode": "catmullrom"
						},
						"0.75": {
							"post": [0, 26.35, 0],
							"lerp_mode": "catmullrom"
						},
						"1.0": {
							"post": [0, -12.5, 0],
							"lerp_mode": "catmullrom"
						},
						"1.75": {
							"post": [0, -17.79, 0],
							"lerp_mode": "catmullrom"
						},
						"2.0": {
							"post": [0, 0, 0],
							"lerp_mode": "catmullrom"
						},
						"2.5": {
							"post": [0, 26.25, 0],
							"lerp_mode": "catmullrom"
						},
						"3.0": {
							"post": [0, -12.5, 0],
							"lerp_mode": "catmullrom"
						},
						"3.75": {
							"post": [0, -17.79, 0],
							"lerp_mode": "catmullrom"
						},
						"4.0": {
							"post": [0, 0, 0],
							"lerp_mode": "catmullrom"
						}
					}
				},
				"bone45": {
					"rotation": {
						"0.0": {
							"post": [0, 15, 0],
							"lerp_mode": "catmullrom"
						},
						"0.5": {
							"post": [0, 27.43, 0],
							"lerp_mode": "catmullrom"
						},
						"0.75": {
							"post": [0, 21.05, 0],
							"lerp_mode": "catmullrom"
						},
						"1.0": {
							"post": [0, 0, 0],
							"lerp_mode": "catmullrom"
						},
						"2.0": {
							"post": [0, 15, 0],
							"lerp_mode": "catmullrom"
						},
						"3.0": {
							"post": [0, 0, 0],
							"lerp_mode": "catmullrom"
						}
					}
				},
				"wing_closed_left": {
					"rotation": {
						"0.0": {
							"post": [0, 0, -60],
							"lerp_mode": "catmullrom"
						},
						"2.0": {
							"post": [0, 0, -60],
							"lerp_mode": "catmullrom"
						},
						"4.0": {
							"post": [0, 0, -60],
							"lerp_mode": "catmullrom"
						}
					}
				},
				"bone17": {
					"rotation": {
						"0.0": {
							"post": ["-20+math.sin(q.anim_time*90*2-90)*6", 0, 0],
							"lerp_mode": "catmullrom"
						}
					}
				},
				"bone38": {
					"rotation": {
						"0.0": {
							"post": ["-17.5+math.sin(q.anim_time*90*2-90)*6", 0, 0],
							"lerp_mode": "catmullrom"
						}
					}
				},
				"wing_closed_right": {
					"rotation": {
						"0.0": {
							"post": [0, 0, 62.5],
							"lerp_mode": "catmullrom"
						},
						"2.0": {
							"post": [0, 0, 62.5],
							"lerp_mode": "catmullrom"
						},
						"4.0": {
							"post": [0, 0, 62.5],
							"lerp_mode": "catmullrom"
						}
					}
				},
				"torso": {
					"rotation": ["math.sin(q.anim_time*90*2-90)*4", 0, 0]
				},
				"jaw": {
					"rotation": ["12.5+math.sin(q.anim_time*90*2-120)*-3", 0, 0]
				},
				"bone19": {
					"rotation": ["0+math.sin(q.anim_time*90*2-210)*-6", 0, 0]
				},
				"bone39": {
					"rotation": ["0+math.sin(q.anim_time*90*2-210)*-6", 0, 0]
				}
			}
		},
		"animation.lugia.wings_closed": {
			"loop": true,
			"bones": {
				"wing_left": {
					"rotation": [-21.19224, 81.31368, -36.36353],
					"position": [8, 3, 9]
				},
				"bone22": {
					"rotation": [0, 0, 22.5]
				},
				"bone23": {
					"rotation": [0, 0, 35],
					"position": [-22, 2, 0]
				},
				"bone24": {
					"rotation": [0, 0, 55],
					"position": [-9, 9, 0]
				},
				"bone25": {
					"rotation": [0, 0, 15]
				},
				"bone29": {
					"rotation": [0.64743, 2.41476, 7.51365]
				},
				"bone31": {
					"rotation": [1.29717, 4.82922, 2.5547]
				},
				"bone27": {
					"rotation": [-0.43439, -2.462, 17.50933]
				},
				"bone44": {
					"rotation": [0, 0, 10],
					"position": [0, -4, 0]
				},
				"wing_right": {
					"rotation": [-21.19224, -81.31368, 36.36353],
					"position": [-8, 3, 9]
				},
				"bone47": {
					"rotation": [0, 0, -22.5]
				},
				"bone48": {
					"rotation": [0, 0, -35],
					"position": [22, 2, 0]
				},
				"bone49": {
					"rotation": [0, 0, -55],
					"position": [9, 9, 0]
				},
				"bone50": {
					"rotation": [0, 0, -15]
				},
				"bone52": {
					"rotation": [0.64743, -2.41476, -7.51365]
				},
				"bone54": {
					"rotation": [1.29717, -4.82922, -2.5547]
				},
				"bone56": {
					"rotation": [-0.43439, 2.462, -17.50933]
				},
				"bone58": {
					"rotation": [0, 0, -10],
					"position": [0, -4, 0]
				}
			}
		},
		"animation.lugia.air_fly": {
			"loop": true,
			"animation_length": 4,
			"bones": {
				"body": {
					"rotation": ["55-math.sin(q.anim_time*90*2-90)*-2", 0, "math.sin(q.anim_time*90*1-90)*-2"],
					"position": ["math.cos(q.anim_time*90*1-60)*1", "9+math.cos((q.anim_time*90*2-60)+math.sin(q.anim_time*90*2)*20)*3", -1]
				},
				"bone10": {
					"rotation": {
						"0.0": {
							"post": [-7.5, 0, 0],
							"lerp_mode": "catmullrom"
						},
						"2.0": {
							"post": [-7.5, 0, 0],
							"lerp_mode": "catmullrom"
						},
						"4.0": {
							"post": [-7.5, 0, 0],
							"lerp_mode": "catmullrom"
						}
					}
				},
				"bone11": {
					"rotation": {
						"0.0": {
							"post": [12.23207, 0, 0],
							"lerp_mode": "catmullrom"
						},
						"2.0": {
							"post": [12.23207, 0, 0],
							"lerp_mode": "catmullrom"
						},
						"4.0": {
							"post": [12.23207, 0, 0],
							"lerp_mode": "catmullrom"
						}
					}
				},
				"bone12": {
					"rotation": {
						"0.0": {
							"post": [10, 0, 0],
							"lerp_mode": "catmullrom"
						},
						"2.0": {
							"post": [10, 0, 0],
							"lerp_mode": "catmullrom"
						},
						"4.0": {
							"post": [10, 0, 0],
							"lerp_mode": "catmullrom"
						}
					}
				},
				"head": {
					"rotation": {
						"0.0": {
							"post": [-52.5, 0, 0],
							"lerp_mode": "catmullrom"
						},
						"2.0": {
							"post": [-52.5, 0, 0],
							"lerp_mode": "catmullrom"
						},
						"4.0": {
							"post": [-52.5, 0, 0],
							"lerp_mode": "catmullrom"
						}
					}
				},
				"wing_left": {
					"rotation": {
						"0.0": {
							"post": [0, 27.5, 0],
							"lerp_mode": "catmullrom"
						},
						"1.0": {
							"post": [0, -45, 0],
							"lerp_mode": "catmullrom"
						},
						"2.0": {
							"post": [0, 27.5, 0],
							"lerp_mode": "catmullrom"
						},
						"3.0": {
							"post": [0, -45, 0],
							"lerp_mode": "catmullrom"
						},
						"4.0": {
							"post": [0, 27.5, 0],
							"lerp_mode": "catmullrom"
						}
					}
				},
				"wing_right": {
					"rotation": {
						"0.0": {
							"post": [0, -27.5, 0],
							"lerp_mode": "catmullrom"
						},
						"1.0": {
							"post": [0, 45, 0],
							"lerp_mode": "catmullrom"
						},
						"2.0": {
							"post": [0, -27.5, 0],
							"lerp_mode": "catmullrom"
						},
						"3.0": {
							"post": [0, 45, 0],
							"lerp_mode": "catmullrom"
						},
						"4.0": {
							"post": [0, -27.5, 0],
							"lerp_mode": "catmullrom"
						}
					}
				},
				"bone60": {
					"rotation": ["-12.5+math.sin(q.anim_time*90*2-150)*4", "math.cos(q.anim_time*90*1-60)*-1", "math.cos(q.anim_time*90*1-120)*-2"]
				},
				"bone61": {
					"rotation": ["-12+math.sin(q.anim_time*90*2)*+5", "math.cos(q.anim_time*90*1-160)*4", 0]
				},
				"bone62": {
					"rotation": ["-7-math.sin(q.anim_time*90*2-45)*-7", "math.cos(q.anim_time*90*1-200)*6", 0]
				},
				"bone15": {
					"rotation": ["22.8793776701+math.sin(q.anim_time*90*2-150)*-6", -18.86719, -8.00524]
				},
				"bone17": {
					"rotation": ["-27.5+math.sin(q.anim_time*90*2-90)*6", 0, 0]
				},
				"bone19": {
					"rotation": ["32.5+math.sin(q.anim_time*90*2-210)*-6", 0, 0]
				},
				"bone36": {
					"rotation": ["22.8793776701+math.sin(q.anim_time*90*2-150)*-6", 18.86719, 8.00524]
				},
				"bone38": {
					"rotation": ["-22.5+math.sin(q.anim_time*90*2-90)*6", 0, 0]
				},
				"bone39": {
					"rotation": ["35+math.sin(q.anim_time*90*2-210)*-6", 0, 0]
				},
				"bone67": {
					"rotation": [0, "math.cos(q.anim_time*90*2-60)*5", 0],
					"position": [0, 0, 0]
				},
				"bone71": {
					"rotation": [0, "math.cos(q.anim_time*90*2-60)*5", 0],
					"position": [0, 0, 0]
				},
				"bone73": {
					"rotation": [0, "math.cos(q.anim_time*90*2-60)*5", 0],
					"position": [0, 0, 0]
				},
				"bone81": {
					"rotation": [0, "-math.cos(q.anim_time*90*2-60)*5", 0]
				},
				"bone83": {
					"rotation": [0, "-math.cos(q.anim_time*90*2-60)*5", 0]
				},
				"bone85": {
					"rotation": [0, "-math.cos(q.anim_time*90*2-60)*5", 0]
				},
				"bone65": {
					"rotation": [0, "math.cos(q.anim_time*90*2-60)*5", 0],
					"position": [0, 0, 0]
				},
				"bone66": {
					"rotation": [0, "math.cos(q.anim_time*90*2-60)*5", 0],
					"position": [0, 0, 0]
				},
				"bone77": {
					"rotation": [0, "-math.cos(q.anim_time*90*2-60)*5", 0]
				},
				"bone79": {
					"rotation": [0, "-math.cos(q.anim_time*90*2-60)*5", 0]
				},
				"bone22": {
					"rotation": {
						"0.0": {
							"post": [0, 10, 0],
							"lerp_mode": "catmullrom"
						},
						"1.0": {
							"post": [0, -2.5, 0],
							"lerp_mode": "catmullrom"
						},
						"2.0": {
							"post": [0, 10, 0],
							"lerp_mode": "catmullrom"
						},
						"3.0": {
							"post": [0, -2.5, 0],
							"lerp_mode": "catmullrom"
						},
						"4.0": {
							"post": [0, 10, 0],
							"lerp_mode": "catmullrom"
						}
					}
				},
				"bone23": {
					"rotation": {
						"0.0": {
							"post": [0, 22.5, 0],
							"lerp_mode": "catmullrom"
						},
						"0.5": {
							"post": [0, 28.75, 0],
							"lerp_mode": "catmullrom"
						},
						"1.0": {
							"post": [0, -20, 0],
							"lerp_mode": "catmullrom"
						},
						"1.5": {
							"post": [0, -18.75, 0],
							"lerp_mode": "catmullrom"
						},
						"1.75": {
							"post": [0, -18.44, 0],
							"lerp_mode": "catmullrom"
						},
						"2.0": {
							"post": [0, 22.5, 0],
							"lerp_mode": "catmullrom"
						},
						"2.5": {
							"post": [0, 28.75, 0],
							"lerp_mode": "catmullrom"
						},
						"3.0": {
							"post": [0, -20, 0],
							"lerp_mode": "catmullrom"
						},
						"3.5": {
							"post": [0, -18.75, 0],
							"lerp_mode": "catmullrom"
						},
						"3.75": {
							"post": [0, -18.44, 0],
							"lerp_mode": "catmullrom"
						},
						"4.0": {
							"post": [0, 22.5, 0],
							"lerp_mode": "catmullrom"
						}
					}
				},
				"bone24": {
					"rotation": {
						"0.0": {
							"post": [0, 30, 0],
							"lerp_mode": "catmullrom"
						},
						"0.5": {
							"post": [0, 32.5, 0],
							"lerp_mode": "catmullrom"
						},
						"0.75": {
							"post": [0, 26.25, 0],
							"lerp_mode": "catmullrom"
						},
						"1.0": {
							"post": [0, -20, 0],
							"lerp_mode": "catmullrom"
						},
						"1.5": {
							"post": [0, -27.5, 0],
							"lerp_mode": "catmullrom"
						},
						"1.75": {
							"post": [0, -21.87, 0],
							"lerp_mode": "catmullrom"
						},
						"2.0": {
							"post": [0, 30, 0],
							"lerp_mode": "catmullrom"
						},
						"2.5": {
							"post": [0, 32.5, 0],
							"lerp_mode": "catmullrom"
						},
						"2.75": {
							"post": [0, 26.25, 0],
							"lerp_mode": "catmullrom"
						},
						"3.0": {
							"post": [0, -20, 0],
							"lerp_mode": "catmullrom"
						},
						"3.5": {
							"post": [0, -27.5, 0],
							"lerp_mode": "catmullrom"
						},
						"3.75": {
							"post": [0, -21.87, 0],
							"lerp_mode": "catmullrom"
						},
						"4.0": {
							"post": [0, 30, 0],
							"lerp_mode": "catmullrom"
						}
					}
				},
				"bone25": {
					"rotation": {
						"0.0": {
							"post": [0, 27.5, 0],
							"lerp_mode": "catmullrom"
						},
						"0.5": {
							"post": [0, 27.5, 0],
							"lerp_mode": "catmullrom"
						},
						"0.75": {
							"post": [0, 25.16, 0],
							"lerp_mode": "catmullrom"
						},
						"1.0": {
							"post": [0, -17.5, 0],
							"lerp_mode": "catmullrom"
						},
						"1.5": {
							"post": [0, -20, 0],
							"lerp_mode": "catmullrom"
						},
						"1.75": {
							"post": [0, -12.42, 0],
							"lerp_mode": "catmullrom"
						},
						"2.0": {
							"post": [0, 27.5, 0],
							"lerp_mode": "catmullrom"
						},
						"2.5": {
							"post": [0, 27.5, 0],
							"lerp_mode": "catmullrom"
						},
						"2.75": {
							"post": [0, 25.16, 0],
							"lerp_mode": "catmullrom"
						},
						"3.0": {
							"post": [0, -17.5, 0],
							"lerp_mode": "catmullrom"
						},
						"3.5": {
							"post": [0, -20, 0],
							"lerp_mode": "catmullrom"
						},
						"3.75": {
							"post": [0, -12.42, 0],
							"lerp_mode": "catmullrom"
						},
						"4.0": {
							"post": [0, 27.5, 0],
							"lerp_mode": "catmullrom"
						}
					}
				},
				"bone26": {
					"rotation": {
						"0.0": {
							"post": [0, 0, 0],
							"lerp_mode": "catmullrom"
						},
						"0.5": {
							"post": [0, 17.5, 0],
							"lerp_mode": "catmullrom"
						},
						"0.75": {
							"post": [0, 23.75, 0],
							"lerp_mode": "catmullrom"
						},
						"1.0": {
							"post": [0, 0, 0],
							"lerp_mode": "catmullrom"
						},
						"1.75": [0, 0, 0],
						"2.0": {
							"pre": [0, 0, 0],
							"post": [0, 0, 0],
							"lerp_mode": "catmullrom"
						},
						"2.5": {
							"post": [0, 17.5, 0],
							"lerp_mode": "catmullrom"
						},
						"2.75": {
							"post": [0, 23.75, 0],
							"lerp_mode": "catmullrom"
						},
						"3.0": {
							"post": [0, 0, 0],
							"lerp_mode": "catmullrom"
						},
						"3.75": [0, 0, 0]
					}
				},
				"bone29": {
					"rotation": {
						"0.0": {
							"post": [0, 25, 0],
							"lerp_mode": "catmullrom"
						},
						"0.5": {
							"post": [0, 23.75, 0],
							"lerp_mode": "catmullrom"
						},
						"0.75": {
							"post": [0, 18.2, 0],
							"lerp_mode": "catmullrom"
						},
						"1.0": {
							"post": [0, -17.5, 0],
							"lerp_mode": "catmullrom"
						},
						"1.5": {
							"post": [0, -20, 0],
							"lerp_mode": "catmullrom"
						},
						"1.75": {
							"post": [0, -12.42, 0],
							"lerp_mode": "catmullrom"
						},
						"2.0": {
							"post": [0, 25, 0],
							"lerp_mode": "catmullrom"
						},
						"2.5": {
							"post": [0, 23.75, 0],
							"lerp_mode": "catmullrom"
						},
						"2.75": {
							"post": [0, 18.2, 0],
							"lerp_mode": "catmullrom"
						},
						"3.0": {
							"post": [0, -17.5, 0],
							"lerp_mode": "catmullrom"
						},
						"3.5": {
							"post": [0, -20, 0],
							"lerp_mode": "catmullrom"
						},
						"3.75": {
							"post": [0, -12.42, 0],
							"lerp_mode": "catmullrom"
						},
						"4.0": {
							"post": [0, 25, 0],
							"lerp_mode": "catmullrom"
						}
					}
				},
				"bone30": {
					"rotation": {
						"0.0": {
							"post": [0, 0, 0],
							"lerp_mode": "catmullrom"
						},
						"0.5": {
							"post": [0, 22.5, 0],
							"lerp_mode": "catmullrom"
						},
						"0.75": {
							"post": [0, 26.25, 0],
							"lerp_mode": "catmullrom"
						},
						"1.0": {
							"post": [0, 0, 0],
							"lerp_mode": "catmullrom"
						},
						"1.75": [0, 0, 0],
						"2.0": {
							"pre": [0, 0, 0],
							"post": [0, 0, 0],
							"lerp_mode": "catmullrom"
						},
						"2.5": {
							"post": [0, 22.5, 0],
							"lerp_mode": "catmullrom"
						},
						"2.75": {
							"post": [0, 26.25, 0],
							"lerp_mode": "catmullrom"
						},
						"3.0": {
							"post": [0, 0, 0],
							"lerp_mode": "catmullrom"
						},
						"3.75": [0, 0, 0]
					}
				},
				"bone31": {
					"rotation": {
						"0.0": {
							"post": [0, 20, 0],
							"lerp_mode": "catmullrom"
						},
						"0.5": {
							"post": [0, 16.25, 0],
							"lerp_mode": "catmullrom"
						},
						"0.75": {
							"post": [0, 14.3, 0],
							"lerp_mode": "catmullrom"
						},
						"1.0": {
							"post": [0, -17.5, 0],
							"lerp_mode": "catmullrom"
						},
						"1.5": {
							"post": [0, -20, 0],
							"lerp_mode": "catmullrom"
						},
						"1.75": {
							"post": [0, -12.42, 0],
							"lerp_mode": "catmullrom"
						},
						"2.0": {
							"post": [0, 20, 0],
							"lerp_mode": "catmullrom"
						},
						"2.5": {
							"post": [0, 16.25, 0],
							"lerp_mode": "catmullrom"
						},
						"2.75": {
							"post": [0, 14.3, 0],
							"lerp_mode": "catmullrom"
						},
						"3.0": {
							"post": [0, -17.5, 0],
							"lerp_mode": "catmullrom"
						},
						"3.5": {
							"post": [0, -20, 0],
							"lerp_mode": "catmullrom"
						},
						"3.75": {
							"post": [0, -12.42, 0],
							"lerp_mode": "catmullrom"
						},
						"4.0": {
							"post": [0, 20, 0],
							"lerp_mode": "catmullrom"
						}
					}
				},
				"bone32": {
					"rotation": {
						"0.0": {
							"post": [0, 0, 0],
							"lerp_mode": "catmullrom"
						},
						"0.5": {
							"post": [0, 17.5, 0],
							"lerp_mode": "catmullrom"
						},
						"0.75": {
							"post": [0, 18.75, 0],
							"lerp_mode": "catmullrom"
						},
						"1.0": {
							"post": [0, 0, 0],
							"lerp_mode": "catmullrom"
						},
						"1.75": [0, 0, 0],
						"2.0": {
							"pre": [0, 0, 0],
							"post": [0, 0, 0],
							"lerp_mode": "catmullrom"
						},
						"2.5": {
							"post": [0, 17.5, 0],
							"lerp_mode": "catmullrom"
						},
						"2.75": {
							"post": [0, 18.75, 0],
							"lerp_mode": "catmullrom"
						},
						"3.0": {
							"post": [0, 0, 0],
							"lerp_mode": "catmullrom"
						},
						"3.75": [0, 0, 0]
					}
				},
				"bone27": {
					"rotation": {
						"0.0": {
							"post": [0, 30, 0],
							"lerp_mode": "catmullrom"
						},
						"0.5": {
							"post": [0, 30, 0],
							"lerp_mode": "catmullrom"
						},
						"0.75": {
							"post": [0, 25.31, 0],
							"lerp_mode": "catmullrom"
						},
						"1.0": {
							"post": [0, -15, 0],
							"lerp_mode": "catmullrom"
						},
						"1.5": {
							"post": [0, -20, 0],
							"lerp_mode": "catmullrom"
						},
						"1.75": {
							"post": [0, -12.42, 0],
							"lerp_mode": "catmullrom"
						},
						"2.0": {
							"post": [0, 30, 0],
							"lerp_mode": "catmullrom"
						},
						"2.5": {
							"post": [0, 30, 0],
							"lerp_mode": "catmullrom"
						},
						"2.75": {
							"post": [0, 25.31, 0],
							"lerp_mode": "catmullrom"
						},
						"3.0": {
							"post": [0, -15, 0],
							"lerp_mode": "catmullrom"
						},
						"3.5": {
							"post": [0, -20, 0],
							"lerp_mode": "catmullrom"
						},
						"3.75": {
							"post": [0, -12.42, 0],
							"lerp_mode": "catmullrom"
						},
						"4.0": {
							"post": [0, 30, 0],
							"lerp_mode": "catmullrom"
						}
					}
				},
				"bone28": {
					"rotation": {
						"0.0": {
							"post": [0, 0, 0],
							"lerp_mode": "catmullrom"
						},
						"0.5": {
							"post": [0, 20, 0],
							"lerp_mode": "catmullrom"
						},
						"0.75": {
							"post": [0, 22.5, 0],
							"lerp_mode": "catmullrom"
						},
						"1.0": {
							"post": [0, 0, 0],
							"lerp_mode": "catmullrom"
						},
						"1.75": [0, 0, 0],
						"2.0": {
							"pre": [0, 0, 0],
							"post": [0, 0, 0],
							"lerp_mode": "catmullrom"
						},
						"2.5": {
							"post": [0, 20, 0],
							"lerp_mode": "catmullrom"
						},
						"2.75": {
							"post": [0, 22.5, 0],
							"lerp_mode": "catmullrom"
						},
						"3.0": {
							"post": [0, 0, 0],
							"lerp_mode": "catmullrom"
						},
						"3.75": [0, 0, 0]
					}
				},
				"bone44": {
					"rotation": {
						"0.0": {
							"post": [-7.6734, 26.48829, -16.80857],
							"lerp_mode": "catmullrom"
						},
						"0.5": {
							"post": [-7.68792, 22.75975, -16.40626],
							"lerp_mode": "catmullrom"
						},
						"0.75": {
							"post": [-7.97162, 26.39054, -17.0139],
							"lerp_mode": "catmullrom"
						},
						"1.0": {
							"post": [-6.86446, -0.79964, -13.27339],
							"lerp_mode": "catmullrom"
						},
						"2.0": {
							"post": [-7.6734, 26.48829, -16.80857],
							"lerp_mode": "catmullrom"
						},
						"2.5": {
							"post": [-7.68792, 22.75975, -16.40626],
							"lerp_mode": "catmullrom"
						},
						"2.75": {
							"post": [-7.97162, 26.39054, -17.0139],
							"lerp_mode": "catmullrom"
						},
						"3.0": {
							"post": [-6.86446, -0.79964, -13.27339],
							"lerp_mode": "catmullrom"
						},
						"4.0": {
							"post": [-7.6734, 26.48829, -16.80857],
							"lerp_mode": "catmullrom"
						}
					}
				},
				"bone45": {
					"rotation": {
						"0.0": {
							"post": [0, 0, 0],
							"lerp_mode": "catmullrom"
						},
						"0.5": {
							"post": [0, 20, 0],
							"lerp_mode": "catmullrom"
						},
						"1.0": {
							"post": [0, 0, 0],
							"lerp_mode": "catmullrom"
						},
						"1.5": {
							"post": [0, 0, 0],
							"lerp_mode": "catmullrom"
						},
						"2.0": {
							"post": [0, 0, 0],
							"lerp_mode": "catmullrom"
						},
						"2.5": {
							"post": [0, 20, 0],
							"lerp_mode": "catmullrom"
						},
						"3.0": {
							"post": [0, 0, 0],
							"lerp_mode": "catmullrom"
						}
					}
				},
				"bone47": {
					"rotation": {
						"0.0": {
							"post": [0, -10, 0],
							"lerp_mode": "catmullrom"
						},
						"1.0": {
							"post": [0, 5, 0],
							"lerp_mode": "catmullrom"
						},
						"2.0": {
							"post": [0, -10, 0],
							"lerp_mode": "catmullrom"
						},
						"3.0": {
							"post": [0, 5, 0],
							"lerp_mode": "catmullrom"
						},
						"4.0": {
							"post": [0, -10, 0],
							"lerp_mode": "catmullrom"
						}
					}
				},
				"bone48": {
					"rotation": {
						"0.0": {
							"post": [0.57884, -20.22455, -1.09514],
							"lerp_mode": "catmullrom"
						},
						"0.5": {
							"post": [0.63894, -25.22413, -1.16748],
							"lerp_mode": "catmullrom"
						},
						"1.0": {
							"post": [0.57719, 19.77357, -0.69976],
							"lerp_mode": "catmullrom"
						},
						"1.5": {
							"post": [0.6366, 24.77315, -0.62842],
							"lerp_mode": "catmullrom"
						},
						"1.75": {
							"post": [0.65882, 22.89805, -0.62719],
							"lerp_mode": "catmullrom"
						},
						"2.0": {
							"post": [0.57884, -20.22455, -1.09514],
							"lerp_mode": "catmullrom"
						},
						"2.5": {
							"post": [0.63894, -25.22413, -1.16748],
							"lerp_mode": "catmullrom"
						},
						"3.0": {
							"post": [0.57719, 19.77357, -0.69976],
							"lerp_mode": "catmullrom"
						},
						"3.5": {
							"post": [0.6366, 24.77315, -0.62842],
							"lerp_mode": "catmullrom"
						},
						"3.75": {
							"post": [0.65882, 22.89805, -0.62719],
							"lerp_mode": "catmullrom"
						},
						"4.0": {
							"post": [0.57884, -20.22455, -1.09514],
							"lerp_mode": "catmullrom"
						}
					}
				},
				"bone49": {
					"rotation": {
						"0.0": {
							"post": [0, -22.5, 0],
							"lerp_mode": "catmullrom"
						},
						"0.5": {
							"post": [0, -35, 0],
							"lerp_mode": "catmullrom"
						},
						"0.75": {
							"post": [0, -31.25, 0],
							"lerp_mode": "catmullrom"
						},
						"1.0": {
							"post": [0, 17.5, 0],
							"lerp_mode": "catmullrom"
						},
						"1.5": {
							"post": [0, 25, 0],
							"lerp_mode": "catmullrom"
						},
						"1.75": {
							"post": [0, 20, 0],
							"lerp_mode": "catmullrom"
						},
						"2.0": {
							"post": [0, -22.5, 0],
							"lerp_mode": "catmullrom"
						},
						"2.5": {
							"post": [0, -35, 0],
							"lerp_mode": "catmullrom"
						},
						"2.75": {
							"post": [0, -31.25, 0],
							"lerp_mode": "catmullrom"
						},
						"3.0": {
							"post": [0, 17.5, 0],
							"lerp_mode": "catmullrom"
						},
						"3.5": {
							"post": [0, 25, 0],
							"lerp_mode": "catmullrom"
						},
						"3.75": {
							"post": [0, 20, 0],
							"lerp_mode": "catmullrom"
						},
						"4.0": {
							"post": [0, -22.5, 0],
							"lerp_mode": "catmullrom"
						}
					}
				},
				"bone50": {
					"rotation": {
						"0.0": {
							"post": [0, -32.5, 0],
							"lerp_mode": "catmullrom"
						},
						"0.5": {
							"post": [0, -20, 0],
							"lerp_mode": "catmullrom"
						},
						"0.75": {
							"post": [0, -17.03, 0],
							"lerp_mode": "catmullrom"
						},
						"1.0": {
							"post": [0, 27.5, 0],
							"lerp_mode": "catmullrom"
						},
						"1.5": {
							"post": [0, 12.5, 0],
							"lerp_mode": "catmullrom"
						},
						"1.75": {
							"post": [0, 17.66, 0],
							"lerp_mode": "catmullrom"
						},
						"2.0": {
							"post": [0, -32.5, 0],
							"lerp_mode": "catmullrom"
						},
						"2.5": {
							"post": [0, -20, 0],
							"lerp_mode": "catmullrom"
						},
						"2.75": {
							"post": [0, -17.03, 0],
							"lerp_mode": "catmullrom"
						},
						"3.0": {
							"post": [0, 27.5, 0],
							"lerp_mode": "catmullrom"
						},
						"3.5": {
							"post": [0, 12.5, 0],
							"lerp_mode": "catmullrom"
						},
						"3.75": {
							"post": [0, 17.66, 0],
							"lerp_mode": "catmullrom"
						},
						"4.0": {
							"post": [0, -32.5, 0],
							"lerp_mode": "catmullrom"
						}
					}
				},
				"bone51": {
					"rotation": {
						"0.0": {
							"post": [0, 0, 0],
							"lerp_mode": "catmullrom"
						},
						"0.5": {
							"post": [0, -22.5, 0],
							"lerp_mode": "catmullrom"
						},
						"0.75": {
							"post": [0, -23.75, 0],
							"lerp_mode": "catmullrom"
						},
						"1.0": {
							"post": [0, 0, 0],
							"lerp_mode": "catmullrom"
						},
						"1.75": [0, 0, 0],
						"2.0": {
							"pre": [0, 0, 0],
							"post": [0, 0, 0],
							"lerp_mode": "catmullrom"
						},
						"2.5": {
							"post": [0, -22.5, 0],
							"lerp_mode": "catmullrom"
						},
						"2.75": {
							"post": [0, -23.75, 0],
							"lerp_mode": "catmullrom"
						},
						"3.0": {
							"post": [0, 0, 0],
							"lerp_mode": "catmullrom"
						},
						"3.75": [0, 0, 0]
					}
				},
				"bone52": {
					"rotation": {
						"0.0": {
							"post": [0, -30, 0],
							"lerp_mode": "catmullrom"
						},
						"0.5": {
							"post": [0, -15, 0],
							"lerp_mode": "catmullrom"
						},
						"0.75": {
							"post": [0, -10.78, 0],
							"lerp_mode": "catmullrom"
						},
						"1.0": {
							"post": [0, 25, 0],
							"lerp_mode": "catmullrom"
						},
						"1.5": {
							"post": [0, 12.5, 0],
							"lerp_mode": "catmullrom"
						},
						"1.75": {
							"post": [0, 17.66, 0],
							"lerp_mode": "catmullrom"
						},
						"2.0": {
							"post": [0, -30, 0],
							"lerp_mode": "catmullrom"
						},
						"2.5": {
							"post": [0, -15, 0],
							"lerp_mode": "catmullrom"
						},
						"2.75": {
							"post": [0, -10.78, 0],
							"lerp_mode": "catmullrom"
						},
						"3.0": {
							"post": [0, 25, 0],
							"lerp_mode": "catmullrom"
						},
						"3.5": {
							"post": [0, 12.5, 0],
							"lerp_mode": "catmullrom"
						},
						"3.75": {
							"post": [0, 17.66, 0],
							"lerp_mode": "catmullrom"
						},
						"4.0": {
							"post": [0, -30, 0],
							"lerp_mode": "catmullrom"
						}
					}
				},
				"bone53": {
					"rotation": {
						"0.0": {
							"post": [0, 0, 0],
							"lerp_mode": "catmullrom"
						},
						"0.5": {
							"post": [0, -20, 0],
							"lerp_mode": "catmullrom"
						},
						"0.75": {
							"post": [0, -27.5, 0],
							"lerp_mode": "catmullrom"
						},
						"1.0": {
							"post": [0, 0, 0],
							"lerp_mode": "catmullrom"
						},
						"1.75": [0, 0, 0],
						"2.0": {
							"pre": [0, 0, 0],
							"post": [0, 0, 0],
							"lerp_mode": "catmullrom"
						},
						"2.5": {
							"post": [0, -20, 0],
							"lerp_mode": "catmullrom"
						},
						"2.75": {
							"post": [0, -27.5, 0],
							"lerp_mode": "catmullrom"
						},
						"3.0": {
							"post": [0, 0, 0],
							"lerp_mode": "catmullrom"
						},
						"3.75": [0, 0, 0]
					}
				},
				"bone54": {
					"rotation": {
						"0.0": {
							"post": [0, -25, 0],
							"lerp_mode": "catmullrom"
						},
						"0.5": {
							"post": [0, -15, 0],
							"lerp_mode": "catmullrom"
						},
						"0.75": {
							"post": [0, -8.91, 0],
							"lerp_mode": "catmullrom"
						},
						"1.0": {
							"post": [0, 20, 0],
							"lerp_mode": "catmullrom"
						},
						"1.5": {
							"post": [0, 12.5, 0],
							"lerp_mode": "catmullrom"
						},
						"1.75": {
							"post": [0, 17.66, 0],
							"lerp_mode": "catmullrom"
						},
						"2.0": {
							"post": [0, -25, 0],
							"lerp_mode": "catmullrom"
						},
						"2.5": {
							"post": [0, -15, 0],
							"lerp_mode": "catmullrom"
						},
						"2.75": {
							"post": [0, -8.91, 0],
							"lerp_mode": "catmullrom"
						},
						"3.0": {
							"post": [0, 20, 0],
							"lerp_mode": "catmullrom"
						},
						"3.5": {
							"post": [0, 12.5, 0],
							"lerp_mode": "catmullrom"
						},
						"3.75": {
							"post": [0, 17.66, 0],
							"lerp_mode": "catmullrom"
						},
						"4.0": {
							"post": [0, -25, 0],
							"lerp_mode": "catmullrom"
						}
					}
				},
				"bone55": {
					"rotation": {
						"0.0": {
							"post": [0, 0, 0],
							"lerp_mode": "catmullrom"
						},
						"0.5": {
							"post": [0, -20, 0],
							"lerp_mode": "catmullrom"
						},
						"0.75": {
							"post": [0, -22.5, 0],
							"lerp_mode": "catmullrom"
						},
						"1.0": {
							"post": [0, 0, 0],
							"lerp_mode": "catmullrom"
						},
						"1.75": [0, 0, 0],
						"2.0": {
							"pre": [0, 0, 0],
							"post": [0, 0, 0],
							"lerp_mode": "catmullrom"
						},
						"2.5": {
							"post": [0, -20, 0],
							"lerp_mode": "catmullrom"
						},
						"2.75": {
							"post": [0, -22.5, 0],
							"lerp_mode": "catmullrom"
						},
						"3.0": {
							"post": [0, 0, 0],
							"lerp_mode": "catmullrom"
						},
						"3.75": [0, 0, 0]
					}
				},
				"bone56": {
					"rotation": {
						"0.0": {
							"post": [0, -35, 0],
							"lerp_mode": "catmullrom"
						},
						"0.5": {
							"post": [0, -25, 0],
							"lerp_mode": "catmullrom"
						},
						"0.75": {
							"post": [0, -18.59, 0],
							"lerp_mode": "catmullrom"
						},
						"1.0": {
							"post": [0, 25, 0],
							"lerp_mode": "catmullrom"
						},
						"1.5": {
							"post": [0, 12.5, 0],
							"lerp_mode": "catmullrom"
						},
						"1.75": {
							"post": [0, 17.66, 0],
							"lerp_mode": "catmullrom"
						},
						"2.0": {
							"post": [0, -35, 0],
							"lerp_mode": "catmullrom"
						},
						"2.5": {
							"post": [0, -25, 0],
							"lerp_mode": "catmullrom"
						},
						"2.75": {
							"post": [0, -18.59, 0],
							"lerp_mode": "catmullrom"
						},
						"3.0": {
							"post": [0, 25, 0],
							"lerp_mode": "catmullrom"
						},
						"3.5": {
							"post": [0, 12.5, 0],
							"lerp_mode": "catmullrom"
						},
						"3.75": {
							"post": [0, 17.66, 0],
							"lerp_mode": "catmullrom"
						},
						"4.0": {
							"post": [0, -35, 0],
							"lerp_mode": "catmullrom"
						}
					}
				},
				"bone57": {
					"rotation": {
						"0.0": {
							"post": [0, 0, 0],
							"lerp_mode": "catmullrom"
						},
						"0.5": {
							"post": [0, -22.5, 0],
							"lerp_mode": "catmullrom"
						},
						"0.75": {
							"post": [0, -28.75, 0],
							"lerp_mode": "catmullrom"
						},
						"1.0": {
							"post": [0, 0, 0],
							"lerp_mode": "catmullrom"
						},
						"1.75": [0, 0, 0],
						"2.0": {
							"pre": [0, 0, 0],
							"post": [0, 0, 0],
							"lerp_mode": "catmullrom"
						},
						"2.5": {
							"post": [0, -22.5, 0],
							"lerp_mode": "catmullrom"
						},
						"2.75": {
							"post": [0, -28.75, 0],
							"lerp_mode": "catmullrom"
						},
						"3.0": {
							"post": [0, 0, 0],
							"lerp_mode": "catmullrom"
						},
						"3.75": [0, 0, 0]
					}
				},
				"bone58": {
					"rotation": {
						"0.0": {
							"post": [-10.82777, -19.84302, 29.39942],
							"lerp_mode": "catmullrom"
						},
						"0.5": {
							"post": [-11.82301, -28.40697, 31.40255],
							"lerp_mode": "catmullrom"
						},
						"0.75": {
							"post": [-12.38464, -29.35343, 31.98888],
							"lerp_mode": "catmullrom"
						},
						"1.0": {
							"post": [-10.18603, 2.28944, 25.27358],
							"lerp_mode": "catmullrom"
						},
						"2.0": {
							"post": [-10.82777, -19.84302, 29.39942],
							"lerp_mode": "catmullrom"
						},
						"2.5": {
							"post": [-11.82301, -28.40697, 31.40255],
							"lerp_mode": "catmullrom"
						},
						"2.75": {
							"post": [-12.38464, -29.35343, 31.98888],
							"lerp_mode": "catmullrom"
						},
						"3.0": {
							"post": [-10.18603, 2.28944, 25.27358],
							"lerp_mode": "catmullrom"
						},
						"4.0": {
							"post": [-10.82777, -19.84302, 29.39942],
							"lerp_mode": "catmullrom"
						}
					}
				},
				"bone59": {
					"rotation": {
						"0.0": {
							"post": [0, 0, 0],
							"lerp_mode": "catmullrom"
						},
						"0.5": {
							"post": [0, -15, 0],
							"lerp_mode": "catmullrom"
						},
						"1.0": {
							"post": [0, 0, 0],
							"lerp_mode": "catmullrom"
						},
						"1.5": {
							"post": [0, 0, 0],
							"lerp_mode": "catmullrom"
						},
						"2.0": {
							"post": [0, 0, 0],
							"lerp_mode": "catmullrom"
						},
						"2.5": {
							"post": [0, -15, 0],
							"lerp_mode": "catmullrom"
						},
						"3.0": {
							"post": [0, 0, 0],
							"lerp_mode": "catmullrom"
						}
					}
				},
				"bone63": {
					"rotation": ["-7-math.sin(q.anim_time*90*2-90)*-10", "math.cos(q.anim_time*90*1-240)*8", 0]
				},
				"bone64": {
					"rotation": {
						"0.0": {
							"post": [-5, 0, 0],
							"lerp_mode": "catmullrom"
						},
						"2.0": {
							"post": [-5, 0, 0],
							"lerp_mode": "catmullrom"
						},
						"4.0": {
							"post": [-5, 0, 0],
							"lerp_mode": "catmullrom"
						}
					}
				},
				"bone16": {
					"rotation": [7.5, 0, 0]
				},
				"bone37": {
					"rotation": [5, 0, 0]
				},
				"wing_closed_left": {
					"rotation": [0, -50, -60]
				},
				"wing_closed_right": {
					"rotation": [0, 57.5, 60]
				}
			}
		},
		"animation.lugia.water_float": {
			"loop": true,
			"bones": {
				"body": {
					"position": [0, "-40+math.sin(q.anim_time*90*2+45)*-2", 0]
				},
				"torso": {
					"rotation": ["0+math.sin(q.anim_time*90*2+90)*2", 0, 0]
				},
				"neck": {
					"rotation": ["-12.5+math.sin(q.anim_time*90*2)*2", 0, 0]
				},
				"bone10": {
					"rotation": ["15+math.sin(q.anim_time*90*2-90)*2", 0, 0]
				},
				"bone11": {
					"rotation": ["20+math.sin(q.anim_time*90*2-90)*2", 0, 0]
				},
				"bone12": {
					"rotation": ["15-math.sin(q.anim_time*90*2-90)*2", 0, 0]
				},
				"head": {
					"rotation": [-17.5, 0, 0]
				},
				"wing_left": {
					"rotation": [0, 0, "0-math.sin(q.anim_time*90*2)*2"]
				},
				"bone22": {
					"rotation": [0, 0, "12.5+math.sin(q.anim_time*90*2)*6"]
				},
				"bone23": {
					"rotation": [35.64999, "21.3873414154+math.sin(q.anim_time*90*2-90)*6", 0.43109]
				},
				"bone24": {
					"rotation": [20.56279, "1.4809428799+math.sin(q.anim_time*90*2)*6", -25.37938]
				},
				"bone25": {
					"rotation": [0, "10-math.sin(q.anim_time*90*2-70)*6", 0]
				},
				"bone26": {
					"rotation": [0, "12.5-math.sin(q.anim_time*90*2-70)*6", 0]
				},
				"bone29": {
					"rotation": [0, "10-math.sin(q.anim_time*90*2-80)*6", 0]
				},
				"bone30": {
					"rotation": [0, "17.5-math.sin(q.anim_time*90*2-80)*6", 0]
				},
				"bone31": {
					"rotation": [0, "12.5-math.sin(q.anim_time*90*2-90)*6", 0]
				},
				"bone32": {
					"rotation": [0, "32.5-math.sin(q.anim_time*90*2-90)*6", 0]
				},
				"bone27": {
					"rotation": [0, "0-math.sin(q.anim_time*90*2-60)*6", 0]
				},
				"bone28": {
					"rotation": [0, "27.5-math.sin(q.anim_time*90*2-60)*6", 0]
				},
				"bone44": {
					"rotation": [0, "0-math.sin(q.anim_time*90*2-60)*6", -37.5]
				},
				"bone45": {
					"rotation": [0, "27.5-math.sin(q.anim_time*90*2-60)*6", 0]
				},
				"wing_right": {
					"rotation": [0, 0, "0+math.sin(q.anim_time*90*2)*2"]
				},
				"bone47": {
					"rotation": [0, 0, "-10-math.sin(q.anim_time*90*2)*6"]
				},
				"bone48": {
					"rotation": [36.65985, "-24.3923279309-math.sin(q.anim_time*90*2-90)*6", 2.89579]
				},
				"bone49": {
					"rotation": [26.47308, "-7.116190383-math.sin(q.anim_time*90*2)*6", 18.66252]
				},
				"bone50": {
					"rotation": [0, "0+math.sin(q.anim_time*90*2-70)*6", 0]
				},
				"bone51": {
					"rotation": [0, "-30+math.sin(q.anim_time*90*2-70)*6", 0]
				},
				"bone52": {
					"rotation": [0, "0+math.sin(q.anim_time*90*2-80)*6", 0]
				},
				"bone53": {
					"rotation": [0, "-25+math.sin(q.anim_time*90*2-80)*6", 0]
				},
				"bone54": {
					"rotation": [0, "0+math.sin(q.anim_time*90*2-90)*6", 0]
				},
				"bone55": {
					"rotation": [0, "-22.5+math.sin(q.anim_time*90*2-90)*6", 0]
				},
				"bone56": {
					"rotation": [0, "0+math.sin(q.anim_time*90*2-60)*6", 0]
				},
				"bone57": {
					"rotation": [0, "-32.5+math.sin(q.anim_time*90*2-60)*6", 0]
				},
				"bone58": {
					"rotation": [0, "-5+math.sin(q.anim_time*90*2-60)*6", 37.5]
				},
				"bone59": {
					"rotation": [0, "-25+math.sin(q.anim_time*90*2-60)*6", 0]
				},
				"bone60": {
					"rotation": ["-20+math.sin(q.anim_time*90*1+45)*-2", "math.sin(q.anim_time*90*2)*15", 0]
				},
				"bone61": {
					"rotation": ["7.5+math.sin(q.anim_time*90*1-45)*-3", "math.sin(q.anim_time*90*2-60)*10", 0]
				},
				"bone62": {
					"rotation": ["15+math.sin(q.anim_time*90*1-45)*-3", "math.sin(q.anim_time*90*2-60)*10", 0]
				},
				"bone63": {
					"rotation": ["17.5+math.sin(q.anim_time*90*1-45)*-3", "math.sin(q.anim_time*90*2-60)*10", 0]
				},
				"bone64": {
					"rotation": ["7.5+math.sin(q.anim_time*90*1-45)*-3", "math.sin(q.anim_time*90*2-60)*10", 0]
				},
				"bone15": {
					"rotation": ["-0.1947760173+math.sin(q.anim_time*90*4)*5", -32.13177, -6.65565]
				},
				"bone17": {
					"rotation": ["-30+math.sin(q.anim_time*90*4-90)*5", 0, 0]
				},
				"bone19": {
					"rotation": ["22.5+math.sin(q.anim_time*90*4-90)*5", 0, 0]
				},
				"bone36": {
					"rotation": ["1.9164911441-math.sin(q.anim_time*90*4)*5", 29.30344, 12.39087]
				},
				"bone38": {
					"rotation": ["-35-math.sin(q.anim_time*90*4-90)*5", 0, 0]
				},
				"bone39": {
					"rotation": ["35+math.sin(q.anim_time*90*4-90)*5", 0, 0]
				}
			}
		}
	}
}