{
  "species": "cobblemon:mewtwo",
  "order": 2,
  "variations": [
    {
      "aspects": ["mega_y"],
      "model": "cobblemon:mewtwo_mega_y.geo",
      "poser": "cobblemon:mewtwo_mega_y",
      "texture": "cobblemon:textures/pokemon/0150_mewtwo/mewtwo_mega_y.png",
      "layers": []
    },
    {
      "aspects": ["mega_y", "shiny"],
      "model": "cobblemon:mewtwo_mega_y.geo",
      "poser": "cobblemon:mewtwo_mega_y",
      "texture": "cobblemon:textures/pokemon/0150_mewtwo/mewtwo_mega_y_shiny.png",
      "layers": []
    },
    {
      "aspects": ["mega_y", "shadow"],
      "model": "cobblemon:mewtwo_mega_y.geo",
      "poser": "cobblemon:mewtwo_mega_y",
      "texture": "cobblemon:textures/pokemon/0150_mewtwo/mewtwo_shadow_mega_y.png",
      "layers": [
		{
		  "name": "emissive",
		  "emissive": true,
		  "texture": "cobblemon:textures/pokemon/0150_mewtwo/mewtwo_shadow_mega_y_emissive.png"
		}
	  ]
    },
    {
      "aspects": ["mega_y", "shadow", "shiny"],
      "model": "cobblemon:mewtwo_mega_y.geo",
      "poser": "cobblemon:mewtwo_mega_y",
      "texture": "cobblemon:textures/pokemon/0150_mewtwo/mewtwo_shadow_mega_y_shiny.png",
      "layers": [
		{
		  "name": "emissive",
		  "emissive": true,
		  "texture": "cobblemon:textures/pokemon/0150_mewtwo/mewtwo_shadow_mega_y_emissive.png"
		}
	  ]
    }
  ]
}
