{
    "enabled": true,
    "neededInstalledMods": [],
    "neededUninstalledMods": [],
    "spawns": [
        {
            "id": "kubfu-1",
            "pokemon": "kubfu",
            "type": "pokemon",
            "context": "grounded",
            "bucket": "ultra-rare",
            "level": "10-30",
            "weight": 1.5,
            "condition": {
                "canSeeSky": true,
                "biomes": [
                    "#cobblemon:is_bamboo"
                ]
            }
        }
    ]
}