{
   "parent": "minecraft:item/generated",
  "textures": {
    "layer0": "minecraft:item/netherite_scrap"
  },
    "display": {
        "head": {
            "rotation": [ 0, 0, 45 ],
            "translation": [ -1, 13, 7],
            "scale":[ 1, 1, 1]
        }
    },
    "overrides": [
    {
      "model": "zamegas:item/raichunitey",
      "predicate": {
        "custom_model_data": 1168
      }
    },
    {
      "model": "zamegas:item/lucarionitez",
      "predicate": {
        "custom_model_data": 1177
      }
    }
  ]
}
