{
	"format_version": "1.8.0",
	"animations": {
		"animation.aromatisse.ground_idle": {
			"loop": true,
			"bones": {
				"leg2": {
					"position": [1, 0, -4]
				},
				"leg_part2": {
					"position": [-0.2, 0, 0]
				},
				"torso": {
					"rotation": [0, "0+math.sin(q.anim_time*90*2.25+60)*0.75", "0+math.cos(q.anim_time*90*2+30)*0.5"],
					"position": [0, "-1-math.cos(q.anim_time*90*4-90)*0.08", 1]
				},
				"hand1": {
					"rotation": [0, "15+math.sin(q.anim_time*90*4-60)*0.5", "22.5+math.sin(q.anim_time*90*2+90)*2"],
					"position": [0, 0, 1]
				},
				"hand_part1": {
					"rotation": [0, 0, 65],
					"position": [1, 1, 0]
				},
				"head": {
					"rotation": ["-2.5+math.sin(q.anim_time*90*4)*0.5", 0, 0],
					"position": [0, 0, 0]
				},
				"hand2": {
					"rotation": [0, "5+math.sin(q.anim_time*90*2-90)*0.5  ", "-27.5+math.sin(q.anim_time*90*2.55+90)*2"],
					"position": [-1, 0, 1]
				},
				"hand_part2": {
					"rotation": [0, 0, -60]
				},
				"hand_mini2": {
					"rotation": [0, 0, 25],
					"position": [-11, -1, 0]
				},
				"hand_mini1": {
					"rotation": [0, 0, -25],
					"position": [11, -1, 0]
				}
			}
		},
		"animation.aromatisse.ground_walk": {
			"loop": true,
			"animation_length": 1,
			"bones": {
				"leg2": {
					"rotation": [
						"math.clamp(math.sin(query.anim_time*90*4*1+0)*22.5,-22,0)+math.clamp(math.sin(query.anim_time*90*4*1+0)*7.5,0,5)",
						"0+math.sin(q.anim_time*90*4-0)*5",
						"math.clamp(math.sin(query.anim_time*90*4*1+10)*6,-5,0)"
					],
					"position": [
						"0.2+math.sin(q.anim_time*90*4-75+180)*0.25",
						"math.clamp(math.sin(query.anim_time*90*4*1+200)*1,-0.1,1)",
						"0+math.sin(q.anim_time*90*4-75)*1.5"
					]
				},
				"leg_part2": {
					"position": [-0.2, 0, 0]
				},
				"torso": {
					"rotation": ["0+Math.sin((query.anim_time)*90*4-30)*2", "0-math.sin(q.anim_time*90*4+30)*8", 0],
					"position": [0, "-1+math.cos(q.anim_time*90*4+90)*0.08", 1]
				},
				"hand1": {
					"rotation": [0, "15-math.sin(q.anim_time*90*4)*10", 22.5],
					"position": [0, 0, 1]
				},
				"hand_part1": {
					"rotation": [0, 0, 65],
					"position": [1, 1, 0]
				},
				"head": {
					"rotation": ["-2.5+math.cos(q.anim_time*90*4+90)*4", 0, 0],
					"position": [0, 0, 0]
				},
				"hand2": {
					"rotation": [0, "5+math.sin(q.anim_time*90*4)*10", -27.5],
					"position": [-1, 0, 1]
				},
				"hand_part2": {
					"rotation": [0, 0, -60]
				},
				"hand_mini2": {
					"rotation": [0, 0, 25],
					"position": [-11, -1, 0]
				},
				"hand_mini1": {
					"rotation": [0, 0, -25],
					"position": [11, -1, 0]
				},
				"leg1": {
					"rotation": [
						"math.clamp(math.sin(query.anim_time*90*4*1+180)*22.5,-22,0)+math.clamp(math.sin(query.anim_time*90*4*1+180)*7.5,0,5)",
						"0+math.sin(q.anim_time*90*4+0)*5",
						"math.clamp(math.sin(query.anim_time*90*4*1+10)*6,-0,5)"
					],
					"position": [
						"-0.2+math.sin(q.anim_time*90*4-75+180)*0.25",
						"math.clamp(math.sin(query.anim_time*90*4*1+200+180)*1,-0.1,1)",
						"0+math.sin(q.anim_time*90*4-75+180)*1.5"
					]
				}
			}
		},
		"animation.aromatisse.blink": {
			"animation_length": 0.1667,
			"bones": {
				"pupiled1": {
					"position": {
						"0.0": {
							"post": [0, 0, 1],
							"lerp_mode": "catmullrom"
						},
						"0.1667": {
							"post": [0, 0, 0],
							"lerp_mode": "catmullrom"
						}
					}
				},
				"pupiled2": {
					"position": {
						"0.0": {
							"post": [0, 0, 1],
							"lerp_mode": "catmullrom"
						},
						"0.1667": {
							"post": [0, 0, 0],
							"lerp_mode": "catmullrom"
						}
					}
				}
			}
		},
		"animation.aromatisse.battle_idle": {
			"loop": true,
			"bones": {
				"leg2": {
					"rotation": [0, 0, -7.5],
					"position": [2, 0, -5]
				},
				"torso": {
					"rotation": ["0+math.sin(q.anim_time*90*4+90)*1", " 0+math.sin(q.anim_time*90*4)*2", 0],
					"position": [0, "-1+math.sin(q.anim_time*90*4-90)*0.2", 0]
				},
				"hand1": {
					"rotation": [0, "20+math.sin(q.anim_time*90*4)*4", "27.5+math.sin(q.anim_time*90*4+90)*2"],
					"position": [0, 0, 1]
				},
				"hand_part1": {
					"rotation": [0, 0, 72.5],
					"position": [1, 1, 0]
				},
				"hand_mini1": {
					"rotation": [0, 0, -17.5],
					"position": [6, -1, 0]
				},
				"hand2": {
					"rotation": [0, "10+math.siN(q.anim_time*90*4+90)*4", "-22.5+math.siN(q.anim_time*90*4)*2"]
				},
				"hand_part2": {
					"rotation": [0, 0, -70],
					"position": [-1, 0, 0]
				},
				"hand_mini2": {
					"rotation": [0, 0, 25],
					"position": [-11, -1, 0]
				},
				"head": {
					"rotation": ["0+math.sin(q.anim_time*90*4+90)*2", -12.5, 0],
					"position": [0, 0, -1]
				},
				"ceja1": {
					"rotation": [0, 0, -17.5],
					"position": [0, 0, -1]
				},
				"ceja2": {
					"rotation": [0, 0, 17.5],
					"position": [0, 0, -1]
				}
			}
		},
		"animation.aromatisse.pose": {
			"animation_length": 4,
			"bones": {
				"leg2": {
					"rotation": [0, 0, -7.5],
					"position": [2, 0, -5]
				},
				"torso": {
					"rotation": [0, 0, 0],
					"position": [0, -1, 0]
				},
				"hand1": {
					"rotation": [0, 20, 27.5],
					"position": [0, 0, 1]
				},
				"hand_part1": {
					"rotation": [0, 0, 72.5],
					"position": [1, 1, 0]
				},
				"hand_mini1": {
					"rotation": [0, 0, -17.5],
					"position": [6, -1, 0]
				},
				"hand2": {
					"rotation": [0, 10, -22.5]
				},
				"hand_part2": {
					"rotation": [0, 0, -70],
					"position": [-1, 0, 0]
				},
				"hand_mini2": {
					"rotation": [0, 0, 25],
					"position": [-11, -1, 0]
				},
				"head": {
					"rotation": [0, -12.5, 0],
					"position": [0, 0, -1]
				},
				"ceja1": {
					"rotation": [0, 0, -17.5],
					"position": [0, 0, -1]
				},
				"ceja2": {
					"rotation": [0, 0, 17.5],
					"position": [0, 0, -1]
				}
			}
		},
		"animation.aromatisse.faint": {
			"loop": "hold_on_last_frame",
			"animation_length": 4,
			"bones": {
				"leg2": {
					"rotation": {
						"0.0": [0, 0, -7.5],
						"0.0833": [5, 0, -7.5],
						"0.75": [0, 0, -7.5],
						"0.9167": {
							"pre": [-7.5, 0, -7.5],
							"post": [-7.5, 0, -7.5],
							"lerp_mode": "catmullrom"
						},
						"1.2917": {
							"post": [-105, 0, 0],
							"lerp_mode": "catmullrom"
						},
						"1.5833": {
							"post": [-67.5, 0, 0],
							"lerp_mode": "catmullrom"
						},
						"1.75": {
							"post": [-55, 0, 0],
							"lerp_mode": "catmullrom"
						},
						"2.0": {
							"post": [-50, 0, 0],
							"lerp_mode": "catmullrom"
						}
					},
					"position": {
						"0.0": [2, 0, -5],
						"0.75": [2, 0, -5],
						"0.9583": {
							"pre": [2, 3, -2],
							"post": [2, 3, -2],
							"lerp_mode": "catmullrom"
						},
						"1.3333": {
							"post": [1, 12, -1],
							"lerp_mode": "catmullrom"
						},
						"1.625": {
							"post": [1, 6, 0],
							"lerp_mode": "catmullrom"
						},
						"1.7917": {
							"post": [1, 4, 0],
							"lerp_mode": "catmullrom"
						},
						"2.0": {
							"post": [1, 3, 0],
							"lerp_mode": "catmullrom"
						}
					}
				},
				"torso": {
					"rotation": {
						"0.0": [12.5, 0, 0],
						"0.0833": {
							"pre": [20, 0, 0],
							"post": [20, 0, 0],
							"lerp_mode": "catmullrom"
						},
						"0.2917": {
							"post": [-15, 0, 0],
							"lerp_mode": "catmullrom"
						},
						"0.8333": {
							"post": [-15, 0, 0],
							"lerp_mode": "catmullrom"
						},
						"1.2083": {
							"post": [-92.5, 0, 0],
							"lerp_mode": "catmullrom"
						},
						"1.4583": {
							"post": [-82.5, 0, 0],
							"lerp_mode": "catmullrom"
						},
						"1.6667": {
							"post": [-90, 0, 0],
							"lerp_mode": "catmullrom"
						}
					},
					"position": {
						"0.0": [0, -1, 2],
						"0.0833": {
							"pre": [0, -1, 4],
							"post": [0, -1, 4],
							"lerp_mode": "catmullrom"
						},
						"0.2917": {
							"post": [0, -1, -3],
							"lerp_mode": "catmullrom"
						},
						"0.8333": {
							"post": [0, -1, -3],
							"lerp_mode": "catmullrom"
						},
						"1.1667": {
							"post": [0, 12, -3],
							"lerp_mode": "catmullrom"
						},
						"1.4167": {
							"post": [0, 12, -3],
							"lerp_mode": "catmullrom"
						},
						"1.6667": {
							"post": [0, 11, -3],
							"lerp_mode": "catmullrom"
						}
					}
				},
				"hand1": {
					"rotation": {
						"0.0": {
							"post": [0, 20, 27.5],
							"lerp_mode": "catmullrom"
						},
						"0.0833": {
							"post": [0.8009, 24.02575, 21.89955],
							"lerp_mode": "catmullrom"
						},
						"0.2917": {
							"post": [2.61298, -9.65594, 7.27926],
							"lerp_mode": "catmullrom"
						},
						"0.8333": {
							"post": [2.60017, 7.82624, 8.07214],
							"lerp_mode": "catmullrom"
						},
						"1.25": {
							"post": [2.8496, 25.3068, 8.93676],
							"lerp_mode": "catmullrom"
						},
						"1.5": {
							"post": [3.0422, -32.12939, 6.0988],
							"lerp_mode": "catmullrom"
						},
						"1.75": {
							"post": [3.23124, -37.12192, 5.76643],
							"lerp_mode": "catmullrom"
						},
						"2.0": {
							"post": [2.63504, -30, 7.16271],
							"lerp_mode": "catmullrom"
						}
					},
					"position": {
						"0.0": {
							"post": [0, 0, 1],
							"lerp_mode": "catmullrom"
						}
					}
				},
				"hand_part1": {
					"rotation": {
						"0.0": {
							"post": [0, 0, 72.5],
							"lerp_mode": "catmullrom"
						},
						"0.0833": {
							"post": [0.87059, 5.075, 47.61431],
							"lerp_mode": "catmullrom"
						},
						"0.2917": {
							"post": [0, -17.5, 20],
							"lerp_mode": "catmullrom"
						},
						"0.75": {
							"post": [0, -2.5, 20],
							"lerp_mode": "catmullrom"
						},
						"0.8333": [0, 10.41667, 20],
						"1.25": {
							"pre": [0, 35, 20],
							"post": [0, 35, 20],
							"lerp_mode": "catmullrom"
						},
						"1.5": {
							"post": [0, -2.5, 20],
							"lerp_mode": "catmullrom"
						}
					},
					"position": {
						"0.0": {
							"post": [1, 1, 0],
							"lerp_mode": "catmullrom"
						},
						"0.2917": {
							"post": [1, 0, 0],
							"lerp_mode": "catmullrom"
						}
					}
				},
				"hand_mini1": {
					"rotation": [0, 0, -17.5],
					"position": [6, -1, 0]
				},
				"hand2": {
					"rotation": {
						"0.0": {
							"post": [0, 10, -22.5],
							"lerp_mode": "catmullrom"
						},
						"0.0833": {
							"post": [0.7362, -2.59727, -18.31297],
							"lerp_mode": "catmullrom"
						},
						"0.2917": {
							"post": [2.61298, 9.65594, -7.27926],
							"lerp_mode": "catmullrom"
						},
						"0.8333": {
							"post": [2.60017, -7.82624, -8.07214],
							"lerp_mode": "catmullrom"
						},
						"1.25": {
							"post": [2.8496, -25.3068, -8.93676],
							"lerp_mode": "catmullrom"
						},
						"1.5": {
							"post": [3.0422, 32.12939, -6.0988],
							"lerp_mode": "catmullrom"
						},
						"1.75": {
							"post": [3.23124, 37.12192, -5.76643],
							"lerp_mode": "catmullrom"
						},
						"2.0": {
							"post": [2.63504, 30, -7.16271],
							"lerp_mode": "catmullrom"
						}
					}
				},
				"hand_part2": {
					"rotation": {
						"0.0": {
							"post": [0, 0, -70],
							"lerp_mode": "catmullrom"
						},
						"0.0833": {
							"post": [0.87059, -5.075, -45.82859],
							"lerp_mode": "catmullrom"
						},
						"0.2917": {
							"post": [0, 17.5, -20],
							"lerp_mode": "catmullrom"
						},
						"0.75": {
							"post": [0, 2.5, -20],
							"lerp_mode": "catmullrom"
						},
						"0.8333": [0, -10.41667, -20],
						"1.25": {
							"pre": [0, -35, -20],
							"post": [0, -35, -20],
							"lerp_mode": "catmullrom"
						},
						"1.5": {
							"post": [0, 2.5, -20],
							"lerp_mode": "catmullrom"
						}
					},
					"position": {
						"0.0": {
							"post": [-1, 0, 0],
							"lerp_mode": "catmullrom"
						}
					}
				},
				"hand_mini2": {
					"rotation": [0, 0, 25],
					"position": [-11, -1, 0]
				},
				"head": {
					"rotation": {
						"0.0": {
							"post": [9, 0, 0],
							"lerp_mode": "catmullrom"
						},
						"0.0833": {
							"post": [11.79, 0, 0],
							"lerp_mode": "catmullrom"
						},
						"0.2917": {
							"post": [-20, 0, 0],
							"lerp_mode": "catmullrom"
						},
						"0.8333": {
							"post": [-20, 0, 0],
							"lerp_mode": "catmullrom"
						},
						"1.125": {
							"post": [3, 0, 0],
							"lerp_mode": "catmullrom"
						},
						"1.25": {
							"post": [-7.5, 0, 0],
							"lerp_mode": "catmullrom"
						},
						"1.5": {
							"post": [12.5, 0, 0],
							"lerp_mode": "catmullrom"
						},
						"1.75": {
							"post": [0, 0, 0],
							"lerp_mode": "catmullrom"
						}
					},
					"position": {
						"0.0": {
							"post": [0, 0, -1],
							"lerp_mode": "catmullrom"
						}
					}
				},
				"ceja1": {
					"rotation": [0, 0, -17.5],
					"position": {
						"0.0": [0, 0, 0],
						"0.9583": {
							"pre": [0, 0, 0],
							"post": [0, 0, -1]
						}
					}
				},
				"ceja2": {
					"rotation": [0, 0, 17.5],
					"position": {
						"0.0": [0, 0, 0],
						"0.9583": {
							"pre": [0, 0, 0],
							"post": [0, 0, -1]
						}
					}
				},
				"body": {
					"position": {
						"0.0": [0, 0, 0],
						"0.9167": [0, 0, 0],
						"1.2083": {
							"pre": [0, 0, 6],
							"post": [0, 0, 6],
							"lerp_mode": "catmullrom"
						},
						"1.4167": {
							"post": [0, 0, 6.5],
							"lerp_mode": "catmullrom"
						}
					}
				},
				"leg1": {
					"rotation": {
						"0.0": [0, 0, 0],
						"0.0833": [-5, 0, 0],
						"0.75": [0, 0, 0],
						"0.9583": {
							"pre": [-17.5, 0, 0],
							"post": [-17.5, 0, 0],
							"lerp_mode": "catmullrom"
						},
						"1.2917": {
							"post": [-105, 0, 0],
							"lerp_mode": "catmullrom"
						},
						"1.5833": {
							"post": [-67.5, 0, 0],
							"lerp_mode": "catmullrom"
						},
						"1.75": {
							"post": [-55, 0, 0],
							"lerp_mode": "catmullrom"
						},
						"2.0": {
							"post": [-50, 0, 0],
							"lerp_mode": "catmullrom"
						}
					},
					"position": {
						"0.0": [0, 0, 0],
						"0.75": [0, 0, 0],
						"1.0": {
							"pre": [-1, 1, -1],
							"post": [-1, 1, -1],
							"lerp_mode": "catmullrom"
						},
						"1.3333": {
							"post": [-1, 12, -1],
							"lerp_mode": "catmullrom"
						},
						"1.625": {
							"post": [-1, 6, 0],
							"lerp_mode": "catmullrom"
						},
						"1.7917": {
							"post": [-1, 4, 0],
							"lerp_mode": "catmullrom"
						},
						"2.0": {
							"post": [-1, 3, 0],
							"lerp_mode": "catmullrom"
						}
					}
				},
				"pupiled1": {
					"position": {
						"0.0": [0, 0, 1],
						"0.0417": {
							"pre": [0, 0, 1],
							"post": [0, 0, 0]
						},
						"1.2083": {
							"pre": [0, 0, 0],
							"post": [0, 0, 1]
						}
					}
				},
				"pupiled2": {
					"position": {
						"0.0": [0, 0, 1],
						"0.0417": {
							"pre": [0, 0, 1],
							"post": [0, 0, 0]
						},
						"1.2083": {
							"pre": [0, 0, 0],
							"post": [0, 0, 1]
						}
					}
				}
			}
		},
		"animation.aromatisse.status": {
			"animation_length": 2.25,
			"bones": {
				"leg2": {
					"rotation": {
						"0.0": {
							"post": [0, 0, -7.5],
							"lerp_mode": "catmullrom"
						},
						"0.2083": {
							"post": [1.6575, 12.39135, 0.17995],
							"lerp_mode": "catmullrom"
						},
						"0.4167": {
							"post": [1.64437, -10.09954, -0.46426],
							"lerp_mode": "catmullrom"
						},
						"0.5": {
							"post": [-10.16516, -33.83244, -1.33517],
							"lerp_mode": "catmullrom"
						},
						"0.5833": {
							"post": [-17.32992, -44.82194, 1.11528],
							"lerp_mode": "catmullrom"
						},
						"0.7083": {
							"post": [1.69837, -17.59636, -0.6894],
							"lerp_mode": "catmullrom"
						},
						"0.8333": {
							"post": [-5.46381, -10.84535, -1.70776],
							"lerp_mode": "catmullrom"
						},
						"0.9583": {
							"post": [-10, -7.5, -2.5],
							"lerp_mode": "catmullrom"
						},
						"1.75": {
							"post": [-10, -7.5, -2.5],
							"lerp_mode": "catmullrom"
						},
						"2.0": {
							"post": [0, 0, -7.5],
							"lerp_mode": "catmullrom"
						},
						"2.25": {
							"post": [0, 0, -7.5],
							"lerp_mode": "catmullrom"
						}
					},
					"position": {
						"0.4167": {
							"pre": [2, 0, -5],
							"post": [2, 0, -5],
							"lerp_mode": "catmullrom"
						},
						"0.5": {
							"post": [5.18, 1.85, -5.75],
							"lerp_mode": "catmullrom"
						},
						"0.5833": {
							"post": [3.79, 1.19, -6.9],
							"lerp_mode": "catmullrom"
						},
						"0.7083": {
							"post": [1, 0, -6],
							"lerp_mode": "catmullrom"
						},
						"0.8333": {
							"post": [1.33, -0.07, -4.94],
							"lerp_mode": "catmullrom"
						},
						"0.9583": {
							"post": [2, 2, -6],
							"lerp_mode": "catmullrom"
						},
						"1.75": {
							"post": [2, 2, -6],
							"lerp_mode": "catmullrom"
						},
						"2.0": {
							"post": [2, 0, -5],
							"lerp_mode": "catmullrom"
						},
						"2.25": {
							"post": [2, 0, -5],
							"lerp_mode": "catmullrom"
						}
					}
				},
				"torso": {
					"rotation": {
						"0.0": {
							"post": [0, 0, 0],
							"lerp_mode": "catmullrom"
						},
						"0.2083": {
							"post": [15, 0, 0],
							"lerp_mode": "catmullrom"
						},
						"0.4167": {
							"post": [0, 0, 0],
							"lerp_mode": "catmullrom"
						},
						"0.5": {
							"post": [14.4946, -23.44946, 0.13224],
							"lerp_mode": "catmullrom"
						},
						"0.5833": {
							"post": [7.5, -15, 0],
							"lerp_mode": "catmullrom"
						},
						"0.7083": [12.5, 0.2, 0],
						"0.8333": [6.74117, 0.58469, -0.58895],
						"0.9583": {
							"pre": ["0-math.sin(q.anim_time*90*45)*0.65", "0+Math.cos((query.anim_time)*90*24-360)*8", "0-Math.sin(q.anim_time*90*24-180)*2"],
							"post": ["0-math.sin(q.anim_time*90*45)*0.65", "0+Math.cos((query.anim_time)*90*24-360)*8", "0-Math.sin(q.anim_time*90*24-180)*2"],
							"lerp_mode": "catmullrom"
						},
						"1.75": {
							"post": ["0-math.sin(q.anim_time*90*45)*0.65", "0+Math.cos((query.anim_time)*90*24-360)*8", "0-Math.sin(q.anim_time*90*24-180)*2"],
							"lerp_mode": "catmullrom"
						},
						"2.0": {
							"post": [0, 0, 0],
							"lerp_mode": "catmullrom"
						},
						"2.25": {
							"post": [0, 0, 0],
							"lerp_mode": "catmullrom"
						}
					},
					"position": {
						"0.0": {
							"post": [0, -1, 0],
							"lerp_mode": "catmullrom"
						},
						"0.2083": {
							"post": [0, -1, 3],
							"lerp_mode": "catmullrom"
						},
						"0.4167": {
							"post": [0, -1, 0],
							"lerp_mode": "catmullrom"
						},
						"0.5": {
							"post": [0, -1.01, 2.23],
							"lerp_mode": "catmullrom"
						},
						"0.7083": {
							"post": [0, -1, 1.94],
							"lerp_mode": "catmullrom"
						},
						"0.8333": {
							"post": [0, -0.61, 2.78],
							"lerp_mode": "catmullrom"
						},
						"0.9583": {
							"post": [0, "-1-math.siN(q.anim_time*90*64)*0.1", 0],
							"lerp_mode": "catmullrom"
						},
						"1.75": {
							"post": [0, "-1-math.siN(q.anim_time*90*64)*0.1", 0],
							"lerp_mode": "catmullrom"
						},
						"2.0": {
							"post": [0, -1, 0],
							"lerp_mode": "catmullrom"
						},
						"2.25": {
							"post": [0, -1, 0],
							"lerp_mode": "catmullrom"
						}
					}
				},
				"hand1": {
					"rotation": {
						"0.0": {
							"post": [0, 20, 27.5],
							"lerp_mode": "catmullrom"
						},
						"0.2083": {
							"post": [-8.43302, 36.62193, 6.93742],
							"lerp_mode": "catmullrom"
						},
						"0.4167": {
							"post": [-6.47068, 16.57144, 1.24023],
							"lerp_mode": "catmullrom"
						},
						"0.5": {
							"post": [-2.44488, 2.37202, 12.28689],
							"lerp_mode": "catmullrom"
						},
						"0.5833": {
							"post": [-1.55957, -2.91786, 10.3645],
							"lerp_mode": "catmullrom"
						},
						"0.7083": {
							"post": [-0.19925, 17.53872, 19.48411],
							"lerp_mode": "catmullrom"
						},
						"0.9583": {
							"post": [-14.43276, 13.99545, -19.28082],
							"lerp_mode": "catmullrom"
						},
						"1.75": {
							"post": [-14.43276, 13.99545, -19.28082],
							"lerp_mode": "catmullrom"
						},
						"2.0": {
							"post": [0, 20, 27.5],
							"lerp_mode": "catmullrom"
						},
						"2.25": {
							"post": [0, 20, 27.5],
							"lerp_mode": "catmullrom"
						}
					},
					"position": {
						"0.0": {
							"post": [0, 0, 1],
							"lerp_mode": "catmullrom"
						},
						"2.0": {
							"post": [0, 0, 1],
							"lerp_mode": "catmullrom"
						},
						"2.25": {
							"post": [0, 0, 1],
							"lerp_mode": "catmullrom"
						}
					}
				},
				"hand_part1": {
					"rotation": {
						"0.0": {
							"post": [0, 0, 72.5],
							"lerp_mode": "catmullrom"
						},
						"0.2083": {
							"post": [16.33332, 39.94124, 75.5343],
							"lerp_mode": "catmullrom"
						},
						"0.4167": {
							"post": [-18.54852, 10.00367, 18.75954],
							"lerp_mode": "catmullrom"
						},
						"0.5": {
							"post": [-18.11302, 10.79005, 21.17228],
							"lerp_mode": "catmullrom"
						},
						"0.5833": {
							"post": [-17.01856, -8.0265, 14.42919],
							"lerp_mode": "catmullrom"
						},
						"0.7083": {
							"post": [-20.63855, 16.08278, 5.68495],
							"lerp_mode": "catmullrom"
						},
						"0.9583": {
							"post": [-1.80214, 16.795, -20.64947],
							"lerp_mode": "catmullrom"
						},
						"1.75": {
							"post": [-1.80214, 16.795, -20.64947],
							"lerp_mode": "catmullrom"
						},
						"2.0": {
							"post": [0, 0, 72.5],
							"lerp_mode": "catmullrom"
						},
						"2.25": {
							"post": [0, 0, 72.5],
							"lerp_mode": "catmullrom"
						}
					},
					"position": {
						"0.0": {
							"post": [1, 1, 0],
							"lerp_mode": "catmullrom"
						},
						"0.9583": {
							"post": [0, 0, 0],
							"lerp_mode": "catmullrom"
						},
						"1.75": {
							"post": [0, 0, 0],
							"lerp_mode": "catmullrom"
						},
						"2.0": {
							"post": [1, 1, 0],
							"lerp_mode": "catmullrom"
						},
						"2.25": {
							"post": [1, 1, 0],
							"lerp_mode": "catmullrom"
						}
					}
				},
				"hand_mini1": {
					"rotation": {
						"0.0": [0, 0, -17.5],
						"0.2083": {
							"pre": [0, 0, -25],
							"post": [0, 0, -25],
							"lerp_mode": "catmullrom"
						},
						"2.0": [0, 0, -17.5],
						"2.25": [0, 0, -17.5]
					},
					"position": {
						"0.0": [6, -1, 0],
						"0.2083": {
							"pre": [11, -1, 0],
							"post": [11, -1, 0],
							"lerp_mode": "catmullrom"
						},
						"2.0": [6, -1, 0],
						"2.25": [6, -1, 0]
					}
				},
				"hand2": {
					"rotation": {
						"0.0": {
							"post": [0, 10, -22.5],
							"lerp_mode": "catmullrom"
						},
						"0.2083": {
							"post": [-8.43302, -36.62193, -6.93742],
							"lerp_mode": "catmullrom"
						},
						"0.4167": {
							"post": [-6.47068, -16.57144, -1.24023],
							"lerp_mode": "catmullrom"
						},
						"0.5": {
							"post": [-2.64138, -22.35275, -11.38299],
							"lerp_mode": "catmullrom"
						},
						"0.5833": {
							"post": [-0.94637, -41.12685, -16.67302],
							"lerp_mode": "catmullrom"
						},
						"0.7083": {
							"post": [-0.19925, -17.53872, -19.48411],
							"lerp_mode": "catmullrom"
						},
						"0.9583": {
							"post": [-14.43276, -13.99545, 19.28082],
							"lerp_mode": "catmullrom"
						},
						"1.75": {
							"post": [-14.43276, -13.99545, 19.28082],
							"lerp_mode": "catmullrom"
						},
						"2.0": {
							"post": [0, 10, -22.5],
							"lerp_mode": "catmullrom"
						},
						"2.25": {
							"post": [0, 10, -22.5],
							"lerp_mode": "catmullrom"
						}
					}
				},
				"hand_part2": {
					"rotation": {
						"0.0": {
							"post": [0, 0, -70],
							"lerp_mode": "catmullrom"
						},
						"0.2083": {
							"post": [16.33332, -39.94124, -75.5343],
							"lerp_mode": "catmullrom"
						},
						"0.4167": {
							"post": [-18.54852, -10.00367, -18.75954],
							"lerp_mode": "catmullrom"
						},
						"0.5": {
							"post": [-3.96139, -1.47672, -17.07924],
							"lerp_mode": "catmullrom"
						},
						"0.5833": {
							"post": [-10.22443, -14.50021, 8.62361],
							"lerp_mode": "catmullrom"
						},
						"0.7083": {
							"post": [-20.63855, -16.08278, -5.68495],
							"lerp_mode": "catmullrom"
						},
						"0.9583": {
							"post": [-1.80214, -16.795, 20.64947],
							"lerp_mode": "catmullrom"
						},
						"1.75": {
							"post": [-1.80214, -16.795, 20.64947],
							"lerp_mode": "catmullrom"
						},
						"2.0": {
							"post": [0, 0, -70],
							"lerp_mode": "catmullrom"
						},
						"2.25": {
							"post": [0, 0, -70],
							"lerp_mode": "catmullrom"
						}
					},
					"position": {
						"0.0": {
							"post": [-1, 0, 0],
							"lerp_mode": "catmullrom"
						},
						"0.9583": {
							"post": [0, 0, 0],
							"lerp_mode": "catmullrom"
						},
						"1.75": {
							"post": [0, 0, 0],
							"lerp_mode": "catmullrom"
						},
						"2.0": {
							"post": [-1, 0, 0],
							"lerp_mode": "catmullrom"
						},
						"2.25": {
							"post": [-1, 0, 0],
							"lerp_mode": "catmullrom"
						}
					}
				},
				"hand_mini2": {
					"rotation": {
						"0.0": {
							"post": [0, 0, 25],
							"lerp_mode": "catmullrom"
						},
						"2.0": {
							"post": [0, 0, 25],
							"lerp_mode": "catmullrom"
						},
						"2.25": {
							"post": [0, 0, 25],
							"lerp_mode": "catmullrom"
						}
					},
					"position": {
						"0.0": {
							"post": [-11, -1, 0],
							"lerp_mode": "catmullrom"
						},
						"2.0": {
							"post": [-11, -1, 0],
							"lerp_mode": "catmullrom"
						},
						"2.25": {
							"post": [-11, -1, 0],
							"lerp_mode": "catmullrom"
						}
					}
				},
				"head": {
					"rotation": {
						"0.0": {
							"post": [0, -12.5, 0],
							"lerp_mode": "catmullrom"
						},
						"0.2083": {
							"post": [20, 0, 0],
							"lerp_mode": "catmullrom"
						},
						"0.4167": {
							"post": [-7.5, 0, 0],
							"lerp_mode": "catmullrom"
						},
						"0.5": {
							"post": [5.07673, -9.96156, -0.88045],
							"lerp_mode": "catmullrom"
						},
						"0.5833": {
							"post": [0.91831, -1.9068, -0.39474],
							"lerp_mode": "catmullrom"
						},
						"0.6667": {
							"post": [-6.09493, -7.68295, 0.9072],
							"lerp_mode": "catmullrom"
						},
						"0.75": {
							"post": [-10, 0, 0],
							"lerp_mode": "catmullrom"
						},
						"0.9583": {
							"post": ["-22.2982519667-math.sin(q.anim_time*90*64)*0.5", "-0.56441+Math.cos(q.anim_time*90*24-180)*12", -2.86327],
							"lerp_mode": "catmullrom"
						},
						"1.75": {
							"post": ["-22.2982519667-math.sin(q.anim_time*90*64)*0.5", "-0.56441+Math.cos(q.anim_time*90*24-180)*12", -2.86327],
							"lerp_mode": "catmullrom"
						},
						"2.0": {
							"post": [0, -12.5, 0],
							"lerp_mode": "catmullrom"
						},
						"2.25": {
							"post": [0, -12.5, 0],
							"lerp_mode": "catmullrom"
						}
					},
					"position": {
						"0.0": {
							"post": [0, 0, -1],
							"lerp_mode": "catmullrom"
						},
						"2.0": {
							"post": [0, 0, -1],
							"lerp_mode": "catmullrom"
						},
						"2.25": {
							"post": [0, 0, -1],
							"lerp_mode": "catmullrom"
						}
					}
				},
				"ceja1": {
					"rotation": [0, 0, -17.5],
					"position": [0, 0, -1]
				},
				"ceja2": {
					"rotation": [0, 0, 17.5],
					"position": [0, 0, -1]
				},
				"body": {
					"rotation": {
						"0.4167": {
							"pre": [0, 0, 0],
							"post": [0, 0, 0],
							"lerp_mode": "catmullrom"
						},
						"0.7083": [0, -360, 0],
						"0.9583": {
							"pre": [0, -360, 0],
							"post": [0, -360, 0],
							"lerp_mode": "catmullrom"
						},
						"1.75": {
							"post": [0, -360, 0],
							"lerp_mode": "catmullrom"
						},
						"2.1667": {
							"post": [0, -360, 0],
							"lerp_mode": "catmullrom"
						},
						"2.2083": [0, -360, 0],
						"2.25": {
							"pre": [0, -360, 0],
							"post": [0, 0, 0]
						}
					}
				},
				"leg1": {
					"rotation": {
						"0.0": {
							"post": [0, 0, 0],
							"lerp_mode": "catmullrom"
						},
						"0.2083": {
							"post": [1.6575, -12.39135, -0.17995],
							"lerp_mode": "catmullrom"
						},
						"0.5": {
							"post": [2.13225, -33.30942, -0.97342],
							"lerp_mode": "catmullrom"
						},
						"0.5833": {
							"post": [1.87136, -8.08413, -0.08313],
							"lerp_mode": "catmullrom"
						},
						"0.9583": {
							"post": [1.67677, 15.09745, 0.61267],
							"lerp_mode": "catmullrom"
						},
						"1.75": {
							"post": [1.67677, 15.09745, 0.61267],
							"lerp_mode": "catmullrom"
						},
						"2.0": {
							"post": [0, 0, 0],
							"lerp_mode": "catmullrom"
						},
						"2.25": {
							"post": [0, 0, 0],
							"lerp_mode": "catmullrom"
						}
					}
				},
				"leg_part2": {
					"rotation": {
						"0.0": [0, 0, 0],
						"0.5833": [15, 0, 0],
						"2.0": [0, 0, 0],
						"2.25": [0, 0, 0]
					},
					"position": {
						"0.0": [0, 0, 0],
						"0.5833": [0, 0, 1],
						"2.0": [0, 0, 0],
						"2.25": [0, 0, 0]
					}
				},
				"pupiled1": {
					"position": {
						"0.0": [0, 0, 0],
						"0.1667": {
							"pre": [0, 0, 0],
							"post": [0, 0, 1]
						},
						"0.25": {
							"pre": [0, 0, 1],
							"post": [0, 0, 0]
						},
						"0.4583": {
							"pre": [0, 0, 0],
							"post": [0, 0, 1]
						},
						"0.7083": {
							"pre": [0, 0, 1],
							"post": [0, 0, 0]
						}
					}
				},
				"pupiled2": {
					"position": {
						"0.0": [0, 0, 0],
						"0.1667": {
							"pre": [0, 0, 0],
							"post": [0, 0, 1]
						},
						"0.25": {
							"pre": [0, 0, 1],
							"post": [0, 0, 0]
						},
						"0.4583": {
							"pre": [0, 0, 0],
							"post": [0, 0, 1]
						},
						"0.7083": {
							"pre": [0, 0, 1],
							"post": [0, 0, 0]
						}
					}
				}
			}
		},
		"animation.aromatisse.special": {
			"animation_length": 2.25,
			"bones": {
				"leg2": {
					"rotation": {
						"0.0": {
							"post": [0, 0, -7.5],
							"lerp_mode": "catmullrom"
						},
						"0.2083": {
							"post": [1.6575, 12.39135, 0.17995],
							"lerp_mode": "catmullrom"
						},
						"0.4167": {
							"post": [1.64437, -10.09954, -0.46426],
							"lerp_mode": "catmullrom"
						},
						"0.5": {
							"post": [-10.16516, -33.83244, -1.33517],
							"lerp_mode": "catmullrom"
						},
						"0.5833": {
							"post": [-17.32992, -44.82194, 1.11528],
							"lerp_mode": "catmullrom"
						},
						"0.7083": {
							"post": [1.69837, -17.59636, -0.6894],
							"lerp_mode": "catmullrom"
						},
						"0.8333": {
							"post": [-5.46381, -10.84535, -1.70776],
							"lerp_mode": "catmullrom"
						},
						"0.9583": {
							"post": [-10, -7.5, -2.5],
							"lerp_mode": "catmullrom"
						},
						"1.75": {
							"post": [-10, -7.5, -2.5],
							"lerp_mode": "catmullrom"
						},
						"2.0": {
							"post": [0, 0, -7.5],
							"lerp_mode": "catmullrom"
						},
						"2.25": {
							"post": [0, 0, -7.5],
							"lerp_mode": "catmullrom"
						}
					},
					"position": {
						"0.4167": {
							"pre": [2, 0, -5],
							"post": [2, 0, -5],
							"lerp_mode": "catmullrom"
						},
						"0.5": {
							"post": [5.18, 1.85, -5.75],
							"lerp_mode": "catmullrom"
						},
						"0.5833": {
							"post": [3.79, 1.19, -6.9],
							"lerp_mode": "catmullrom"
						},
						"0.7083": {
							"post": [1, 0, -6],
							"lerp_mode": "catmullrom"
						},
						"0.8333": {
							"post": [1.33, -0.07, -4.94],
							"lerp_mode": "catmullrom"
						},
						"0.9583": {
							"post": [2, 2, -6],
							"lerp_mode": "catmullrom"
						},
						"1.75": {
							"post": [2, 2, -6],
							"lerp_mode": "catmullrom"
						},
						"2.0": {
							"post": [2, 0, -5],
							"lerp_mode": "catmullrom"
						},
						"2.25": {
							"post": [2, 0, -5],
							"lerp_mode": "catmullrom"
						}
					}
				},
				"torso": {
					"rotation": {
						"0.0": {
							"post": [0, 0, 0],
							"lerp_mode": "catmullrom"
						},
						"0.2083": {
							"post": [15, 0, 0],
							"lerp_mode": "catmullrom"
						},
						"0.4167": {
							"post": [0, 0, 0],
							"lerp_mode": "catmullrom"
						},
						"0.5": {
							"post": [14.4946, -23.44946, 0.13224],
							"lerp_mode": "catmullrom"
						},
						"0.5833": {
							"post": [7.5, -15, 0],
							"lerp_mode": "catmullrom"
						},
						"0.7083": [12.5, 0.2, 0],
						"0.8333": [6.74117, 0.58469, -0.58895],
						"0.9583": {
							"pre": ["0-math.sin(q.anim_time*90*45)*0.65", "0+Math.cos((query.anim_time)*90*24-360)*8", "0-Math.sin(q.anim_time*90*24-180)*2"],
							"post": ["0-math.sin(q.anim_time*90*45)*0.65", "0+Math.cos((query.anim_time)*90*24-360)*8", "0-Math.sin(q.anim_time*90*24-180)*2"],
							"lerp_mode": "catmullrom"
						},
						"1.75": {
							"post": ["0-math.sin(q.anim_time*90*45)*0.65", "0+Math.cos((query.anim_time)*90*24-360)*8", "0-Math.sin(q.anim_time*90*24-180)*2"],
							"lerp_mode": "catmullrom"
						},
						"2.0": {
							"post": [0, 0, 0],
							"lerp_mode": "catmullrom"
						},
						"2.25": {
							"post": [0, 0, 0],
							"lerp_mode": "catmullrom"
						}
					},
					"position": {
						"0.0": {
							"post": [0, -1, 0],
							"lerp_mode": "catmullrom"
						},
						"0.2083": {
							"post": [0, -1, 3],
							"lerp_mode": "catmullrom"
						},
						"0.4167": {
							"post": [0, -1, 0],
							"lerp_mode": "catmullrom"
						},
						"0.5": {
							"post": [0, -1.01, 2.23],
							"lerp_mode": "catmullrom"
						},
						"0.7083": {
							"post": [0, -1, 1.94],
							"lerp_mode": "catmullrom"
						},
						"0.8333": {
							"post": [0, -0.61, 2.78],
							"lerp_mode": "catmullrom"
						},
						"0.9583": {
							"post": [0, "-1-math.siN(q.anim_time*90*64)*0.1", 0],
							"lerp_mode": "catmullrom"
						},
						"1.75": {
							"post": [0, "-1-math.siN(q.anim_time*90*64)*0.1", 0],
							"lerp_mode": "catmullrom"
						},
						"2.0": {
							"post": [0, -1, 0],
							"lerp_mode": "catmullrom"
						},
						"2.25": {
							"post": [0, -1, 0],
							"lerp_mode": "catmullrom"
						}
					}
				},
				"hand1": {
					"rotation": {
						"0.0": {
							"post": [0, 20, 27.5],
							"lerp_mode": "catmullrom"
						},
						"0.2083": {
							"post": [-8.43302, 36.62193, 6.93742],
							"lerp_mode": "catmullrom"
						},
						"0.4167": {
							"post": [-6.47068, 16.57144, 1.24023],
							"lerp_mode": "catmullrom"
						},
						"0.5": {
							"post": [-2.44488, 2.37202, 12.28689],
							"lerp_mode": "catmullrom"
						},
						"0.5833": {
							"post": [-1.55957, -2.91786, 10.3645],
							"lerp_mode": "catmullrom"
						},
						"0.7083": {
							"post": [-0.19925, 17.53872, 19.48411],
							"lerp_mode": "catmullrom"
						},
						"0.9583": {
							"post": [-14.43276, 13.99545, -19.28082],
							"lerp_mode": "catmullrom"
						},
						"1.75": {
							"post": [-14.43276, 13.99545, -19.28082],
							"lerp_mode": "catmullrom"
						},
						"2.0": {
							"post": [0, 20, 27.5],
							"lerp_mode": "catmullrom"
						},
						"2.25": {
							"post": [0, 20, 27.5],
							"lerp_mode": "catmullrom"
						}
					},
					"position": {
						"0.0": {
							"post": [0, 0, 1],
							"lerp_mode": "catmullrom"
						},
						"2.0": {
							"post": [0, 0, 1],
							"lerp_mode": "catmullrom"
						},
						"2.25": {
							"post": [0, 0, 1],
							"lerp_mode": "catmullrom"
						}
					}
				},
				"hand_part1": {
					"rotation": {
						"0.0": {
							"post": [0, 0, 72.5],
							"lerp_mode": "catmullrom"
						},
						"0.2083": {
							"post": [16.33332, 39.94124, 75.5343],
							"lerp_mode": "catmullrom"
						},
						"0.4167": {
							"post": [-18.54852, 10.00367, 18.75954],
							"lerp_mode": "catmullrom"
						},
						"0.5": {
							"post": [-18.11302, 10.79005, 21.17228],
							"lerp_mode": "catmullrom"
						},
						"0.5833": {
							"post": [-17.01856, -8.0265, 14.42919],
							"lerp_mode": "catmullrom"
						},
						"0.7083": {
							"post": [-20.63855, 16.08278, 5.68495],
							"lerp_mode": "catmullrom"
						},
						"0.9583": {
							"post": [-1.80214, 16.795, -20.64947],
							"lerp_mode": "catmullrom"
						},
						"1.75": {
							"post": [-1.80214, 16.795, -20.64947],
							"lerp_mode": "catmullrom"
						},
						"2.0": {
							"post": [0, 0, 72.5],
							"lerp_mode": "catmullrom"
						},
						"2.25": {
							"post": [0, 0, 72.5],
							"lerp_mode": "catmullrom"
						}
					},
					"position": {
						"0.0": {
							"post": [1, 1, 0],
							"lerp_mode": "catmullrom"
						},
						"0.9583": {
							"post": [0, 0, 0],
							"lerp_mode": "catmullrom"
						},
						"1.75": {
							"post": [0, 0, 0],
							"lerp_mode": "catmullrom"
						},
						"2.0": {
							"post": [1, 1, 0],
							"lerp_mode": "catmullrom"
						},
						"2.25": {
							"post": [1, 1, 0],
							"lerp_mode": "catmullrom"
						}
					}
				},
				"hand_mini1": {
					"rotation": {
						"0.0": [0, 0, -17.5],
						"0.2083": {
							"pre": [0, 0, -25],
							"post": [0, 0, -25],
							"lerp_mode": "catmullrom"
						},
						"2.0": [0, 0, -17.5],
						"2.25": [0, 0, -17.5]
					},
					"position": {
						"0.0": [6, -1, 0],
						"0.2083": {
							"pre": [11, -1, 0],
							"post": [11, -1, 0],
							"lerp_mode": "catmullrom"
						},
						"2.0": [6, -1, 0],
						"2.25": [6, -1, 0]
					}
				},
				"hand2": {
					"rotation": {
						"0.0": {
							"post": [0, 10, -22.5],
							"lerp_mode": "catmullrom"
						},
						"0.2083": {
							"post": [-8.43302, -36.62193, -6.93742],
							"lerp_mode": "catmullrom"
						},
						"0.4167": {
							"post": [-6.47068, -16.57144, -1.24023],
							"lerp_mode": "catmullrom"
						},
						"0.5": {
							"post": [-2.64138, -22.35275, -11.38299],
							"lerp_mode": "catmullrom"
						},
						"0.5833": {
							"post": [-0.94637, -41.12685, -16.67302],
							"lerp_mode": "catmullrom"
						},
						"0.7083": {
							"post": [-0.19925, -17.53872, -19.48411],
							"lerp_mode": "catmullrom"
						},
						"0.9583": {
							"post": [-14.43276, -13.99545, 19.28082],
							"lerp_mode": "catmullrom"
						},
						"1.75": {
							"post": [-14.43276, -13.99545, 19.28082],
							"lerp_mode": "catmullrom"
						},
						"2.0": {
							"post": [0, 10, -22.5],
							"lerp_mode": "catmullrom"
						},
						"2.25": {
							"post": [0, 10, -22.5],
							"lerp_mode": "catmullrom"
						}
					}
				},
				"hand_part2": {
					"rotation": {
						"0.0": {
							"post": [0, 0, -70],
							"lerp_mode": "catmullrom"
						},
						"0.2083": {
							"post": [16.33332, -39.94124, -75.5343],
							"lerp_mode": "catmullrom"
						},
						"0.4167": {
							"post": [-18.54852, -10.00367, -18.75954],
							"lerp_mode": "catmullrom"
						},
						"0.5": {
							"post": [-3.96139, -1.47672, -17.07924],
							"lerp_mode": "catmullrom"
						},
						"0.5833": {
							"post": [-10.22443, -14.50021, 8.62361],
							"lerp_mode": "catmullrom"
						},
						"0.7083": {
							"post": [-20.63855, -16.08278, -5.68495],
							"lerp_mode": "catmullrom"
						},
						"0.9583": {
							"post": [-1.80214, -16.795, 20.64947],
							"lerp_mode": "catmullrom"
						},
						"1.75": {
							"post": [-1.80214, -16.795, 20.64947],
							"lerp_mode": "catmullrom"
						},
						"2.0": {
							"post": [0, 0, -70],
							"lerp_mode": "catmullrom"
						},
						"2.25": {
							"post": [0, 0, -70],
							"lerp_mode": "catmullrom"
						}
					},
					"position": {
						"0.0": {
							"post": [-1, 0, 0],
							"lerp_mode": "catmullrom"
						},
						"0.9583": {
							"post": [0, 0, 0],
							"lerp_mode": "catmullrom"
						},
						"1.75": {
							"post": [0, 0, 0],
							"lerp_mode": "catmullrom"
						},
						"2.0": {
							"post": [-1, 0, 0],
							"lerp_mode": "catmullrom"
						},
						"2.25": {
							"post": [-1, 0, 0],
							"lerp_mode": "catmullrom"
						}
					}
				},
				"hand_mini2": {
					"rotation": {
						"0.0": {
							"post": [0, 0, 25],
							"lerp_mode": "catmullrom"
						},
						"2.0": {
							"post": [0, 0, 25],
							"lerp_mode": "catmullrom"
						},
						"2.25": {
							"post": [0, 0, 25],
							"lerp_mode": "catmullrom"
						}
					},
					"position": {
						"0.0": {
							"post": [-11, -1, 0],
							"lerp_mode": "catmullrom"
						},
						"2.0": {
							"post": [-11, -1, 0],
							"lerp_mode": "catmullrom"
						},
						"2.25": {
							"post": [-11, -1, 0],
							"lerp_mode": "catmullrom"
						}
					}
				},
				"head": {
					"rotation": {
						"0.0": {
							"post": [0, -12.5, 0],
							"lerp_mode": "catmullrom"
						},
						"0.2083": {
							"post": [20, 0, 0],
							"lerp_mode": "catmullrom"
						},
						"0.4167": {
							"post": [-7.5, 0, 0],
							"lerp_mode": "catmullrom"
						},
						"0.5": {
							"post": [5.07673, -9.96156, -0.88045],
							"lerp_mode": "catmullrom"
						},
						"0.5833": {
							"post": [0.91831, -1.9068, -0.39474],
							"lerp_mode": "catmullrom"
						},
						"0.6667": {
							"post": [-6.09493, -7.68295, 0.9072],
							"lerp_mode": "catmullrom"
						},
						"0.75": {
							"post": [-10, 0, 0],
							"lerp_mode": "catmullrom"
						},
						"0.9583": {
							"post": ["-22.2982519667-math.sin(q.anim_time*90*64)*0.5", "-0.56441+Math.cos(q.anim_time*90*24-180)*12", -2.86327],
							"lerp_mode": "catmullrom"
						},
						"1.75": {
							"post": ["-22.2982519667-math.sin(q.anim_time*90*64)*0.5", "-0.56441+Math.cos(q.anim_time*90*24-180)*12", -2.86327],
							"lerp_mode": "catmullrom"
						},
						"2.0": {
							"post": [0, -12.5, 0],
							"lerp_mode": "catmullrom"
						},
						"2.25": {
							"post": [0, -12.5, 0],
							"lerp_mode": "catmullrom"
						}
					},
					"position": {
						"0.0": {
							"post": [0, 0, -1],
							"lerp_mode": "catmullrom"
						},
						"2.0": {
							"post": [0, 0, -1],
							"lerp_mode": "catmullrom"
						},
						"2.25": {
							"post": [0, 0, -1],
							"lerp_mode": "catmullrom"
						}
					}
				},
				"ceja1": {
					"rotation": [0, 0, -17.5],
					"position": [0, 0, -1]
				},
				"ceja2": {
					"rotation": [0, 0, 17.5],
					"position": [0, 0, -1]
				},
				"body": {
					"rotation": {
						"0.4167": {
							"pre": [0, 0, 0],
							"post": [0, 0, 0],
							"lerp_mode": "catmullrom"
						},
						"0.7083": [0, -360, 0],
						"0.9583": {
							"pre": [0, -360, 0],
							"post": [0, -360, 0],
							"lerp_mode": "catmullrom"
						},
						"1.75": {
							"post": [0, -360, 0],
							"lerp_mode": "catmullrom"
						},
						"2.1667": {
							"post": [0, -360, 0],
							"lerp_mode": "catmullrom"
						},
						"2.2083": [0, -360, 0],
						"2.25": {
							"pre": [0, -360, 0],
							"post": [0, 0, 0]
						}
					}
				},
				"leg1": {
					"rotation": {
						"0.0": {
							"post": [0, 0, 0],
							"lerp_mode": "catmullrom"
						},
						"0.2083": {
							"post": [1.6575, -12.39135, -0.17995],
							"lerp_mode": "catmullrom"
						},
						"0.5": {
							"post": [2.13225, -33.30942, -0.97342],
							"lerp_mode": "catmullrom"
						},
						"0.5833": {
							"post": [1.87136, -8.08413, -0.08313],
							"lerp_mode": "catmullrom"
						},
						"0.9583": {
							"post": [1.67677, 15.09745, 0.61267],
							"lerp_mode": "catmullrom"
						},
						"1.75": {
							"post": [1.67677, 15.09745, 0.61267],
							"lerp_mode": "catmullrom"
						},
						"2.0": {
							"post": [0, 0, 0],
							"lerp_mode": "catmullrom"
						},
						"2.25": {
							"post": [0, 0, 0],
							"lerp_mode": "catmullrom"
						}
					}
				},
				"leg_part2": {
					"rotation": {
						"0.0": [0, 0, 0],
						"0.5833": [15, 0, 0],
						"2.0": [0, 0, 0],
						"2.25": [0, 0, 0]
					},
					"position": {
						"0.0": [0, 0, 0],
						"0.5833": [0, 0, 1],
						"2.0": [0, 0, 0],
						"2.25": [0, 0, 0]
					}
				},
				"pupiled1": {
					"position": {
						"0.0": [0, 0, 0],
						"0.1667": {
							"pre": [0, 0, 0],
							"post": [0, 0, 1]
						},
						"0.25": {
							"pre": [0, 0, 1],
							"post": [0, 0, 0]
						},
						"0.4583": {
							"pre": [0, 0, 0],
							"post": [0, 0, 1]
						},
						"0.7083": {
							"pre": [0, 0, 1],
							"post": [0, 0, 0]
						}
					}
				},
				"pupiled2": {
					"position": {
						"0.0": [0, 0, 0],
						"0.1667": {
							"pre": [0, 0, 0],
							"post": [0, 0, 1]
						},
						"0.25": {
							"pre": [0, 0, 1],
							"post": [0, 0, 0]
						},
						"0.4583": {
							"pre": [0, 0, 0],
							"post": [0, 0, 1]
						},
						"0.7083": {
							"pre": [0, 0, 1],
							"post": [0, 0, 0]
						}
					}
				}
			}
		},
		"animation.aromatisse.battle_cry": {
			"animation_length": 2.25,
			"bones": {
				"leg2": {
					"rotation": {
						"0.0": {
							"post": [0, 0, -7.5],
							"lerp_mode": "catmullrom"
						},
						"0.2083": {
							"post": [1.6575, 12.39135, 0.17995],
							"lerp_mode": "catmullrom"
						},
						"0.4167": {
							"post": [1.64437, -10.09954, -0.46426],
							"lerp_mode": "catmullrom"
						},
						"0.5": {
							"post": [-10.16516, -33.83244, -1.33517],
							"lerp_mode": "catmullrom"
						},
						"0.5833": {
							"post": [-17.32992, -44.82194, 1.11528],
							"lerp_mode": "catmullrom"
						},
						"0.7083": {
							"post": [1.69837, -17.59636, -0.6894],
							"lerp_mode": "catmullrom"
						},
						"0.9583": {
							"post": [-10, -7.5, -2.5],
							"lerp_mode": "catmullrom"
						},
						"1.75": {
							"post": [-10, -7.5, -2.5],
							"lerp_mode": "catmullrom"
						},
						"2.0": {
							"post": [0, 0, -7.5],
							"lerp_mode": "catmullrom"
						},
						"2.25": {
							"post": [0, 0, -7.5],
							"lerp_mode": "catmullrom"
						}
					},
					"position": {
						"0.0": {
							"post": [2, 0, -5],
							"lerp_mode": "catmullrom"
						},
						"0.5": {
							"post": [5.18, 1.85, -5.75],
							"lerp_mode": "catmullrom"
						},
						"0.5833": {
							"post": [3.79, 1.19, -6.9],
							"lerp_mode": "catmullrom"
						},
						"0.7083": {
							"post": [1, 0, -6],
							"lerp_mode": "catmullrom"
						},
						"0.8333": {
							"post": [1.33, -0.07, -4.94],
							"lerp_mode": "catmullrom"
						},
						"0.9583": {
							"post": [2, 2, -6],
							"lerp_mode": "catmullrom"
						},
						"1.75": {
							"post": [2, 2, -6],
							"lerp_mode": "catmullrom"
						},
						"2.0": {
							"post": [2, 0, -5],
							"lerp_mode": "catmullrom"
						},
						"2.25": {
							"post": [2, 0, -5],
							"lerp_mode": "catmullrom"
						}
					}
				},
				"torso": {
					"rotation": {
						"0.0": {
							"post": [0, 0, 0],
							"lerp_mode": "catmullrom"
						},
						"0.2083": {
							"post": [15, 0, 0],
							"lerp_mode": "catmullrom"
						},
						"0.4167": {
							"post": [0, 0, 0],
							"lerp_mode": "catmullrom"
						},
						"0.5": {
							"post": [14.4946, -23.44946, 0.13224],
							"lerp_mode": "catmullrom"
						},
						"0.5833": {
							"post": [7.5, -15, 0],
							"lerp_mode": "catmullrom"
						},
						"0.7083": [12.5, 0.2, 0],
						"0.8333": [6.74117, 0.58469, -0.58895],
						"0.9583": {
							"pre": ["0-math.sin(q.anim_time*90*45)*0.65", "0+Math.cos((query.anim_time)*90*24-360)*8", "0-Math.sin(q.anim_time*90*24-180)*2"],
							"post": ["0-math.sin(q.anim_time*90*45)*0.65", "0+Math.cos((query.anim_time)*90*24-360)*8", "0-Math.sin(q.anim_time*90*24-180)*2"],
							"lerp_mode": "catmullrom"
						},
						"1.75": {
							"post": ["0-math.sin(q.anim_time*90*45)*0.65", "0+Math.cos((query.anim_time)*90*24-360)*8", "0-Math.sin(q.anim_time*90*24-180)*2"],
							"lerp_mode": "catmullrom"
						},
						"2.0": {
							"post": [0, 0, 0],
							"lerp_mode": "catmullrom"
						},
						"2.25": {
							"post": [0, 0, 0],
							"lerp_mode": "catmullrom"
						}
					},
					"position": {
						"0.0": {
							"post": [0, -1, 0],
							"lerp_mode": "catmullrom"
						},
						"0.2083": {
							"post": [0, -1, 3],
							"lerp_mode": "catmullrom"
						},
						"0.4167": {
							"post": [0, -1, 0],
							"lerp_mode": "catmullrom"
						},
						"0.5": {
							"post": [0, -1.01, 2.23],
							"lerp_mode": "catmullrom"
						},
						"0.7083": {
							"post": [0, -1, 1.94],
							"lerp_mode": "catmullrom"
						},
						"0.8333": {
							"post": [0, -0.61, 2.78],
							"lerp_mode": "catmullrom"
						},
						"0.9583": {
							"post": [0, "-1-math.siN(q.anim_time*90*64)*0.1", 0],
							"lerp_mode": "catmullrom"
						},
						"1.75": {
							"post": [0, "-1-math.siN(q.anim_time*90*64)*0.1", 0],
							"lerp_mode": "catmullrom"
						},
						"2.0": {
							"post": [0, -1, 0],
							"lerp_mode": "catmullrom"
						},
						"2.25": {
							"post": [0, -1, 0],
							"lerp_mode": "catmullrom"
						}
					}
				},
				"hand1": {
					"rotation": {
						"0.0": {
							"post": [0, 20, 27.5],
							"lerp_mode": "catmullrom"
						},
						"0.2083": {
							"post": [-8.43302, 36.62193, 6.93742],
							"lerp_mode": "catmullrom"
						},
						"0.4167": {
							"post": [-6.47068, 16.57144, 1.24023],
							"lerp_mode": "catmullrom"
						},
						"0.5": {
							"post": [-2.44488, 2.37202, 12.28689],
							"lerp_mode": "catmullrom"
						},
						"0.5833": {
							"post": [-1.55957, -2.91786, 10.3645],
							"lerp_mode": "catmullrom"
						},
						"0.7083": {
							"post": [-0.19925, 17.53872, 19.48411],
							"lerp_mode": "catmullrom"
						},
						"0.9583": {
							"post": [-14.43276, 13.99545, -19.28082],
							"lerp_mode": "catmullrom"
						},
						"1.75": {
							"post": [-14.43276, 13.99545, -19.28082],
							"lerp_mode": "catmullrom"
						},
						"2.0": {
							"post": [0, 20, 27.5],
							"lerp_mode": "catmullrom"
						},
						"2.25": {
							"post": [0, 20, 27.5],
							"lerp_mode": "catmullrom"
						}
					},
					"position": {
						"0.0": {
							"post": [0, 0, 1],
							"lerp_mode": "catmullrom"
						},
						"2.0": {
							"post": [0, 0, 1],
							"lerp_mode": "catmullrom"
						},
						"2.25": {
							"post": [0, 0, 1],
							"lerp_mode": "catmullrom"
						}
					}
				},
				"hand_part1": {
					"rotation": {
						"0.0": {
							"post": [0, 0, 72.5],
							"lerp_mode": "catmullrom"
						},
						"0.2083": {
							"post": [16.33332, 39.94124, 75.5343],
							"lerp_mode": "catmullrom"
						},
						"0.4167": {
							"post": [-18.54852, 10.00367, 18.75954],
							"lerp_mode": "catmullrom"
						},
						"0.5": {
							"post": [-18.11302, 10.79005, 21.17228],
							"lerp_mode": "catmullrom"
						},
						"0.5833": {
							"post": [-17.01856, -8.0265, 14.42919],
							"lerp_mode": "catmullrom"
						},
						"0.7083": {
							"post": [-20.63855, 16.08278, 5.68495],
							"lerp_mode": "catmullrom"
						},
						"0.9583": {
							"post": [-1.80214, 16.795, -20.64947],
							"lerp_mode": "catmullrom"
						},
						"1.75": {
							"post": [-1.80214, 16.795, -20.64947],
							"lerp_mode": "catmullrom"
						},
						"2.0": {
							"post": [0, 0, 72.5],
							"lerp_mode": "catmullrom"
						},
						"2.25": {
							"post": [0, 0, 72.5],
							"lerp_mode": "catmullrom"
						}
					},
					"position": {
						"0.0": {
							"post": [1, 1, 0],
							"lerp_mode": "catmullrom"
						},
						"0.9583": {
							"post": [0, 0, 0],
							"lerp_mode": "catmullrom"
						},
						"1.75": {
							"post": [0, 0, 0],
							"lerp_mode": "catmullrom"
						},
						"2.0": {
							"post": [1, 1, 0],
							"lerp_mode": "catmullrom"
						},
						"2.25": {
							"post": [1, 1, 0],
							"lerp_mode": "catmullrom"
						}
					}
				},
				"hand_mini1": {
					"rotation": {
						"0.0": [0, 0, -17.5],
						"0.2083": {
							"pre": [0, 0, -25],
							"post": [0, 0, -25],
							"lerp_mode": "catmullrom"
						},
						"2.0": [0, 0, -17.5],
						"2.25": [0, 0, -17.5]
					},
					"position": {
						"0.0": [6, -1, 0],
						"0.2083": {
							"pre": [11, -1, 0],
							"post": [11, -1, 0],
							"lerp_mode": "catmullrom"
						},
						"2.0": [6, -1, 0],
						"2.25": [6, -1, 0]
					}
				},
				"hand2": {
					"rotation": {
						"0.0": {
							"post": [0, 10, -22.5],
							"lerp_mode": "catmullrom"
						},
						"0.2083": {
							"post": [-8.43302, -36.62193, -6.93742],
							"lerp_mode": "catmullrom"
						},
						"0.4167": {
							"post": [-6.47068, -16.57144, -1.24023],
							"lerp_mode": "catmullrom"
						},
						"0.5": {
							"post": [-2.64138, -22.35275, -11.38299],
							"lerp_mode": "catmullrom"
						},
						"0.5833": {
							"post": [-0.94637, -41.12685, -16.67302],
							"lerp_mode": "catmullrom"
						},
						"0.7083": {
							"post": [-0.19925, -17.53872, -19.48411],
							"lerp_mode": "catmullrom"
						},
						"0.9583": {
							"post": [-14.43276, -13.99545, 19.28082],
							"lerp_mode": "catmullrom"
						},
						"1.75": {
							"post": [-14.43276, -13.99545, 19.28082],
							"lerp_mode": "catmullrom"
						},
						"2.0": {
							"post": [0, 10, -22.5],
							"lerp_mode": "catmullrom"
						},
						"2.25": {
							"post": [0, 10, -22.5],
							"lerp_mode": "catmullrom"
						}
					}
				},
				"hand_part2": {
					"rotation": {
						"0.0": {
							"post": [0, 0, -70],
							"lerp_mode": "catmullrom"
						},
						"0.2083": {
							"post": [16.33332, -39.94124, -75.5343],
							"lerp_mode": "catmullrom"
						},
						"0.4167": {
							"post": [-18.54852, -10.00367, -18.75954],
							"lerp_mode": "catmullrom"
						},
						"0.5": {
							"post": [-3.96139, -1.47672, -17.07924],
							"lerp_mode": "catmullrom"
						},
						"0.5833": {
							"post": [-10.22443, -14.50021, 8.62361],
							"lerp_mode": "catmullrom"
						},
						"0.7083": {
							"post": [-20.63855, -16.08278, -5.68495],
							"lerp_mode": "catmullrom"
						},
						"0.9583": {
							"post": [-1.80214, -16.795, 20.64947],
							"lerp_mode": "catmullrom"
						},
						"1.75": {
							"post": [-1.80214, -16.795, 20.64947],
							"lerp_mode": "catmullrom"
						},
						"2.0": {
							"post": [0, 0, -70],
							"lerp_mode": "catmullrom"
						},
						"2.25": {
							"post": [0, 0, -70],
							"lerp_mode": "catmullrom"
						}
					},
					"position": {
						"0.0": {
							"post": [-1, 0, 0],
							"lerp_mode": "catmullrom"
						},
						"0.9583": {
							"post": [0, 0, 0],
							"lerp_mode": "catmullrom"
						},
						"1.75": {
							"post": [0, 0, 0],
							"lerp_mode": "catmullrom"
						},
						"2.0": {
							"post": [-1, 0, 0],
							"lerp_mode": "catmullrom"
						},
						"2.25": {
							"post": [-1, 0, 0],
							"lerp_mode": "catmullrom"
						}
					}
				},
				"hand_mini2": {
					"rotation": {
						"0.0": {
							"post": [0, 0, 25],
							"lerp_mode": "catmullrom"
						},
						"2.0": {
							"post": [0, 0, 25],
							"lerp_mode": "catmullrom"
						},
						"2.25": {
							"post": [0, 0, 25],
							"lerp_mode": "catmullrom"
						}
					},
					"position": {
						"0.0": {
							"post": [-11, -1, 0],
							"lerp_mode": "catmullrom"
						},
						"2.0": {
							"post": [-11, -1, 0],
							"lerp_mode": "catmullrom"
						},
						"2.25": {
							"post": [-11, -1, 0],
							"lerp_mode": "catmullrom"
						}
					}
				},
				"head": {
					"rotation": {
						"0.0": {
							"post": [0, -12.5, 0],
							"lerp_mode": "catmullrom"
						},
						"0.2083": {
							"post": [20, 0, 0],
							"lerp_mode": "catmullrom"
						},
						"0.4167": {
							"post": [-7.5, 0, 0],
							"lerp_mode": "catmullrom"
						},
						"0.5": {
							"post": [5.07673, -9.96156, -0.88045],
							"lerp_mode": "catmullrom"
						},
						"0.5833": {
							"post": [0.91831, -1.9068, -0.39474],
							"lerp_mode": "catmullrom"
						},
						"0.6667": {
							"post": [-6.09493, -7.68295, 0.9072],
							"lerp_mode": "catmullrom"
						},
						"0.75": {
							"post": [-10, 0, 0],
							"lerp_mode": "catmullrom"
						},
						"0.9583": {
							"post": ["-22.2982519667-math.sin(q.anim_time*90*64)*0.5", "-0.56441+Math.cos(q.anim_time*90*24-180)*12", -2.86327],
							"lerp_mode": "catmullrom"
						},
						"1.75": {
							"post": ["-22.2982519667-math.sin(q.anim_time*90*64)*0.5", "-0.56441+Math.cos(q.anim_time*90*24-180)*12", -2.86327],
							"lerp_mode": "catmullrom"
						},
						"2.0": {
							"post": [0, -12.5, 0],
							"lerp_mode": "catmullrom"
						},
						"2.25": {
							"post": [0, -12.5, 0],
							"lerp_mode": "catmullrom"
						}
					},
					"position": {
						"0.0": {
							"post": [0, 0, -1],
							"lerp_mode": "catmullrom"
						},
						"2.0": {
							"post": [0, 0, -1],
							"lerp_mode": "catmullrom"
						},
						"2.25": {
							"post": [0, 0, -1],
							"lerp_mode": "catmullrom"
						}
					}
				},
				"ceja1": {
					"rotation": [0, 0, -17.5],
					"position": [0, 0, -1]
				},
				"ceja2": {
					"rotation": [0, 0, 17.5],
					"position": [0, 0, -1]
				},
				"body": {
					"rotation": {
						"0.4167": {
							"pre": [0, 0, 0],
							"post": [0, 0, 0],
							"lerp_mode": "catmullrom"
						},
						"0.7083": [0, -360, 0],
						"0.9583": {
							"pre": [0, -360, 0],
							"post": [0, -360, 0],
							"lerp_mode": "catmullrom"
						},
						"1.75": {
							"post": [0, -360, 0],
							"lerp_mode": "catmullrom"
						},
						"2.1667": {
							"post": [0, -360, 0],
							"lerp_mode": "catmullrom"
						},
						"2.2083": [0, -360, 0],
						"2.25": {"pre": [0, -360, 0], "post": [0, 0, 0]}
					}
				},
				"leg1": {
					"rotation": {
						"0.0": {
							"post": [0, 0, 0],
							"lerp_mode": "catmullrom"
						},
						"0.2083": {
							"post": [1.6575, -12.39135, -0.17995],
							"lerp_mode": "catmullrom"
						},
						"0.5": {
							"post": [2.13225, -33.30942, -0.97342],
							"lerp_mode": "catmullrom"
						},
						"0.5833": {
							"post": [1.87136, -8.08413, -0.08313],
							"lerp_mode": "catmullrom"
						},
						"0.9583": {
							"post": [1.67677, 15.09745, 0.61267],
							"lerp_mode": "catmullrom"
						},
						"1.75": {
							"post": [1.67677, 15.09745, 0.61267],
							"lerp_mode": "catmullrom"
						},
						"2.0": {
							"post": [0, 0, 0],
							"lerp_mode": "catmullrom"
						},
						"2.25": {
							"post": [0, 0, 0],
							"lerp_mode": "catmullrom"
						}
					}
				},
				"leg_part2": {
					"rotation": {
						"0.0": [0, 0, 0],
						"0.5833": [15, 0, 0],
						"2.0": [0, 0, 0],
						"2.25": [0, 0, 0]
					},
					"position": {
						"0.0": [0, 0, 0],
						"0.5833": [0, 0, 1],
						"2.0": [0, 0, 0],
						"2.25": [0, 0, 0]
					}
				},
				"pupiled1": {
					"position": {
						"0.0": [0, 0, 0],
						"0.1667": {"pre": [0, 0, 0], "post": [0, 0, 1]},
						"0.25": {"pre": [0, 0, 1], "post": [0, 0, 0]},
						"0.4583": {"pre": [0, 0, 0], "post": [0, 0, 1]},
						"0.7083": {"pre": [0, 0, 1], "post": [0, 0, 0]}
					}
				},
				"pupiled2": {
					"position": {
						"0.0": [0, 0, 0],
						"0.1667": {"pre": [0, 0, 0], "post": [0, 0, 1]},
						"0.25": {"pre": [0, 0, 1], "post": [0, 0, 0]},
						"0.4583": {"pre": [0, 0, 0], "post": [0, 0, 1]},
						"0.7083": {"pre": [0, 0, 1], "post": [0, 0, 0]}
					}
				}
			},
			"sound_effects": {
				"0.875": {
					"effect": "pokemon.aromatisse.cry"
				}
			}
		},
		"animation.aromatisse.physical": {
			"animation_length": 1.5,
			"bones": {
				"leg2": {
					"rotation": {
						"0.0": {
							"post": [0, 0, -7.5],
							"lerp_mode": "catmullrom"
						},
						"0.25": {
							"post": [0, 0, -7.5],
							"lerp_mode": "catmullrom"
						},
						"0.4583": {
							"post": [-12.5, 30, -7.5],
							"lerp_mode": "catmullrom"
						},
						"0.7083": {
							"post": [-2.07972, -41.6969, -10.64901],
							"lerp_mode": "catmullrom"
						},
						"1.5": {
							"post": [0, 0, -7.5],
							"lerp_mode": "catmullrom"
						}
					},
					"position": {
						"0.0": {
							"post": [2, 0, -5],
							"lerp_mode": "catmullrom"
						},
						"0.25": {
							"post": [2, 0, -5],
							"lerp_mode": "catmullrom"
						},
						"0.4583": {
							"post": [0, 1, -5],
							"lerp_mode": "catmullrom"
						},
						"0.7083": {
							"post": [8, 0.63, -1],
							"lerp_mode": "catmullrom"
						},
						"1.5": {
							"post": [2, 0, -5],
							"lerp_mode": "catmullrom"
						}
					}
				},
				"torso": {
					"rotation": {
						"0.0": {
							"post": [0, 0, 0],
							"lerp_mode": "catmullrom"
						},
						"0.25": {
							"post": [0, 0, 0],
							"lerp_mode": "catmullrom"
						},
						"0.4583": {
							"post": [-11.62544, 37.2381, -3.23621],
							"lerp_mode": "catmullrom"
						},
						"0.7083": {
							"post": [16.94127, -84.83975, -12.10684],
							"lerp_mode": "catmullrom"
						},
						"1.0": {
							"post": [6.60625, -67.43476, -2.4875],
							"lerp_mode": "catmullrom"
						},
						"1.5": {
							"post": [0, 0, 0],
							"lerp_mode": "catmullrom"
						}
					},
					"position": {
						"0.0": {
							"post": [0, -1, 0],
							"lerp_mode": "catmullrom"
						},
						"0.25": {
							"post": [0, -1, 0],
							"lerp_mode": "catmullrom"
						},
						"1.5": {
							"post": [0, -1, 0],
							"lerp_mode": "catmullrom"
						}
					}
				},
				"hand1": {
					"rotation": {
						"0.0": {
							"post": [0, 20, 27.5],
							"lerp_mode": "catmullrom"
						},
						"0.25": {
							"post": [0, 20, 27.5],
							"lerp_mode": "catmullrom"
						},
						"0.4583": {
							"post": [0, -5, 27.5],
							"lerp_mode": "catmullrom"
						},
						"0.7083": {
							"post": [29.51835, -37.71792, -15.28417],
							"lerp_mode": "catmullrom"
						},
						"1.5": {
							"post": [0, 20, 27.5],
							"lerp_mode": "catmullrom"
						}
					},
					"position": {
						"0.0": {
							"post": [0, 0, 1],
							"lerp_mode": "catmullrom"
						},
						"0.25": {
							"post": [0, 0, 1],
							"lerp_mode": "catmullrom"
						},
						"0.4583": {
							"post": [0, 0, -2.64],
							"lerp_mode": "catmullrom"
						},
						"0.7083": {
							"post": [0, 0, 4],
							"lerp_mode": "catmullrom"
						},
						"1.5": {
							"post": [0, 0, 1],
							"lerp_mode": "catmullrom"
						}
					}
				},
				"hand_part1": {
					"rotation": {
						"0.0": {
							"post": [0, 0, 72.5],
							"lerp_mode": "catmullrom"
						},
						"0.25": {
							"post": [0, 0, 72.5],
							"lerp_mode": "catmullrom"
						},
						"0.4583": {
							"post": [0, 0, 45],
							"lerp_mode": "catmullrom"
						},
						"0.7083": {
							"post": [0, 0, -16.61],
							"lerp_mode": "catmullrom"
						},
						"1.5": {
							"post": [0, 0, 72.5],
							"lerp_mode": "catmullrom"
						}
					},
					"position": {
						"0.0": {
							"post": [1, 1, 0],
							"lerp_mode": "catmullrom"
						},
						"0.25": {
							"post": [1, 1, 0],
							"lerp_mode": "catmullrom"
						},
						"0.7083": {
							"post": [0, 0, 0],
							"lerp_mode": "catmullrom"
						},
						"1.5": {
							"post": [1, 1, 0],
							"lerp_mode": "catmullrom"
						}
					}
				},
				"hand_mini1": {
					"rotation": {
						"0.0": {
							"post": [0, 0, -17.5],
							"lerp_mode": "catmullrom"
						},
						"0.25": {
							"post": [0, 0, -17.5],
							"lerp_mode": "catmullrom"
						},
						"1.5": {
							"post": [0, 0, -17.5],
							"lerp_mode": "catmullrom"
						}
					},
					"position": {
						"0.0": {
							"post": [6, -1, 0],
							"lerp_mode": "catmullrom"
						},
						"0.25": {
							"post": [6, -1, 0],
							"lerp_mode": "catmullrom"
						},
						"1.5": {
							"post": [6, -1, 0],
							"lerp_mode": "catmullrom"
						}
					}
				},
				"hand2": {
					"rotation": {
						"0.0": [0, 10, -22.5],
						"0.25": {
							"pre": [0, 10, -22.5],
							"post": [0, 10, -22.5],
							"lerp_mode": "catmullrom"
						},
						"0.4583": {
							"post": [6.82449, 20.061, 19.41944],
							"lerp_mode": "catmullrom"
						},
						"0.5417": {
							"post": [6.41567, 2.67579, 17.36945],
							"lerp_mode": "catmullrom"
						},
						"0.7083": {
							"post": [152.21339, -76.14691, -135.83638],
							"lerp_mode": "catmullrom"
						},
						"0.9583": {
							"post": [161.66131, -69.22136, -145.71267],
							"lerp_mode": "catmullrom"
						},
						"1.5": [0, 10, -22.5]
					},
					"position": {
						"0.0": [0.8, 1.3, 0],
						"0.4583": {
							"pre": [-1.51, 0, 1.74],
							"post": [-1.51, 0, 1.74],
							"lerp_mode": "catmullrom"
						},
						"0.5417": {
							"post": [-0.84, 0, 0.35],
							"lerp_mode": "catmullrom"
						},
						"0.7083": {
							"post": [-2, 0, -3],
							"lerp_mode": "catmullrom"
						},
						"1.5": [0.8, 1.3, 0]
					}
				},
				"hand_part2": {
					"rotation": {
						"0.0": [0, 0, -70],
						"0.25": {
							"pre": [0, 0, -70],
							"post": [0, 0, -70],
							"lerp_mode": "catmullrom"
						},
						"0.4583": {
							"post": [0, 15, 17.5],
							"lerp_mode": "catmullrom"
						},
						"0.9583": {
							"post": [0, -25, 17.5],
							"lerp_mode": "catmullrom"
						},
						"1.5": [0, 0, -70]
					},
					"position": {
						"0.0": [-1, 0, 0],
						"0.25": {
							"pre": [-1, 0, 0],
							"post": [-1, 0, 0],
							"lerp_mode": "catmullrom"
						},
						"1.5": [-1, 0, 0]
					}
				},
				"hand_mini2": {
					"rotation": {
						"0.0": [0, 0, 25],
						"0.25": {
							"pre": [0, 0, 25],
							"post": [0, 0, 25],
							"lerp_mode": "catmullrom"
						},
						"1.5": [0, 0, 25]
					},
					"position": {
						"0.0": [-11, -1, 0],
						"0.25": {
							"pre": [-11, -1, 0],
							"post": [-11, -1, 0],
							"lerp_mode": "catmullrom"
						},
						"1.5": [-11, -1, 0]
					}
				},
				"head": {
					"rotation": {
						"0.0": {
							"post": [0, -12.5, 0],
							"lerp_mode": "catmullrom"
						},
						"0.25": {
							"post": [0, -12.5, 0],
							"lerp_mode": "catmullrom"
						},
						"0.4583": {
							"post": [4.64098, 28.71517, 11.37589],
							"lerp_mode": "catmullrom"
						},
						"0.7083": {
							"post": [0, -66.69, 0],
							"lerp_mode": "catmullrom"
						},
						"0.9583": {
							"post": [0, -47.5, 0],
							"lerp_mode": "catmullrom"
						},
						"1.5": {
							"post": [0, -12.5, 0],
							"lerp_mode": "catmullrom"
						}
					},
					"position": {
						"0.0": {
							"post": [0, 0, -1],
							"lerp_mode": "catmullrom"
						},
						"0.25": {
							"post": [0, 0, -1],
							"lerp_mode": "catmullrom"
						},
						"1.5": {
							"post": [0, 0, -1],
							"lerp_mode": "catmullrom"
						}
					}
				},
				"ceja1": {
					"rotation": [0, 0, -17.5],
					"position": [0, 0, -1]
				},
				"ceja2": {
					"rotation": [0, 0, 17.5],
					"position": [0, 0, -1]
				},
				"body": {
					"rotation": {
						"0.0": [0, 0, 0],
						"0.25": [0, 0, 0],
						"0.4583": {
							"pre": [0, 10, 0],
							"post": [0, 10, 0],
							"lerp_mode": "catmullrom"
						},
						"0.5833": {
							"post": [0, 56.25, 0],
							"lerp_mode": "catmullrom"
						},
						"0.7083": {
							"post": [0, -50, 0],
							"lerp_mode": "catmullrom"
						},
						"1.5": {
							"post": [0, 0, 0],
							"lerp_mode": "catmullrom"
						}
					}
				},
				"leg1": {
					"rotation": {
						"0.0": [0, 0, 0],
						"0.4583": [0, 72.5, 0],
						"0.7083": [0, -112.5, 0],
						"1.5": [0, 0, 0]
					},
					"position": {
						"0.4583": [0, 0, 0],
						"0.7083": [-2, 0, 0],
						"1.5": [0, 0, 0]
					}
				}
			}
		},
		"animation.aromatisse.recoil": {
			"animation_length": 0.75,
			"bones": {
				"torso": {
					"rotation": {
						"0.0": {
							"post": [0, 0, 0],
							"lerp_mode": "catmullrom"
						},
						"0.0417": {
							"post": [-5, 0, 0],
							"lerp_mode": "catmullrom"
						},
						"0.75": {
							"post": [0, 0, 0],
							"lerp_mode": "catmullrom"
						}
					}
				},
				"hand1": {
					"rotation": {
						"0.0": {
							"post": [0, 0, 0],
							"lerp_mode": "catmullrom"
						},
						"0.125": {
							"post": [0, -15, 0],
							"lerp_mode": "catmullrom"
						},
						"0.75": {
							"post": [0, 0, 0],
							"lerp_mode": "catmullrom"
						}
					}
				},
				"head": {
					"rotation": {
						"0.0": {
							"post": [0, 0, 0],
							"lerp_mode": "catmullrom"
						},
						"0.0417": {
							"post": [-5, 0, 0],
							"lerp_mode": "catmullrom"
						},
						"0.75": {
							"post": [0, 0, 0],
							"lerp_mode": "catmullrom"
						}
					}
				},
				"pupiled1": {
					"position": {
						"0.0": {
							"post": [0, 0, 0],
							"lerp_mode": "catmullrom"
						},
						"0.0417": {
							"post": [0, 0, 1],
							"lerp_mode": "catmullrom"
						},
						"0.75": {
							"post": [0, 0, 0],
							"lerp_mode": "catmullrom"
						}
					}
				},
				"pupiled2": {
					"position": {
						"0.0": {
							"post": [0, 0, 0],
							"lerp_mode": "catmullrom"
						},
						"0.0417": {
							"post": [0, 0, 1],
							"lerp_mode": "catmullrom"
						},
						"0.75": {
							"post": [0, 0, 0],
							"lerp_mode": "catmullrom"
						}
					}
				},
				"hand2": {
					"rotation": {
						"0.0": {
							"post": [0, 0, 0],
							"lerp_mode": "catmullrom"
						},
						"0.125": {
							"post": [0, 15, 0],
							"lerp_mode": "catmullrom"
						},
						"0.75": {
							"post": [0, 0, 0],
							"lerp_mode": "catmullrom"
						}
					}
				}
			}
		},
		"animation.aromatisse.cry": {
			"animation_length": 0.75,
			"bones": {
				"head": {
					"rotation": {
						"0.0": {
							"post": [0, 0, 0],
							"lerp_mode": "catmullrom"
						},
						"0.0417": {
							"post": [-2.5, 0, 0],
							"lerp_mode": "catmullrom"
						},
						"0.2083": {
							"post": [2.5, 0, 0],
							"lerp_mode": "catmullrom"
						},
						"0.3333": {
							"post": [-2.5, 0, 0],
							"lerp_mode": "catmullrom"
						},
						"0.4167": {
							"post": [2.5, 0, 0],
							"lerp_mode": "catmullrom"
						},
						"0.5417": {
							"post": [-0.5, 0, 0],
							"lerp_mode": "catmullrom"
						},
						"0.75": {
							"post": [0, 0, 0],
							"lerp_mode": "catmullrom"
						}
					}
				},
				"torso": {
					"rotation": {
						"0.0": {
							"post": [0, 0, 0],
							"lerp_mode": "catmullrom"
						}
					}
				},
				"hand1": {
					"rotation": {
						"0.0": [0, 0, 0],
						"0.2917": [0, -12.5, 0],
						"0.75": [0, 0, 0]
					}
				},
				"hand2": {
					"rotation": {
						"0.0": [0, 0, 0],
						"0.2917": [0, 12.5, 0],
						"0.75": [0, 0, 0]
					}
				}
			},
			"sound_effects": {
				"0.0417": {
					"effect": "pokemon.aromatisse.cry"
				}
			}
		},
		"animation.aromatisse.laugh_quirk": {
			"animation_length": 1.5,
			"bones": {
				"torso": {
					"rotation": {
						"0.0": {
							"post": [0, 0, 0],
							"lerp_mode": "catmullrom"
						},
						"0.0833": {
							"post": [-2.5, 0, 0],
							"lerp_mode": "catmullrom"
						},
						"0.1667": [3, 0, 0],
						"0.2083": {
							"pre": [3, 0, 0],
							"post": ["5+Math.cos((query.anim_time)*90*18-0)*0.5", 0, 0]
						},
						"1.0833": {
							"pre": ["5+Math.cos((query.anim_time)*90*18-0)*0.5", 0, 0],
							"post": ["5+Math.cos((query.anim_time)*90*18-0)*0.5", 0, 0],
							"lerp_mode": "catmullrom"
						},
						"1.25": {
							"post": [0, 0, 0],
							"lerp_mode": "catmullrom"
						}
					},
					"position": {
						"0.0": {
							"post": [0, 0, 0],
							"lerp_mode": "catmullrom"
						},
						"0.375": [0, "0-Math.cos((query.anim_time)*90*18-0)*0.2", 0],
						"1.25": {
							"pre": [0, 0, 0],
							"post": [0, 0, 0],
							"lerp_mode": "catmullrom"
						}
					}
				},
				"hand1": {
					"rotation": {
						"0.0": [0, 0, 0],
						"0.1667": [10.8365, 43.37093, 19.16681],
						"1.1667": [10.8365, 43.37093, 19.16681],
						"1.5": [0, 0, 0]
					},
					"position": {
						"0.0": [0, 0, 0],
						"0.1667": [0, 0, 0],
						"1.1667": [0, 0, 0],
						"1.5": [0, 0, 0]
					}
				},
				"hand_part1": {
					"rotation": {
						"0.0": [0, 0, 0],
						"0.1667": [-94.81903, 52.71842, -93.9143],
						"1.25": [-94.81903, 52.71842, -93.9143],
						"1.4583": [0, 0, 0]
					}
				},
				"hand_mini1": {
					"rotation": {
						"0.0": [0, 0, 0],
						"0.1667": [0, 30, 0],
						"1.1667": [0, 30, 0],
						"1.5": [0, 0, 0]
					},
					"position": {
						"0.0": [0, 0, 0],
						"0.1667": [0, 0, 4.2],
						"1.1667": [0, 0, 4.2],
						"1.5": [0, 0, 0]
					}
				},
				"hand2": {
					"rotation": {
						"0.0": {
							"post": [0, 0, 0],
							"lerp_mode": "catmullrom"
						},
						"0.2083": {
							"post": [0, 37.5, 0],
							"lerp_mode": "catmullrom"
						},
						"1.25": {
							"post": [0, 37.5, 0],
							"lerp_mode": "catmullrom"
						},
						"1.5": {
							"post": [0, 0, 0],
							"lerp_mode": "catmullrom"
						}
					}
				},
				"hand_part2": {
					"rotation": {
						"0.0": [0, 0, 0],
						"0.2083": {
							"pre": [0, -22.5, 0],
							"post": [0, -22.5, 0],
							"lerp_mode": "catmullrom"
						},
						"1.25": {
							"post": [0, -22.5, 0],
							"lerp_mode": "catmullrom"
						},
						"1.5": {
							"post": [0, 0, 0],
							"lerp_mode": "catmullrom"
						}
					}
				},
				"hand_mini2": {
					"rotation": {
						"0.0": [0, 0, 0],
						"0.2083": {
							"pre": [0, -22.5, 0],
							"post": [0, -22.5, 0],
							"lerp_mode": "catmullrom"
						},
						"1.25": {
							"post": [0, -22.5, 0],
							"lerp_mode": "catmullrom"
						},
						"1.5": {
							"post": [0, 0, 0],
							"lerp_mode": "catmullrom"
						}
					},
					"position": {
						"0.0": [0, 0, 0],
						"0.2083": {
							"pre": [0, 0, 3.2],
							"post": [0, 0, 3.2],
							"lerp_mode": "catmullrom"
						},
						"1.25": {
							"post": [0, 0, 3.2],
							"lerp_mode": "catmullrom"
						},
						"1.5": {
							"post": [0, 0, 0],
							"lerp_mode": "catmullrom"
						}
					}
				},
				"head": {
					"rotation": {
						"0.0": {
							"post": [0, 0, 0],
							"lerp_mode": "catmullrom"
						},
						"0.0417": {
							"post": [2.5, 0, 0],
							"lerp_mode": "catmullrom"
						},
						"0.125": [0, 0, 0],
						"0.1667": {
							"pre": [0, 0, 0],
							"post": ["7.5070636833+Math.cos((query.anim_time)*90*18-0)*1.45", -2.4786, -0.32652]
						},
						"1.125": {
							"pre": ["7.5070636833+Math.cos((query.anim_time)*90*18-0)*1.45", -2.4786, -0.32652],
							"post": ["7.5070636833+Math.cos((query.anim_time)*90*18-0)*1.45", -2.4786, -0.32652],
							"lerp_mode": "catmullrom"
						},
						"1.4583": {
							"post": [0, 0, 0],
							"lerp_mode": "catmullrom"
						}
					}
				},
				"pupiled1": {
					"position": {
						"0.0": [0, 0, 0],
						"0.125": [0, 0, -0.25],
						"0.1667": [0, 0, 1],
						"1.25": [0, 0, 0]
					}
				},
				"pupiled2": {
					"position": {
						"0.0": [0, 0, 0],
						"0.125": [0, 0, -0.25],
						"0.1667": [0, 0, 1],
						"1.25": [0, 0, 0]
					}
				}
			}
		}
	}
}