{
	"format_version": "1.12.0",
	"minecraft:geometry": [
		{
			"description": {
				"identifier": "geometry.reshiram",
				"texture_width": 1024,
				"texture_height": 512,
				"visible_bounds_width": 21,
				"visible_bounds_height": 9.5,
				"visible_bounds_offset": [0, 4.25, 0]
			},
			"bones": [
				{
					"name": "reshiram",
					"pivot": [0, 0, 0]
				},
				{
					"name": "body",
					"parent": "reshiram",
					"pivot": [0, 39.75, -2.25]
				},
				{
					"name": "torso",
					"parent": "body",
					"pivot": [0.25, 37.5, 0.75],
					"cubes": [
						{"origin": [-14.5, 24, -18.5], "size": [29, 27, 33], "uv": [0, 108]},
						{"origin": [0, 13.75, -38.5], "size": [0, 17, 46], "pivot": [0, 28.75, -2.5], "rotation": [7.5, 0, 0], "uv": [212, 172]}
					]
				},
				{
					"name": "bone5",
					"parent": "torso",
					"pivot": [0, 25.5, -17.25],
					"rotation": [30, 0, 0],
					"cubes": [
						{"origin": [-13.5, 25.34046, -18.52719], "size": [27, 33, 31], "uv": [124, 108]}
					]
				},
				{
					"name": "bone125",
					"parent": "bone5",
					"pivot": [0.25, 57.84046, -16.52719],
					"rotation": [-17.53742, -4.92385, 8.87038],
					"cubes": [
						{"origin": [-0.5, 58.34046, -17.52719], "size": [11, 19, 0], "uv": [94, 211]}
					]
				},
				{
					"name": "bone126",
					"parent": "bone5",
					"pivot": [-0.25, 57.84046, -16.52719],
					"rotation": [-17.53742, 4.92385, -8.87038],
					"cubes": [
						{"origin": [-10.5, 58.34046, -17.52719], "size": [11, 19, 0], "uv": [94, 211], "mirror": true}
					]
				},
				{
					"name": "bone4",
					"parent": "bone5",
					"pivot": [0, 57.34046, -14.27719],
					"rotation": [-17.5, 0, 0],
					"cubes": [
						{"origin": [-11.5, 57.30289, -16.27274], "size": [23, 12, 24], "uv": [94, 258]}
					]
				},
				{
					"name": "torso_upper",
					"parent": "bone4",
					"pivot": [0, 66.55289, -6.52274],
					"rotation": [-5, 0, 0],
					"cubes": [
						{"origin": [-9, 66.53387, -12.95852], "size": [18, 8, 16], "uv": [334, 228]}
					]
				},
				{
					"name": "neck",
					"parent": "torso_upper",
					"pivot": [0, 73.53387, -6.45852],
					"cubes": [
						{"origin": [-4.5, 72.53387, -11.20852], "size": [9, 19, 11], "uv": [104, 354]},
						{"origin": [-6.5, 77.28387, -12.70852], "size": [13, 5, 14], "uv": [318, 350]},
						{"origin": [-6, 84.78387, -12.20852], "size": [12, 5, 13], "uv": [44, 366]}
					]
				},
				{
					"name": "bone3",
					"parent": "neck",
					"pivot": [0, 89.53387, -6.95852],
					"cubes": [
						{"origin": [-4, 89.53387, -10.70852], "size": [8, 21, 9], "uv": [144, 379]}
					]
				},
				{
					"name": "head",
					"parent": "bone3",
					"pivot": [0, 108.53369, -8.30589],
					"rotation": [-2.5, 0, 0],
					"cubes": [
						{"origin": [-5, 106.53387, -18.20852], "size": [10, 10, 10], "uv": [196, 387]},
						{"origin": [-5, 107.53387, -8.20852], "size": [10, 9, 3], "uv": [160, 294]},
						{"origin": [-4, 106.53387, -5.20852], "size": [8, 10, 5], "inflate": 0.01, "uv": [0, 413]},
						{"origin": [-3, 109.53387, -25.95852], "size": [6, 5, 8], "inflate": 0.01, "pivot": [-0.5, 115.53387, -17.95852], "rotation": [7.5, 0, 0], "uv": [99, 0]}
					]
				},
				{
					"name": "bone127",
					"parent": "head",
					"pivot": [0, 106.53387, -11.70852],
					"rotation": [7.5, 0, 0],
					"cubes": [
						{"origin": [-5.5, 99.53387, -11.70852], "size": [11, 7, 0], "uv": [302, 205]}
					]
				},
				{
					"name": "bone28",
					"parent": "head",
					"pivot": [5.025, 112.53387, -16.20852],
					"cubes": [
						{"origin": [5.025, 111.53387, -17.20852], "size": [0, 2, 5], "uv": [324, 228]}
					]
				},
				{
					"name": "bone29",
					"parent": "bone28",
					"pivot": [5.025, 112.53387, -16.70852],
					"cubes": [
						{"origin": [5.025, 112.53387, -17.70852], "size": [0, 1, 1], "inflate": 0.001, "uv": [152, 106]}
					]
				},
				{
					"name": "bone30",
					"parent": "bone28",
					"pivot": [5.025, 111.78387, -15.70852],
					"cubes": [
						{"origin": [5.025, 112.03387, -16.70852], "size": [0, 2, 2], "inflate": 0.01, "uv": [118, 168]},
						{"origin": [5.05, 112.53387, -16.18352], "size": [0, 1, 1], "inflate": 0.01, "uv": [154, 106]}
					]
				},
				{
					"name": "bone120",
					"parent": "head",
					"pivot": [-5.025, 112.53387, -16.20852],
					"cubes": [
						{"origin": [-5.025, 111.53387, -17.20852], "size": [0, 2, 5], "uv": [186, 422]}
					]
				},
				{
					"name": "bone121",
					"parent": "bone120",
					"pivot": [-5.025, 112.53387, -16.70852],
					"cubes": [
						{"origin": [-5.025, 112.53387, -17.70852], "size": [0, 1, 1], "inflate": 0.001, "uv": [156, 106]}
					]
				},
				{
					"name": "bone122",
					"parent": "bone120",
					"pivot": [-5.025, 111.78387, -15.70852],
					"cubes": [
						{"origin": [-5.025, 112.03387, -16.70852], "size": [0, 2, 2], "inflate": 0.01, "uv": [94, 230]},
						{"origin": [-5.05, 112.53387, -16.18352], "size": [0, 1, 1], "inflate": 0.01, "uv": [158, 106]}
					]
				},
				{
					"name": "bone2",
					"parent": "head",
					"pivot": [0, 108.53387, -0.20852],
					"rotation": [10, 0, 0],
					"cubes": [
						{"origin": [-3, 108.53387, -0.20852], "size": [6, 7, 5], "uv": [414, 209]},
						{"origin": [0, 109.53387, 3.79148], "size": [0, 5, 5], "uv": [94, 366]}
					]
				},
				{
					"name": "bone137",
					"parent": "head",
					"pivot": [2.5, 109.53387, -22.95852],
					"rotation": [-45, 0, 0],
					"cubes": [
						{"origin": [2, 108.53387, -23.95852], "size": [0, 2, 2], "uv": [2, 0]}
					]
				},
				{
					"name": "bone138",
					"parent": "head",
					"pivot": [-2, 109.53387, -22.95852],
					"rotation": [-45, 0, 0],
					"cubes": [
						{"origin": [-2, 108.53387, -23.95852], "size": [0, 2, 2], "uv": [2, 0]}
					]
				},
				{
					"name": "bone",
					"parent": "head",
					"pivot": [0, 109.63387, -18.18352],
					"cubes": [
						{"origin": [-3, 107.63387, -24.18352], "size": [6, 2, 6], "inflate": -0.01, "uv": [148, 0]}
					]
				},
				{
					"name": "bone139",
					"parent": "bone",
					"pivot": [1.5, 109.13387, -21.18352],
					"rotation": [45, 0, 0],
					"cubes": [
						{"origin": [2.5, 108.13387, -22.18352], "size": [0, 2, 2], "uv": [2, 0]}
					]
				},
				{
					"name": "bone140",
					"parent": "bone",
					"pivot": [-3.5, 109.13387, -21.18352],
					"rotation": [45, 0, 0],
					"cubes": [
						{"origin": [-2.5, 108.13387, -22.18352], "size": [0, 2, 2], "uv": [2, 0]}
					]
				},
				{
					"name": "bone141",
					"parent": "bone",
					"pivot": [0, 109.13387, -18.18352],
					"cubes": [
						{"origin": [-2, 109.13387, -23.18352], "size": [4, 1, 5], "uv": [578, 506]}
					]
				},
				{
					"name": "bone26",
					"parent": "head",
					"pivot": [4, 113.28369, -19.30589],
					"rotation": [1.79312, 13.37031, -0.35093],
					"cubes": [
						{"origin": [0, 113.28369, -19.30589], "size": [5, 5, 11], "uv": [402, 225]}
					]
				},
				{
					"name": "bone27",
					"parent": "bone26",
					"pivot": [2.5, 116.28369, -8.30589],
					"cubes": [
						{"origin": [2, 114.28369, -14.30589], "size": [0, 13, 28], "pivot": [2, 117.28369, -9.30589], "rotation": [7.5, 0, 0], "uv": [356, -9]},
						{"origin": [0, 112.78369, -8.30589], "size": [5, 7, 11], "uv": [396, 398]}
					]
				},
				{
					"name": "bone31",
					"parent": "bone27",
					"pivot": [2, 116.78369, 2.19411],
					"cubes": [
						{"origin": [0.5, 107.78369, 2.19411], "size": [4, 10, 15], "inflate": 0.01, "uv": [358, 383]}
					]
				},
				{
					"name": "bone32",
					"parent": "bone31",
					"pivot": [2.5, 113.53369, 16.69411],
					"cubes": [
						{"origin": [1, 110.53369, 16.69411], "size": [3, 7, 15], "uv": [390, 327]}
					]
				},
				{
					"name": "bone33",
					"parent": "bone32",
					"pivot": [2.5, 114.53369, 31.44411],
					"cubes": [
						{"origin": [1.5, 110.53369, 31.44411], "size": [2, 7, 13], "uv": [312, 400]}
					]
				},
				{
					"name": "bone34",
					"parent": "bone33",
					"pivot": [2.5, 114.28369, 43.94411],
					"cubes": [
						{"origin": [2, 111.28369, 43.94411], "size": [1, 6, 13], "uv": [406, 297]}
					]
				},
				{
					"name": "bone35",
					"parent": "bone34",
					"pivot": [2.5, 114.28369, 56.69411],
					"cubes": [
						{"origin": [2.5, 111.28369, 56.69411], "size": [0, 6, 13], "uv": [210, 407]}
					]
				},
				{
					"name": "bone135",
					"parent": "bone35",
					"pivot": [2.5, 117.28369, 69.69411],
					"cubes": [
						{"origin": [2.5, 111.28369, 69.69411], "size": [0, 6, 13], "uv": [210, 428]}
					]
				},
				{
					"name": "blaze_hair",
					"parent": "bone135",
					"pivot": [2.5, 117.28369, 69.69411],
					"cubes": [
						{"origin": [2.5, 111.28369, 69.69411], "size": [0, 6, 13], "inflate": 0.01, "uv": [236, 428]}
					]
				},
				{
					"name": "blaze_hair2",
					"parent": "bone35",
					"pivot": [3.5, 111.28369, 58.69411],
					"cubes": [
						{"origin": [2.5, 111.28369, 56.69411], "size": [0, 6, 13], "inflate": 0.01, "uv": [210, 401]}
					]
				},
				{
					"name": "bone36",
					"parent": "head",
					"pivot": [-4, 113.28369, -19.30589],
					"rotation": [1.79312, -13.37031, 0.35093],
					"cubes": [
						{"origin": [-5, 113.28369, -19.30589], "size": [5, 5, 11], "uv": [402, 281]}
					]
				},
				{
					"name": "bone37",
					"parent": "bone36",
					"pivot": [-2.5, 116.28369, -8.30589],
					"cubes": [
						{"origin": [-2, 114.28369, -14.30589], "size": [0, 13, 28], "pivot": [-2, 117.28369, -9.30589], "rotation": [7.5, 0, 0], "uv": [356, 15]},
						{"origin": [-5, 113.03369, -8.30589], "size": [5, 7, 11], "uv": [396, 398]}
					]
				},
				{
					"name": "bone38",
					"parent": "bone37",
					"pivot": [-2, 116.78369, 2.19411],
					"cubes": [
						{"origin": [-4.5, 107.78369, 2.19411], "size": [4, 10, 15], "inflate": 0.01, "uv": [44, 384]}
					]
				},
				{
					"name": "bone39",
					"parent": "bone38",
					"pivot": [-2.5, 113.53369, 16.69411],
					"cubes": [
						{"origin": [-4, 110.53369, 16.69411], "size": [3, 7, 15], "uv": [396, 80]}
					]
				},
				{
					"name": "bone40",
					"parent": "bone39",
					"pivot": [-2.5, 114.53369, 31.44411],
					"cubes": [
						{"origin": [-3.5, 110.53369, 31.44411], "size": [2, 7, 13], "uv": [114, 401]}
					]
				},
				{
					"name": "bone41",
					"parent": "bone40",
					"pivot": [-2.5, 114.28369, 43.94411],
					"cubes": [
						{"origin": [-3, 111.28369, 43.94411], "size": [1, 6, 13], "uv": [276, 407]}
					]
				},
				{
					"name": "bone42",
					"parent": "bone41",
					"pivot": [-2.5, 114.28369, 56.69411],
					"cubes": [
						{"origin": [-2.5, 111.28369, 56.69411], "size": [0, 6, 13], "uv": [408, 56]}
					]
				},
				{
					"name": "bone136",
					"parent": "bone42",
					"pivot": [-2.5, 117.28369, 69.69411],
					"cubes": [
						{"origin": [-2.5, 111.28369, 69.69411], "size": [0, 6, 13], "uv": [408, 50]}
					]
				},
				{
					"name": "blaze_hair3",
					"parent": "bone136",
					"pivot": [-2.5, 117.28369, 69.69411],
					"cubes": [
						{"origin": [-2.5, 111.28369, 69.69411], "size": [0, 6, 13], "inflate": 0.01, "uv": [434, 50]}
					]
				},
				{
					"name": "blaze_hair4",
					"parent": "bone42",
					"pivot": [-3.5, 111.28369, 58.69411],
					"cubes": [
						{"origin": [-2.5, 111.28369, 56.69411], "size": [0, 6, 13], "inflate": 0.01, "uv": [434, 56]}
					]
				},
				{
					"name": "bone128",
					"parent": "head",
					"pivot": [5, 109.53369, -11.30589],
					"rotation": [0, 10, 0]
				},
				{
					"name": "bone85",
					"parent": "bone128",
					"pivot": [5, 109.53369, -11.30589],
					"rotation": [-15, 20, 0],
					"cubes": [
						{"origin": [5, 106.53369, -11.30589], "size": [0, 4, 7], "uv": [144, 332]}
					]
				},
				{
					"name": "bone86",
					"parent": "bone128",
					"pivot": [5, 112.53369, -11.30589],
					"rotation": [0, 15, 0],
					"cubes": [
						{"origin": [5, 109.53369, -11.30589], "size": [0, 4, 7], "uv": [128, 384]}
					]
				},
				{
					"name": "bone129",
					"parent": "head",
					"pivot": [-5, 109.53369, -11.30589],
					"rotation": [0, -10, 0]
				},
				{
					"name": "bone130",
					"parent": "bone129",
					"pivot": [-5, 109.53369, -11.30589],
					"rotation": [-15, -20, 0],
					"cubes": [
						{"origin": [-5, 106.53369, -11.30589], "size": [0, 4, 7], "uv": [114, 421]}
					]
				},
				{
					"name": "bone131",
					"parent": "bone129",
					"pivot": [-5, 112.53369, -11.30589],
					"rotation": [0, -15, 0],
					"cubes": [
						{"origin": [-5, 109.53369, -11.30589], "size": [0, 4, 7], "uv": [128, 421]}
					]
				},
				{
					"name": "bone132",
					"parent": "neck",
					"pivot": [0, 89.53387, -0.20852],
					"rotation": [-10, 0, 0],
					"cubes": [
						{"origin": [-5, 89.53387, -0.20852], "size": [10, 8, 0], "uv": [420, 365]}
					]
				},
				{
					"name": "bone48",
					"parent": "neck",
					"pivot": [4.5, 89.78387, -3.70852],
					"rotation": [0, 0, 7.5],
					"cubes": [
						{"origin": [4.5, 89.78387, -8.20852], "size": [0, 8, 9], "uv": [412, 416]}
					]
				},
				{
					"name": "bone49",
					"parent": "neck",
					"pivot": [-4.5, 89.78387, -3.70852],
					"rotation": [0, 0, -7.5],
					"cubes": [
						{"origin": [-4.5, 89.78387, -8.20852], "size": [0, 8, 9], "uv": [78, 419]}
					]
				},
				{
					"name": "arm_left",
					"parent": "bone4",
					"pivot": [8, 67.74511, -3.89819],
					"rotation": [-16.10262, -20.18328, -4.07019],
					"cubes": [
						{"origin": [8.0172, 63.87788, -8.84174], "size": [14, 8, 9], "uv": [312, 383]}
					]
				},
				{
					"name": "bone15",
					"parent": "arm_left",
					"pivot": [20.2172, 67.62788, -4.34174],
					"rotation": [-4, -2.5, -25],
					"cubes": [
						{"origin": [20.13378, 64.98525, -8.48157], "size": [23, 5, 7], "uv": [44, 354]}
					]
				},
				{
					"name": "bone24",
					"parent": "bone15",
					"pivot": [34.13378, 67.48525, -4.48157],
					"cubes": [
						{"origin": [35.13378, 67.48525, -4.48157], "size": [13, 0, 14], "inflate": 0.01, "uv": [312, 369]}
					]
				},
				{
					"name": "bone16",
					"parent": "bone15",
					"pivot": [42.13378, 67.48525, -4.98157],
					"rotation": [-0.8886, 33.48138, -2.87792],
					"cubes": [
						{"origin": [42.13378, 64.98525, -8.48157], "size": [16, 5, 10], "inflate": 0.01, "uv": [206, 372]}
					]
				},
				{
					"name": "bone23",
					"parent": "bone16",
					"pivot": [41.13378, 68.48525, -1.48157],
					"rotation": [-5, 0, 0],
					"cubes": [
						{"origin": [41.13378, 68.48525, -1.48157], "size": [20, 0, 28], "uv": [278, 0]}
					]
				},
				{
					"name": "bone17",
					"parent": "bone16",
					"pivot": [57.63378, 67.23525, -1.23157],
					"cubes": [
						{"origin": [57.63378, 64.73525, -8.73157], "size": [20, 6, 16], "uv": [318, 328]}
					]
				},
				{
					"name": "bone21",
					"parent": "bone17",
					"pivot": [56.63378, 68.73525, 0.26843],
					"rotation": [-3.98269, -0.29375, 3.25637],
					"cubes": [
						{"origin": [53.63378, 68.73525, -1.73157], "size": [19, 0, 44], "uv": [152, 0]}
					]
				},
				{
					"name": "bone20",
					"parent": "bone21",
					"pivot": [72.63378, 68.73525, 5.01843],
					"rotation": [-1.99227, -1.87894, 6.81661],
					"cubes": [
						{"origin": [72.62482, 68.71065, 5.01849], "size": [22, 0, 37], "inflate": 0.02, "uv": [431, 475]}
					]
				},
				{
					"name": "bone133",
					"parent": "bone20",
					"pivot": [84.63378, 68.71025, 41.99343],
					"cubes": [
						{"origin": [72.62482, 68.71065, 42.01849], "size": [22, 0, 26], "inflate": 0.02, "uv": [442, 449]}
					]
				},
				{
					"name": "bone18",
					"parent": "bone17",
					"pivot": [78.08378, 67.73525, -6.48157],
					"rotation": [-0.79515, -12.28528, 15.35514],
					"cubes": [
						{"origin": [76.13378, 64.73525, -10.98157], "size": [17, 6, 25], "inflate": 0.02, "uv": [0, 274]},
						{"origin": [78.13378, 68.73525, -8.98157], "size": [13, 3, 5], "inflate": 0.02, "uv": [206, 348]}
					]
				},
				{
					"name": "bone59",
					"parent": "bone18",
					"pivot": [78.13238, 68.22426, -11.04392],
					"cubes": [
						{"origin": [77.13238, 66.22426, -15.04392], "size": [2, 2, 4], "uv": [72, 325]}
					]
				},
				{
					"name": "bone63",
					"parent": "bone59",
					"pivot": [78.13238, 68.22426, -15.04392],
					"cubes": [
						{"origin": [78.13238, 66.22426, -19.04392], "size": [0, 2, 4], "uv": [258, 372]}
					]
				},
				{
					"name": "bone60",
					"parent": "bone18",
					"pivot": [81.88238, 69.72426, -11.04392],
					"cubes": [
						{"origin": [80.88238, 67.72426, -15.04392], "size": [2, 2, 4], "uv": [334, 252]}
					]
				},
				{
					"name": "bone64",
					"parent": "bone60",
					"pivot": [81.88238, 69.72426, -15.04392],
					"cubes": [
						{"origin": [81.88238, 67.72426, -20.04392], "size": [0, 2, 5], "uv": [94, 376]}
					]
				},
				{
					"name": "bone61",
					"parent": "bone18",
					"pivot": [85.13238, 70.22426, -11.04392],
					"cubes": [
						{"origin": [84.13238, 68.22426, -16.04392], "size": [2, 2, 5], "uv": [362, 80]}
					]
				},
				{
					"name": "bone65",
					"parent": "bone61",
					"pivot": [85.13238, 70.22426, -16.04392],
					"cubes": [
						{"origin": [85.13238, 68.22426, -21.04392], "size": [0, 2, 5], "uv": [196, 379]}
					]
				},
				{
					"name": "bone62",
					"parent": "bone18",
					"pivot": [88.38238, 69.72426, -10.29392],
					"cubes": [
						{"origin": [87.38238, 67.72426, -15.29392], "size": [2, 2, 5], "uv": [376, 80]}
					]
				},
				{
					"name": "bone66",
					"parent": "bone62",
					"pivot": [88.38238, 69.72426, -15.29392],
					"cubes": [
						{"origin": [88.38238, 67.72426, -20.29392], "size": [0, 2, 5], "uv": [332, 420]}
					]
				},
				{
					"name": "bone19",
					"parent": "bone18",
					"pivot": [92.60878, 67.98525, -8.63157],
					"rotation": [-4.42515, -59.90349, 4.98543],
					"cubes": [
						{"origin": [92.59294, 66.61477, -8.64771], "size": [40, 3, 19], "uv": [95, 236]}
					]
				},
				{
					"name": "bone22",
					"parent": "bone19",
					"pivot": [132.60878, 68.73525, -8.63157],
					"rotation": [-2.27523, -14.80759, 6.33666],
					"cubes": [
						{"origin": [132.59294, 68.61477, -8.64771], "size": [26, 0, 20], "uv": [304, 168]}
					]
				},
				{
					"name": "bone25",
					"parent": "bone22",
					"pivot": [158.60878, 68.73525, -8.63157],
					"rotation": [0, 0, 12.5],
					"cubes": [
						{"origin": [158.59294, 68.61477, -8.64771], "size": [26, 0, 20], "uv": [304, 188]}
					]
				},
				{
					"name": "arm_right",
					"parent": "bone4",
					"pivot": [-8, 67.74511, -3.89819],
					"rotation": [-16.10262, 20.18328, 4.07019],
					"cubes": [
						{"origin": [-22.0172, 63.87788, -8.84174], "size": [14, 8, 9], "uv": [82, 384]}
					]
				},
				{
					"name": "bone14",
					"parent": "arm_right",
					"pivot": [-20.2172, 67.62788, -4.34174],
					"rotation": [-4, 2.5, 25],
					"cubes": [
						{"origin": [-43.13378, 64.98525, -8.48157], "size": [23, 5, 7], "uv": [206, 360]}
					]
				},
				{
					"name": "bone67",
					"parent": "bone14",
					"pivot": [-34.13378, 67.48525, -4.48157],
					"cubes": [
						{"origin": [-48.13378, 67.48525, -4.48157], "size": [13, 0, 14], "inflate": 0.01, "uv": [312, 369], "mirror": true}
					]
				},
				{
					"name": "bone68",
					"parent": "bone14",
					"pivot": [-42.13378, 67.48525, -4.98157],
					"rotation": [-0.8886, -33.48138, 2.87792],
					"cubes": [
						{"origin": [-58.13378, 64.98525, -8.48157], "size": [16, 5, 10], "inflate": 0.01, "uv": [372, 350]}
					]
				},
				{
					"name": "bone69",
					"parent": "bone68",
					"pivot": [-41.13378, 68.48525, -1.48157],
					"rotation": [-5, 0, 0],
					"cubes": [
						{"origin": [-61.13378, 68.48525, -1.48157], "size": [20, 0, 28], "uv": [278, 28]}
					]
				},
				{
					"name": "bone70",
					"parent": "bone68",
					"pivot": [-57.63378, 67.23525, -1.23157],
					"cubes": [
						{"origin": [-77.63378, 64.73525, -8.73157], "size": [20, 6, 16], "uv": [72, 332]}
					]
				},
				{
					"name": "bone71",
					"parent": "bone70",
					"pivot": [-54.63378, 68.73525, 0.26843],
					"rotation": [-3.98269, 0.29375, -3.25637],
					"cubes": [
						{"origin": [-70.63378, 68.73525, -1.73157], "size": [19, 0, 44], "uv": [152, 0], "mirror": true}
					]
				},
				{
					"name": "bone72",
					"parent": "bone71",
					"pivot": [-70.63378, 68.73525, 5.01843],
					"rotation": [-1.99227, 1.87894, -6.81661],
					"cubes": [
						{"origin": [-92.62482, 68.71065, 5.01849], "size": [22, 0, 37], "inflate": 0.02, "uv": [431, 475], "mirror": true}
					]
				},
				{
					"name": "bone134",
					"parent": "bone72",
					"pivot": [-82.63378, 68.68525, 42.01843],
					"cubes": [
						{"origin": [-92.62482, 68.71065, 42.01849], "size": [22, 0, 26], "inflate": 0.02, "uv": [442, 449], "mirror": true}
					]
				},
				{
					"name": "bone73",
					"parent": "bone70",
					"pivot": [-78.08378, 67.73525, -6.48157],
					"rotation": [-0.79515, 12.28528, -15.35514],
					"cubes": [
						{"origin": [-93.13378, 64.73525, -10.98157], "size": [17, 6, 25], "inflate": 0.02, "uv": [278, 56]},
						{"origin": [-91.13378, 68.73525, -8.98157], "size": [13, 3, 5], "inflate": 0.02, "uv": [406, 269]}
					]
				},
				{
					"name": "bone74",
					"parent": "bone73",
					"pivot": [-78.13238, 68.22426, -11.04392],
					"cubes": [
						{"origin": [-79.13238, 66.22426, -15.04392], "size": [2, 2, 4], "uv": [128, 395]}
					]
				},
				{
					"name": "bone75",
					"parent": "bone74",
					"pivot": [-78.13238, 68.22426, -15.04392],
					"cubes": [
						{"origin": [-78.13238, 66.22426, -19.04392], "size": [0, 2, 4], "uv": [36, 396]}
					]
				},
				{
					"name": "bone76",
					"parent": "bone73",
					"pivot": [-81.88238, 69.72426, -11.04392],
					"cubes": [
						{"origin": [-82.88238, 67.72426, -15.04392], "size": [2, 2, 4], "uv": [384, 408]}
					]
				},
				{
					"name": "bone77",
					"parent": "bone76",
					"pivot": [-81.88238, 69.72426, -15.04392],
					"cubes": [
						{"origin": [-81.88238, 67.72426, -20.04392], "size": [0, 2, 5], "uv": [224, 426]}
					]
				},
				{
					"name": "bone78",
					"parent": "bone73",
					"pivot": [-85.13238, 70.22426, -11.04392],
					"cubes": [
						{"origin": [-86.13238, 68.22426, -16.04392], "size": [2, 2, 5], "uv": [276, 426]}
					]
				},
				{
					"name": "bone79",
					"parent": "bone78",
					"pivot": [-85.13238, 70.22426, -16.04392],
					"cubes": [
						{"origin": [-85.13238, 68.22426, -21.04392], "size": [0, 2, 5], "uv": [426, 324]}
					]
				},
				{
					"name": "bone80",
					"parent": "bone73",
					"pivot": [-88.38238, 69.72426, -10.29392],
					"cubes": [
						{"origin": [-89.38238, 67.72426, -15.29392], "size": [2, 2, 5], "uv": [290, 426]}
					]
				},
				{
					"name": "bone81",
					"parent": "bone80",
					"pivot": [-88.38238, 69.72426, -15.29392],
					"cubes": [
						{"origin": [-88.38238, 67.72426, -20.29392], "size": [0, 2, 5], "uv": [426, 331]}
					]
				},
				{
					"name": "bone82",
					"parent": "bone73",
					"pivot": [-92.60878, 67.98525, -8.63157],
					"rotation": [-4.42515, 59.90349, -4.98543],
					"cubes": [
						{"origin": [-132.59294, 66.61477, -8.64771], "size": [40, 3, 19], "uv": [215, 236]}
					]
				},
				{
					"name": "bone83",
					"parent": "bone82",
					"pivot": [-132.60878, 68.73525, -8.63157],
					"rotation": [-2.27523, 14.80759, -6.33666],
					"cubes": [
						{"origin": [-158.59294, 68.61477, -8.64771], "size": [26, 0, 20], "uv": [304, 208]}
					]
				},
				{
					"name": "bone84",
					"parent": "bone83",
					"pivot": [-158.60878, 68.73525, -8.63157],
					"rotation": [0, 0, -12.5],
					"cubes": [
						{"origin": [-184.59294, 68.61477, -8.64771], "size": [26, 0, 20], "uv": [160, 306]}
					]
				},
				{
					"name": "locator_seat_1",
					"parent": "bone5",
					"pivot": [0, 69, 10],
					"locators": {
						"seat_1": {
							"offset": [0, 58.75, 13],
							"rotation": [-30, 0, 0]
						}
					}
				},
				{
					"name": "bone7",
					"parent": "torso",
					"pivot": [0.5, 35.75, 13.25],
					"cubes": [
						{"origin": [-12.5, 25, 11.25], "size": [26, 22, 13], "uv": [75, 477]}
					]
				},
				{
					"name": "bone8",
					"parent": "bone7",
					"pivot": [0.5, 35, 22.25],
					"cubes": [
						{"origin": [-8, 27.25, 22.25], "size": [16, 16, 20], "uv": [0, 305]},
						{"origin": [-8, 27.25, 22.25], "size": [16, 16, 20], "inflate": 0.25, "uv": [952, 106]},
						{"origin": [-11, 24.25, 42.25], "size": [22, 22, 16], "uv": [84, 294]},
						{"origin": [-11, 24.25, 42.25], "size": [22, 22, 16], "inflate": 0.25, "uv": [948, 63]},
						{"origin": [-12, 23.25, 58.25], "size": [24, 24, 7], "uv": [334, 87]},
						{"origin": [-12, 20.25, 58.25], "size": [24, 3, 19], "uv": [160, 326]},
						{"origin": [-15, 20.25, 58.25], "size": [3, 30, 19], "uv": [0, 341]},
						{"origin": [-12, 47.25, 58.25], "size": [24, 3, 19], "uv": [252, 306]},
						{"origin": [12, 20.25, 58.25], "size": [3, 30, 19], "uv": [334, 118]},
						{"origin": [-15, 20.3, 58.25], "size": [30, 30, 19], "inflate": 0.25, "uv": [918, 0]}
					]
				},
				{
					"name": "bone9",
					"parent": "bone8",
					"pivot": [-23, 8.25, 38.25],
					"cubes": [
						{"origin": [-12, 22.25, 37], "size": [25, 0, 9], "uv": [338, 318]},
						{"origin": [-12, 48.25, 37], "size": [25, 0, 9], "uv": [338, 309]},
						{"origin": [13, 22.25, 37], "size": [0, 26, 9], "uv": [236, 387]},
						{"origin": [-12, 22.25, 37], "size": [0, 26, 9], "uv": [236, 387]}
					]
				},
				{
					"name": "bone10",
					"parent": "bone8",
					"pivot": [-23, 8.25, 56.5],
					"cubes": [
						{"origin": [-17, 18.25, 55.25], "size": [34, 0, 9], "uv": [152, 88]},
						{"origin": [-17, 52.25, 55.25], "size": [34, 0, 9], "uv": [152, 97]},
						{"origin": [17, 18.25, 55.25], "size": [0, 34, 9], "uv": [178, 379]},
						{"origin": [-17, 18.25, 55.25], "size": [0, 34, 9], "uv": [258, 384]}
					]
				},
				{
					"name": "bone11",
					"parent": "bone8",
					"pivot": [0, 34.25, 59.25],
					"cubes": [
						{"origin": [-8, 27.25, 64.25], "size": [16, 16, 15], "uv": [144, 348]}
					]
				},
				{
					"name": "turbine_tail",
					"parent": "bone11",
					"pivot": [0, 34.25, 65.25],
					"cubes": [
						{"origin": [-8, 27.25, 64.25], "size": [16, 16, 15], "inflate": 0.1, "uv": [814, 481]}
					]
				},
				{
					"name": "bone12",
					"parent": "bone11",
					"pivot": [0, 35.5, 77.25],
					"cubes": [
						{"origin": [-7, 28.25, 77.25], "size": [14, 14, 15], "uv": [348, 252]}
					]
				},
				{
					"name": "bone145",
					"parent": "bone12",
					"pivot": [0, 34.25, 78.25],
					"cubes": [
						{"origin": [-7, 28.25, 77.25], "size": [14, 14, 15], "inflate": 0.1, "uv": [816, 452]}
					]
				},
				{
					"name": "bone13",
					"parent": "bone12",
					"pivot": [0, 36, 91.25],
					"cubes": [
						{"origin": [-5, 29.75, 91.25], "size": [10, 11, 17], "uv": [348, 281]}
					]
				},
				{
					"name": "bone43",
					"parent": "bone13",
					"pivot": [0, 34.925, 106.75],
					"cubes": [
						{"origin": [-3, 30.675, 106.75], "size": [6, 9, 15], "uv": [378, 118]}
					]
				},
				{
					"name": "bone44",
					"parent": "bone43",
					"pivot": [0, 35.175, 120.25],
					"cubes": [
						{"origin": [-2, 31.925, 120.25], "size": [4, 7, 17], "uv": [378, 142]}
					]
				},
				{
					"name": "bone45",
					"parent": "bone44",
					"pivot": [1, 35.175, 135.75],
					"cubes": [
						{"origin": [0, 31.925, 135.75], "size": [0, 7, 17], "uv": [396, 166]}
					]
				},
				{
					"name": "bone58",
					"parent": "bone8",
					"pivot": [0, 20.25, 63.25],
					"rotation": [-5, 0, 0],
					"cubes": [
						{"origin": [-8.5, 20.25, 63.25], "size": [17, 0, 43], "uv": [-1, 168]}
					]
				},
				{
					"name": "bone123",
					"parent": "bone8",
					"pivot": [15, 50.25, 69.25],
					"rotation": [7.50706, 2.4786, 0.32652],
					"cubes": [
						{"origin": [15, 34.25, 69.25], "size": [0, 16, 40], "uv": [188, 456]},
						{"origin": [5, 50.25, 69.25], "size": [10, 0, 40], "uv": [237, 88]}
					]
				},
				{
					"name": "bone124",
					"parent": "bone8",
					"pivot": [-15, 50.25, 69.25],
					"rotation": [7.50706, -2.4786, -0.32652],
					"cubes": [
						{"origin": [-15, 34.25, 69.25], "size": [0, 16, 40], "uv": [273, 454]},
						{"origin": [-15, 50.25, 69.25], "size": [10, 0, 40], "uv": [240, 128]}
					]
				},
				{
					"name": "blaze_turbine",
					"parent": "bone8",
					"pivot": [0, 35.3, 65.25],
					"cubes": [
						{"origin": [-8, 27.25, 22.25], "size": [16, 16, 20], "inflate": 0.1, "uv": [802, 89]},
						{"origin": [-11, 24.25, 42.25], "size": [22, 22, 16], "inflate": 0.1, "uv": [799, 50]},
						{"origin": [-12, 23.3, 58.25], "size": [24, 24, 7], "inflate": 0.12, "uv": [801, 199]},
						{"origin": [-15, 23.3, 58.25], "size": [3, 24, 19], "inflate": 0.11, "uv": [783, 151]},
						{"origin": [12, 23.3, 58.25], "size": [3, 24, 19], "inflate": 0.11, "uv": [830, 150]},
						{"origin": [-15, 20.3, 58.25], "size": [30, 3, 19], "inflate": 0.1, "uv": [789, 127]},
						{"origin": [-15, 47.3, 58.25], "size": [30, 3, 19], "inflate": 0.1, "uv": [787, 0]}
					]
				},
				{
					"name": "bone98",
					"parent": "body",
					"pivot": [-14, 41.75, 0.75],
					"cubes": [
						{"origin": [-29, 21.75, -15.25], "size": [15, 31, 32], "uv": [0, 211]}
					]
				},
				{
					"name": "bone99",
					"parent": "bone98",
					"pivot": [-20.25, 49.75, -12.25]
				},
				{
					"name": "bone100",
					"parent": "bone99",
					"pivot": [-20.25, 49.75, -12.25],
					"rotation": [-45, 0, 0],
					"cubes": [
						{"origin": [-20.25, 49.75, -12.25], "size": [0, 14, 5], "uv": [304, 420]}
					]
				},
				{
					"name": "bone101",
					"parent": "bone100",
					"pivot": [-20.25, 63.75, -12.25],
					"cubes": [
						{"origin": [-20.25, 63.75, -12.25], "size": [0, 15, 5], "uv": [72, 305]}
					]
				},
				{
					"name": "bone102",
					"parent": "bone99",
					"pivot": [-20.25, 49.75, -4.25],
					"rotation": [-45, 0, 0],
					"cubes": [
						{"origin": [-20.25, 49.75, -4.25], "size": [0, 24, 7], "inflate": 0.01, "uv": [50, 409]}
					]
				},
				{
					"name": "bone103",
					"parent": "bone102",
					"pivot": [-20.25, 73.75, -4.25],
					"rotation": [-20, 0, 0],
					"cubes": [
						{"origin": [-20.25, 73.75, -4.25], "size": [0, 22, 7], "uv": [412, 13]}
					]
				},
				{
					"name": "bone104",
					"parent": "bone99",
					"pivot": [-20.25, 49.75, 4.75],
					"rotation": [-53.25, 0, 0],
					"cubes": [
						{"origin": [-20.25, 49.75, 4.75], "size": [0, 24, 7], "inflate": 0.01, "uv": [64, 409]}
					]
				},
				{
					"name": "bone105",
					"parent": "bone104",
					"pivot": [-20.25, 73.75, 4.75],
					"rotation": [-12.5, 0, 0],
					"cubes": [
						{"origin": [-20.25, 73.75, 4.75], "size": [0, 27, 7], "uv": [196, 407]}
					]
				},
				{
					"name": "bone106",
					"parent": "bone99",
					"pivot": [-20.25, 40.75, 0.75],
					"rotation": [-59.25, 0, 0],
					"cubes": [
						{"origin": [-20.25, 40.75, 0.75], "size": [0, 24, 7], "inflate": 0.01, "uv": [144, 409]}
					]
				},
				{
					"name": "bone107",
					"parent": "bone106",
					"pivot": [-20.25, 64.75, 0.75],
					"rotation": [-12.5, 0, 0],
					"cubes": [
						{"origin": [-20.25, 64.75, 0.75], "size": [0, 19, 7], "uv": [398, 416]}
					]
				},
				{
					"name": "bone108",
					"parent": "bone98",
					"pivot": [-20, 22.75, -1.75],
					"rotation": [12.5, 0, 0],
					"cubes": [
						{"origin": [-25.25, 11.75, -1.75], "size": [10, 11, 13], "uv": [362, 56]}
					]
				},
				{
					"name": "bone109",
					"parent": "bone108",
					"pivot": [-20, 11.75, 8],
					"rotation": [-37.5, 0, 0],
					"cubes": [
						{"origin": [-25, -2.25, -1], "size": [9, 14, 9], "uv": [0, 390]}
					]
				},
				{
					"name": "bone110",
					"parent": "bone109",
					"pivot": [-20, -0.5, 3],
					"rotation": [-32.5, 0, 0],
					"cubes": [
						{"origin": [-26, -2.12672, 2.14236], "size": [11, 8, 6], "uv": [406, 255]}
					]
				},
				{
					"name": "bone111",
					"parent": "bone110",
					"pivot": [-20, -2.12672, 8.14236],
					"rotation": [-32.5, 0, 0],
					"cubes": [
						{"origin": [-27, -11.12672, 2.14236], "size": [13, 9, 6], "inflate": 0.01, "uv": [396, 383]}
					]
				},
				{
					"name": "bone112",
					"parent": "bone111",
					"pivot": [-27, -11.12672, 8.14236],
					"rotation": [0, 0, -10],
					"cubes": [
						{"origin": [-27, -17.12672, 3.14236], "size": [4, 6, 5], "uv": [420, 152]}
					]
				},
				{
					"name": "bone113",
					"parent": "bone112",
					"pivot": [-27.5, -17.12672, 8.14236],
					"cubes": [
						{"origin": [-26.5, -23.12672, 4.14236], "size": [3, 6, 4], "uv": [236, 422]}
					]
				},
				{
					"name": "bone114",
					"parent": "bone111",
					"pivot": [-14, -11.12672, 8.14236],
					"rotation": [0, 0, 10],
					"cubes": [
						{"origin": [-18, -17.12672, 3.14236], "size": [4, 6, 5], "uv": [314, 420]}
					]
				},
				{
					"name": "bone115",
					"parent": "bone114",
					"pivot": [-14.5, -17.12672, 8.14236],
					"cubes": [
						{"origin": [-17.5, -23.12672, 4.14236], "size": [3, 6, 4], "uv": [424, 349]}
					]
				},
				{
					"name": "bone116",
					"parent": "bone111",
					"pivot": [-18.5, -11.12672, 8.14236],
					"cubes": [
						{"origin": [-23, -18.12672, 3.14236], "size": [5, 7, 5], "inflate": 0.01, "uv": [420, 129]}
					]
				},
				{
					"name": "bone117",
					"parent": "bone116",
					"pivot": [-18.5, -18.12672, 8.14236],
					"cubes": [
						{"origin": [-22, -23.12672, 4.14236], "size": [3, 5, 4], "inflate": 0.01, "uv": [426, 22]}
					]
				},
				{
					"name": "bone118",
					"parent": "bone110",
					"pivot": [-20, 5.87328, 4.14236],
					"rotation": [-62.5, 0, 0],
					"cubes": [
						{"origin": [-24, 3.87328, 1.14236], "size": [7, 9, 6], "uv": [412, 42]}
					]
				},
				{
					"name": "bone119",
					"parent": "bone118",
					"pivot": [-20, 12.87328, 1.64236],
					"rotation": [-22.5, 0, 0],
					"cubes": [
						{"origin": [-22, 12.87328, 1.64236], "size": [3, 4, 4], "uv": [210, 426]},
						{"origin": [-20.5, 16.87328, 1.64236], "size": [0, 2, 4], "uv": [36, 390]}
					]
				},
				{
					"name": "bone6",
					"parent": "body",
					"pivot": [14, 41.75, 0.75],
					"cubes": [
						{"origin": [14, 21.75, -15.25], "size": [15, 31, 32], "uv": [0, 211], "mirror": true}
					]
				},
				{
					"name": "bone46",
					"parent": "bone6",
					"pivot": [20.25, 49.75, -12.25]
				},
				{
					"name": "bone47",
					"parent": "bone46",
					"pivot": [20.25, 49.75, -12.25],
					"rotation": [-45, 0, 0],
					"cubes": [
						{"origin": [20.25, 49.75, -12.25], "size": [0, 14, 5], "uv": [304, 420], "mirror": true}
					]
				},
				{
					"name": "bone50",
					"parent": "bone47",
					"pivot": [20.25, 63.75, -12.25],
					"cubes": [
						{"origin": [20.25, 63.75, -12.25], "size": [0, 15, 5], "uv": [72, 305], "mirror": true}
					]
				},
				{
					"name": "bone51",
					"parent": "bone46",
					"pivot": [20.25, 49.75, -4.25],
					"rotation": [-45, 0, 0],
					"cubes": [
						{"origin": [20.25, 49.75, -4.25], "size": [0, 24, 7], "inflate": 0.01, "uv": [50, 409], "mirror": true}
					]
				},
				{
					"name": "bone52",
					"parent": "bone51",
					"pivot": [20.25, 73.75, -4.25],
					"rotation": [-20, 0, 0],
					"cubes": [
						{"origin": [20.25, 73.75, -4.25], "size": [0, 22, 7], "uv": [412, 13], "mirror": true}
					]
				},
				{
					"name": "bone53",
					"parent": "bone46",
					"pivot": [20.25, 49.75, 4.75],
					"rotation": [-53.25, 0, 0],
					"cubes": [
						{"origin": [20.25, 49.75, 4.75], "size": [0, 24, 7], "inflate": 0.01, "uv": [64, 409], "mirror": true}
					]
				},
				{
					"name": "bone54",
					"parent": "bone53",
					"pivot": [20.25, 73.75, 4.75],
					"rotation": [-12.5, 0, 0],
					"cubes": [
						{"origin": [20.25, 73.75, 4.75], "size": [0, 27, 7], "uv": [196, 407], "mirror": true}
					]
				},
				{
					"name": "bone55",
					"parent": "bone46",
					"pivot": [20.25, 40.75, 0.75],
					"rotation": [-59.25, 0, 0],
					"cubes": [
						{"origin": [20.25, 40.75, 0.75], "size": [0, 24, 7], "inflate": 0.01, "uv": [144, 409], "mirror": true}
					]
				},
				{
					"name": "bone56",
					"parent": "bone55",
					"pivot": [20.25, 64.75, 0.75],
					"rotation": [-12.5, 0, 0],
					"cubes": [
						{"origin": [20.25, 64.75, 0.75], "size": [0, 19, 7], "uv": [398, 416], "mirror": true}
					]
				},
				{
					"name": "bone57",
					"parent": "bone6",
					"pivot": [20, 22.75, -1.75],
					"rotation": [12.5, 0, 0],
					"cubes": [
						{"origin": [15.25, 11.75, -1.75], "size": [10, 11, 13], "uv": [362, 56], "mirror": true}
					]
				},
				{
					"name": "bone87",
					"parent": "bone57",
					"pivot": [20, 11.75, 8],
					"rotation": [-37.5, 0, 0],
					"cubes": [
						{"origin": [16, -2.25, -1], "size": [9, 14, 9], "uv": [0, 390], "mirror": true}
					]
				},
				{
					"name": "bone88",
					"parent": "bone87",
					"pivot": [20, -0.5, 3],
					"rotation": [-32.5, 0, 0],
					"cubes": [
						{"origin": [15, -2.12672, 2.14236], "size": [11, 8, 6], "uv": [406, 255], "mirror": true}
					]
				},
				{
					"name": "bone89",
					"parent": "bone88",
					"pivot": [20, -2.12672, 8.14236],
					"rotation": [-32.5, 0, 0],
					"cubes": [
						{"origin": [14, -11.12672, 2.14236], "size": [13, 9, 6], "inflate": 0.01, "uv": [396, 383], "mirror": true}
					]
				},
				{
					"name": "bone90",
					"parent": "bone89",
					"pivot": [27, -11.12672, 8.14236],
					"rotation": [0, 0, 10],
					"cubes": [
						{"origin": [23, -17.12672, 3.14236], "size": [4, 6, 5], "uv": [420, 152], "mirror": true}
					]
				},
				{
					"name": "bone91",
					"parent": "bone90",
					"pivot": [27.5, -17.12672, 8.14236],
					"cubes": [
						{"origin": [23.5, -23.12672, 4.14236], "size": [3, 6, 4], "uv": [236, 422], "mirror": true}
					]
				},
				{
					"name": "bone92",
					"parent": "bone89",
					"pivot": [14, -11.12672, 8.14236],
					"rotation": [0, 0, -10],
					"cubes": [
						{"origin": [14, -17.12672, 3.14236], "size": [4, 6, 5], "uv": [314, 420], "mirror": true}
					]
				},
				{
					"name": "bone93",
					"parent": "bone92",
					"pivot": [14.5, -17.12672, 8.14236],
					"cubes": [
						{"origin": [14.5, -23.12672, 4.14236], "size": [3, 6, 4], "uv": [424, 349], "mirror": true}
					]
				},
				{
					"name": "bone94",
					"parent": "bone89",
					"pivot": [18.5, -11.12672, 8.14236],
					"cubes": [
						{"origin": [18, -18.12672, 3.14236], "size": [5, 7, 5], "inflate": 0.01, "uv": [420, 129], "mirror": true}
					]
				},
				{
					"name": "bone95",
					"parent": "bone94",
					"pivot": [18.5, -18.12672, 8.14236],
					"cubes": [
						{"origin": [19, -23.12672, 4.14236], "size": [3, 5, 4], "inflate": 0.01, "uv": [426, 22], "mirror": true}
					]
				},
				{
					"name": "bone96",
					"parent": "bone88",
					"pivot": [20, 5.87328, 4.14236],
					"rotation": [-62.5, 0, 0],
					"cubes": [
						{"origin": [17, 3.87328, 1.14236], "size": [7, 9, 6], "uv": [412, 42], "mirror": true}
					]
				},
				{
					"name": "bone97",
					"parent": "bone96",
					"pivot": [20, 12.87328, 1.64236],
					"rotation": [-22.5, 0, 0],
					"cubes": [
						{"origin": [19, 12.87328, 1.64236], "size": [3, 4, 4], "uv": [210, 426], "mirror": true},
						{"origin": [20.5, 16.87328, 1.64236], "size": [0, 2, 4], "uv": [36, 390], "mirror": true}
					]
				}
			]
		}
	]
}