{
	"format_version": "1.12.0",
	"minecraft:geometry": [
		{
			"description": {
				"identifier": "geometry.chewtle",
				"texture_width": 64,
				"texture_height": 64,
				"visible_bounds_width": 3,
				"visible_bounds_height": 3.5,
				"visible_bounds_offset": [0, 1.25, 0]
			},
			"bones": [
				{
					"name": "chewtle",
					"pivot": [0, 0, -2]
				},
				{
					"name": "locator_top",
					"parent": "chewtle",
					"pivot": [0, 16, 0],
					"locators": {
						"top": [0, 16, 0]
					}
				},
				{
					"name": "locator_root",
					"parent": "chewtle",
					"pivot": [0, 0, -2],
					"locators": {
						"root": [0, 0, 0]
					}
				},
				{
					"name": "body",
					"parent": "chewtle",
					"pivot": [0, 0, -2]
				},
				{
					"name": "locator_target",
					"parent": "body",
					"pivot": [0, 10, -9],
					"locators": {
						"target": [0, 10, -9]
					}
				},
				{
					"name": "legs",
					"parent": "body",
					"pivot": [0, 0, -2]
				},
				{
					"name": "leg1",
					"parent": "legs",
					"pivot": [2, 0, -2],
					"cubes": [
						{"origin": [-3.5, 0, -2.4], "size": [2, 3, 2], "inflate": -0.01, "uv": [0, 54]}
					]
				},
				{
					"name": "leg_part1",
					"parent": "leg1",
					"pivot": [2, -2, -2],
					"cubes": [
						{"origin": [-3.5, 0, -2.4], "size": [2, 1, 2], "uv": [52, 22]}
					]
				},
				{
					"name": "leg2",
					"parent": "legs",
					"pivot": [-2, 0, -2],
					"cubes": [
						{"origin": [1.5, 0, -2.4], "size": [2, 3, 2], "inflate": -0.01, "uv": [9, 54]}
					]
				},
				{
					"name": "leg_part2",
					"parent": "leg2",
					"pivot": [-2, -2, -2],
					"cubes": [
						{"origin": [1.5, 0, -2.4], "size": [2, 1, 2], "uv": [56, 5]}
					]
				},
				{
					"name": "leg3",
					"parent": "legs",
					"pivot": [-1, 0, 2],
					"cubes": [
						{"origin": [1.5, 0, 1.6], "size": [2, 3, 2], "inflate": -0.01, "uv": [9, 54]}
					]
				},
				{
					"name": "leg_part3",
					"parent": "leg3",
					"pivot": [-1, -2, 2],
					"cubes": [
						{"origin": [1.5, 0, 1.6], "size": [2, 1, 2], "uv": [56, 5]}
					]
				},
				{
					"name": "leg4",
					"parent": "legs",
					"pivot": [1, 0, 2],
					"cubes": [
						{"origin": [-3.5, 0, 1.6], "size": [2, 3, 2], "inflate": -0.01, "uv": [0, 54]}
					]
				},
				{
					"name": "leg_part4",
					"parent": "leg4",
					"pivot": [1, -2, 2],
					"cubes": [
						{"origin": [-3.5, 0, 1.6], "size": [2, 1, 2], "uv": [52, 22]}
					]
				},
				{
					"name": "torso",
					"parent": "body",
					"pivot": [0, 0, -2],
					"cubes": [
						{"origin": [-3, 2, -3], "size": [6, 4, 7], "uv": [35, 26]},
						{"origin": [-3, 3, 4.01], "size": [6, 3, 0], "uv": [39, 22]},
						{"origin": [-3, 3, -3.01], "size": [6, 3, 0], "uv": [44, 0]},
						{"origin": [3.01, 3, -3], "size": [0, 3, 7], "uv": [41, 11]},
						{"origin": [-3.01, 3, -3], "size": [0, 3, 7], "uv": [41, 11], "mirror": true}
					]
				},
				{
					"name": "tail",
					"parent": "torso",
					"pivot": [0, 4, 4],
					"cubes": [
						{"origin": [-1, 2, 3], "size": [2, 2, 3], "uv": [30, 52]},
						{"origin": [0, 2.3, 6], "size": [0, 2, 3], "pivot": [-1, 2, 7], "rotation": [17.5, 0, 0], "uv": [18, 56]}
					]
				},
				{
					"name": "locator_tail",
					"parent": "tail",
					"pivot": [0, 4, 4],
					"locators": {
						"tail": [0, 4, 6]
					}
				},
				{
					"name": "neck",
					"parent": "torso",
					"pivot": [0, 0, -2],
					"cubes": [
						{"origin": [-2, 6, -5.5], "size": [4, 1, 3], "uv": [40, 46]},
						{"origin": [-1.5, 3, -4], "size": [3, 4, 2], "pivot": [-1, 4, -4], "rotation": [27.5, 0, 0], "uv": [19, 49]}
					]
				},
				{
					"name": "head",
					"parent": "neck",
					"pivot": [1, 8, -6],
					"cubes": [
						{"origin": [-5, 10, -9], "size": [10, 5, 10], "uv": [0, 0]},
						{"origin": [-5, 6.99, -8], "size": [10, 0, 9], "uv": [0, 16]},
						{"origin": [-4.5, 7, -7], "size": [9, 1, 8], "uv": [0, 26]},
						{"origin": [-5, 7, 1], "size": [10, 4, 0], "uv": [19, 44]},
						{"origin": [5.01, 7, -8], "size": [0, 4, 9], "uv": [0, 36]},
						{"origin": [-2, 15, -6], "size": [4, 3, 4], "uv": [44, 38]},
						{"origin": [-1, 17.5, -5], "size": [2, 3, 2], "uv": [50, 52]},
						{"origin": [5, 8, -8], "size": [1, 4, 3], "uv": [41, 52]},
						{"origin": [-6, 8, -8], "size": [1, 4, 3], "uv": [41, 52], "mirror": true},
						{"origin": [-1.5, 9.5, -9.01], "size": [3, 1, 0], "uv": [28, 36]},
						{"origin": [-5.01, 7, -8], "size": [0, 4, 9], "uv": [0, 36], "mirror": true}
					]
				},
				{
					"name": "smile",
					"parent": "head",
					"pivot": [11, 0, -3],
					"cubes": [
						{"origin": [-2, 9, -9.02], "size": [4, -1, 0], "uv": [0, 1]}
					]
				},
				{
					"name": "eyes",
					"parent": "head",
					"pivot": [0, 1, -3]
				},
				{
					"name": "eye1",
					"parent": "eyes",
					"pivot": [0, 1, -3],
					"cubes": [
						{"origin": [2, 11, -8.62], "size": [1, 2, 0], "inflate": 0.4, "uv": [37, 49]},
						{"origin": [2, 11.38, -9.03], "size": [1, 2, 0], "uv": [13, 50]}
					]
				},
				{
					"name": "eye2",
					"parent": "eyes",
					"pivot": [0, 1, -3],
					"cubes": [
						{"origin": [-3, 11, -8.62], "size": [1, 2, 0], "inflate": 0.4, "uv": [16, 50]},
						{"origin": [-3, 11.38, -9.03], "size": [1, 2, 0], "uv": [56, 19]}
					]
				},
				{
					"name": "eyebrows",
					"parent": "eyes",
					"pivot": [0, 1, -3]
				},
				{
					"name": "brow1",
					"parent": "eyebrows",
					"pivot": [0, 1, -3],
					"cubes": [
						{"origin": [2, 13.5, -9.04], "size": [2, 1, 0], "uv": [31, 49]},
						{"origin": [-4, 13.5, -9.04], "size": [2, 1, 0], "uv": [31, 49], "mirror": true},
						{"origin": [-3, 13, -9.04], "size": [6, 1, 0], "uv": [20, 36]}
					]
				},
				{
					"name": "mounch",
					"parent": "head",
					"pivot": [11, 0, -3],
					"cubes": [
						{"origin": [-5, 7, -9], "size": [10, 3, 2], "uv": [19, 38]}
					]
				}
			]
		}
	]
}