{
  "species": "cobblemon:aromatisse",
  "order": 1,
  "variations": [
    {
      "aspects": [],
      "poser": "cobblemon:aromatisse",
      "model": "cobblemon:aromatisse.geo",
      "texture": "cobblemon:textures/pokemon/aromatisse/aromatisse.png",
      "layers": [
        {
              "name": "emissive",
              "emissive": true,
              "texture": "cobblemon:textures/pokemon/aromatisse/aromatisse_emissive.png",
              "translucent": false
        }
      ]
    },
    {
      "aspects": [
        "shiny"
      ],
      "texture": "cobblemon:textures/pokemon/aromatisse/aromatisse_shiny.png",
      "layers": [
        {
              "name": "emissive",
              "emissive": true,
              "texture": "cobblemon:textures/pokemon/aromatisse/aromatisse_emissive_shiny.png",
              "translucent": false
        }
      ]
    }
  ]
}