{
  "species": "cobblemon:blipbug",
  "order": 1,
  "variations": [
    {
      "aspects": [],
      "poser": "cobblemon:blipbug",
      "model": "cobblemon:blipbug.geo",
      "texture": "cobblemon:textures/pokemon/blipbug/blipbug.png",
      "layers": [
        {
              "name": "glow",
              "emissive": true,
              "texture": "cobblemon:textures/pokemon/blipbug/blipbug_emissive.png",
              "translucent": false
        }
      ]
    },
    {
      "aspects": [
        "shiny"
      ],
      "texture": "cobblemon:textures/pokemon/blipbug/blipbug_shiny.png",
      "layers": [
        {
              "name": "glow",
              "emissive": true,
              "texture": "cobblemon:textures/pokemon/blipbug/blipbug_emissive.png"
        }
      ]
    }
  ]
}