{
  "species": "cobblemon:dottler",
  "order": 1,
  "variations": [
    {
      "aspects": [],
      "poser": "cobblemon:dottler",
      "model": "cobblemon:dottler.geo",
      "texture": "cobblemon:textures/pokemon/dottler/dottler.png",
      "layers": [
        {
              "name": "glow",
              "emissive": true,
              "texture": "cobblemon:textures/pokemon/dottler/dottler_emissive.png"
        }
      ]
    },
    {
      "aspects": [
        "shiny"
      ],
      "texture": "cobblemon:textures/pokemon/dottler/dottler_shiny.png",
      "layers": [
        {
              "name": "glow",
              "emissive": true,
              "texture": "cobblemon:textures/pokemon/dottler/dottler_emissive.png"
        }
      ]
    }
  ]
}
