{
  "species": "cobblemon:rolycoly",
  "order": 1,
  "variations": [
    {
      "aspects": [],
      "poser": "cobblemon:rolycoly",
      "model": "cobblemon:rolycoly.geo",
      "texture": "cobblemon:textures/pokemon/rolycoly/rolycoly.png",
      "layers": [
        {
              "name": "glow",
              "emissive": true,
              "texture": "cobblemon:textures/pokemon/rolycoly/rolycoly_emissive.png",
              "translucent": false
        }
      ]
    },
    {
      "aspects": [
        "shiny"
      ],
      "texture": "cobblemon:textures/pokemon/rolycoly/rolycoly_shiny.png",
      "layers": [
        {
              "name": "glow",
              "emissive": true,
              "texture": "cobblemon:textures/pokemon/rolycoly/rolycoly_emissive_shiny.png",
              "translucent": false
        }
      ]
    }
  ]
}