{
  "species": "cobblemon:runerigus",
  "order": 1,
  "variations": [
    {
      "aspects": [],
      "poser": "cobblemon:runerigus",
      "model": "cobblemon:runerigus.geo",
      "texture": "cobblemon:textures/pokemon/runerigus/runerigus.png",
      "layers": [
        {
              "name": "emissive",
              "emissive": true,
              "texture": "cobblemon:textures/pokemon/runerigus/runerigus_emissive.png"
        }
      ]
    },
    {
      "aspects": [
        "shiny"
      ],
      "texture": "cobblemon:textures/pokemon/runerigus/runerigus_shiny.png",
      "layers": [
        {
              "name": "emissive",
              "emissive": true,
              "texture": "cobblemon:textures/pokemon/runerigus/runerigus_emissive_shiny.png"
        }
      ]
    }
  ]
}