{
    "portraitScale":2.25,
    "portraitTranslation":[-0.65,-0.15,0],
    "profileScale":0.6,
    "profileTranslation":[0,0.8,0],
    "head":"head",
    "poses":{
        "standing":{
            "poseName":"standing",
            "transformTicks":10,
            "poseTypes":["STAND","NONE","PROFILE","PORTRAIT"],
            "animations":["look","bedrock(passimian, pose)"],
            "quirks":[]
        },
        "walking":{
            "poseName":"walking",
            "transformTicks":10,
            "poseTypes":["WALK"],
            "animations":["look","bedrock(passimian, pose)"]
        }
    }
}