{
  "species": "cobblemon:typhlosion",
  "order": 1,
  "variations": [
    {
      "aspects": [
        "shiny",
        "radiant"
      ],
      "poser": "cobblemon:typhlosion",
      "model": "cobblemon:typhlosion.geo",
      "texture": "cobblemon:textures/pokemon/0157_typhlosion/typhlosion_radiant.png",
      "layers": [
        {
          "name": "emissive",
          "texture": "cobblemon:textures/pokemon/0157_typhlosion/typhlosion_fire_emissive_radiant.png",
          "emissive": true,
          "translucent": true
        }
      ]
    }
  ]
}