{
  "species": "cobblemon:tentacool",
  "order": 1,
  "variations": [
    {
      "aspects": [
        "shiny",
        "radiant"
      ],
      "poser": "cobblemon:tentacool",
      "model": "cobblemon:tentacool.geo",
      "texture": "cobblemon:textures/pokemon/0072_tentacool/tentacool_radiant.png",
      "layers": [
        {
          "name": "glow",
          "texture": "cobblemon:textures/pokemon/0072_tentacool/tentacool_emissive_radiant.png",
          "emissive": true
        }
      ]
    }
  ]
}