{
  "species": "cobblemon:pichu",
  "order": 1,
  "variations": [
    {
      "aspects": [
        "shiny",
        "radiant"
      ],
      "poser": "cobblemon:pichu",
      "model": "cobblemon:pichu.geo",
      "texture": "cobblemon:textures/pokemon/0172_pichu/pichu_radiant.png",
      "layers": [
        {
          "name": "emissive",
          "texture": "cobblemon:textures/pokemon/0172_pichu/pichu_emissive_radiant.png",
          "emissive": true,
          "translucent": false
        }
      ]
    }
  ]
}