{
  "species": "cobblemon:masquerain",
  "order": 1,
  "variations": [
    {
      "aspects": [
        "shiny",
        "radiant"
      ],
      "poser": "cobblemon:masquerain",
      "model": "cobblemon:masquerain.geo",
      "texture": "cobblemon:textures/pokemon/0284_masquerain/masquerain_radiant.png",
      "layers": [
        {
          "name": "wings",
          "texture": "cobblemon:textures/pokemon/0284_masquerain/masquerain_wings_radiant.png",
          "translucent": true
        }
      ]
    }
  ]
}