{
  "species": "cobblemon:spiritomb",
  "order": 1,
  "variations": [
    {
      "aspects": [
        "shiny",
        "radiant"
      ],
      "poser": "cobblemon:spiritomb",
      "model": "cobblemon:spiritomb.geo",
      "texture": "cobblemon:textures/pokemon/0442_spiritomb/spiritomb_radiant.png",
      "layers": [
        {
          "name": "emissive",
          "emissive": true,
          "texture": "cobblemon:textures/pokemon/0442_spiritomb/spiritomb_emissive_radiant.png",
          "translucent": true
        },
        {
          "name": "transparent_emissive",
          "emissive": true,
          "texture": "cobblemon:textures/pokemon/0442_spiritomb/spiritomb_transparency_radiant.png",
          "translucent": true
        }
      ]
    }
  ]
}