{
  "species": "cobblemon:ponyta",
  "order": 1,
  "variations": [
    {
      "aspects": [
        "shiny",
        "radiant"
      ],
      "poser": "cobblemon:ponyta",
      "model": "cobblemon:ponyta.geo",
      "texture": "cobblemon:textures/pokemon/0077_ponyta/ponyta_radiant.png",
      "layers": [
        {
          "name": "emissive",
          "texture": {
            "frames": [
              "cobblemon:textures/pokemon/0077_ponyta/fire/normal/1_radiant.png",
              "cobblemon:textures/pokemon/0077_ponyta/fire/normal/2_radiant.png",
              "cobblemon:textures/pokemon/0077_ponyta/fire/normal/3_radiant.png",
              "cobblemon:textures/pokemon/0077_ponyta/fire/normal/4_radiant.png"
            ],
            "fps": 10,
            "loop": true
          },
          "emissive": true
        }
      ]
    }
  ]
}