{
  "species": "cobblemon:rapidash",
  "order": 1,
  "variations": [
    {
      "aspects": [
        "shiny",
        "radiant"
      ],
      "poser": "cobblemon:rapidash",
      "model": "cobblemon:rapidash.geo",
      "texture": "cobblemon:textures/pokemon/0078_rapidash/rapidash_radiant.png",
      "layers": [
        {
          "name": "emissive",
          "texture": {
            "frames": [
              "cobblemon:textures/pokemon/0078_rapidash/fire/normal/1_radiant.png",
              "cobblemon:textures/pokemon/0078_rapidash/fire/normal/2_radiant.png",
              "cobblemon:textures/pokemon/0078_rapidash/fire/normal/3_radiant.png",
              "cobblemon:textures/pokemon/0078_rapidash/fire/normal/4_radiant.png"
            ],
            "fps": 10,
            "loop": true
          },
          "emissive": true
        }
      ]
    }
  ]
}