{
  "species": "cobblemon:infernape",
  "order": 1,
  "variations": [
    {
      "aspects": [
        "shiny",
        "radiant"
      ],
      "poser": "cobblemon:infernape",
      "model": "cobblemon:infernape.geo",
      "texture": "cobblemon:textures/pokemon/0392_infernape/infernape_radiant.png",
      "layers": [
        {
          "name": "emissive",
          "emissive": true,
          "texture": "cobblemon:textures/pokemon/0392_infernape/infernape_emissive_radiant.png",
          "translucent": true
        }
      ]
    }
  ]
}