{
  "species": "cobblemon:flygon",
  "order": 1,
  "variations": [
    {
      "aspects": [
        "shiny",
        "radiant"
      ],
      "poser": "cobblemon:flygon",
      "model": "cobblemon:flygon.geo",
      "texture": "cobblemon:textures/pokemon/0330_flygon/flygon_radiant.png",
      "layers": [
        {
          "name": "eyes",
          "texture": "cobblemon:textures/pokemon/0330_flygon/flygon_transparency_radiant.png",
          "translucent": true,
          "translucent_cull": true
        }
      ]
    }
  ]
}