{
  "species": "cobblemon:magcargo",
  "order": 1,
  "variations": [
    {
      "aspects": [
        "shiny",
        "shiny",
        "radiant"
      ],
      "poser": "cobblemon:magcargo_shiny",
      "model": "cobblemon:magcargo.geo",
      "texture": "cobblemon:textures/pokemon/0219_magcargo/magcargo_shiny_radiant.png",
      "layers": [
        {
          "name": "glow",
          "texture": "cobblemon:textures/pokemon/0219_magcargo/magcargo_shiny_emissive_radiant.png",
          "emissive": true,
          "translucent": true
        },
        {
          "name": "flame",
          "texture": {
            "frames": [
              "cobblemon:textures/pokemon/0219_magcargo/magcargo__flame_0_radiant.png",
              "cobblemon:textures/pokemon/0219_magcargo/magcargo__flame_1_radiant.png",
              "cobblemon:textures/pokemon/0219_magcargo/magcargo__flame_2_radiant.png",
              "cobblemon:textures/pokemon/0219_magcargo/magcargo__flame_3_radiant.png"
            ],
            "fps": 10,
            "loop": true
          },
          "emissive": true
        }
      ]
    }
  ]
}