{
  "species": "cobblemon:luxio",
  "order": 1,
  "variations": [
    {
      "aspects": [
        "shiny",
        "radiant"
      ],
      "poser": "cobblemon:luxio",
      "model": "cobblemon:luxio_male.geo",
      "texture": "cobblemon:textures/pokemon/0404_luxio/luxio_radiant.png",
      "layers": [
        {
          "name": "emissive",
          "emissive": true,
          "texture": "cobblemon:textures/pokemon/0404_luxio/luxio_emissive_radiant.png",
          "translucent": false
        }
      ]
    }
  ]
}