{
  "species": "cobblemon:noctowl",
  "order": 1,
  "variations": [
    {
      "aspects": [
        "shiny",
        "radiant"
      ],
      "poser": "cobblemon:noctowl",
      "model": "cobblemon:noctowl.geo",
      "texture": "cobblemon:textures/pokemon/0164_noctowl/noctowl_radiant.png",
      "layers": [
        {
          "name": "emissive",
          "texture": "cobblemon:textures/pokemon/0164_noctowl/noctowl_emissive_radiant.png",
          "emissive": "true"
        }
      ]
    }
  ]
}