{
  "species": "cobblemon:lumineon",
  "order": 1,
  "variations": [
    {
      "aspects": [
        "shiny",
        "radiant"
      ],
      "poser": "cobblemon:lumineon",
      "model": "cobblemon:lumineon.geo",
      "texture": "cobblemon:textures/pokemon/0457_lumineon/lumineon_radiant.png",
      "layers": [
        {
          "name": "emissive",
          "emissive": true,
          "texture": "cobblemon:textures/pokemon/0457_lumineon/lumineon_emissive_radiant.png"
        }
      ]
    }
  ]
}