{
  "species": "cobblemon:smeargle",
  "order": 1,
  "variations": [
    {
      "aspects": [
        "shiny",
        "radiant"
      ],
      "poser": "cobblemon:smeargle",
      "model": "cobblemon:smeargle.geo",
      "texture": "cobblemon:textures/pokemon/0235_smeargle/smeargle_radiant.png",
      "layers": [
        {
          "name": "paint",
          "translucent": true,
          "texture": "cobblemon:textures/pokemon/0235_smeargle/smeargle_paint_green_radiant.png"
        }
      ]
    }
  ]
}