{
  "species": "cobblemon:shinx",
  "order": 1,
  "variations": [
    {
      "aspects": [
        "shiny",
        "radiant"
      ],
      "poser": "cobblemon:shinx",
      "model": "cobblemon:shinx_male.geo",
      "texture": "cobblemon:textures/pokemon/0403_shinx/shinx_radiant.png",
      "layers": [
        {
          "name": "emissive",
          "emissive": true,
          "texture": "cobblemon:textures/pokemon/0403_shinx/shinx_emissive_radiant.png",
          "translucent": false
        }
      ]
    }
  ]
}