{
	"format_version": "1.12.0",
	"minecraft:geometry": [
		{
			"description": {
				"identifier": "geometry.unknown",
				"texture_width": 64,
				"texture_height": 64,
				"visible_bounds_width": 2,
				"visible_bounds_height": 2.5,
				"visible_bounds_offset": [0, 0.75, 0]
			},
			"bones": [
				{
					"name": "furfrouwhite",
					"pivot": [0, 0, 0]
				},
				{
					"name": "body",
					"parent": "furfrouwhite",
					"pivot": [0, 0, 0]
				},
				{
					"name": "torso",
					"parent": "body",
					"pivot": [0, 7.67057, -1.97437],
					"rotation": [-26.5, 0, 0],
					"cubes": [
						{"origin": [-2, 5.67057, -3.97437], "size": [4, 4, 4], "inflate": 0.025, "uv": [20, 15]}
					]
				},
				{
					"name": "neck",
					"parent": "torso",
					"pivot": [0, 7.83782, -2.2372],
					"rotation": [26.5, 0, 0],
					"cubes": [
						{"origin": [-1.5, 6.69716, -3.7117], "size": [3, 6, 3], "pivot": [-0.5, 11.19716, -1.2117], "rotation": [-7.75, 0, 0], "uv": [28, 23]},
						{"origin": [-1.5, 9.89259, -1.34427], "size": [3, 1, 1], "inflate": 0.025, "pivot": [-0.5, 10.89259, -1.84427], "rotation": [37.25, 0, 0], "uv": [38, 13]},
						{"origin": [-2, 11.79716, -2.2117], "size": [4, 1, 2], "inflate": 0.025, "pivot": [-0.5, 11.19716, -1.2117], "rotation": [-12.75, 0, 0], "uv": [36, 15]},
						{"origin": [-1.1, 8.19716, -3.4617], "size": [1, 1, 1], "pivot": [-2.4, 10.69716, -1.9617], "rotation": [-30.25, 15, -0.00002], "uv": [52, 50]},
						{"origin": [0.1, 8.19716, -3.4617], "size": [1, 1, 1], "pivot": [2.4, 10.69716, -1.9617], "rotation": [-30.25, -15, 0.00002], "uv": [50, 52]},
						{"origin": [0.1, 9.19716, -4.4617], "size": [1, 2, 2], "pivot": [2.4, 10.69716, -1.9617], "rotation": [-30.25, -15, 0.00002], "uv": [48, 14]},
						{"origin": [-1.1, 9.19716, -4.4617], "size": [1, 2, 2], "pivot": [-2.4, 10.69716, -1.9617], "rotation": [-30.25, 15, -0.00002], "uv": [8, 48]}
					]
				},
				{
					"name": "head",
					"parent": "neck",
					"pivot": [-0.23716, 12.25576, -2.2185],
					"rotation": [7.5, 0, 0],
					"cubes": [
						{"origin": [-2, 12.0493, -4.95866], "size": [4, 4, 4], "uv": [22, 0]},
						{"origin": [-0.5, 13.06093, -5.76191], "size": [1, 1, 1], "pivot": [-1.5, 14.2243, -3.48366], "rotation": [18.75, 0, 0], "uv": [52, 12]},
						{"origin": [-2.5, 13.7993, -0.20866], "size": [5, 4, 2], "pivot": [0.5, 13.2993, -2.70866], "rotation": [7.5, 0, 0], "uv": [0, 31]},
						{"origin": [-2.5, 14.7993, -5.20866], "size": [5, 3, 6], "pivot": [0.5, 13.2993, -2.70866], "rotation": [7.5, 0, 0], "uv": [0, 0]},
						{"origin": [-2.5, 17.7993, -4.20866], "size": [5, 1, 5], "pivot": [0.5, 13.2993, -2.70866], "rotation": [7.5, 0, 0], "uv": [0, 17]},
						{"origin": [-0.5, 17.48698, -5.17228], "size": [1, 2, 6], "pivot": [0, 18.48698, -3.92228], "rotation": [20, 0, 0], "uv": [0, 23]},
						{"origin": [-0.5, 11.18698, -5.17228], "size": [1, 2, 6], "inflate": 0.025, "pivot": [0, 18.68698, -3.92228], "rotation": [20, 0, 0], "uv": [14, 23]},
						{"origin": [-0.5, 11.00495, -2.45119], "size": [1, 1, 5], "pivot": [0, 11.25495, -0.95119], "rotation": [10, 0, 0], "uv": [28, 32]},
						{"origin": [-0.5, 12.18698, 0.87772], "size": [1, 1, 1], "inflate": 0.025, "pivot": [0, 18.68698, -3.92228], "rotation": [20, 0, 0], "uv": [52, 48]},
						{"origin": [-0.5, 18.48698, 0.82772], "size": [1, 1, 1], "pivot": [0, 18.48698, -3.92228], "rotation": [20, 0, 0], "uv": [52, 46]},
						{"origin": [1.55, 13.74081, -1.38676], "size": [3, 3, 2], "pivot": [3.3, 14.74081, -0.38676], "rotation": [7.24721, 1.93597, -14.87739], "uv": [14, 35]},
						{"origin": [3.05, 16.74081, -0.88676], "size": [1, 2, 1], "pivot": [3.3, 14.74081, -0.38676], "rotation": [7.24721, 1.93597, -14.87739], "uv": [42, 52]},
						{"origin": [-4.55, 13.74081, -1.38676], "size": [3, 3, 2], "pivot": [-3.3, 14.74081, -0.38676], "rotation": [7.24721, -1.93597, 14.87739], "uv": [36, 18]},
						{"origin": [-4.05, 16.74081, -0.88676], "size": [1, 2, 1], "pivot": [-3.3, 14.74081, -0.38676], "rotation": [7.24721, -1.93597, 14.87739], "uv": [52, 43]}
					]
				},
				{
					"name": "eye_left",
					"parent": "head",
					"pivot": [2.025, 13.43838, -3.28064],
					"rotation": [-7.5, 0, 0]
				},
				{
					"name": "eyelid_upper_left",
					"parent": "eye_left",
					"pivot": [2.0375, 13.83378, -3.60192],
					"cubes": [
						{"origin": [2.025, 13.34141, -4.99155], "size": [0, 1, 3], "pivot": [2.025, 13.84141, -3.49155], "rotation": [7.24721, 1.93597, -14.87739], "uv": [46, 10]},
						{"origin": [2.05, 13.51338, -4.85564], "size": [0, 1, 2], "pivot": [0.05, 15.01338, -2.35564], "rotation": [7.5, 0, 0], "uv": [30, 51]}
					]
				},
				{
					"name": "eyeball_left",
					"parent": "eye_left",
					"pivot": [2.025, 13.25115, -3.63728],
					"cubes": [
						{"origin": [2.025, 12.93838, -4.78064], "size": [0, 1, 2], "pivot": [0.025, 14.43838, -2.28064], "rotation": [7.5, 0, 0], "uv": [24, 35]}
					]
				},
				{
					"name": "eyelid_lower_left",
					"parent": "eye_left",
					"pivot": [0.025, 14.43838, -2.28064],
					"cubes": [
						{"origin": [1.775, 12.93838, -4.78064], "size": [0, 1, 2], "pivot": [-0.225, 14.43838, -2.28064], "rotation": [7.5, 0, 0], "uv": [8, 52]}
					]
				},
				{
					"name": "eye_right",
					"parent": "head",
					"pivot": [-2.025, 13.43838, -3.28064],
					"rotation": [-7.5, 0, 0]
				},
				{
					"name": "eyelid_upper_right",
					"parent": "eye_right",
					"pivot": [-2.0375, 13.83378, -3.60192],
					"cubes": [
						{"origin": [-2.025, 13.34141, -4.99155], "size": [0, 1, 3], "pivot": [-2.025, 13.84141, -3.49155], "rotation": [7.24721, -1.93597, 14.87739], "uv": [46, 39]},
						{"origin": [-2.05, 13.51338, -4.85564], "size": [0, 1, 2], "pivot": [-0.05, 15.01338, -2.35564], "rotation": [7.5, 0, 0], "uv": [34, 51]}
					]
				},
				{
					"name": "eyeball_right",
					"parent": "eye_right",
					"pivot": [-2.025, 13.25115, -3.63728],
					"cubes": [
						{"origin": [-2.025, 12.93838, -4.78064], "size": [0, 1, 2], "pivot": [-0.025, 14.43838, -2.28064], "rotation": [7.5, 0, 0], "uv": [52, 6]}
					]
				},
				{
					"name": "eyelid_lower_right",
					"parent": "eye_right",
					"pivot": [-0.025, 14.43838, -2.28064],
					"cubes": [
						{"origin": [-1.775, 12.93838, -4.78064], "size": [0, 1, 2], "pivot": [0.225, 14.43838, -2.28064], "rotation": [7.5, 0, 0], "uv": [52, 9]}
					]
				},
				{
					"name": "snout",
					"parent": "head",
					"pivot": [0, 12.04043, -4.93409],
					"rotation": [-7.5, 0, 0],
					"cubes": [
						{"origin": [-1, 11.93065, -6.74682], "size": [2, 1, 2], "pivot": [-1, 13.02858, -4.21783], "rotation": [-11.25, 0, 0], "uv": [22, 42]}
					]
				},
				{
					"name": "mouth",
					"parent": "snout",
					"pivot": [0, 12.32797, -5.44612],
					"cubes": [
						{"origin": [-0.5, 12.10565, -6.24682], "size": [1, 0, 2], "pivot": [-1.5, 13.22858, -4.21783], "rotation": [-11.25, 0, 0], "uv": [46, 43]}
					]
				},
				{
					"name": "nose",
					"parent": "snout",
					"pivot": [0, 13.17858, -6.61783],
					"cubes": [
						{"origin": [-0.5, 12.92858, -7.36783], "size": [1, 1, 1], "uv": [46, 52]}
					]
				},
				{
					"name": "star_2",
					"parent": "head",
					"pivot": [0, 14.66993, -4.84307],
					"rotation": [7.5, 0, 0],
					"cubes": [
						{"origin": [-0.5, 15.39493, -5.89307], "size": [1, 2, 1], "pivot": [0, 15.41993, -4.94307], "rotation": [0, 0, 72], "uv": [52, 18]},
						{"origin": [-0.5, 15.41993, -5.89307], "size": [1, 2, 1], "uv": [56, 34]},
						{"origin": [-1, 14.26993, -5.91807], "size": [2, 2, 1], "uv": [48, 22]},
						{"origin": [-0.5, 15.41993, -5.89307], "size": [1, 2, 1], "pivot": [0, 15.41993, -4.94307], "rotation": [0, 0, -72], "uv": [52, 37]},
						{"origin": [-0.5, 15.41993, -5.89307], "size": [1, 2, 1], "pivot": [0, 15.41993, -4.94307], "rotation": [0, 0, -144], "uv": [38, 52]},
						{"origin": [-0.5, 15.41993, -5.89307], "size": [1, 2, 1], "pivot": [0, 15.41993, -4.94307], "rotation": [0, 0, 144], "uv": [52, 40]}
					]
				},
				{
					"name": "ear_left",
					"parent": "head",
					"pivot": [2.57201, 13.92004, -1.54953],
					"rotation": [-7.47178, -0.65182, -4.95744],
					"cubes": [
						{"origin": [2.05, 10.525, -2.55], "size": [0, 4, 2], "uv": [14, 47]},
						{"origin": [1.775, 8.53172, -2.58864], "size": [1, 2, 2], "uv": [46, 6]},
						{"origin": [2.9, 8.53172, -2.58864], "size": [0, 2, 3], "pivot": [0.9, 10.03172, -0.08864], "rotation": [13.75, 2, 0], "uv": [8, 43]}
					]
				},
				{
					"name": "ear_right",
					"parent": "head",
					"pivot": [-2.57201, 13.92004, -1.54953],
					"rotation": [-7.47178, 0.65182, 4.95744],
					"cubes": [
						{"origin": [-2.05, 10.525, -2.55], "size": [0, 4, 2], "uv": [18, 47]},
						{"origin": [-2.775, 8.53172, -2.58864], "size": [1, 2, 2], "uv": [46, 18]},
						{"origin": [-2.9, 8.53172, -2.58864], "size": [0, 2, 3], "pivot": [-0.9, 10.03172, -0.08864], "rotation": [13.75, -2, 0], "uv": [22, 45]}
					]
				},
				{
					"name": "bone",
					"parent": "head",
					"pivot": [0.5, 13.2993, -2.70866],
					"cubes": [
						{"origin": [-2.5, 12.7993, -2.20866], "size": [5, 2, 2], "pivot": [0.5, 13.2993, -2.70866], "rotation": [7.5, 0, 0], "uv": [14, 31]}
					]
				},
				{
					"name": "bone2",
					"parent": "head",
					"pivot": [1.5, 13.2993, -2.70866],
					"cubes": [
						{"origin": [-3.5, 14.7993, -4.20866], "size": [7, 3, 3], "pivot": [1.5, 13.2993, -2.70866], "rotation": [7.5, 0, 0], "uv": [18, 9]}
					]
				},
				{
					"name": "torso_back",
					"parent": "torso",
					"pivot": [0, 7.56153, -0.50315],
					"rotation": [41.5, 0, 0],
					"cubes": [
						{"origin": [-1.5, 6.10703, -1.66158], "size": [3, 2, 6], "uv": [0, 9]}
					]
				},
				{
					"name": "tail",
					"parent": "torso_back",
					"pivot": [0, 8.33939, 3.9944],
					"rotation": [-15, 0, 0],
					"cubes": [
						{"origin": [0, 7.85, 3.95], "size": [0, 3, 1], "uv": [12, 52]}
					]
				},
				{
					"name": "tail_end",
					"parent": "tail",
					"pivot": [0, 10.85, 4.45]
				},
				{
					"name": "star_3",
					"parent": "tail_end",
					"pivot": [0, 11.10572, 5.31283],
					"cubes": [
						{"origin": [-1, 12.58072, 3.51283], "size": [2, 2, 2], "inflate": 0.013, "pivot": [0, 12.60572, 4.46283], "rotation": [0, 0, 72], "uv": [24, 38]},
						{"origin": [-0.5, 14.58072, 3.51283], "size": [1, 1, 2], "pivot": [0, 12.60572, 3.96283], "rotation": [0, 0, 72], "uv": [28, 48]},
						{"origin": [-0.5, 14.58072, 3.51283], "size": [1, 1, 2], "pivot": [0, 12.60572, 3.96283], "rotation": [0, 0, -72], "uv": [48, 28]},
						{"origin": [-1, 12.60572, 3.51283], "size": [2, 2, 2], "uv": [32, 38]},
						{"origin": [-0.5, 14.60572, 3.51283], "size": [1, 1, 2], "uv": [48, 25]},
						{"origin": [-1, 12.60572, 3.51283], "size": [2, 2, 2], "inflate": 0.012, "pivot": [0, 12.60572, 4.46283], "rotation": [0, 0, -72], "uv": [40, 23]},
						{"origin": [-1, 12.60572, 3.51283], "size": [2, 2, 2], "pivot": [0, 12.60572, 4.46283], "rotation": [0, 0, -144], "uv": [40, 27]},
						{"origin": [-1, 12.60572, 3.51283], "size": [2, 2, 2], "inflate": 0.011, "pivot": [0, 12.60572, 4.46283], "rotation": [0, 0, 144], "uv": [40, 31]},
						{"origin": [-0.5, 14.60572, 3.51283], "size": [1, 1, 2], "pivot": [0, 12.60572, 3.96283], "rotation": [0, 0, 144], "uv": [48, 31]},
						{"origin": [-0.5, 14.60572, 3.51283], "size": [1, 1, 2], "pivot": [0, 12.60572, 3.96283], "rotation": [0, 0, -144], "uv": [34, 48]}
					]
				},
				{
					"name": "leg_front_left",
					"parent": "body",
					"pivot": [1.425, 7.29381, -0.61698],
					"rotation": [-7.5, 0, 0],
					"cubes": [
						{"origin": [0.425, 5.29381, -1.61698], "size": [2, 3, 2], "uv": [0, 37]}
					]
				},
				{
					"name": "leg_front_left_middle",
					"parent": "leg_front_left",
					"pivot": [1.3, 5.63865, -0.5853],
					"rotation": [14, 0, 0],
					"cubes": [
						{"origin": [0.75, 2.85, -1.1], "size": [1, 3, 1], "uv": [48, 34]}
					]
				},
				{
					"name": "leg_front_left_lower",
					"parent": "leg_front_left_middle",
					"pivot": [1.49963, 2.83889, -0.45863],
					"rotation": [-23.5, 0, 0],
					"cubes": [
						{"origin": [0.275, 1.33861, -1.51203], "size": [2, 2, 2], "uv": [38, 9]},
						{"origin": [0.75, 0.99208, -1.13417], "size": [1, 3, 1], "inflate": 0.1, "uv": [40, 48]}
					]
				},
				{
					"name": "foot_front_left",
					"parent": "leg_front_left_lower",
					"pivot": [1.2625, 0.75456, -0.88267],
					"rotation": [17, 0, 0],
					"cubes": [
						{"origin": [0.275, -0.20741, -2.38394], "size": [2, 1, 2], "uv": [14, 44]},
						{"origin": [0.275, -0.06139, -1.43703], "size": [2, 1, 2], "inflate": 0.1, "uv": [28, 45]},
						{"origin": [0.75, -0.28347, -1.88139], "size": [1, 0, 1], "uv": [26, 8]}
					]
				},
				{
					"name": "leg_front_right",
					"parent": "body",
					"pivot": [-1.425, 7.29381, -0.61698],
					"rotation": [-7.5, 0, 0],
					"cubes": [
						{"origin": [-2.425, 5.29381, -1.61698], "size": [2, 3, 2], "uv": [38, 0]}
					]
				},
				{
					"name": "leg_front_right_middle",
					"parent": "leg_front_right",
					"pivot": [-1.3, 5.63865, -0.5853],
					"rotation": [14, 0, 0],
					"cubes": [
						{"origin": [-1.75, 2.85, -1.1], "size": [1, 3, 1], "uv": [0, 49]}
					]
				},
				{
					"name": "leg_front_right_lower",
					"parent": "leg_front_right_middle",
					"pivot": [-1.49963, 2.83889, -0.45863],
					"rotation": [-23.5, 0, 0],
					"cubes": [
						{"origin": [-2.275, 1.33861, -1.51203], "size": [2, 2, 2], "uv": [40, 35]},
						{"origin": [-1.75, 0.99208, -1.13417], "size": [1, 3, 1], "inflate": 0.1, "uv": [4, 49]}
					]
				},
				{
					"name": "foot_front_right",
					"parent": "leg_front_right_lower",
					"pivot": [-1.2625, 0.75456, -0.88267],
					"rotation": [17, 0, 0],
					"cubes": [
						{"origin": [-2.275, -0.20741, -2.38394], "size": [2, 1, 2], "uv": [44, 45]},
						{"origin": [-2.275, -0.06139, -1.43703], "size": [2, 1, 2], "inflate": 0.1, "uv": [0, 46]},
						{"origin": [-1.75, -0.28347, -1.88139], "size": [1, 0, 1], "uv": [30, 8]}
					]
				},
				{
					"name": "leg_back_left",
					"parent": "body",
					"pivot": [1.7, 7.59778, 3.47354],
					"rotation": [15, 0, 0],
					"cubes": [
						{"origin": [1.25, 4.6, 2.475], "size": [1, 4, 2], "uv": [8, 37]}
					]
				},
				{
					"name": "leg_back_left_middle",
					"parent": "leg_back_left",
					"pivot": [1.625, 5.22627, 3.53386],
					"rotation": [14, 0, 0],
					"cubes": [
						{"origin": [1.175, 2.23335, 3.03445], "size": [1, 3, 1], "uv": [44, 48]}
					]
				},
				{
					"name": "leg_back_left_lower",
					"parent": "leg_back_left_middle",
					"pivot": [-2.575, 2.41907, 3.58614],
					"rotation": [-46.7, 0, 0],
					"cubes": [
						{"origin": [0.675, 0.94854, 2.70254], "size": [2, 2, 2], "uv": [38, 5]},
						{"origin": [1.175, 0.54991, 3.20021], "size": [1, 3, 1], "inflate": 0.1, "uv": [48, 48]}
					]
				},
				{
					"name": "foot_back_left",
					"parent": "leg_back_left_lower",
					"pivot": [-1.575, 3.46907, 2.41114],
					"rotation": [17.5, 0, 0],
					"cubes": [
						{"origin": [0.675, -0.73614, 1.02019], "size": [2, 1, 2], "uv": [30, 42]},
						{"origin": [0.675, -0.60146, 1.92754], "size": [2, 1, 2], "inflate": 0.1, "uv": [36, 45]},
						{"origin": [1.175, -0.75939, 1.52376], "size": [1, 0, 1], "uv": [22, 8]}
					]
				},
				{
					"name": "leg_back_right",
					"parent": "body",
					"pivot": [-1.7, 7.59778, 3.47354],
					"rotation": [15, 0, 0],
					"cubes": [
						{"origin": [-2.25, 4.6, 2.475], "size": [1, 4, 2], "uv": [40, 39]}
					]
				},
				{
					"name": "leg_back_right_middle",
					"parent": "leg_back_right",
					"pivot": [-1.625, 5.22627, 3.53386],
					"rotation": [14, 0, 0],
					"cubes": [
						{"origin": [-2.175, 2.23335, 3.03445], "size": [1, 3, 1], "uv": [22, 50]}
					]
				},
				{
					"name": "leg_back_right_lower",
					"parent": "leg_back_right_middle",
					"pivot": [2.575, 2.41907, 3.58614],
					"rotation": [-46.7, 0, 0],
					"cubes": [
						{"origin": [-2.675, 0.94854, 2.70254], "size": [2, 2, 2], "uv": [0, 42]},
						{"origin": [-2.175, 0.54991, 3.20021], "size": [1, 3, 1], "inflate": 0.1, "uv": [26, 51]}
					]
				},
				{
					"name": "foot_back_right",
					"parent": "leg_back_right_lower",
					"pivot": [1.575, 3.46907, 2.41114],
					"rotation": [17.5, 0, 0],
					"cubes": [
						{"origin": [-2.675, -0.73614, 1.02019], "size": [2, 1, 2], "uv": [46, 0]},
						{"origin": [-2.675, -0.60146, 1.92754], "size": [2, 1, 2], "inflate": 0.1, "uv": [46, 3]},
						{"origin": [-2.175, -0.75939, 1.52376], "size": [1, 0, 1], "uv": [34, 8]}
					]
				}
			]
		}
	]
}