{
	"format_version": "1.12.0",
	"minecraft:geometry": [
		{
			"description": {
				"identifier": "geometry.unknown",
				"texture_width": 64,
				"texture_height": 64,
				"visible_bounds_width": 2,
				"visible_bounds_height": 2.5,
				"visible_bounds_offset": [0, 0.75, 0]
			},
			"bones": [
				{
					"name": "furfroupink",
					"pivot": [0, 0, 0]
				},
				{
					"name": "body",
					"parent": "furfroupink",
					"pivot": [0, 0, 0]
				},
				{
					"name": "torso",
					"parent": "body",
					"pivot": [0, 7.67057, -1.97437],
					"rotation": [-26.5, 0, 0],
					"cubes": [
						{"origin": [-2, 5.67057, -3.97437], "size": [4, 4, 4], "inflate": 0.025, "uv": [24, 8]}
					]
				},
				{
					"name": "neck",
					"parent": "torso",
					"pivot": [0, 7.83782, -2.2372],
					"rotation": [26.5, 0, 0],
					"cubes": [
						{"origin": [-1.1, 9.19716, -4.4617], "size": [1, 2, 2], "pivot": [-2.4, 10.69716, -1.9617], "rotation": [-30.25, 15, -0.00002], "uv": [8, 46]},
						{"origin": [-1.1, 8.19716, -3.4617], "size": [1, 1, 1], "pivot": [-2.4, 10.69716, -1.9617], "rotation": [-30.25, 15, -0.00002], "uv": [42, 48]},
						{"origin": [0.1, 8.19716, -3.4617], "size": [1, 1, 1], "pivot": [2.4, 10.69716, -1.9617], "rotation": [-30.25, -15, 0.00002], "uv": [48, 42]},
						{"origin": [-1.5, 6.69716, -3.7117], "size": [3, 6, 3], "pivot": [-0.5, 11.19716, -1.2117], "rotation": [-7.75, 0, 0], "uv": [0, 28]},
						{"origin": [-2, 11.69716, -2.7117], "size": [4, 2, 3], "inflate": 0.025, "pivot": [-0.5, 11.19716, -1.2117], "rotation": [-12.75, 0, 0], "uv": [12, 33]},
						{"origin": [-1.5, 9.89259, -1.34427], "size": [3, 1, 1], "inflate": 0.025, "pivot": [-0.5, 10.89259, -1.84427], "rotation": [37.25, 0, 0], "uv": [46, 4]},
						{"origin": [-2, 11.69716, -2.7117], "size": [4, 2, 3], "inflate": 0.025, "pivot": [-0.5, 11.19716, -1.2117], "rotation": [-12.75, 0, 0], "uv": [12, 33]},
						{"origin": [-1.5, 9.89259, -1.34427], "size": [3, 1, 1], "inflate": 0.025, "pivot": [-0.5, 10.89259, -1.84427], "rotation": [37.25, 0, 0], "uv": [46, 4]},
						{"origin": [0.1, 9.19716, -4.4617], "size": [1, 2, 2], "pivot": [2.4, 10.69716, -1.9617], "rotation": [-30.25, -15, 0.00002], "uv": [46, 17]}
					]
				},
				{
					"name": "head",
					"parent": "neck",
					"pivot": [-0.23716, 12.25576, -2.2185],
					"rotation": [7.5, 0, 0],
					"cubes": [
						{"origin": [-2, 12.0493, -4.95866], "size": [4, 4, 4], "uv": [24, 0]},
						{"origin": [-0.5, 13.06093, -5.76191], "size": [1, 1, 1], "pivot": [-1.5, 14.2243, -3.48366], "rotation": [18.75, 0, 0], "uv": [30, 42]},
						{"origin": [-2.5, 14.7993, -5.20866], "size": [5, 4, 7], "pivot": [0.5, 13.2993, -2.70866], "rotation": [7.5, 0, 0], "uv": [0, 0]},
						{"origin": [-2.5, 13.32134, -0.79531], "size": [5, 2, 2], "pivot": [0, 14.32134, 0.20469], "rotation": [52.5, 0, 0], "uv": [26, 33]},
						{"origin": [-2.5, 18.7993, -4.20866], "size": [5, 1, 5], "pivot": [0.5, 13.2993, -2.70866], "rotation": [7.5, 0, 0], "uv": [18, 20]},
						{"origin": [-3.5, 14.7993, -4.20866], "size": [7, 4, 5], "pivot": [0.5, 13.2993, -2.70866], "rotation": [7.5, 0, 0], "uv": [0, 11]},
						{"origin": [-0.80858, 14.58633, -6.00931], "size": [3, 2, 1], "pivot": [0.64142, 15.13633, -5.50931], "rotation": [5.31847, 5.29571, -44.75386], "uv": [22, 42]},
						{"origin": [-2.10858, 14.38633, -6.00931], "size": [1, 2, 1], "pivot": [-0.35858, 15.13633, -5.50931], "rotation": [5.31847, -5.29571, 44.75386], "uv": [38, 48]},
						{"origin": [-3, 13.7993, -2.20866], "size": [6, 1, 2], "pivot": [0.5, 13.2993, -2.70866], "rotation": [7.5, 0, 0], "uv": [24, 16]}
					]
				},
				{
					"name": "eye_left",
					"parent": "head",
					"pivot": [2.025, 13.43838, -3.28064],
					"rotation": [-7.5, 0, 0]
				},
				{
					"name": "eyelid_upper_left",
					"parent": "eye_left",
					"pivot": [2.0375, 13.83378, -3.60192],
					"cubes": [
						{"origin": [2.025, 13.34141, -4.99155], "size": [0, 1, 3], "pivot": [2.025, 13.84141, -3.49155], "rotation": [7.24721, 1.93597, -14.87739], "uv": [46, 0]},
						{"origin": [2.05, 13.51338, -4.85564], "size": [0, 1, 2], "pivot": [0.05, 15.01338, -2.35564], "rotation": [7.5, 0, 0], "uv": [22, 48]}
					]
				},
				{
					"name": "eyeball_left",
					"parent": "eye_left",
					"pivot": [2.025, 13.25115, -3.63728],
					"cubes": [
						{"origin": [2.025, 12.93838, -4.78064], "size": [0, 1, 2], "pivot": [0.025, 14.43838, -2.28064], "rotation": [7.5, 0, 0], "uv": [48, 14]}
					]
				},
				{
					"name": "eyelid_lower_left",
					"parent": "eye_left",
					"pivot": [0.025, 14.43838, -2.28064],
					"cubes": [
						{"origin": [1.775, 12.93838, -4.78064], "size": [0, 1, 2], "pivot": [-0.225, 14.43838, -2.28064], "rotation": [7.5, 0, 0], "uv": [48, 34]}
					]
				},
				{
					"name": "eye_right",
					"parent": "head",
					"pivot": [-2.025, 13.43838, -3.28064],
					"rotation": [-7.5, 0, 0]
				},
				{
					"name": "eyelid_upper_right",
					"parent": "eye_right",
					"pivot": [-2.0375, 13.83378, -3.60192],
					"cubes": [
						{"origin": [-2.025, 13.34141, -4.99155], "size": [0, 1, 3], "pivot": [-2.025, 13.84141, -3.49155], "rotation": [7.24721, -1.93597, 14.87739], "uv": [46, 21]},
						{"origin": [-2.05, 13.51338, -4.85564], "size": [0, 1, 2], "pivot": [-0.05, 15.01338, -2.35564], "rotation": [7.5, 0, 0], "uv": [26, 48]}
					]
				},
				{
					"name": "eyeball_right",
					"parent": "eye_right",
					"pivot": [-2.025, 13.25115, -3.63728],
					"cubes": [
						{"origin": [-2.025, 12.93838, -4.78064], "size": [0, 1, 2], "pivot": [-0.025, 14.43838, -2.28064], "rotation": [7.5, 0, 0], "uv": [48, 31]}
					]
				},
				{
					"name": "eyelid_lower_right",
					"parent": "eye_right",
					"pivot": [-0.025, 14.43838, -2.28064],
					"cubes": [
						{"origin": [-1.775, 12.93838, -4.78064], "size": [0, 1, 2], "pivot": [0.225, 14.43838, -2.28064], "rotation": [7.5, 0, 0], "uv": [48, 37]}
					]
				},
				{
					"name": "snout",
					"parent": "head",
					"pivot": [0, 12.04043, -4.93409],
					"rotation": [-7.5, 0, 0],
					"cubes": [
						{"origin": [-1, 11.93065, -6.74682], "size": [2, 1, 2], "pivot": [-1, 13.02858, -4.21783], "rotation": [-11.25, 0, 0], "uv": [38, 23]}
					]
				},
				{
					"name": "mouth",
					"parent": "snout",
					"pivot": [0, 12.32797, -5.44612],
					"cubes": [
						{"origin": [-0.5, 12.10565, -6.24682], "size": [1, 0, 2], "pivot": [-1.5, 13.22858, -4.21783], "rotation": [-11.25, 0, 0], "uv": [40, 17]}
					]
				},
				{
					"name": "nose",
					"parent": "snout",
					"pivot": [0, 13.17858, -6.61783],
					"cubes": [
						{"origin": [-0.5, 12.92858, -7.36783], "size": [1, 1, 1], "uv": [48, 40]}
					]
				},
				{
					"name": "ear_left",
					"parent": "head",
					"pivot": [2.57201, 13.92004, -1.54953],
					"rotation": [-7.47178, -0.65182, -4.95744],
					"cubes": [
						{"origin": [2.075, 8.525, -2.55], "size": [0, 6, 2], "uv": [8, 37]}
					]
				},
				{
					"name": "ear_right",
					"parent": "head",
					"pivot": [-2.57201, 13.92004, -1.54953],
					"rotation": [-7.47178, 0.65182, 4.95744],
					"cubes": [
						{"origin": [-2.075, 8.525, -2.55], "size": [0, 6, 2], "uv": [12, 38]}
					]
				},
				{
					"name": "torso_back",
					"parent": "torso",
					"pivot": [0, 7.56153, -0.50315],
					"rotation": [41.5, 0, 0],
					"cubes": [
						{"origin": [-1.5, 6.10703, -1.66158], "size": [3, 2, 6], "uv": [0, 20]}
					]
				},
				{
					"name": "tail",
					"parent": "torso_back",
					"pivot": [0, 8.33939, 3.9944],
					"rotation": [-15, 0, 0],
					"cubes": [
						{"origin": [0, 7.85, 3.95], "size": [0, 3, 1], "uv": [14, 46]}
					]
				},
				{
					"name": "tail_end",
					"parent": "tail",
					"pivot": [0, 10.85, 4.45],
					"cubes": [
						{"origin": [-0.5, 11, 3.45], "size": [3, 4, 2], "pivot": [0, 11.5, 3.95], "rotation": [0, 0, -45], "uv": [34, 26]},
						{"origin": [2.5, 11, 3.45], "size": [1, 3, 2], "pivot": [0, 11.5, 3.95], "rotation": [0, 0, -45], "uv": [42, 40]}
					]
				},
				{
					"name": "leg_front_left",
					"parent": "body",
					"pivot": [1.425, 7.29381, -0.61698],
					"rotation": [-7.5, 0, 0],
					"cubes": [
						{"origin": [0.425, 5.29381, -1.61698], "size": [2, 3, 2], "uv": [0, 37]}
					]
				},
				{
					"name": "leg_front_left_middle",
					"parent": "leg_front_left",
					"pivot": [1.3, 5.63865, -0.5853],
					"rotation": [14, 0, 0],
					"cubes": [
						{"origin": [0.75, 2.85, -1.1], "size": [1, 3, 1], "uv": [22, 38]}
					]
				},
				{
					"name": "leg_front_left_lower",
					"parent": "leg_front_left_middle",
					"pivot": [1.49963, 2.83889, -0.45863],
					"rotation": [-23.5, 0, 0],
					"cubes": [
						{"origin": [0.275, 0.93861, -1.61203], "size": [2, 2, 2], "uv": [34, 37]},
						{"origin": [0.75, -0.00792, -1.13417], "size": [1, 3, 1], "uv": [46, 45]}
					]
				},
				{
					"name": "foot_front_left",
					"parent": "leg_front_left_lower",
					"pivot": [1.2625, 0.75456, -0.88267],
					"rotation": [17, 0, 0],
					"cubes": [
						{"origin": [0.275, -0.06139, -1.43703], "size": [2, 1, 2], "inflate": 0.1, "uv": [0, 42]},
						{"origin": [0.275, -0.20741, -2.38394], "size": [2, 1, 2], "uv": [34, 41]},
						{"origin": [0.75, -0.28347, -1.88139], "size": [1, 0, 1], "uv": [28, 19]}
					]
				},
				{
					"name": "leg_front_right",
					"parent": "body",
					"pivot": [-1.425, 7.29381, -0.61698],
					"rotation": [-7.5, 0, 0],
					"cubes": [
						{"origin": [-2.425, 5.29381, -1.61698], "size": [2, 3, 2], "uv": [26, 37]}
					]
				},
				{
					"name": "leg_front_right_middle",
					"parent": "leg_front_right",
					"pivot": [-1.3, 5.63865, -0.5853],
					"rotation": [14, 0, 0],
					"cubes": [
						{"origin": [-1.75, 2.85, -1.1], "size": [1, 3, 1], "uv": [48, 6]}
					]
				},
				{
					"name": "leg_front_right_lower",
					"parent": "leg_front_right_middle",
					"pivot": [-1.49963, 2.83889, -0.45863],
					"rotation": [-23.5, 0, 0],
					"cubes": [
						{"origin": [-2.275, 0.93861, -1.61203], "size": [2, 2, 2], "uv": [40, 10]},
						{"origin": [-1.75, -0.00792, -1.13417], "size": [1, 3, 1], "uv": [48, 10]}
					]
				},
				{
					"name": "foot_front_right",
					"parent": "leg_front_right_lower",
					"pivot": [-1.2625, 0.75456, -0.88267],
					"rotation": [17, 0, 0],
					"cubes": [
						{"origin": [-2.275, -0.06139, -1.43703], "size": [2, 1, 2], "inflate": 0.1, "uv": [22, 45]},
						{"origin": [-2.275, -0.20741, -2.38394], "size": [2, 1, 2], "uv": [38, 45]},
						{"origin": [-1.75, -0.28347, -1.88139], "size": [1, 0, 1], "uv": [34, 32]}
					]
				},
				{
					"name": "leg_back_left",
					"parent": "body",
					"pivot": [1.7, 7.59778, 3.47354],
					"rotation": [15, 0, 0],
					"cubes": [
						{"origin": [1.25, 4.6, 2.475], "size": [1, 4, 2], "uv": [16, 38]},
						{"origin": [1.7, 6.09778, 2.97354], "size": [1, 3, 2], "uv": [12, 28]},
						{"origin": [1.7, 6.09778, 2.97354], "size": [1, 3, 2], "inflate": 0.1, "uv": [42, 35]}
					]
				},
				{
					"name": "leg_back_left_middle",
					"parent": "leg_back_left",
					"pivot": [1.625, 5.22627, 3.53386],
					"rotation": [14, 0, 0],
					"cubes": [
						{"origin": [1.175, 2.23335, 3.03445], "size": [1, 3, 1], "uv": [30, 47]}
					]
				},
				{
					"name": "leg_back_left_lower",
					"parent": "leg_back_left_middle",
					"pivot": [-2.575, 2.41907, 3.58614],
					"rotation": [-46.7, 0, 0],
					"cubes": [
						{"origin": [0.675, 0.54854, 2.70254], "size": [2, 2, 2], "uv": [38, 19]},
						{"origin": [1.175, -0.20009, 3.20021], "size": [1, 3, 1], "uv": [34, 47]}
					]
				},
				{
					"name": "foot_back_left",
					"parent": "leg_back_left_lower",
					"pivot": [1.675, 0.78557, 4.481],
					"rotation": [17.5, 0, 0],
					"cubes": [
						{"origin": [0.675, -0.10324, 2.83028], "size": [2, 1, 2], "inflate": 0.1, "uv": [40, 14]},
						{"origin": [0.675, -0.23792, 1.92293], "size": [2, 1, 2], "uv": [40, 32]},
						{"origin": [1.175, -0.26117, 2.4265], "size": [1, 0, 1], "uv": [24, 19]}
					]
				},
				{
					"name": "leg_back_right",
					"parent": "body",
					"pivot": [-1.7, 7.59778, 3.47354],
					"rotation": [15, 0, 0],
					"cubes": [
						{"origin": [-2.25, 4.6, 2.475], "size": [1, 4, 2], "uv": [40, 0]},
						{"origin": [-2.7, 6.09778, 2.97354], "size": [1, 3, 2], "uv": [16, 44]},
						{"origin": [-2.7, 6.09778, 2.97354], "size": [1, 3, 2], "inflate": 0.1, "uv": [44, 26]}
					]
				},
				{
					"name": "leg_back_right_middle",
					"parent": "leg_back_right",
					"pivot": [-1.625, 5.22627, 3.53386],
					"rotation": [14, 0, 0],
					"cubes": [
						{"origin": [-2.175, 2.23335, 3.03445], "size": [1, 3, 1], "uv": [0, 48]}
					]
				},
				{
					"name": "leg_back_right_lower",
					"parent": "leg_back_right_middle",
					"pivot": [2.575, 2.41907, 3.58614],
					"rotation": [-46.7, 0, 0],
					"cubes": [
						{"origin": [-2.675, 0.54854, 2.70254], "size": [2, 2, 2], "uv": [40, 6]},
						{"origin": [-2.175, -0.20009, 3.20021], "size": [1, 3, 1], "uv": [4, 48]}
					]
				},
				{
					"name": "foot_back_right",
					"parent": "leg_back_right_lower",
					"pivot": [-1.675, 0.78557, 4.481],
					"rotation": [17.5, 0, 0],
					"cubes": [
						{"origin": [-2.675, -0.10324, 2.83028], "size": [2, 1, 2], "inflate": 0.1, "uv": [30, 44]},
						{"origin": [-2.675, -0.23792, 1.92293], "size": [2, 1, 2], "uv": [0, 45]},
						{"origin": [-2.175, -0.26117, 2.4265], "size": [1, 0, 1], "uv": [32, 19]}
					]
				}
			]
		}
	]
}