{
	"format_version": "1.12.0",
	"minecraft:geometry": [
		{
			"description": {
				"identifier": "geometry.unknown",
				"texture_width": 64,
				"texture_height": 64,
				"visible_bounds_width": 2,
				"visible_bounds_height": 2.5,
				"visible_bounds_offset": [0, 0.75, 0]
			},
			"bones": [
				{
					"name": "furfrouwhite",
					"pivot": [0, 0, 0]
				},
				{
					"name": "body",
					"parent": "furfrouwhite",
					"pivot": [0, 0, 0]
				},
				{
					"name": "torso",
					"parent": "body",
					"pivot": [0, 7.67057, -1.97437],
					"rotation": [-26.5, 0, 0],
					"cubes": [
						{"origin": [-2, 5.67057, -3.97437], "size": [4, 4, 4], "inflate": 0.025, "uv": [20, 0]}
					]
				},
				{
					"name": "neck",
					"parent": "torso",
					"pivot": [0, 7.83782, -2.2372],
					"rotation": [26.5, 0, 0],
					"cubes": [
						{"origin": [-1.5, 6.69716, -3.7117], "size": [3, 6, 3], "pivot": [-0.5, 11.19716, -1.2117], "rotation": [-7.75, 0, 0], "uv": [0, 26]},
						{"origin": [-0.5, 10.09062, -3.56969], "size": [1, 2, 1], "pivot": [0, 12.09062, -3.56969], "rotation": [-62.75, 0, 0], "uv": [10, 55]},
						{"origin": [-0.5, 7.84062, -4.46969], "size": [1, 3, 2], "pivot": [0, 9.84062, -4.46969], "rotation": [-30.25, 0, 0], "uv": [44, 44]},
						{"origin": [0.25, 8.09062, -4.06969], "size": [2, 4, 1], "pivot": [0.75, 10.09062, -4.06969], "rotation": [-29.08243, -8.71315, -15.23587], "uv": [46, 14]},
						{"origin": [-2.25, 8.09062, -4.06969], "size": [2, 4, 1], "pivot": [-0.75, 10.09062, -4.06969], "rotation": [-29.08243, 8.71315, 15.23587], "uv": [46, 25]},
						{"origin": [-0.1, 9.09062, -4.31969], "size": [2, 4, 1], "pivot": [0.4, 11.09062, -4.31969], "rotation": [-40.04764, -3.48429, -6.64562], "uv": [38, 44]},
						{"origin": [-1.9, 9.09062, -4.31969], "size": [2, 4, 1], "pivot": [-0.4, 11.09062, -4.31969], "rotation": [-40.04764, 3.48429, 6.64562], "uv": [30, 46]}
					]
				},
				{
					"name": "head",
					"parent": "neck",
					"pivot": [-0.23716, 12.25576, -2.2185],
					"rotation": [7.5, 0, 0],
					"cubes": [
						{"origin": [-2, 12.0493, -4.95866], "size": [4, 4, 4], "uv": [20, 8]},
						{"origin": [-0.5, 13.06093, -5.76191], "size": [1, 1, 1], "pivot": [-1.5, 14.2243, -3.48366], "rotation": [18.75, 0, 0], "uv": [42, 14]},
						{"origin": [-2.5, 16.7993, -3.20866], "size": [5, 2, 2], "pivot": [0.5, 13.2993, -2.70866], "rotation": [7.5, 0, 0], "uv": [12, 32]},
						{"origin": [-4, 14.79514, -0.92361], "size": [8, 5, 2], "pivot": [0, 19.47014, 2.02639], "rotation": [27.5, 0, 0], "uv": [0, 19]},
						{"origin": [-0.8, 16.94982, -3.72649], "size": [1, 3, 0], "pivot": [0, 17.19982, -3.72649], "rotation": [24.23634, 5.188, -16.73634], "uv": [38, 34]},
						{"origin": [-0.2, 16.44982, -3.72649], "size": [1, 3, 0], "pivot": [0, 17.19982, -3.72649], "rotation": [24.23634, -5.188, 16.73634], "uv": [44, 25]},
						{"origin": [-3.5, 12.2993, -1.20866], "size": [7, 7, 3], "pivot": [0.5, 13.2993, -2.70866], "rotation": [7.5, 0, 0], "uv": [0, 0]},
						{"origin": [-0.15, 14.14732, -5.60385], "size": [3, 3, 3], "pivot": [1, 15.94732, -5.57885], "rotation": [7.32417, 1.61888, -12.39638], "uv": [26, 32]},
						{"origin": [0.54642, 14.97247, -2.83962], "size": [2, 3, 1], "pivot": [2.54642, 17.97247, -2.23962], "rotation": [4.83711, 5.73853, -49.75742], "uv": [52, 22]},
						{"origin": [-0.90883, 13.36071, -2.01613], "size": [4, 5, 3], "pivot": [2.09117, 19.36071, -1.69113], "rotation": [4.83711, 5.73853, -49.75742], "uv": [20, 16]},
						{"origin": [0.53488, 15.09998, -3.85107], "size": [2, 3, 1], "pivot": [2.53488, 18.12498, -1.25107], "rotation": [6.66067, 3.45533, -27.29887], "uv": [52, 26]},
						{"origin": [-3.09117, 13.36071, -2.01613], "size": [4, 5, 3], "pivot": [-2.09117, 19.36071, -1.69113], "rotation": [4.83711, -5.73853, 49.75742], "uv": [20, 24]},
						{"origin": [-2.54642, 14.97247, -2.83962], "size": [2, 3, 1], "pivot": [-2.54642, 17.97247, -2.23962], "rotation": [4.83711, -5.73853, 49.75742], "uv": [42, 52]},
						{"origin": [-2.53488, 15.09998, -3.85107], "size": [2, 3, 1], "pivot": [-2.53488, 18.12498, -1.25107], "rotation": [6.66067, -3.45533, 27.29887], "uv": [36, 52]},
						{"origin": [-2.85, 14.14732, -5.57885], "size": [3, 3, 3], "pivot": [-1, 15.94732, -5.57885], "rotation": [7.32417, -1.61888, 12.39638], "uv": [34, 16]}
					]
				},
				{
					"name": "ear_left",
					"parent": "head",
					"pivot": [2.57201, 13.92004, -1.54953],
					"rotation": [-7.5, 0, 0],
					"cubes": [
						{"origin": [1.775, 9.43172, -2.58864], "size": [1, 6, 2], "uv": [36, 8]}
					]
				},
				{
					"name": "ear_left_2",
					"parent": "ear_left",
					"pivot": [2.275, 9.53172, -1.58864],
					"rotation": [0, 0, -5],
					"cubes": [
						{"origin": [1.86216, 4.55958, -2.61258], "size": [1, 2, 2], "pivot": [2.36216, 5.55958, -1.61258], "rotation": [-45, 0, 0], "uv": [52, 12]},
						{"origin": [1.36216, 5.52791, -3.08864], "size": [2, 4, 3], "uv": [34, 22]}
					]
				},
				{
					"name": "ear_right",
					"parent": "head",
					"pivot": [-2.57201, 13.92004, -1.54953],
					"rotation": [-7.5, 0, 0],
					"cubes": [
						{"origin": [-2.775, 9.43172, -2.58864], "size": [1, 6, 2], "uv": [10, 36]}
					]
				},
				{
					"name": "ear_right_2",
					"parent": "ear_right",
					"pivot": [-2.275, 9.53172, -1.58864],
					"rotation": [0, 0, 5],
					"cubes": [
						{"origin": [-2.86216, 4.55958, -2.61258], "size": [1, 2, 2], "pivot": [-2.36216, 5.55958, -1.61258], "rotation": [-45, 0, 0], "uv": [48, 52]},
						{"origin": [-3.36216, 5.52791, -3.08864], "size": [2, 4, 3], "uv": [0, 35]}
					]
				},
				{
					"name": "eye_left",
					"parent": "head",
					"pivot": [2.025, 13.43838, -3.28064],
					"rotation": [-7.5, 0, 0]
				},
				{
					"name": "eyelid_upper_left",
					"parent": "eye_left",
					"pivot": [2.0375, 13.83378, -3.60192],
					"cubes": [
						{"origin": [2.025, 13.34141, -4.99155], "size": [0, 1, 3], "pivot": [2.025, 13.84141, -3.49155], "rotation": [7.24721, 1.93597, -14.87739], "uv": [50, 45]},
						{"origin": [2.05, 13.51338, -4.85564], "size": [0, 1, 2], "pivot": [0.05, 15.01338, -2.35564], "rotation": [7.5, 0, 0], "uv": [54, 18]}
					]
				},
				{
					"name": "eyeball_left",
					"parent": "eye_left",
					"pivot": [2.025, 13.25115, -3.63728],
					"cubes": [
						{"origin": [2.025, 12.93838, -4.78064], "size": [0, 1, 2], "pivot": [0.025, 14.43838, -2.28064], "rotation": [7.5, 0, 0], "uv": [34, 29]}
					]
				},
				{
					"name": "eyelid_lower_left",
					"parent": "eye_left",
					"pivot": [0.025, 14.43838, -2.28064],
					"cubes": [
						{"origin": [1.775, 12.93838, -4.78064], "size": [0, 1, 2], "pivot": [-0.225, 14.43838, -2.28064], "rotation": [7.5, 0, 0], "uv": [54, 54]}
					]
				},
				{
					"name": "eye_right",
					"parent": "head",
					"pivot": [-2.025, 13.43838, -3.28064],
					"rotation": [-7.5, 0, 0]
				},
				{
					"name": "eyelid_upper_right",
					"parent": "eye_right",
					"pivot": [-2.0375, 13.83378, -3.60192],
					"cubes": [
						{"origin": [-2.025, 13.34141, -4.99155], "size": [0, 1, 3], "pivot": [-2.025, 13.84141, -3.49155], "rotation": [7.24721, -1.93597, 14.87739], "uv": [30, 51]},
						{"origin": [-2.05, 13.51338, -4.85564], "size": [0, 1, 2], "pivot": [-0.05, 15.01338, -2.35564], "rotation": [7.5, 0, 0], "uv": [54, 30]}
					]
				},
				{
					"name": "eyeball_right",
					"parent": "eye_right",
					"pivot": [-2.025, 13.25115, -3.63728],
					"cubes": [
						{"origin": [-2.025, 12.93838, -4.78064], "size": [0, 1, 2], "pivot": [-0.025, 14.43838, -2.28064], "rotation": [7.5, 0, 0], "uv": [54, 51]}
					]
				},
				{
					"name": "eyelid_lower_right",
					"parent": "eye_right",
					"pivot": [-0.025, 14.43838, -2.28064],
					"cubes": [
						{"origin": [-1.775, 12.93838, -4.78064], "size": [0, 1, 2], "pivot": [0.225, 14.43838, -2.28064], "rotation": [7.5, 0, 0], "uv": [6, 55]}
					]
				},
				{
					"name": "snout",
					"parent": "head",
					"pivot": [0, 12.04043, -4.93409],
					"rotation": [-7.5, 0, 0],
					"cubes": [
						{"origin": [-1, 11.93065, -6.74682], "size": [2, 1, 2], "pivot": [-1, 13.02858, -4.21783], "rotation": [-11.25, 0, 0], "uv": [30, 43]}
					]
				},
				{
					"name": "mouth",
					"parent": "snout",
					"pivot": [0, 12.32797, -5.44612],
					"cubes": [
						{"origin": [-0.5, 12.10565, -6.24682], "size": [1, 0, 2], "pivot": [-1.5, 13.22858, -4.21783], "rotation": [-11.25, 0, 0], "uv": [52, 16]}
					]
				},
				{
					"name": "nose",
					"parent": "snout",
					"pivot": [0, 13.17858, -6.61783],
					"cubes": [
						{"origin": [-0.5, 12.92858, -7.36783], "size": [1, 1, 1], "uv": [14, 55]}
					]
				},
				{
					"name": "torso_back",
					"parent": "torso",
					"pivot": [0, 7.56153, -0.50315],
					"rotation": [41.5, 0, 0],
					"cubes": [
						{"origin": [-2, 6.095, -1.54677], "size": [4, 3, 6], "uv": [0, 10]}
					]
				},
				{
					"name": "tail",
					"parent": "torso_back",
					"pivot": [0, 8.33939, 3.9944],
					"rotation": [-15, 0, 0],
					"cubes": [
						{"origin": [-1.25, 7.84878, 3.47397], "size": [2, 7, 1], "inflate": 0.05, "pivot": [-1.25, 8.84878, 4.47397], "rotation": [0, 0, -10], "uv": [36, 0]},
						{"origin": [-1.25, 8.84878, 3.47397], "size": [2, 4, 1], "pivot": [-1.25, 8.84878, 4.47397], "rotation": [0, 0, -40], "uv": [24, 50]},
						{"origin": [-0.75, 7.84878, 3.47397], "size": [2, 6, 1], "inflate": 0.025, "pivot": [1.25, 8.84878, 4.47397], "rotation": [0, 0, 10], "uv": [16, 42]},
						{"origin": [-0.75, 8.84878, 3.47397], "size": [2, 3, 1], "pivot": [1.25, 8.84878, 4.47397], "rotation": [0, 0, 40], "uv": [0, 53]}
					]
				},
				{
					"name": "tail_end",
					"parent": "tail",
					"pivot": [0, 10.85, 4.45]
				},
				{
					"name": "leg_front_left",
					"parent": "body",
					"pivot": [1.425, 7.29381, -0.61698],
					"rotation": [-7.5, 0, 0],
					"cubes": [
						{"origin": [0.425, 5.29381, -1.61698], "size": [2, 3, 2], "uv": [40, 34]}
					]
				},
				{
					"name": "leg_front_left_middle",
					"parent": "leg_front_left",
					"pivot": [1.3, 5.63865, -0.5853],
					"rotation": [14, 0, 0],
					"cubes": [
						{"origin": [0.3, 2.73865, -1.5853], "size": [2, 3, 2], "inflate": -0.025, "uv": [38, 29]}
					]
				},
				{
					"name": "leg_front_left_lower",
					"parent": "leg_front_left_middle",
					"pivot": [1.49963, 2.83889, -0.45863],
					"rotation": [-23.5, 0, 0],
					"cubes": [
						{"origin": [0.275, 1.18861, -1.51203], "size": [2, 2, 2], "inflate": 0.025, "uv": [42, 10]},
						{"origin": [0.275, 1.63861, -1.51203], "size": [2, 1, 2], "inflate": 0.05, "uv": [46, 19]},
						{"origin": [0.275, 1.13861, -1.51203], "size": [2, 1, 2], "inflate": 0.075, "uv": [46, 30]},
						{"origin": [0.275, 0.63861, -1.51203], "size": [2, 1, 2], "inflate": 0.1, "uv": [8, 47]},
						{"origin": [0.275, 0.13861, -1.51203], "size": [2, 1, 1], "inflate": 0.125, "uv": [52, 49]}
					]
				},
				{
					"name": "foot_front_left",
					"parent": "leg_front_left_lower",
					"pivot": [1.2625, 0.75456, -0.88267],
					"rotation": [17, 0, 0],
					"cubes": [
						{"origin": [0.275, -0.20741, -2.38394], "size": [2, 1, 2], "uv": [44, 22]},
						{"origin": [0.275, -0.03639, -1.33703], "size": [2, 1, 2], "inflate": 0.15, "uv": [0, 47]},
						{"origin": [0.75, -0.28347, -1.88139], "size": [1, 0, 1], "uv": [54, 21]}
					]
				},
				{
					"name": "leg_front_right",
					"parent": "body",
					"pivot": [-1.425, 7.29381, -0.61698],
					"rotation": [-7.5, 0, 0],
					"cubes": [
						{"origin": [-2.425, 5.29381, -1.61698], "size": [2, 3, 2], "uv": [42, 0]}
					]
				},
				{
					"name": "leg_front_right_middle",
					"parent": "leg_front_right",
					"pivot": [-1.3, 5.63865, -0.5853],
					"rotation": [14, 0, 0],
					"cubes": [
						{"origin": [-2.3, 2.73865, -1.5853], "size": [2, 3, 2], "inflate": -0.025, "uv": [42, 5]}
					]
				},
				{
					"name": "leg_front_right_lower",
					"parent": "leg_front_right_middle",
					"pivot": [-1.49963, 2.83889, -0.45863],
					"rotation": [-23.5, 0, 0],
					"cubes": [
						{"origin": [-2.275, 1.18861, -1.51203], "size": [2, 2, 2], "inflate": 0.025, "uv": [22, 43]},
						{"origin": [-2.275, 1.63861, -1.51203], "size": [2, 1, 2], "inflate": 0.05, "uv": [50, 6]},
						{"origin": [-2.275, 1.13861, -1.51203], "size": [2, 1, 2], "inflate": 0.075, "uv": [8, 50]},
						{"origin": [-2.275, 0.63861, -1.51203], "size": [2, 1, 2], "inflate": 0.1, "uv": [50, 9]},
						{"origin": [-2.275, 0.13861, -1.51203], "size": [2, 1, 1], "inflate": 0.125, "uv": [18, 53]}
					]
				},
				{
					"name": "foot_front_right",
					"parent": "leg_front_right_lower",
					"pivot": [-1.2625, 0.75456, -0.88267],
					"rotation": [17, 0, 0],
					"cubes": [
						{"origin": [-2.275, -0.20741, -2.38394], "size": [2, 1, 2], "uv": [16, 50]},
						{"origin": [-2.275, -0.03639, -1.33703], "size": [2, 1, 2], "inflate": 0.15, "uv": [50, 42]},
						{"origin": [-1.75, -0.28347, -1.88139], "size": [1, 0, 1], "uv": [22, 55]}
					]
				},
				{
					"name": "leg_back_left",
					"parent": "body",
					"pivot": [1.7, 7.59778, 3.47354],
					"rotation": [15, 0, 0],
					"cubes": [
						{"origin": [0.7, 4.59778, 2.47354], "size": [2, 4, 2], "uv": [12, 26]}
					]
				},
				{
					"name": "leg_back_left_middle",
					"parent": "leg_back_left",
					"pivot": [1.625, 5.22627, 3.53386],
					"rotation": [14, 0, 0],
					"cubes": [
						{"origin": [0.625, 2.47627, 2.53386], "size": [2, 3, 2], "inflate": -0.025, "uv": [24, 38]}
					]
				},
				{
					"name": "leg_back_left_lower",
					"parent": "leg_back_left_middle",
					"pivot": [-2.575, 2.41907, 3.58614],
					"rotation": [-46.7, 0, 0],
					"cubes": [
						{"origin": [0.65, 0.94854, 2.70254], "size": [2, 3, 2], "inflate": 0.025, "uv": [32, 38]},
						{"origin": [0.65, -0.22646, 2.70254], "size": [2, 1, 1], "inflate": 0.125, "uv": [6, 53]},
						{"origin": [0.65, 0.27354, 2.70254], "size": [2, 1, 2], "inflate": 0.1, "uv": [48, 36]},
						{"origin": [0.65, 0.77354, 2.70254], "size": [2, 1, 2], "inflate": 0.075, "uv": [48, 33]},
						{"origin": [0.65, 1.27354, 2.70254], "size": [2, 1, 2], "inflate": 0.05, "uv": [22, 47]}
					]
				},
				{
					"name": "foot_back_left",
					"parent": "leg_back_left_lower",
					"pivot": [1.66667, 0.79351, 4.47849],
					"rotation": [17.5, 0, 0],
					"cubes": [
						{"origin": [0.675, -0.23831, 1.92043], "size": [2, 1, 2], "uv": [8, 44]},
						{"origin": [0.65, -0.07863, 2.82778], "size": [2, 1, 2], "inflate": 0.15, "uv": [48, 39]},
						{"origin": [1.175, -0.26156, 2.424], "size": [1, 0, 1], "uv": [16, 49]}
					]
				},
				{
					"name": "leg_back_right",
					"parent": "body",
					"pivot": [-1.7, 7.59778, 3.47354],
					"rotation": [15, 0, 0],
					"cubes": [
						{"origin": [-2.7, 4.59778, 2.47354], "size": [2, 4, 2], "uv": [16, 36]}
					]
				},
				{
					"name": "leg_back_right_middle",
					"parent": "leg_back_right",
					"pivot": [-1.625, 5.22627, 3.53386],
					"rotation": [14, 0, 0],
					"cubes": [
						{"origin": [-2.625, 2.47627, 2.53386], "size": [2, 3, 2], "inflate": -0.025, "uv": [40, 39]}
					]
				},
				{
					"name": "leg_back_right_lower",
					"parent": "leg_back_right_middle",
					"pivot": [2.575, 2.41907, 3.58614],
					"rotation": [-46.7, 0, 0],
					"cubes": [
						{"origin": [-2.65, 0.94854, 2.70254], "size": [2, 3, 2], "inflate": 0.025, "uv": [0, 42]},
						{"origin": [-2.65, -0.22646, 2.70254], "size": [2, 1, 1], "inflate": 0.125, "uv": [12, 53]},
						{"origin": [-2.65, 0.27354, 2.70254], "size": [2, 1, 2], "inflate": 0.1, "uv": [36, 49]},
						{"origin": [-2.65, 0.77354, 2.70254], "size": [2, 1, 2], "inflate": 0.075, "uv": [44, 49]},
						{"origin": [-2.65, 1.27354, 2.70254], "size": [2, 1, 2], "inflate": 0.05, "uv": [0, 50]}
					]
				},
				{
					"name": "foot_back_right",
					"parent": "leg_back_right_lower",
					"pivot": [-1.66667, 0.79351, 4.47849],
					"rotation": [17.5, 0, 0],
					"cubes": [
						{"origin": [-2.675, -0.23831, 1.92043], "size": [2, 1, 2], "uv": [50, 0]},
						{"origin": [-2.65, -0.07863, 2.82778], "size": [2, 1, 2], "inflate": 0.15, "uv": [50, 3]},
						{"origin": [-2.175, -0.26156, 2.424], "size": [1, 0, 1], "uv": [18, 55]}
					]
				}
			]
		}
	]
}