{
  "head": "head",
  "portraitScale": 1.5,
  "portraitTranslation": [ 0, 1.7, 0 ],
  "profileScale": 0.6,
  "profileTranslation": [ 0, 0.85, 0 ],
  "poses": {
    "standing": {
      "poseName": "standing",
      "transformTicks": 10,
      "poseTypes": [
        "STAND",
        "NONE",
        "PORTRAIT",
        "PROFILE"
      ],
      "animations": [
        "bedrock(bombirdier, ground_idle)"
      ]
    },
    "walking": {
      "poseName": "walking",
      "transformTicks": 10,
      "poseTypes": [ "WALK" ],
      "animations": [ 
        "bedrock(bombirdier, ground_walk)"
      ]
    }
  }
}