{
	"format_version": "1.12.0",
	"minecraft:geometry": [
		{
			"description": {
				"identifier": "geometry.morpeko",
				"texture_width": 64,
				"texture_height": 128,
				"visible_bounds_width": 3,
				"visible_bounds_height": 2.5,
				"visible_bounds_offset": [0, 0.75, 0]
			},
			"bones": [
				{
					"name": "morpeko",
					"pivot": [0, 0, 0]
				},
				{
					"name": "body",
					"parent": "morpeko",
					"pivot": [0, 7, 0]
				},
				{
					"name": "torso",
					"parent": "body",
					"pivot": [0, 1.5, 0],
					"cubes": [
						{"origin": [-5.5, 1, -5.5], "size": [11, 7, 11], "inflate": -0.01, "uv": [0, 20]}
					]
				},
				{
					"name": "head",
					"parent": "torso",
					"pivot": [0, 7.5, 0],
					"cubes": [
						{"origin": [-5.5, 7.5, -5.5], "size": [11, 9, 11], "uv": [0, 0]}
					]
				},
				{
					"name": "face",
					"parent": "head",
					"pivot": [0.5, 5.5, -1.5],
					"cubes": [
						{"origin": [3.5, 9, -5.5], "size": [2, 2, 1], "inflate": 0.001, "uv": [44, 3]},
						{"origin": [-5.5, 9, -5.5], "size": [2, 2, 1], "inflate": 0.001, "uv": [6, 44]},
						{"origin": [-0.5, 9.75, -5.5], "size": [1, 1, 0], "inflate": 0.02, "uv": [44, 27]},
						{"origin": [-0.5, 10.25, -5.5], "size": [1, 1, 0], "inflate": 0.01, "uv": [44, 26]}
					]
				},
				{
					"name": "mouth_open",
					"parent": "face",
					"pivot": [0, 9.25, -5.46],
					"cubes": [
						{"origin": [-0.5, 9.25, -5.43], "size": [1, 1, 0], "inflate": 0.001, "uv": [44, 25]},
						{"origin": [-2, 9.25, -5.42], "size": [4, 1, 0], "inflate": 0.001, "uv": [44, 6]},
						{"origin": [-1.5, 8.25, -5.42], "size": [3, 1, 0], "inflate": 0.001, "uv": [44, 18]}
					]
				},
				{
					"name": "mouth_closed",
					"parent": "face",
					"pivot": [0, 9.75, -5.51],
					"cubes": [
						{"origin": [-1.5, 8.75, -5.5], "size": [3, 1, 0], "inflate": 0.03, "uv": [44, 17]},
						{"origin": [-2.5, 9.25, -5.5], "size": [5, 1, 0], "inflate": 0.01, "uv": [20, 42]}
					]
				},
				{
					"name": "mouth_angry",
					"parent": "mouth_closed",
					"pivot": [-1, 2.75, -1.55],
					"cubes": [
						{"origin": [-1.5, 7.75, -5.55], "size": [3, 3, 0], "inflate": 0.03, "uv": [52, 15]},
						{"origin": [-3, 7.75, -5.55], "size": [6, 3, 0], "inflate": 0.02, "uv": [52, 12]}
					]
				},
				{
					"name": "eye_left",
					"parent": "face",
					"pivot": [3, 11.75, -5.01],
					"cubes": [
						{"origin": [2, 10.75, -5.51], "size": [2, 2, 1], "inflate": 0.01, "uv": [0, 44]},
						{"origin": [2.5, 11.25, -5.515], "size": [1, 1, 1], "inflate": 0.02, "uv": [44, 19]}
					]
				},
				{
					"name": "eye_angry2",
					"parent": "eye_left",
					"pivot": [3.25, 11.75, -5.035],
					"rotation": [0, 0, -22],
					"cubes": [
						{"origin": [1.75, 11.75, -5.535], "size": [3, 1, 1], "inflate": 0.01, "uv": [54, 1], "mirror": true},
						{"origin": [2.25, 10.75, -5.535], "size": [2, 1, 1], "inflate": 0.01, "uv": [55, 3], "mirror": true}
					]
				},
				{
					"name": "eyelid_left",
					"parent": "eye_left",
					"pivot": [3, 11.75, -4.91],
					"cubes": [
						{"origin": [2, 10.75, -5.41], "size": [2, 2, 1], "inflate": 0.03, "uv": [44, 0]}
					]
				},
				{
					"name": "eye_right",
					"parent": "face",
					"pivot": [-3, 11.75, -5.01],
					"cubes": [
						{"origin": [-4, 10.75, -5.51], "size": [2, 2, 1], "inflate": 0.01, "uv": [44, 7]},
						{"origin": [-3.5, 11.25, -5.515], "size": [1, 1, 1], "inflate": 0.02, "uv": [44, 21]}
					]
				},
				{
					"name": "eye_angry",
					"parent": "eye_right",
					"pivot": [-3.25, 11.75, -5.035],
					"rotation": [0, 0, 22],
					"cubes": [
						{"origin": [-4.75, 11.75, -5.535], "size": [3, 1, 1], "inflate": 0.01, "uv": [54, 1]},
						{"origin": [-4.25, 10.75, -5.535], "size": [2, 1, 1], "inflate": 0.01, "uv": [55, 3]}
					]
				},
				{
					"name": "eyelid_right",
					"parent": "eye_right",
					"pivot": [-3, 11.75, -4.91],
					"cubes": [
						{"origin": [-4, 10.75, -5.41], "size": [2, 2, 1], "inflate": 0.03, "uv": [44, 10]}
					]
				},
				{
					"name": "ear_left",
					"parent": "head",
					"pivot": [3, 17.25, -1],
					"rotation": [0, -15, 30],
					"cubes": [
						{"origin": [2, 15.25, -1], "size": [3, 6, 0], "uv": [0, 38]}
					]
				},
				{
					"name": "ear_left2",
					"parent": "ear_left",
					"pivot": [5.25, 18, -1],
					"rotation": [0, 0, 52.5],
					"cubes": [
						{"origin": [5.25, 17, -1], "size": [1, 2, 0], "inflate": 0.01, "uv": [28, 43]}
					]
				},
				{
					"name": "ear_right",
					"parent": "head",
					"pivot": [-3, 17.25, -1],
					"rotation": [0, 15, -30],
					"cubes": [
						{"origin": [-5, 15.25, -1], "size": [3, 6, 0], "uv": [6, 38]}
					]
				},
				{
					"name": "ear_right2",
					"parent": "ear_right",
					"pivot": [-5.25, 18, -1],
					"rotation": [0, 0, -52.5],
					"cubes": [
						{"origin": [-6.25, 17, -1], "size": [1, 2, 0], "inflate": 0.01, "uv": [44, 23]}
					]
				},
				{
					"name": "arm_left",
					"parent": "torso",
					"pivot": [5.5, 8, -3.5],
					"cubes": [
						{"origin": [5.5, 6, -4.5], "size": [2, 2, 2], "uv": [12, 38]}
					]
				},
				{
					"name": "hand_left",
					"parent": "arm_left",
					"pivot": [7.5, 8, -2.5],
					"cubes": [
						{"origin": [7.5, 6, -4.5], "size": [2, 2, 2], "inflate": 0.001, "uv": [20, 38]}
					]
				},
				{
					"name": "thumb_left",
					"parent": "hand_left",
					"pivot": [8.5, 7, -4.5],
					"cubes": [
						{"origin": [8, 7, -5], "size": [1, 0, 2], "uv": [44, 13]}
					]
				},
				{
					"name": "arm_right",
					"parent": "torso",
					"pivot": [-5.5, 8, -3.5],
					"cubes": [
						{"origin": [-7.5, 6, -4.5], "size": [2, 2, 2], "uv": [28, 38]}
					]
				},
				{
					"name": "hand_right",
					"parent": "arm_right",
					"pivot": [-7.5, 8, -2.5],
					"cubes": [
						{"origin": [-9.5, 6, -4.5], "size": [2, 2, 2], "inflate": 0.001, "uv": [36, 38]}
					]
				},
				{
					"name": "thumb_right",
					"parent": "hand_right",
					"pivot": [-8.5, 7, -4.5],
					"cubes": [
						{"origin": [-9, 7, -5], "size": [1, 0, 2], "uv": [44, 15]}
					]
				},
				{
					"name": "foot_left",
					"parent": "body",
					"pivot": [2.5, 1, 0],
					"cubes": [
						{"origin": [1.5, 0, -1], "size": [2, 1, 2], "inflate": 0.01, "uv": [12, 42]}
					]
				},
				{
					"name": "foot_left2",
					"parent": "foot_left",
					"pivot": [2.5, 0, -1],
					"cubes": [
						{"origin": [1.5, 0, -3], "size": [2, 1, 2], "uv": [30, 42]}
					]
				},
				{
					"name": "foot_right",
					"parent": "body",
					"pivot": [-2.5, 1, 0],
					"cubes": [
						{"origin": [-3.5, 0, -1], "size": [2, 1, 2], "inflate": 0.01, "uv": [38, 42]}
					]
				},
				{
					"name": "foot_right2",
					"parent": "foot_right",
					"pivot": [-2.5, 0, -1],
					"cubes": [
						{"origin": [-3.5, 0, -3], "size": [2, 1, 2], "uv": [20, 43]}
					]
				}
			]
		}
	]
}