{
    "implemented": true,
    "target": "cobblemon:aromatisse",   
    "shoulderMountable": false,
    "baseScale": 0.9,
    "hitbox": {
      "width": 0.75,
      "height": 1.12,
      "fixed": false
    },
    "drops": {
    "amount": "3",
      "entries": [
        {
          "item": "minecraft:kebia_berry",
          "quantityRange": "0-3"
        },
        {
          "item": "cobblemon:fairy_feather",
          "percentage": 35
        },
        {
          "item": "minecraft:string",
          "percentage": 45
        }
      ]
    },
    "behaviour": {
      "resting": {
        "canSleep": true,
        "willSleepOnBed": true,
        "depth": "normal",
        "light": "0-4"
      }
    }
   }