{
    "implemented": true,
    "target": "cobblemon:clobbopus",   
    "shoulderMountable": true,
    "baseScale": 0.6,
    "hitbox": {
      "width": 0.9,
      "height": 1.2,
      "fixed": false
    },
    "drops": {
    "amount": "1",
      "entries": [
        {
          "item": "minecraft:ink_sac",
          "percentage": 100
        }
      ]
    },
    "behaviour": {
      "resting": {
        "canSleep": true,
        "willSleepOnBed": true,
        "depth": "normal",
        "light": "0-4"
      }
    }
   }