{
    "implemented": true,
    "target": "cobblemon:excadrill",   
    "shoulderMountable": false,
    "baseScale": 0.8,
    "hitbox": {
      "width": 1,
      "height": 0.85,
      "fixed": false
    },
    "drops": {
    "amount": "2",
      "entries": [
        {
          "item": "minecraft:dirt",
          "quantityRange": "0-3"
        },
        {
          "item": "minecraft:soft_sand",
          "percentage": 100
        }
      ]
    },
    "behaviour": {
      "resting": {
        "canSleep": true,
        "willSleepOnBed": true,
        "walkSpeed": 0.45,   
        "runSpeed": 0.55,    
        "depth": "normal",
        "light": "0-4"
      }
    }
   }