{
    "implemented": true,
    "target": "cobblemon:flapple",   
    "shoulderMountable": false,
    "baseScale": 0.7,
    "hitbox": {
      "width": 1,
      "height": 1,
      "fixed": false
    },
    "drops": {
    "amount": "2",
      "entries": [
        {
          "item": "minecraft:apple",
          "quantityRange": "0-2"
        },
        {
          "item": "cobblemon:yache_berry",
          "percentage": 5.0
        }
      ]
    },
    "behaviour": {
      "resting": {
        "canSleep": true,
        "willSleepOnBed": true,
        "walkSpeed": 0.65,   
        "runSpeed": 0.55,   
        "depth": "normal",
        "light": "0-4"
      }
    }
   }