{
    "implemented": true,
    "target": "cobblemon:grapploct",   
    "shoulderMountable": false,
  "baseScale": 0.75,
  "hitbox": {
    "width": 1.2,
    "height": 2.25,
    "fixed": false
    },
    "drops": {
    "amount": "1",
      "entries": [
        {
          "item": "minecraft:ink_sac",
          "percentage": 100
        }
      ]
    },
    "behaviour": {
      "resting": {
        "canSleep": true,
        "willSleepOnBed": true,
        "depth": "normal",
        "light": "0-4"
      }
    }
   }