{
    "implemented": true,
    "target": "cobblemon:gulpin",   
    "shoulderMountable": false,
    "baseScale": 0.65,
    "hitbox": {
      "width": 0.55,
      "height": 0.4,
      "fixed": false
    },
    "drops": {
    "amount": "3",
      "entries": [
        {
          "item": "minecraft:slime_ball",
          "quantityRange": "0-3"
        },
        {
          "item": "cobblemon:black_sludge",
          "percentage": 100
        },
        {
          "item": "minecraft:oran_berry",
          "percentage": 100
        }
      ]
    },
    "behaviour": {
      "resting": {
        "canSleep": true,
        "willSleepOnBed": true,
        "walkSpeed": 0.32,
        "depth": "normal",
        "light": "0-4"
      }
    }
   }