{
    "implemented": true,
    "target": "cobblemon:helioptile",   
    "shoulderMountable": true,
    "baseScale": 0.7,
    "hitbox": {
      "width": 0.7,
      "height": 0.7,
      "fixed": false
    },
    "drops": {
    "amount": "1",
      "entries": [
        {
          "item": "minecraft:sun_stone",
          "percentage": 2.0
        }
      ]
    },
    "behaviour": {
      "resting": {
        "canSleep": true,
        "willSleepOnBed": true,
        "depth": "normal",
        "light": "0-4"
      }
    }
   }