{
    "implemented": true,
    "target": "cobblemon:mrrime",   
    "shoulderMountable": false,
    "baseScale": 0.75,
    "hitbox": {
      "width": 0.8,
      "height": 0.5,
      "fixed": false
    },
    "drops": {
    "amount": "2",
      "entries": [
        {
          "item": "minecraft:stick",
          "quantityRange": "0-2"
        },
        {
            "item": "cobblemon:aspear_berry",
            "percentage": 10.0
        }
      ]
    },
    "behaviour": {
      "resting": {
        "canSleep": true,
        "willSleepOnBed": true,
        "walkSpeed": 0.4,
        "depth": "normal",
        "light": "0-4"
      }
    }
   }