{
    "implemented": true,
    "target": "cobblemon:spritzee",   
    "shoulderMountable": true,
    "baseScale": 0.5,
    "hitbox": {
      "width": 0.55,
      "height": 0.5,
      "fixed": false
    },
    "drops": {
    "amount": "2",
      "entries": [
        {
          "item": "minecraft:kebia_berry",
          "quantityRange": "0-3"
        },
        {
          "item": "cobblemon:fairy_feather",
          "percentage": 100
        }
      ]
    },
    "behaviour": {
      "resting": {
        "canSleep": true,
        "willSleepOnBed": true,
        "walkSpeed": 0.3,   
        "runSpeed": 0.4,   
        "depth": "normal",
        "light": "0-4"
      }
    }
   }