{
    "portraitScale":1.8,
    "portraitTranslation":[-0.4,2.1,0],
    "profileScale":0.55,
    "profileTranslation":[0,0.85,0],
    "head":"head",
    "poses":{
        "standing":{
            "poseName":"standing",
            "transformTicks":10,
            "poseTypes":["STAND","NONE","PROFILE","PORTRAIT"],
            "animations":["look","bedrock(oranguru, pose)"],
            "quirks":[
                {
                    "name":"blink",
                    "animations":["bedrock(oranguru, blink)"]
                }
            ]
        },
        "walking":{
            "poseName":"walking",
            "transformTicks":10,
            "poseTypes":["WALK"],
            "animations":["look","bedrock(oranguru, pose)"],
            "quirks":[
                {
                    "name":"blink",
                    "animations":["bedrock(oranguru, blink)"]
                }
            ]
        }
    }
}