{
	"format_version": "1.12.0",
	"minecraft:geometry": [
		{
			"description": {
				"identifier": "geometry.mr_rime",
				"texture_width": 128,
				"texture_height": 128,
				"visible_bounds_width": 5,
				"visible_bounds_height": 5,
				"visible_bounds_offset": [0, 1.5, 0]
			},
			"bones": [
				{
					"name": "mr_rime",
					"pivot": [0, 0, 0]
				},
				{
					"name": "body",
					"parent": "mr_rime",
					"pivot": [0, 0, 0]
				},
				{
					"name": "legs",
					"parent": "body",
					"pivot": [0, 0, 0]
				},
				{
					"name": "leg1",
					"parent": "legs",
					"pivot": [1, 0, 2],
					"cubes": [
						{"origin": [-7, 7, -0.5], "size": [5, 4, 6], "uv": [0, 64]}
					]
				},
				{
					"name": "leg_part1",
					"parent": "leg1",
					"pivot": [1, 0, 2],
					"cubes": [
						{"origin": [-6, 3, 1.2], "size": [3, 4, 3], "uv": [89, 91]}
					]
				},
				{
					"name": "leg_mini1",
					"parent": "leg_part1",
					"pivot": [1, 0, 2],
					"cubes": [
						{"origin": [-7, 0, -1], "size": [5, 3, 6], "uv": [46, 72]},
						{"origin": [-7, 0, -7], "size": [5, 5, 6], "uv": [63, 0]}
					]
				},
				{
					"name": "leg2",
					"parent": "legs",
					"pivot": [-1, 0, 2],
					"cubes": [
						{"origin": [2, 7, -0.5], "size": [5, 4, 6], "uv": [0, 64], "mirror": true}
					]
				},
				{
					"name": "leg_part2",
					"parent": "leg2",
					"pivot": [-1, 0, 2],
					"cubes": [
						{"origin": [3, 3, 1.2], "size": [3, 4, 3], "uv": [89, 91], "mirror": true}
					]
				},
				{
					"name": "leg_mini2",
					"parent": "leg_part2",
					"pivot": [-1, 0, 2],
					"cubes": [
						{"origin": [2, 0, -1], "size": [5, 3, 6], "uv": [46, 72], "mirror": true},
						{"origin": [2, 0, -7], "size": [5, 5, 6], "uv": [63, 0], "mirror": true}
					]
				},
				{
					"name": "torso",
					"parent": "body",
					"pivot": [0, 0, 0],
					"cubes": [
						{"origin": [-8, 11, -5], "size": [16, 13, 15], "uv": [0, 0]},
						{"origin": [-3.6, 15, -6], "size": [7, 4, 2], "uv": [0, 85]},
						{"origin": [-5.6, 13, -5.01], "size": [11, 7, 0], "uv": [0, 77]}
					]
				},
				{
					"name": "eyes_torso",
					"parent": "torso",
					"pivot": [-5, 13, -4]
				},
				{
					"name": "eye_torso1",
					"parent": "eyes_torso",
					"pivot": [-7, 13, -4],
					"cubes": [
						{"origin": [-7, 16.6, -5.02], "size": [2, 3, 0], "uv": [48, 96]}
					]
				},
				{
					"name": "eye_torso_pupiled1",
					"parent": "eye_torso1",
					"pivot": [-7, 13, -3],
					"cubes": [
						{"origin": [-7, 16.6, -4.02], "size": [2, 2, 0], "uv": [58, 96]},
						{"origin": [-7, 18.6, -4.02], "size": [1, 1, 0], "uv": [82, 43]}
					]
				},
				{
					"name": "eye_torso_pupiled_mini1",
					"parent": "eye_torso_pupiled1",
					"pivot": [-7, 13, -3],
					"cubes": [
						{"origin": [-7, 17.6, -4.02], "size": [2, 1, 0], "uv": [69, 43]},
						{"origin": [-5, 17, -4.02], "size": [1, 1, 0], "uv": [83, 70]},
						{"origin": [-8, 17, -4.02], "size": [1, 1, 0], "uv": [43, 85]}
					]
				},
				{
					"name": "eye_torso2",
					"parent": "eyes_torso",
					"pivot": [7, 13, -4],
					"cubes": [
						{"origin": [5, 16.6, -5.02], "size": [2, 3, 0], "uv": [53, 96]}
					]
				},
				{
					"name": "eye_torso_pupiled2",
					"parent": "eye_torso2",
					"pivot": [7, 13, -3],
					"cubes": [
						{"origin": [5, 16.6, -4.02], "size": [2, 2, 0], "uv": [63, 96]},
						{"origin": [6, 18.6, -4.02], "size": [1, 1, 0], "uv": [85, 43]}
					]
				},
				{
					"name": "eye_torso_pupiled_mini2",
					"parent": "eye_torso_pupiled2",
					"pivot": [7, 13, -2],
					"cubes": [
						{"origin": [5, 17.6, -4.02], "size": [2, 1, 0], "uv": [74, 43]},
						{"origin": [4, 17, -4.02], "size": [1, 1, 0], "uv": [86, 70]},
						{"origin": [7, 17, -4.02], "size": [1, 1, 0], "uv": [43, 87]}
					]
				},
				{
					"name": "torso2",
					"parent": "torso",
					"pivot": [0, -2, 0],
					"cubes": [
						{"origin": [-5, 24, -3], "size": [10, 2, 11], "uv": [55, 29]},
						{"origin": [-4, 25, -1.5], "size": [8, 3, 8], "uv": [47, 60]}
					]
				},
				{
					"name": "head",
					"parent": "torso2",
					"pivot": [0, 29, 0],
					"cubes": [
						{"origin": [-6, 28, -3], "size": [12, 7, 11], "uv": [0, 45]},
						{"origin": [-3.5, 30, -3.04], "size": [5, 3, 0], "pivot": [1, 30, 0], "rotation": [0, 0, -32.5], "uv": [82, 25]},
						{"origin": [-1.5, 30, -3.04], "size": [5, 3, 0], "pivot": [-1, 30, 0], "rotation": [0, 0, 32.5], "uv": [93, 25]},
						{"origin": [-7, 34.6, -4], "size": [14, 2, 13], "uv": [0, 29]},
						{"origin": [-6, 36.6, -3], "size": [12, 3, 11], "uv": [47, 45]}
					]
				},
				{
					"name": "ears",
					"parent": "head",
					"pivot": [0, 29, 0]
				},
				{
					"name": "ear1",
					"parent": "ears",
					"pivot": [-8, 37, 0],
					"rotation": [0, 0, 42.5],
					"cubes": [
						{"origin": [-16.4, 32.2, 2.8], "size": [11, 8, 0], "uv": [69, 82]}
					]
				},
				{
					"name": "ear2",
					"parent": "ears",
					"pivot": [8, 37, 0],
					"rotation": [0, 0, -42.5],
					"cubes": [
						{"origin": [5.4, 32.2, 2.8], "size": [11, 8, 0], "uv": [69, 82], "mirror": true}
					]
				},
				{
					"name": "eyes",
					"parent": "head",
					"pivot": [-1, 30, 1]
				},
				{
					"name": "eye1",
					"parent": "eyes",
					"pivot": [-1, 30, 1],
					"cubes": [
						{"origin": [-4.5, 30.5, -3.01], "size": [3, 4, 0], "uv": [36, 85]}
					]
				},
				{
					"name": "eye_pupiled1",
					"parent": "eye1",
					"pivot": [-1, 30, 1],
					"cubes": [
						{"origin": [-3.95, 31, -3.02], "size": [2, 3, 0], "uv": [38, 96]},
						{"origin": [-3.2, 32, -3.03], "size": [1, 1, 0], "uv": [79, 43]}
					]
				},
				{
					"name": "eye_pupiled_mini1",
					"parent": "eye_pupiled1",
					"pivot": [-1, 30, 1],
					"cubes": [
						{"origin": [-4.5, 32, -2.02], "size": [3, 1, 0], "uv": [55, 43]}
					]
				},
				{
					"name": "eye2",
					"parent": "eyes",
					"pivot": [1, 30, 1],
					"cubes": [
						{"origin": [1.5, 30.5, -3.01], "size": [3, 4, 0], "uv": [94, 55]}
					]
				},
				{
					"name": "eye_pupiled2",
					"parent": "eye2",
					"pivot": [1, 30, 1],
					"cubes": [
						{"origin": [1.95, 31, -3.02], "size": [2, 3, 0], "uv": [43, 96]},
						{"origin": [2.2, 32, -3.03], "size": [1, 1, 0], "uv": [80, 70]}
					]
				},
				{
					"name": "eye_pupiled_mini2",
					"parent": "eye_pupiled2",
					"pivot": [1, 30, 1],
					"cubes": [
						{"origin": [1.5, 32, -2.02], "size": [3, 1, 0], "uv": [62, 43]}
					]
				},
				{
					"name": "hands",
					"parent": "torso2",
					"pivot": [0, -2, 0]
				},
				{
					"name": "hand1",
					"parent": "hands",
					"pivot": [-5, 27, 3],
					"cubes": [
						{"origin": [-7, 25, 1], "size": [4, 4, 4], "uv": [19, 85]}
					]
				},
				{
					"name": "hand_part1",
					"parent": "hand1",
					"pivot": [-5, 27, 3],
					"cubes": [
						{"origin": [-13, 26, 2], "size": [6, 2, 2], "uv": [55, 91]}
					]
				},
				{
					"name": "hand_mini1",
					"parent": "hand_part1",
					"pivot": [-11, 27, 3],
					"cubes": [
						{"origin": [-20, 26, 2], "size": [7, 2, 2], "uv": [63, 24]}
					]
				},
				{
					"name": "fist1",
					"parent": "hand_mini1",
					"pivot": [-11, 27, 3],
					"cubes": [
						{"origin": [-24, 25.5, 1], "size": [4, 3, 4], "uv": [86, 9]},
						{"origin": [-29, 26.5, 0], "size": [5, 3, 6], "pivot": [-25, 26, 3], "rotation": [0, 0, 30], "uv": [23, 75]}
					]
				},
				{
					"name": "nail1",
					"parent": "fist1",
					"pivot": [-11, 27, 3],
					"cubes": [
						{"origin": [-22.6, 26.5, -1.35], "size": [2, 1, 3], "pivot": [-22, 25, 1], "rotation": [0, 30, 0], "uv": [92, 86]}
					]
				},
				{
					"name": "hand2",
					"parent": "hands",
					"pivot": [5, 27, 3],
					"cubes": [
						{"origin": [3, 25, 1], "size": [4, 4, 4], "uv": [86, 0]}
					]
				},
				{
					"name": "hand_part2",
					"parent": "hand2",
					"pivot": [5, 27, 3],
					"cubes": [
						{"origin": [7, 26, 2], "size": [6, 2, 2], "uv": [72, 91]}
					]
				},
				{
					"name": "hand_mini2",
					"parent": "hand_part2",
					"pivot": [11, 27, 3],
					"cubes": [
						{"origin": [13, 26, 2], "size": [7, 2, 2], "uv": [36, 91]}
					]
				},
				{
					"name": "fist2",
					"parent": "hand_mini2",
					"pivot": [11, 27, 3],
					"cubes": [
						{"origin": [20, 25.5, 1], "size": [4, 3, 4], "uv": [86, 17]},
						{"origin": [23, 25.5, 0], "size": [5, 3, 6], "pivot": [24, 26, 3], "rotation": [0, 0, 25], "uv": [80, 60]}
					]
				},
				{
					"name": "nail2",
					"parent": "fist2",
					"pivot": [11, 27, 3],
					"cubes": [
						{"origin": [20.6, 26.5, -1.35], "size": [2, 1, 3], "pivot": [22, 26, 1], "rotation": [0, -30, 0], "uv": [94, 43]}
					]
				},
				{
					"name": "stick",
					"parent": "fist2",
					"pivot": [28, 8, 17],
					"cubes": [
						{"origin": [23, 6, 1.6], "size": [1, 6, 1], "pivot": [24, 8, 2], "rotation": [17.5, 0, 0], "uv": [33, 96]},
						{"origin": [22.4, 11, 0], "size": [2, 5, 2], "pivot": [24, 11, 1], "rotation": [10, 0, 0], "uv": [92, 70]},
						{"origin": [22.4, 18, 0], "size": [2, 5, 2], "pivot": [24, 18, 1], "rotation": [37.5, 0, 0], "uv": [92, 78]},
						{"origin": [22.4, 21, -3], "size": [2, 5, 2], "inflate": -0.01, "pivot": [24, 21, -2], "rotation": [-37.5, 0, 0], "uv": [13, 94]},
						{"origin": [22.4, 23, -1], "size": [2, 2, 3], "pivot": [24, 23, 1], "rotation": [-27.5, 0, 0], "uv": [22, 94]},
						{"origin": [22.4, 15, -1], "size": [2, 4, 2], "inflate": -0.01, "pivot": [24, 15, 0], "rotation": [-17.5, 0, 0], "uv": [94, 48]}
					]
				},
				{
					"name": "locator_target",
					"parent": "body",
					"pivot": [0, 32, -4],
					"locators": {
						"target": [0, 32, -4]
					}
				},
				{
					"name": "locator_top",
					"parent": "mr_rime",
					"pivot": [0, 43, 2],
					"locators": {
						"top": [0, 43, 2]
					}
				},
				{
					"name": "locator_root",
					"parent": "mr_rime",
					"pivot": [0, 0, 2],
					"locators": {
						"root": [0, 0, 2]
					}
				}
			]
		}
	]
}