{
	"format_version": "1.12.0",
	"minecraft:geometry": [
		{
			"description": {
				"identifier": "geometry.kyurem",
				"texture_width": 512,
				"texture_height": 512,
				"visible_bounds_width": 14,
				"visible_bounds_height": 7.5,
				"visible_bounds_offset": [0, 3.25, 0]
			},
			"bones": [
				{
					"name": "kyurem",
					"pivot": [0, 0, 0]
				},
				{
					"name": "body",
					"parent": "kyurem",
					"pivot": [0, 48, 31]
				},
				{
					"name": "torso",
					"parent": "body",
					"pivot": [0, 50, 39],
					"cubes": [
						{"origin": [-17, 29, 14], "size": [33, 35, 38], "uv": [0, 0]},
						{"origin": [-13, 34, 52], "size": [25, 30, 5], "uv": [128, 167]}
					]
				},
				{
					"name": "bone23",
					"parent": "torso",
					"pivot": [0, 46.25, 19],
					"cubes": [
						{"origin": [-13.5, 32.25, -6], "size": [27, 29, 25], "uv": [0, 353]}
					]
				},
				{
					"name": "bone22",
					"parent": "bone23",
					"pivot": [0, 47.75, 1],
					"cubes": [
						{"origin": [-10.5, 37.25, -13], "size": [21, 20, 14], "uv": [142, 33]}
					]
				},
				{
					"name": "bone21",
					"parent": "bone22",
					"pivot": [0, 47.75, -9.5],
					"cubes": [
						{"origin": [-7.5, 39.75, -23], "size": [15, 15, 14], "uv": [180, 89]}
					]
				},
				{
					"name": "bone20",
					"parent": "bone21",
					"pivot": [0, 47.75, -21],
					"cubes": [
						{"origin": [-5.5, 41.25, -33], "size": [11, 12, 12], "uv": [98, 202]}
					]
				},
				{
					"name": "bone19",
					"parent": "bone20",
					"pivot": [0, 47.75, -32.5],
					"cubes": [
						{"origin": [-5.5, 41.75, -44.5], "size": [11, 11, 12], "inflate": 0.01, "uv": [216, 0]}
					]
				},
				{
					"name": "bone18",
					"parent": "bone19",
					"pivot": [0, 47.75, -44],
					"cubes": [
						{"origin": [-5.5, 41.75, -58], "size": [11, 11, 14], "uv": [48, 199]}
					]
				},
				{
					"name": "head",
					"parent": "bone18",
					"pivot": [0, 49.75, -55.25],
					"cubes": [
						{"origin": [-8, 46.25, -62], "size": [16, 13, 7], "uv": [0, 311]},
						{"origin": [-6.5, 46.25, -63], "size": [13, 8, 1], "uv": [270, 115]},
						{"origin": [-5, 41.25, -64], "size": [10, 5, 9], "uv": [240, 184]}
					]
				},
				{
					"name": "bone118",
					"parent": "head",
					"pivot": [0, 48.26107, -71.25099],
					"rotation": [3.25, 0, 0]
				},
				{
					"name": "bone2",
					"parent": "bone118",
					"pivot": [0, 48.26107, -71.25099],
					"rotation": [43.5, 0, 0],
					"cubes": [
						{"origin": [-2, 45.26107, -72.25099], "size": [4, 5, 6], "inflate": 0.03, "uv": [182, 276]},
						{"origin": [-1.35, 46.26107, -74.25099], "size": [3, 4, 3], "inflate": 0.01, "pivot": [-0.35, 47.76107, -72.75099], "rotation": [0, -45, 0], "uv": [292, 170]}
					]
				},
				{
					"name": "bone",
					"parent": "bone118",
					"pivot": [1.45, 50.26107, -69.30099],
					"rotation": [48.00195, 18.49951, 19.57589],
					"cubes": [
						{"origin": [-1.09334, 48.10095, -71.30447], "size": [4, 4, 9], "uv": [320, 0]}
					]
				},
				{
					"name": "bone3",
					"parent": "bone",
					"pivot": [2.90666, 52.10095, -62.30447],
					"rotation": [-10, -7.5, 0],
					"cubes": [
						{"origin": [-1.09334, 47.10095, -62.30447], "size": [5, 5, 12], "uv": [314, 56]}
					]
				},
				{
					"name": "bone74",
					"parent": "bone3",
					"pivot": [1.90666, 48.10095, -50.30447],
					"rotation": [-15, 0, 0],
					"cubes": [
						{"origin": [-1.09334, 47.60095, -50.30447], "size": [5, 0, 7], "uv": [200, 253]}
					]
				},
				{
					"name": "bone5",
					"parent": "bone3",
					"pivot": [-0.09334, 49.10095, -50.30447],
					"rotation": [10.26138, 14.88341, 1.34385],
					"cubes": [
						{"origin": [-0.09334, 49.10095, -50.30447], "size": [4, 3, 6], "uv": [244, 23]},
						{"origin": [-0.09334, 52.10095, -44.30447], "size": [4, 0, 7], "uv": [252, 280]},
						{"origin": [3.90666, 49.10095, -44.30447], "size": [0, 3, 7], "uv": [284, 46]}
					]
				},
				{
					"name": "bone6",
					"parent": "bone118",
					"pivot": [-1.45, 50.26107, -69.30099],
					"rotation": [48.0493, -18.3213, -19.76032],
					"cubes": [
						{"origin": [-2.90666, 48.10095, -71.30447], "size": [4, 4, 9], "inflate": 0.01, "uv": [359, 0]}
					]
				},
				{
					"name": "bone7",
					"parent": "bone6",
					"pivot": [-2.90666, 52.10095, -62.30447],
					"rotation": [-10, 7.5, 0],
					"cubes": [
						{"origin": [-3.90666, 47.10095, -62.30447], "size": [5, 5, 12], "uv": [357, 41]}
					]
				},
				{
					"name": "bone117",
					"parent": "bone7",
					"pivot": [-1.90666, 47.60095, -52.30447],
					"rotation": [-15, 0, 0],
					"cubes": [
						{"origin": [-3.90666, 47.60095, -50.30447], "size": [3, 0, 4], "uv": [88, 161]}
					]
				},
				{
					"name": "bone8",
					"parent": "bone7",
					"pivot": [0.09334, 49.10095, -50.30447],
					"rotation": [10.26138, -14.88341, -1.34385],
					"cubes": [
						{"origin": [-3.90666, 49.10095, -50.30447], "size": [4, 3, 4], "uv": [48, 192]}
					]
				},
				{
					"name": "bone88",
					"parent": "bone8",
					"pivot": [0.09334, 52.10095, -46.30447],
					"cubes": [
						{"origin": [-3.90666, 52.10095, -46.30447], "size": [4, 0, 5], "uv": [264, 46]},
						{"origin": [-3.90666, 49.10095, -46.30447], "size": [0, 3, 5], "uv": [296, 45]}
					]
				},
				{
					"name": "bone10",
					"parent": "bone118",
					"pivot": [0, 52.38607, -68.25099],
					"rotation": [39.25, 0, 0],
					"cubes": [
						{"origin": [-1.5, 51.38607, -69.25099], "size": [3, 2, 6], "uv": [282, 0]},
						{"origin": [-2, 48.38607, -63.25099], "size": [4, 5, 9], "uv": [57, 313]},
						{"origin": [-1.5, 49.38607, -54.25099], "size": [3, 4, 4], "uv": [168, 231]}
					]
				},
				{
					"name": "bone4",
					"parent": "head",
					"pivot": [6.5, 50.25, -63],
					"rotation": [0, 31.5, 0],
					"cubes": [
						{"origin": [2.5, 46.25, -69], "size": [4, 7, 6], "uv": [232, 272]},
						{"origin": [2.5, 47.25, -72], "size": [4, 4, 3], "uv": [24, 288]}
					]
				},
				{
					"name": "bone78",
					"parent": "bone4",
					"pivot": [6.75, 47.65, -66.25],
					"rotation": [5, 0, 0]
				},
				{
					"name": "bone75",
					"parent": "bone78",
					"pivot": [6.75, 47.35, -63.5],
					"rotation": [40, 0, 0],
					"cubes": [
						{"origin": [6.75, 45.35, -64.5], "size": [0, 3, 2], "uv": [182, 202]}
					]
				},
				{
					"name": "bone76",
					"parent": "bone78",
					"pivot": [6.75, 47.45, -66.2],
					"rotation": [40, 0, 0],
					"cubes": [
						{"origin": [6.75, 46.45, -67.2], "size": [0, 2, 2], "uv": [182, 212]}
					]
				},
				{
					"name": "bone77",
					"parent": "bone78",
					"pivot": [6.75, 47.5, -68.55],
					"rotation": [45, 0, 0],
					"cubes": [
						{"origin": [6.75, 46.5, -69.55], "size": [0, 2, 2], "uv": [182, 216]}
					]
				},
				{
					"name": "bone40",
					"parent": "bone4",
					"pivot": [6.525, 52.14427, -66.57624],
					"rotation": [3, 0, 0],
					"cubes": [
						{"origin": [6.525, 50.22331, -70.19109], "size": [0, 4, 7], "pivot": [6.525, 52.22331, -66.19109], "rotation": [-14, 0, 0], "uv": [107, 285]}
					]
				},
				{
					"name": "bone41",
					"parent": "bone40",
					"pivot": [6.55, 52.52539, -66.95256],
					"rotation": [-10.5, 0, 0],
					"cubes": [
						{"origin": [6.55, 50.97539, -70.10256], "size": [0, 4, 6], "uv": [292, 195]}
					]
				},
				{
					"name": "bone9",
					"parent": "head",
					"pivot": [-6.5, 50.25, -63],
					"rotation": [0, -31.5, 0],
					"cubes": [
						{"origin": [-6.5, 46.25, -69], "size": [4, 7, 6], "uv": [232, 272], "mirror": true},
						{"origin": [-6.5, 47.25, -72], "size": [4, 4, 3], "uv": [24, 288], "mirror": true}
					]
				},
				{
					"name": "bone42",
					"parent": "bone9",
					"pivot": [-6.75, 47.65, -66.25],
					"rotation": [5, 0, 0]
				},
				{
					"name": "bone43",
					"parent": "bone42",
					"pivot": [-6.75, 47.35, -63.5],
					"rotation": [40, 0, 0],
					"cubes": [
						{"origin": [-6.75, 45.35, -64.5], "size": [0, 3, 2], "uv": [182, 202], "mirror": true}
					]
				},
				{
					"name": "bone44",
					"parent": "bone42",
					"pivot": [-6.75, 47.45, -66.2],
					"rotation": [40, 0, 0],
					"cubes": [
						{"origin": [-6.75, 46.45, -67.2], "size": [0, 2, 2], "uv": [182, 212], "mirror": true}
					]
				},
				{
					"name": "bone79",
					"parent": "bone42",
					"pivot": [-6.75, 47.5, -68.55],
					"rotation": [45, 0, 0],
					"cubes": [
						{"origin": [-6.75, 46.5, -69.55], "size": [0, 2, 2], "uv": [182, 216], "mirror": true}
					]
				},
				{
					"name": "bone80",
					"parent": "bone9",
					"pivot": [-6.525, 52.14427, -66.57624],
					"rotation": [3, 0, 0],
					"cubes": [
						{"origin": [-6.525, 50.22331, -70.29109], "size": [0, 4, 7], "pivot": [-6.525, 52.22331, -66.29109], "rotation": [-14, 0, 0], "uv": [107, 285], "mirror": true}
					]
				},
				{
					"name": "bone81",
					"parent": "bone80",
					"pivot": [-6.55, 52.52539, -66.95256],
					"rotation": [-10.5, 0, 0],
					"cubes": [
						{"origin": [-6.55, 50.97539, -70.10256], "size": [0, 4, 6], "uv": [292, 195], "mirror": true}
					]
				},
				{
					"name": "bone17",
					"parent": "head",
					"pivot": [0, 41.25, -64.025],
					"rotation": [-14, 0, 0],
					"cubes": [
						{"origin": [-3.5, 41.74863, -71.01269], "size": [7, 2, 7], "pivot": [-0.5, 41.74863, -64.01269], "rotation": [-12.5, 0, 0], "uv": [216, 23]}
					]
				},
				{
					"name": "bone82",
					"parent": "head",
					"pivot": [6.04621, 45.85017, -56.60441]
				},
				{
					"name": "bone11",
					"parent": "bone82",
					"pivot": [6.04621, 45.85017, -56.60441],
					"rotation": [9.32145, -5.5008, 32.50847],
					"cubes": [
						{"origin": [2.54621, 42.10017, -62.10441], "size": [8, 7, 11], "uv": [354, 19]},
						{"origin": [9.54621, 42.10017, -51.10441], "size": [0, 7, 3], "uv": [371, 62]}
					]
				},
				{
					"name": "bone12",
					"parent": "bone11",
					"pivot": [9.54927, 45.63529, -62.10441],
					"rotation": [0, 23.75, 0],
					"cubes": [
						{"origin": [2.54621, 42.60017, -69.10441], "size": [7, 6, 7], "uv": [318, 20]}
					]
				},
				{
					"name": "bone13",
					"parent": "bone12",
					"pivot": [9.54927, 44.88529, -69.10441],
					"rotation": [0, 32.5, 0],
					"cubes": [
						{"origin": [3.54621, 43.60017, -76.10441], "size": [6, 4, 7], "uv": [64, 268]}
					]
				},
				{
					"name": "bone14",
					"parent": "bone82",
					"pivot": [-11.87286, 42.55852, -55.54748],
					"rotation": [9.32145, 5.5008, -32.50847],
					"cubes": [
						{"origin": [-10.70619, 38.55852, -61.54748], "size": [9, 7, 11], "uv": [128, 231]},
						{"origin": [-14.70619, 39.55852, -60.04748], "size": [4, 5, 9], "uv": [102, 253]},
						{"origin": [-18.70619, 43.55852, -58.54748], "size": [4, 0, 7], "uv": [274, 280]}
					]
				},
				{
					"name": "bone15",
					"parent": "bone14",
					"pivot": [-8.70926, 42.06864, -61.54748],
					"rotation": [0, -23.75, 0],
					"cubes": [
						{"origin": [-8.70619, 39.03352, -68.54748], "size": [7, 6, 7], "uv": [318, 39]}
					]
				},
				{
					"name": "bone16",
					"parent": "bone15",
					"pivot": [-8.70926, 41.06864, -68.54748],
					"rotation": [0, -32.5, 0],
					"cubes": [
						{"origin": [-8.70619, 40.03352, -75.54748], "size": [6, 4, 7], "uv": [260, 269]}
					]
				},
				{
					"name": "bone115",
					"parent": "bone18",
					"pivot": [-0.5, 51.75, -57],
					"cubes": [
						{"origin": [0, 51.75, -57], "size": [0, 10, 19], "uv": [144, 202]}
					]
				},
				{
					"name": "bone116",
					"parent": "bone115",
					"pivot": [0, 51.75, -38],
					"cubes": [
						{"origin": [0, 51.75, -38], "size": [0, 7, 11], "uv": [260, 251]}
					]
				},
				{
					"name": "bone89",
					"parent": "bone23",
					"pivot": [13.75, 45.25, 4],
					"cubes": [
						{"origin": [13.25, 40.25, 0], "size": [6, 9, 8], "uv": [74, 127]}
					]
				},
				{
					"name": "bone90",
					"parent": "bone89",
					"pivot": [16.95, 43.5, 4],
					"rotation": [0, 0, 27.5],
					"cubes": [
						{"origin": [16.98523, 41.08203, 1.5], "size": [9, 5, 5], "uv": [264, 36]}
					]
				},
				{
					"name": "bone91",
					"parent": "bone90",
					"pivot": [25.98523, 43.58203, 4],
					"rotation": [0, 75, 0],
					"cubes": [
						{"origin": [24.98523, 41.58203, 2], "size": [11, 4, 4], "uv": [240, 214]}
					]
				},
				{
					"name": "bone92",
					"parent": "bone91",
					"pivot": [35.98523, 45.58203, 4],
					"cubes": [
						{"origin": [35.98523, 41.58203, 2], "size": [4, 4, 4], "inflate": 0.01, "uv": [282, 261]}
					]
				},
				{
					"name": "bone93",
					"parent": "bone92",
					"pivot": [39.98523, 44.58203, 5.25],
					"cubes": [
						{"origin": [39.98523, 42.58203, 5.25], "size": [5, 2, 0], "uv": [88, 165]}
					]
				},
				{
					"name": "bone94",
					"parent": "bone92",
					"pivot": [39.98523, 44.58203, 2.75],
					"cubes": [
						{"origin": [39.98523, 42.58203, 2.75], "size": [5, 2, 0], "uv": [98, 199]}
					]
				},
				{
					"name": "bone95",
					"parent": "bone23",
					"pivot": [-13.75, 45.25, 4],
					"cubes": [
						{"origin": [-19.25, 40.25, 0], "size": [6, 9, 8], "uv": [74, 144]}
					]
				},
				{
					"name": "bone96",
					"parent": "bone95",
					"pivot": [-16.95, 43.5, 4],
					"rotation": [0, 0, -27.5],
					"cubes": [
						{"origin": [-25.98523, 41.08203, 1.5], "size": [9, 5, 5], "uv": [266, 105]}
					]
				},
				{
					"name": "bone97",
					"parent": "bone96",
					"pivot": [-25.98523, 43.58203, 4],
					"rotation": [0, -75, 0],
					"cubes": [
						{"origin": [-35.98523, 41.58203, 2], "size": [11, 4, 4], "uv": [246, 81]}
					]
				},
				{
					"name": "bone98",
					"parent": "bone97",
					"pivot": [-35.98523, 45.58203, 4],
					"cubes": [
						{"origin": [-39.98523, 41.58203, 2], "size": [4, 4, 4], "inflate": 0.01, "uv": [282, 261], "mirror": true}
					]
				},
				{
					"name": "bone99",
					"parent": "bone98",
					"pivot": [-39.98523, 44.58203, 5.25],
					"cubes": [
						{"origin": [-44.98523, 42.58203, 5.25], "size": [5, 2, 0], "uv": [108, 199]}
					]
				},
				{
					"name": "bone100",
					"parent": "bone98",
					"pivot": [-39.98523, 44.58203, 2.75],
					"cubes": [
						{"origin": [-44.98523, 42.58203, 2.75], "size": [5, 2, 0], "uv": [118, 199]}
					]
				},
				{
					"name": "bone46",
					"parent": "bone23",
					"pivot": [15, 58.25, 4.25],
					"rotation": [0, 0, -10]
				},
				{
					"name": "bone62",
					"parent": "bone46",
					"pivot": [15, 53.75, 4],
					"rotation": [0, 0, 45],
					"cubes": [
						{"origin": [4, 53.75, 1.5], "size": [11, 13, 6], "uv": [235, 119]}
					]
				},
				{
					"name": "bone119",
					"parent": "bone62",
					"pivot": [8.25, 59, 2],
					"rotation": [14.52728, 10.24688, -1.96736],
					"cubes": [
						{"origin": [5.25, 56, -5], "size": [3, 3, 7], "uv": [492, 0]}
					]
				},
				{
					"name": "bone85",
					"parent": "bone62",
					"pivot": [4, 63.75, 4.5],
					"rotation": [0, 0, -12.5],
					"cubes": [
						{"origin": [4, 63.75, 4.5], "size": [8, 15, 0], "uv": [202, 276]}
					]
				},
				{
					"name": "bone63",
					"parent": "bone62",
					"pivot": [4, 66.75, 4],
					"rotation": [0, 0, 38.75],
					"cubes": [
						{"origin": [4, 66.75, 1.5], "size": [11, 20, 6], "inflate": 0.01, "uv": [93, 227]}
					]
				},
				{
					"name": "bone64",
					"parent": "bone63",
					"pivot": [15, 86.75, 4],
					"rotation": [0, 0, -37.5],
					"cubes": [
						{"origin": [3, 86.75, 1], "size": [12, 9, 7], "uv": [238, 89]},
						{"origin": [1, 95.75, 1], "size": [14, 10, 7], "uv": [228, 222]}
					]
				},
				{
					"name": "bone86",
					"parent": "bone64",
					"pivot": [1.75, 107, 4],
					"cubes": [
						{"origin": [0.75, 106, 4], "size": [5, 15, 0], "uv": [172, 279]}
					]
				},
				{
					"name": "bone65",
					"parent": "bone64",
					"pivot": [1, 105.75, 4],
					"rotation": [0, 0, 30],
					"cubes": [
						{"origin": [0, 105.75, 0], "size": [17, 9, 9], "uv": [212, 33]},
						{"origin": [-3, 114.75, 0], "size": [24, 13, 9], "uv": [180, 67]}
					]
				},
				{
					"name": "bone68",
					"parent": "bone65",
					"pivot": [14, 127.75, 4.5],
					"cubes": [
						{"origin": [14, 127.775, 2.5], "size": [4, 0, 4], "uv": [128, 226]},
						{"origin": [13, 135.75, 1.5], "size": [6, 0, 6], "uv": [64, 161]},
						{"origin": [19, 127.75, 1.5], "size": [0, 8, 6], "uv": [218, 276]},
						{"origin": [13, 127.75, 1.5], "size": [0, 8, 6], "uv": [148, 264]},
						{"origin": [13, 127.75, 7.5], "size": [6, 8, 0], "uv": [218, 290]},
						{"origin": [13, 127.75, 1.5], "size": [6, 8, 0], "uv": [290, 212]},
						{"origin": [13, 127.75, 1.5], "size": [6, 0, 6], "inflate": 0.02, "uv": [142, 67]},
						{"origin": [14, 135.75, 6.5], "size": [4, 8, 0], "uv": [44, 295]},
						{"origin": [14, 135.75, 2.5], "size": [4, 8, 0], "uv": [252, 272]},
						{"origin": [18, 135.75, 2.5], "size": [0, 8, 4], "uv": [196, 291]},
						{"origin": [14, 135.75, 2.5], "size": [0, 8, 4], "uv": [162, 285]},
						{"origin": [14, 143.75, 2.5], "size": [4, 0, 4], "uv": [276, 101]}
					]
				},
				{
					"name": "bone69",
					"parent": "bone65",
					"pivot": [0, 127.75, 4.5],
					"cubes": [
						{"origin": [0, 127.775, 2.5], "size": [4, 0, 4], "uv": [280, 76]},
						{"origin": [-1, 135.75, 1.5], "size": [6, 0, 6], "uv": [238, 160]},
						{"origin": [5, 127.75, 1.5], "size": [0, 8, 6], "uv": [136, 282]},
						{"origin": [-1, 127.75, 1.5], "size": [0, 8, 6], "uv": [284, 18]},
						{"origin": [-1, 127.75, 7.5], "size": [6, 8, 0], "uv": [290, 220]},
						{"origin": [-1, 127.75, 1.5], "size": [6, 8, 0], "uv": [204, 291]},
						{"origin": [-1, 127.75, 1.5], "size": [6, 0, 6], "inflate": 0.02, "uv": [278, 191]},
						{"origin": [0, 135.75, 6.5], "size": [4, 8, 0], "uv": [242, 295]},
						{"origin": [0, 135.75, 2.5], "size": [4, 8, 0], "uv": [250, 295]},
						{"origin": [4, 135.75, 2.5], "size": [0, 8, 4], "uv": [292, 32]},
						{"origin": [0, 135.75, 2.5], "size": [0, 8, 4], "uv": [120, 292]},
						{"origin": [0, 143.75, 2.5], "size": [4, 0, 4], "uv": [288, 246]}
					]
				},
				{
					"name": "bone45",
					"parent": "bone46",
					"pivot": [14, 58.25, 4.25],
					"rotation": [49.75, 0, 0],
					"cubes": [
						{"origin": [10, 45.25, -0.75], "size": [5, 13, 5], "inflate": 0.02, "uv": [162, 261]}
					]
				},
				{
					"name": "bone48",
					"parent": "bone45",
					"pivot": [14, 45.25, 4.25],
					"rotation": [-55, 0, 0],
					"cubes": [
						{"origin": [10, 35.25, -0.75], "size": [5, 10, 5], "uv": [270, 135]}
					]
				},
				{
					"name": "bone50",
					"parent": "bone48",
					"pivot": [14.5, 35.25, 4],
					"rotation": [-12.49712, -0.27053, 33.77962],
					"cubes": [
						{"origin": [9.5, 25.25, 0], "size": [5, 10, 4], "uv": [182, 261]}
					]
				},
				{
					"name": "bone51",
					"parent": "bone50",
					"pivot": [14.5, 25.25, 3.5],
					"rotation": [0, 0, 52.5],
					"cubes": [
						{"origin": [9.5, 18.25, 0.5], "size": [5, 7, 3], "uv": [282, 8]}
					]
				},
				{
					"name": "bone47",
					"parent": "bone46",
					"pivot": [14, 58.25, 4.25],
					"rotation": [-55.25, 0, 0],
					"cubes": [
						{"origin": [10, 45.25, 4.25], "size": [5, 13, 5], "inflate": 0.01, "uv": [262, 0]}
					]
				},
				{
					"name": "bone49",
					"parent": "bone47",
					"pivot": [14, 45.25, 4.25],
					"rotation": [55, 0, 0],
					"cubes": [
						{"origin": [10, 35.25, 4.25], "size": [5, 10, 5], "uv": [270, 150]}
					]
				},
				{
					"name": "bone52",
					"parent": "bone49",
					"pivot": [14.5, 35.25, 4.75],
					"rotation": [9.99067, -0.43399, 27.46207],
					"cubes": [
						{"origin": [9.5, 25.25, 4.75], "size": [5, 10, 4], "uv": [20, 274]}
					]
				},
				{
					"name": "bone61",
					"parent": "bone52",
					"pivot": [14, 25.25, 5.25],
					"rotation": [10, 0, 57.5],
					"cubes": [
						{"origin": [9, 18.25, 5.25], "size": [5, 7, 3], "uv": [282, 251]}
					]
				},
				{
					"name": "bone53",
					"parent": "bone23",
					"pivot": [-15, 58.25, 4.25],
					"rotation": [0, 0, 10]
				},
				{
					"name": "bone70",
					"parent": "bone53",
					"pivot": [-15, 53.25, 5],
					"rotation": [0, 0, -25],
					"cubes": [
						{"origin": [-15, 53.25, 1.5], "size": [9, 15, 6], "uv": [239, 139]}
					]
				},
				{
					"name": "bone71",
					"parent": "bone70",
					"pivot": [-6, 68.25, 5],
					"rotation": [0, 0, -52.5],
					"cubes": [
						{"origin": [-21, 68.25, 1], "size": [15, 8, 7], "inflate": 0.01, "uv": [212, 51]},
						{"origin": [-23, 75.25, 0], "size": [20, 12, 9], "uv": [180, 145]}
					]
				},
				{
					"name": "bone87",
					"parent": "bone71",
					"pivot": [-6, 70.25, 5],
					"rotation": [0, 0, 35],
					"cubes": [
						{"origin": [-10, 70.25, 5], "size": [4, 9, 0], "uv": [128, 292]}
					]
				},
				{
					"name": "bone72",
					"parent": "bone71",
					"pivot": [-9, 87.25, 4.5],
					"cubes": [
						{"origin": [-9, 87.275, 2.5], "size": [4, 0, 4], "uv": [290, 158]},
						{"origin": [-10, 92.25, 1.5], "size": [6, 0, 6], "uv": [148, 279]},
						{"origin": [-4, 87.25, 1.5], "size": [0, 5, 6], "uv": [90, 268]},
						{"origin": [-10, 87.25, 1.5], "size": [0, 5, 6], "uv": [230, 285]},
						{"origin": [-10, 87.25, 7.5], "size": [6, 5, 0], "uv": [166, 67]},
						{"origin": [-10, 87.25, 1.5], "size": [6, 5, 0], "uv": [292, 205]},
						{"origin": [-10, 87.25, 1.5], "size": [6, 0, 6], "inflate": 0.02, "uv": [280, 64]},
						{"origin": [-9, 92.225, 6.5], "size": [4, 4, 0], "uv": [262, 160]},
						{"origin": [-9, 92.225, 2.5], "size": [4, 4, 0], "uv": [56, 274]},
						{"origin": [-5, 92.225, 2.5], "size": [0, 4, 4], "uv": [258, 295]},
						{"origin": [-9, 92.225, 2.5], "size": [0, 4, 4], "uv": [266, 295]},
						{"origin": [-9, 96.225, 2.5], "size": [4, 0, 4], "uv": [292, 101]}
					]
				},
				{
					"name": "bone73",
					"parent": "bone71",
					"pivot": [-20, 87.25, 4.5],
					"cubes": [
						{"origin": [-20, 87.275, 2.5], "size": [4, 0, 4], "uv": [292, 162]},
						{"origin": [-21, 92.25, 1.5], "size": [6, 0, 6], "uv": [280, 70]},
						{"origin": [-15, 87.25, 1.5], "size": [0, 5, 6], "uv": [0, 286]},
						{"origin": [-21, 87.25, 1.5], "size": [0, 5, 6], "uv": [96, 286]},
						{"origin": [-21, 87.25, 7.5], "size": [6, 5, 0], "uv": [294, 105]},
						{"origin": [-21, 87.25, 1.5], "size": [6, 5, 0], "uv": [294, 110]},
						{"origin": [-21, 87.25, 1.5], "size": [6, 0, 6], "inflate": 0.02, "uv": [96, 280]},
						{"origin": [-20, 92.25, 6.5], "size": [4, 4, 0], "uv": [284, 32]},
						{"origin": [-20, 92.25, 2.5], "size": [4, 4, 0], "uv": [294, 130]},
						{"origin": [-16, 92.25, 2.5], "size": [0, 4, 4], "uv": [274, 295]},
						{"origin": [-20, 92.25, 2.5], "size": [0, 4, 4], "uv": [282, 295]},
						{"origin": [-20, 96.25, 2.5], "size": [4, 0, 4], "uv": [292, 166]}
					]
				},
				{
					"name": "bone120",
					"parent": "bone70",
					"pivot": [-9.25, 62.25, 2],
					"rotation": [14.52728, -10.24688, 1.96736],
					"cubes": [
						{"origin": [-9.25, 59.25, -5], "size": [3, 3, 7], "uv": [492, 0], "mirror": true}
					]
				},
				{
					"name": "bone54",
					"parent": "bone53",
					"pivot": [-14, 58.25, 4.25],
					"rotation": [49.75, 0, 0],
					"cubes": [
						{"origin": [-15, 45.25, -0.75], "size": [5, 13, 5], "inflate": 0.01, "uv": [264, 18]}
					]
				},
				{
					"name": "bone55",
					"parent": "bone54",
					"pivot": [-14, 45.25, 4.25],
					"rotation": [-55, 0, 0],
					"cubes": [
						{"origin": [-15, 35.25, -0.75], "size": [5, 10, 5], "uv": [270, 214]}
					]
				},
				{
					"name": "bone56",
					"parent": "bone55",
					"pivot": [-14.5, 35.25, 4],
					"rotation": [-12.49712, 0.27053, -33.77962],
					"cubes": [
						{"origin": [-14.5, 25.25, 0], "size": [5, 10, 4], "uv": [38, 274]}
					]
				},
				{
					"name": "bone57",
					"parent": "bone56",
					"pivot": [-14.5, 25.25, 3.5],
					"rotation": [0, 0, -52.5],
					"cubes": [
						{"origin": [-14.5, 18.25, 0.5], "size": [5, 7, 3], "uv": [120, 282]}
					]
				},
				{
					"name": "bone58",
					"parent": "bone53",
					"pivot": [-14, 58.25, 4.25],
					"rotation": [-55.25, 0, 0],
					"cubes": [
						{"origin": [-15, 45.25, 4.25], "size": [5, 13, 5], "inflate": 0.02, "uv": [262, 0], "mirror": true}
					]
				},
				{
					"name": "bone59",
					"parent": "bone58",
					"pivot": [-14, 45.25, 4.25],
					"rotation": [55, 0, 0],
					"cubes": [
						{"origin": [-15, 35.25, 4.25], "size": [5, 10, 5], "uv": [272, 165]}
					]
				},
				{
					"name": "bone60",
					"parent": "bone59",
					"pivot": [-14.5, 35.25, 4.75],
					"rotation": [9.98172, 0.6074, -28.44696],
					"cubes": [
						{"origin": [-14.5, 25.25, 4.75], "size": [5, 10, 4], "uv": [274, 198]}
					]
				},
				{
					"name": "bone66",
					"parent": "bone60",
					"pivot": [-14, 25.25, 5.25],
					"rotation": [16.08141, 4.68238, -46.3494],
					"cubes": [
						{"origin": [-14, 18.25, 5.25], "size": [4, 7, 3], "uv": [148, 285]}
					]
				},
				{
					"name": "bone67",
					"parent": "bone66",
					"pivot": [-13.75, 18.25, 5.75],
					"rotation": [25.43397, 10.82501, -21.55019],
					"cubes": [
						{"origin": [-13.75, 11.25, 5.75], "size": [4, 7, 2], "uv": [290, 142]}
					]
				},
				{
					"name": "bone83",
					"parent": "torso",
					"pivot": [0.5, 60.5, 53.25],
					"rotation": [22.5, 0, 0],
					"cubes": [
						{"origin": [-3.5, 57.55761, 53.21037], "size": [6, 6, 10], "uv": [200, 260]}
					]
				},
				{
					"name": "bone84",
					"parent": "bone83",
					"pivot": [-0.5, 59.55761, 64.21037],
					"cubes": [
						{"origin": [-8.5, 52.55761, 62.21037], "size": [16, 16, 10], "uv": [188, 196]},
						{"origin": [-11.5, 49.55761, 72.21037], "size": [22, 22, 5], "uv": [180, 118]}
					]
				},
				{
					"name": "bone106",
					"parent": "bone84",
					"pivot": [7, 55.55761, 65.46037],
					"rotation": [52.26159, -1.70606, 96.63196],
					"cubes": [
						{"origin": [4, 49.55761, 65.46037], "size": [5, 6, 5], "uv": [278, 180]}
					]
				},
				{
					"name": "bone107",
					"parent": "bone106",
					"pivot": [6.5, 55.55761, 70.46037],
					"rotation": [-30, 0, 0],
					"cubes": [
						{"origin": [3.5, 50.55761, 70.46037], "size": [6, 5, 8], "uv": [238, 105]}
					]
				},
				{
					"name": "bone112",
					"parent": "bone84",
					"pivot": [-8, 55.55761, 65.46037],
					"rotation": [52.26159, 1.70606, -96.63196],
					"cubes": [
						{"origin": [-10, 49.55761, 65.46037], "size": [5, 6, 5], "uv": [278, 180], "mirror": true}
					]
				},
				{
					"name": "bone113",
					"parent": "bone112",
					"pivot": [-7.5, 55.55761, 70.46037],
					"rotation": [-30, 0, 0],
					"cubes": [
						{"origin": [-10.5, 50.55761, 70.46037], "size": [6, 5, 8], "uv": [238, 105], "mirror": true}
					]
				},
				{
					"name": "bone109",
					"parent": "bone84",
					"pivot": [0, 68.55761, 65.21037],
					"rotation": [52.5, 0, 0],
					"cubes": [
						{"origin": [-3, 62.55761, 65.21037], "size": [5, 6, 5], "uv": [56, 279]}
					]
				},
				{
					"name": "bone110",
					"parent": "bone109",
					"pivot": [-0.5, 68.55761, 70.21037],
					"rotation": [-30, 0, 0],
					"cubes": [
						{"origin": [-3.5, 63.55761, 70.21037], "size": [6, 5, 8], "uv": [200, 240]}
					]
				},
				{
					"name": "bone111",
					"parent": "bone110",
					"pivot": [-0.5, 68.55761, 78.21037],
					"cubes": [
						{"origin": [-2.5, 65.55761, 78.21037], "size": [4, 3, 7], "uv": [276, 81]}
					]
				},
				{
					"name": "bone103",
					"parent": "bone84",
					"pivot": [-0.5, 68.55761, 77.21037],
					"cubes": [
						{"origin": [-3.5, 66.55761, 77.21037], "size": [6, 4, 11], "uv": [246, 66]},
						{"origin": [-2.5, 67.05761, 88.21037], "size": [4, 3, 13], "uv": [240, 198]}
					]
				},
				{
					"name": "bone104",
					"parent": "bone84",
					"pivot": [7.75, 56.55761, 77.21037],
					"rotation": [0, 0, -75],
					"cubes": [
						{"origin": [4.75, 54.55761, 77.21037], "size": [6, 4, 11], "uv": [128, 249]},
						{"origin": [5.75, 55.05761, 88.21037], "size": [4, 3, 13], "uv": [0, 241]}
					]
				},
				{
					"name": "bone105",
					"parent": "bone84",
					"pivot": [-8.75, 56.55761, 77.21037],
					"rotation": [0, 0, 75],
					"cubes": [
						{"origin": [-11.75, 54.55761, 77.21037], "size": [6, 4, 11], "uv": [128, 249], "mirror": true},
						{"origin": [-10.75, 55.05761, 88.21037], "size": [4, 3, 13], "uv": [0, 241], "mirror": true}
					]
				},
				{
					"name": "bone24",
					"parent": "body",
					"pivot": [11, 53, 38],
					"cubes": [
						{"origin": [11, 40, 26], "size": [14, 22, 25], "uv": [102, 73]}
					]
				},
				{
					"name": "bone25",
					"parent": "bone24",
					"pivot": [25, 40, 27],
					"cubes": [
						{"origin": [11, 30, 27], "size": [14, 10, 23], "uv": [0, 127]}
					]
				},
				{
					"name": "bone26",
					"parent": "bone25",
					"pivot": [19.25, 30, 31.25],
					"rotation": [6, 0, 0],
					"cubes": [
						{"origin": [14.25, 20, 31.25], "size": [10, 10, 22], "uv": [0, 160]}
					]
				},
				{
					"name": "bone27",
					"parent": "bone26",
					"pivot": [19.25, 30.25, 46.75],
					"rotation": [-21.75, 0, 0],
					"cubes": [
						{"origin": [13.25, 15.36409, 46.84385], "size": [12, 18, 12], "uv": [188, 166]},
						{"origin": [15.25, 2.36409, 48.09385], "size": [8, 13, 8], "uv": [228, 239]}
					]
				},
				{
					"name": "bone28",
					"parent": "bone27",
					"pivot": [19.5, 3.86409, 52.09385],
					"rotation": [15.5, 0, 0],
					"cubes": [
						{"origin": [14, -1.13591, 45.09385], "size": [11, 6, 12], "inflate": 0.01, "uv": [182, 222]}
					]
				},
				{
					"name": "bone101",
					"parent": "bone28",
					"pivot": [19.5, -1.13591, 45.09385]
				},
				{
					"name": "bone29",
					"parent": "bone101",
					"pivot": [20.5, -1.13591, 53.09385],
					"cubes": [
						{"origin": [17.5, -1.13591, 42.09385], "size": [4, 4, 3], "inflate": 0.01, "uv": [288, 239]},
						{"origin": [19, -1.13591, 42.09385], "size": [1, 4, 3], "inflate": 0.02, "uv": [290, 295]},
						{"origin": [18, -1.13591, 38.09385], "size": [3, 4, 4], "uv": [182, 287]},
						{"origin": [18.5, -1.13591, 35.09385], "size": [2, 3, 3], "uv": [170, 294]}
					]
				},
				{
					"name": "bone30",
					"parent": "bone101",
					"pivot": [21.25, 0.73909, 44.96885],
					"rotation": [0, -17.5, 0],
					"cubes": [
						{"origin": [21.25, -1.13591, 42.09385], "size": [4, 4, 3], "uv": [288, 239]},
						{"origin": [22.75, -1.13591, 42.09385], "size": [1, 4, 3], "inflate": 0.02, "uv": [296, 18]},
						{"origin": [21.75, -1.13591, 38.09385], "size": [3, 4, 4], "uv": [182, 287]},
						{"origin": [22.25, -1.13591, 35.09385], "size": [2, 3, 3], "uv": [170, 294]}
					]
				},
				{
					"name": "bone31",
					"parent": "bone101",
					"pivot": [18, 0.73909, 44.96885],
					"rotation": [0, 17.5, 0],
					"cubes": [
						{"origin": [14, -1.13591, 42.09385], "size": [4, 4, 3], "uv": [288, 239]},
						{"origin": [15.5, -1.13591, 42.09385], "size": [1, 4, 3], "inflate": 0.02, "uv": [296, 25]},
						{"origin": [14.5, -1.13591, 38.09385], "size": [3, 4, 4], "uv": [182, 287]},
						{"origin": [15, -1.13591, 35.09385], "size": [2, 3, 3], "uv": [170, 294]}
					]
				},
				{
					"name": "bone32",
					"parent": "body",
					"pivot": [-11, 53, 38],
					"cubes": [
						{"origin": [-25, 40, 26], "size": [14, 22, 25], "uv": [102, 73], "mirror": true}
					]
				},
				{
					"name": "bone33",
					"parent": "bone32",
					"pivot": [-25, 40, 27],
					"cubes": [
						{"origin": [-25, 30, 27], "size": [14, 10, 23], "uv": [142, 0]}
					]
				},
				{
					"name": "bone34",
					"parent": "bone33",
					"pivot": [-19.25, 30, 31.25],
					"rotation": [6, 0, 0],
					"cubes": [
						{"origin": [-24.25, 20, 31.25], "size": [10, 10, 22], "uv": [0, 160], "mirror": true}
					]
				},
				{
					"name": "bone35",
					"parent": "bone34",
					"pivot": [-19.25, 30.25, 47],
					"rotation": [-21.75, 0, 0],
					"cubes": [
						{"origin": [-25.25, 15.27145, 46.86164], "size": [12, 18, 12], "uv": [188, 166], "mirror": true},
						{"origin": [-23.25, 2.27145, 48.11164], "size": [8, 13, 8], "uv": [228, 239], "mirror": true}
					]
				},
				{
					"name": "bone36",
					"parent": "bone35",
					"pivot": [-19.5, 3.77145, 52.11164],
					"rotation": [15.5, 0, 0],
					"cubes": [
						{"origin": [-25, -1.22855, 45.11164], "size": [11, 6, 12], "inflate": 0.01, "uv": [182, 222], "mirror": true}
					]
				},
				{
					"name": "bone102",
					"parent": "bone36",
					"pivot": [-19.75, -1.22855, 45.11164]
				},
				{
					"name": "bone39",
					"parent": "bone102",
					"pivot": [-18, 0.64645, 44.98664],
					"rotation": [0, -17.5, 0],
					"cubes": [
						{"origin": [-18, -1.22855, 42.11164], "size": [4, 4, 3], "uv": [288, 239]},
						{"origin": [-16.5, -1.22855, 42.11164], "size": [1, 4, 3], "inflate": 0.02, "uv": [230, 296]},
						{"origin": [-17.5, -1.22855, 38.11164], "size": [3, 4, 4], "uv": [182, 287]},
						{"origin": [-17, -1.22855, 35.11164], "size": [2, 3, 3], "uv": [170, 294]}
					]
				},
				{
					"name": "bone38",
					"parent": "bone102",
					"pivot": [-21.25, 0.64645, 44.98664],
					"rotation": [0, 17.5, 0],
					"cubes": [
						{"origin": [-25.25, -1.22855, 42.11164], "size": [4, 4, 3], "uv": [288, 239]},
						{"origin": [-23.75, -1.22855, 42.11164], "size": [1, 4, 3], "inflate": 0.02, "uv": [136, 296]},
						{"origin": [-24.75, -1.22855, 38.11164], "size": [3, 4, 4], "uv": [182, 287]},
						{"origin": [-24.25, -1.22855, 35.11164], "size": [2, 3, 3], "uv": [170, 294]}
					]
				},
				{
					"name": "bone37",
					"parent": "bone102",
					"pivot": [-20.5, -1.22855, 53.11164],
					"cubes": [
						{"origin": [-21.5, -1.22855, 42.11164], "size": [4, 4, 3], "inflate": 0.01, "uv": [288, 239]},
						{"origin": [-20, -1.22855, 42.11164], "size": [1, 4, 3], "inflate": 0.02, "uv": [108, 296]},
						{"origin": [-21, -1.22855, 38.11164], "size": [3, 4, 4], "uv": [182, 287]},
						{"origin": [-20.5, -1.22855, 35.11164], "size": [2, 3, 3], "uv": [170, 294]}
					]
				}
			]
		}
	]
}