{
  "nationalPokedexNumber": 676,
  "implemented": true,
  "name": "Furfrou",
  "primaryType": "normal",
  "maleRatio": 0.5,
  "height": 12,
  "weight": 280,
  "pokedex": [
    "cobblemon.species.furfrou.desc"
  ],
  "labels": [
    "gen6"
  ],
  "aspects": [
    "natural-trim"
  ],
  "abilities": [
    "furcoat",
    "h:furcoat"
  ],
  "eggGroups": [
    "field"
  ],
  "baseStats": {
    "hp": 75,
    "attack": 80,
    "defence": 60,
    "special_attack": 65,
    "special_defence": 90,
    "speed": 102
  },
  "evYield": {
    "hp": 0,
    "attack": 0,
    "defence": 0,
    "special_attack": 0,
    "special_defence": 0,
    "speed": 1
  },
  "baseExperienceYield": 165,
  "experienceGroup": "medium_fast",
  "catchRate": 160,
  "eggCycles": 20,
  "baseFriendship": 50,
  "baseScale": 1,
  "hitbox": {
    "width": 1,
    "height": 1,
    "fixed": false
  },
  "drops": {
    "amount": 5,
    "entries": [
      {
        "item": "minecraft:bone",
        "quantityRange": "0-2"
      },
      {
        "item": "minecraft:white_wool",
        "quantityRange": "1-2"
      },
      {
        "item": "cobblemon:silk_scarf",
        "percentage": 5.0
      }
    ]
  },
  "moves": [
    "1:tackle",
    "1:growl",
    "5:sandattack",
    "9:babydolleyes",
    "12:headbutt",
    "15:tailwhip",
    "22:bite",
    "27:odorsleuth",
    "33:retaliate",
    "35:takedown",
    "38:charm",
    "42:suckerpunch",
    "48:cottonguard",
    "egg:captivate",
    "egg:mimic",
    "egg:refresh",
    "egg:roleplay",
    "egg:workup",
    "tm:babydolleyes",
    "tm:captivate",
    "tm:chargebeam",
    "tm:charm",
    "tm:darkpulse",
    "tm:dig",
    "tm:echoedvoice",
    "tm:endeavor",
    "tm:endure",
    "tm:facade",
    "tm:flash",
    "tm:gigaimpact",
    "tm:grassknot",
    "tm:headbutt",
    "tm:helpinghand",
    "tm:hypervoice",
    "tm:irontail",
    "tm:lastresort",
    "tm:protect",
    "tm:raindance",
    "tm:rest",
    "tm:retaliate",
    "tm:roar",
    "tm:rocksmash",
    "tm:roleplay",
    "tm:sleeptalk",
    "tm:snarl",
    "tm:substitute",
    "tm:suckerpunch",
    "tm:sunnyday",
    "tm:surf",
    "tm:takedown",
    "tm:terablast",
    "tm:thunderwave",
    "tm:uproar",
    "tm:uturn",
    "tm:wildcharge",
    "tm:workup",
    "tm:zenheadbutt",
    "tutor:babydolleyes",
    "tutor:chargebeam",
    "tutor:darkpulse",
    "tutor:endeavor",
    "tutor:gigaimpact",
    "tutor:helpinghand",
    "tutor:hypervoice",
    "tutor:irontail",
    "tutor:lastresort",
    "tutor:rest",
    "tutor:rocksmash",
    "tutor:roleplay",
    "tutor:sleeptalk",
    "tutor:snarl",
    "tutor:suckerpunch",
    "tutor:uproar",
    "tutor:wildcharge",
    "tutor:zenheadbutt"
  ],
  "evolutions": [
	{
      "id": "furfrou_debutante",
      "variant": "item_interact",
      "result": "furfrou poodle_trim=debutante",
      "consumeHeldItem": true,
      "learnableMoves": [],
      "requirements": [
		{
		  "variant": "held_item",
          "itemCondition": "minecraft:yellow_dye"
		}  
	  ],
      "requiredContext": "minecraft:shears"
    },
	{
      "id": "furfrou_pharaoh",
      "variant": "item_interact",
      "result": "furfrou poodle_trim=pharaoh",
      "consumeHeldItem": true,
      "learnableMoves": [],
      "requirements": [
		{
		  "variant": "held_item",
          "itemCondition": "minecraft:blue_dye"
		}  
	  ],
      "requiredContext": "minecraft:shears"
    },
	{
      "id": "furfrou_kabuki",
      "variant": "item_interact",
      "result": "furfrou poodle_trim=kabuki",
      "consumeHeldItem": true,
      "learnableMoves": [],
      "requirements": [
		{
		  "variant": "held_item",
          "itemCondition": "minecraft:red_dye"
		}
	  ],
      "requiredContext": "minecraft:shears"
    },
	{
      "id": "furfrou_star",
      "variant": "item_interact",
      "result": "furfrou poodle_trim=star",
      "consumeHeldItem": true,
      "learnableMoves": [],
      "requirements": [
		{
		  "variant": "held_item",
          "itemCondition": "minecraft:cyan_dye"
		}
	  ],
      "requiredContext": "minecraft:shears"
    },
	{
      "id": "furfrou_matron",
      "variant": "item_interact",
      "result": "furfrou poodle_trim=matron",
      "consumeHeldItem": true,
      "learnableMoves": [],
      "requirements": [
		{
		  "variant": "held_item",
          "itemCondition": "minecraft:purple_dye"
		}
	  ],
      "requiredContext": "minecraft:shears"
    },
	{
      "id": "furfrou_dandy",
      "variant": "item_interact",
      "result": "furfrou poodle_trim=dandy",
      "consumeHeldItem": true,
      "learnableMoves": [],
      "requirements": [
		{
		  "variant": "held_item",
          "itemCondition": "minecraft:lime_dye"
		}
	  ],
      "requiredContext": "minecraft:shears"
    },
	{
      "id": "furfrou_diamond",
      "variant": "item_interact",
      "result": "furfrou poodle_trim=diamond",
      "consumeHeldItem": true,
      "learnableMoves": [],
      "requirements": [
		{
		  "variant": "held_item",
          "itemCondition": "minecraft:orange_dye"
		}
	  ],
      "requiredContext": "minecraft:shears"
    },
	{
      "id": "furfrou_heart",
      "variant": "item_interact",
      "result": "furfrou poodle_trim=heart",
      "consumeHeldItem": true,
      "learnableMoves": [],
      "requirements": [
		{
		  "variant": "held_item",
          "itemCondition": "minecraft:pink_dye"
		}
	  ],
      "requiredContext": "minecraft:shears"
    },
	{
      "id": "furfrou_lareine",
      "variant": "item_interact",
      "result": "furfrou poodle_trim=la_reine",
      "consumeHeldItem": true,
      "learnableMoves": [],
      "requirements": [
		{
		  "variant": "held_item",
          "itemCondition": "minecraft:light_blue_dye"
		}
	  ],
      "requiredContext": "minecraft:shears"
    }
  ],
  "forms": [
    {
      "name": "Heart",
      "primaryType": "normal",
      "maleRatio": 0.5,
      "height": 12,
      "weight": 280,
      "pokedex": [
        "cobblemon.species.furfrou-heart.desc"
      ],
      "labels": [
        "gen6"
      ],
      "aspects": [
        "heart-trim"
      ],
      "evolutions": [
	{
      "id": "furfrou_debutante",
      "variant": "item_interact",
      "result": "furfrou poodle_trim=debutante",
      "consumeHeldItem": true,
      "learnableMoves": [],
      "requirements": [
		{
		  "variant": "held_item",
          "itemCondition": "minecraft:yellow_dye"
		}  
	  ],
      "requiredContext": "minecraft:shears"
    },
	{
      "id": "furfrou_pharaoh",
      "variant": "item_interact",
      "result": "furfrou poodle_trim=pharaoh",
      "consumeHeldItem": true,
      "learnableMoves": [],
      "requirements": [
		{
		  "variant": "held_item",
          "itemCondition": "minecraft:blue_dye"
		}  
	  ],
      "requiredContext": "minecraft:shears"
    },
	{
      "id": "furfrou_kabuki",
      "variant": "item_interact",
      "result": "furfrou poodle_trim=kabuki",
      "consumeHeldItem": true,
      "learnableMoves": [],
      "requirements": [
		{
		  "variant": "held_item",
          "itemCondition": "minecraft:red_dye"
		}
	  ],
      "requiredContext": "minecraft:shears"
    },
	{
      "id": "furfrou_star",
      "variant": "item_interact",
      "result": "furfrou poodle_trim=star",
      "consumeHeldItem": true,
      "learnableMoves": [],
      "requirements": [
		{
		  "variant": "held_item",
          "itemCondition": "minecraft:cyan_dye"
		}
	  ],
      "requiredContext": "minecraft:shears"
    },
	{
      "id": "furfrou_matron",
      "variant": "item_interact",
      "result": "furfrou poodle_trim=matron",
      "consumeHeldItem": true,
      "learnableMoves": [],
      "requirements": [
		{
		  "variant": "held_item",
          "itemCondition": "minecraft:purple_dye"
		}
	  ],
      "requiredContext": "minecraft:shears"
    },
	{
      "id": "furfrou_natural",
      "variant": "item_interact",
      "result": "furfrou poodle_trim=natural",
      "consumeHeldItem": true,
      "learnableMoves": [],
      "requirements": [
		{
		  "variant": "held_item",
          "itemCondition": "minecraft:white_dye"
		}
	  ],
      "requiredContext": "minecraft:shears"
    },
	{
      "id": "furfrou_dandy",
      "variant": "item_interact",
      "result": "furfrou poodle_trim=dandy",
      "consumeHeldItem": true,
      "learnableMoves": [],
      "requirements": [
		{
		  "variant": "held_item",
          "itemCondition": "minecraft:lime_dye"
		}
	  ],
      "requiredContext": "minecraft:shears"
    },
	{
      "id": "furfrou_diamond",
      "variant": "item_interact",
      "result": "furfrou poodle_trim=diamond",
      "consumeHeldItem": true,
      "learnableMoves": [],
      "requirements": [
		{
		  "variant": "held_item",
          "itemCondition": "minecraft:orange_dye"
		}
	  ],
      "requiredContext": "minecraft:shears"
    },
	{
      "id": "furfrou_lareine",
      "variant": "item_interact",
      "result": "furfrou poodle_trim=la_reine",
      "consumeHeldItem": true,
      "learnableMoves": [],
      "requirements": [
		{
		  "variant": "held_item",
          "itemCondition": "minecraft:light_blue_dye"
		}
	  ],
      "requiredContext": "minecraft:shears"
    }
  ],
      "battleOnly": false
    },
    {
      "name": "Star",
      "primaryType": "normal",
      "maleRatio": 0.5,
      "height": 12,
      "weight": 280,
      "pokedex": [
        "cobblemon.species.furfrou-star.desc"
      ],
      "labels": [
        "gen6"
      ],
      "aspects": [
        "star-trim"
      ],
      "evolutions": [
	{
      "id": "furfrou_debutante",
      "variant": "item_interact",
      "result": "furfrou poodle_trim=debutante",
      "consumeHeldItem": true,
      "learnableMoves": [],
      "requirements": [
		{
		  "variant": "held_item",
          "itemCondition": "minecraft:yellow_dye"
		}  
	  ],
      "requiredContext": "minecraft:shears"
    },
	{
      "id": "furfrou_pharaoh",
      "variant": "item_interact",
      "result": "furfrou poodle_trim=pharaoh",
      "consumeHeldItem": true,
      "learnableMoves": [],
      "requirements": [
		{
		  "variant": "held_item",
          "itemCondition": "minecraft:blue_dye"
		}  
	  ],
      "requiredContext": "minecraft:shears"
    },
	{
      "id": "furfrou_kabuki",
      "variant": "item_interact",
      "result": "furfrou poodle_trim=kabuki",
      "consumeHeldItem": true,
      "learnableMoves": [],
      "requirements": [
		{
		  "variant": "held_item",
          "itemCondition": "minecraft:red_dye"
		}
	  ],
      "requiredContext": "minecraft:shears"
    },
	{
      "id": "furfrou_matron",
      "variant": "item_interact",
      "result": "furfrou poodle_trim=matron",
      "consumeHeldItem": true,
      "learnableMoves": [],
      "requirements": [
		{
		  "variant": "held_item",
          "itemCondition": "minecraft:purple_dye"
		}
	  ],
      "requiredContext": "minecraft:shears"
    },
	{
      "id": "furfrou_natural",
      "variant": "item_interact",
      "result": "furfrou poodle_trim=natural",
      "consumeHeldItem": true,
      "learnableMoves": [],
      "requirements": [
		{
		  "variant": "held_item",
          "itemCondition": "minecraft:white_dye"
		}
	  ],
      "requiredContext": "minecraft:shears"
    },
	{
      "id": "furfrou_dandy",
      "variant": "item_interact",
      "result": "furfrou poodle_trim=dandy",
      "consumeHeldItem": true,
      "learnableMoves": [],
      "requirements": [
		{
		  "variant": "held_item",
          "itemCondition": "minecraft:lime_dye"
		}
	  ],
      "requiredContext": "minecraft:shears"
    },
	{
      "id": "furfrou_diamond",
      "variant": "item_interact",
      "result": "furfrou poodle_trim=diamond",
      "consumeHeldItem": true,
      "learnableMoves": [],
      "requirements": [
		{
		  "variant": "held_item",
          "itemCondition": "minecraft:orange_dye"
		}
	  ],
      "requiredContext": "minecraft:shears"
    },
	{
      "id": "furfrou_heart",
      "variant": "item_interact",
      "result": "furfrou poodle_trim=heart",
      "consumeHeldItem": true,
      "learnableMoves": [],
      "requirements": [
		{
		  "variant": "held_item",
          "itemCondition": "minecraft:pink_dye"
		}
	  ],
      "requiredContext": "minecraft:shears"
    },
	{
      "id": "furfrou_lareine",
      "variant": "item_interact",
      "result": "furfrou poodle_trim=la_reine",
      "consumeHeldItem": true,
      "learnableMoves": [],
      "requirements": [
		{
		  "variant": "held_item",
          "itemCondition": "minecraft:light_blue_dye"
		}
	  ],
      "requiredContext": "minecraft:shears"
    }
  ],
      "battleOnly": false
    },
    {
      "name": "Diamond",
      "primaryType": "normal",
      "maleRatio": 0.5,
      "height": 12,
      "weight": 280,
      "pokedex": [
        "cobblemon.species.furfrou-diamond.desc"
      ],
      "labels": [
        "gen6"
      ],
      "aspects": [
        "diamond-trim"
      ],
      "evolutions": [],
      "battleOnly": false
    },
    {
      "name": "Debutante",
      "primaryType": "normal",
      "maleRatio": 0.5,
      "height": 12,
      "weight": 280,
      "pokedex": [
        "cobblemon.species.furfrou-debutante.desc"
      ],
      "labels": [
        "gen6"
      ],
      "aspects": [
        "debutante-trim"
      ],
      "evolutions": [
	{
      "id": "furfrou_pharaoh",
      "variant": "item_interact",
      "result": "furfrou poodle_trim=pharaoh",
      "consumeHeldItem": true,
      "learnableMoves": [],
      "requirements": [
		{
		  "variant": "held_item",
          "itemCondition": "minecraft:blue_dye"
		}  
	  ],
      "requiredContext": "minecraft:shears"
    },
	{
      "id": "furfrou_kabuki",
      "variant": "item_interact",
      "result": "furfrou poodle_trim=kabuki",
      "consumeHeldItem": true,
      "learnableMoves": [],
      "requirements": [
		{
		  "variant": "held_item",
          "itemCondition": "minecraft:red_dye"
		}
	  ],
      "requiredContext": "minecraft:shears"
    },
	{
      "id": "furfrou_star",
      "variant": "item_interact",
      "result": "furfrou poodle_trim=star",
      "consumeHeldItem": true,
      "learnableMoves": [],
      "requirements": [
		{
		  "variant": "held_item",
          "itemCondition": "minecraft:cyan_dye"
		}
	  ],
      "requiredContext": "minecraft:shears"
    },
	{
      "id": "furfrou_matron",
      "variant": "item_interact",
      "result": "furfrou poodle_trim=matron",
      "consumeHeldItem": true,
      "learnableMoves": [],
      "requirements": [
		{
		  "variant": "held_item",
          "itemCondition": "minecraft:purple_dye"
		}
	  ],
      "requiredContext": "minecraft:shears"
    },
	{
      "id": "furfrou_natural",
      "variant": "item_interact",
      "result": "furfrou poodle_trim=natural",
      "consumeHeldItem": true,
      "learnableMoves": [],
      "requirements": [
		{
		  "variant": "held_item",
          "itemCondition": "minecraft:white_dye"
		}
	  ],
      "requiredContext": "minecraft:shears"
    },
	{
      "id": "furfrou_dandy",
      "variant": "item_interact",
      "result": "furfrou poodle_trim=dandy",
      "consumeHeldItem": true,
      "learnableMoves": [],
      "requirements": [
		{
		  "variant": "held_item",
          "itemCondition": "minecraft:lime_dye"
		}
	  ],
      "requiredContext": "minecraft:shears"
    },
	{
      "id": "furfrou_heart",
      "variant": "item_interact",
      "result": "furfrou poodle_trim=heart",
      "consumeHeldItem": true,
      "learnableMoves": [],
      "requirements": [
		{
		  "variant": "held_item",
          "itemCondition": "minecraft:pink_dye"
		}
	  ],
      "requiredContext": "minecraft:shears"
    },
	{
      "id": "furfrou_lareine",
      "variant": "item_interact",
      "result": "furfrou poodle_trim=la_reine",
      "consumeHeldItem": true,
      "learnableMoves": [],
      "requirements": [
		{
		  "variant": "held_item",
          "itemCondition": "minecraft:light_blue_dye"
		}
	  ],
      "requiredContext": "minecraft:shears"
    }
  ],
      "battleOnly": false
    },
    {
      "name": "Matron",
      "primaryType": "normal",
      "maleRatio": 0.5,
      "height": 12,
      "weight": 280,
      "pokedex": [
        "cobblemon.species.furfrou-matron.desc"
      ],
      "labels": [
        "gen6"
      ],
      "aspects": [
        "matron-trim"
      ],
      "evolutions": [],
      "battleOnly": false
    },
    {
      "name": "Dandy",
      "primaryType": "normal",
      "maleRatio": 0.5,
      "height": 12,
      "weight": 280,
      "pokedex": [
        "cobblemon.species.furfrou-dandy.desc"
      ],
      "labels": [
        "gen6"
      ],
      "aspects": [
        "dandy-trim"
      ],
      "evolutions": [
	{
      "id": "furfrou_debutante",
      "variant": "item_interact",
      "result": "furfrou poodle_trim=debutante",
      "consumeHeldItem": true,
      "learnableMoves": [],
      "requirements": [
		{
		  "variant": "held_item",
          "itemCondition": "minecraft:yellow_dye"
		}  
	  ],
      "requiredContext": "minecraft:shears"
    },
	{
      "id": "furfrou_pharaoh",
      "variant": "item_interact",
      "result": "furfrou poodle_trim=pharaoh",
      "consumeHeldItem": true,
      "learnableMoves": [],
      "requirements": [
		{
		  "variant": "held_item",
          "itemCondition": "minecraft:blue_dye"
		}  
	  ],
      "requiredContext": "minecraft:shears"
    },
	{
      "id": "furfrou_kabuki",
      "variant": "item_interact",
      "result": "furfrou poodle_trim=kabuki",
      "consumeHeldItem": true,
      "learnableMoves": [],
      "requirements": [
		{
		  "variant": "held_item",
          "itemCondition": "minecraft:red_dye"
		}
	  ],
      "requiredContext": "minecraft:shears"
    },
	{
      "id": "furfrou_star",
      "variant": "item_interact",
      "result": "furfrou poodle_trim=star",
      "consumeHeldItem": true,
      "learnableMoves": [],
      "requirements": [
		{
		  "variant": "held_item",
          "itemCondition": "minecraft:cyan_dye"
		}
	  ],
      "requiredContext": "minecraft:shears"
    },
	{
      "id": "furfrou_natural",
      "variant": "item_interact",
      "result": "furfrou poodle_trim=natural",
      "consumeHeldItem": true,
      "learnableMoves": [],
      "requirements": [
		{
		  "variant": "held_item",
          "itemCondition": "minecraft:white_dye"
		}
	  ],
      "requiredContext": "minecraft:shears"
    },
	{
      "id": "furfrou_diamond",
      "variant": "item_interact",
      "result": "furfrou poodle_trim=diamond",
      "consumeHeldItem": true,
      "learnableMoves": [],
      "requirements": [
		{
		  "variant": "held_item",
          "itemCondition": "minecraft:orange_dye"
		}
	  ],
      "requiredContext": "minecraft:shears"
    },
	{
      "id": "furfrou_heart",
      "variant": "item_interact",
      "result": "furfrou poodle_trim=heart",
      "consumeHeldItem": true,
      "learnableMoves": [],
      "requirements": [
		{
		  "variant": "held_item",
          "itemCondition": "minecraft:pink_dye"
		}
	  ],
      "requiredContext": "minecraft:shears"
    },
	{
      "id": "furfrou_lareine",
      "variant": "item_interact",
      "result": "furfrou poodle_trim=la_reine",
      "consumeHeldItem": true,
      "learnableMoves": [],
      "requirements": [
		{
		  "variant": "held_item",
          "itemCondition": "minecraft:light_blue_dye"
		}
	  ],
      "requiredContext": "minecraft:shears"
    }
  ],
      "battleOnly": false
    },
    {
      "name": "La-Reine",
      "primaryType": "normal",
      "maleRatio": 0.5,
      "height": 12,
      "weight": 280,
      "pokedex": [
        "cobblemon.species.furfrou-lareine.desc"
      ],
      "labels": [
        "gen6"
      ],
      "aspects": [
        "la_reine-trim"
      ],
      "evolutions": [
	{
      "id": "furfrou_debutante",
      "variant": "item_interact",
      "result": "furfrou poodle_trim=debutante",
      "consumeHeldItem": true,
      "learnableMoves": [],
      "requirements": [
		{
		  "variant": "held_item",
          "itemCondition": "minecraft:yellow_dye"
		}  
	  ],
      "requiredContext": "minecraft:shears"
    },
	{
      "id": "furfrou_pharaoh",
      "variant": "item_interact",
      "result": "furfrou poodle_trim=pharaoh",
      "consumeHeldItem": true,
      "learnableMoves": [],
      "requirements": [
		{
		  "variant": "held_item",
          "itemCondition": "minecraft:blue_dye"
		}  
	  ],
      "requiredContext": "minecraft:shears"
    },
	{
      "id": "furfrou_kabuki",
      "variant": "item_interact",
      "result": "furfrou poodle_trim=kabuki",
      "consumeHeldItem": true,
      "learnableMoves": [],
      "requirements": [
		{
		  "variant": "held_item",
          "itemCondition": "minecraft:red_dye"
		}
	  ],
      "requiredContext": "minecraft:shears"
    },
	{
      "id": "furfrou_star",
      "variant": "item_interact",
      "result": "furfrou poodle_trim=star",
      "consumeHeldItem": true,
      "learnableMoves": [],
      "requirements": [
		{
		  "variant": "held_item",
          "itemCondition": "minecraft:cyan_dye"
		}
	  ],
      "requiredContext": "minecraft:shears"
    },
	{
      "id": "furfrou_natural",
      "variant": "item_interact",
      "result": "furfrou poodle_trim=natural",
      "consumeHeldItem": true,
      "learnableMoves": [],
      "requirements": [
		{
		  "variant": "held_item",
          "itemCondition": "minecraft:white_dye"
		}
	  ],
      "requiredContext": "minecraft:shears"
    },
	{
      "id": "furfrou_dandy",
      "variant": "item_interact",
      "result": "furfrou poodle_trim=dandy",
      "consumeHeldItem": true,
      "learnableMoves": [],
      "requirements": [
		{
		  "variant": "held_item",
          "itemCondition": "minecraft:lime_dye"
		}
	  ],
      "requiredContext": "minecraft:shears"
    },
	{
      "id": "furfrou_diamond",
      "variant": "item_interact",
      "result": "furfrou poodle_trim=diamond",
      "consumeHeldItem": true,
      "learnableMoves": [],
      "requirements": [
		{
		  "variant": "held_item",
          "itemCondition": "minecraft:orange_dye"
		}
	  ],
      "requiredContext": "minecraft:shears"
    },
	{
      "id": "furfrou_heart",
      "variant": "item_interact",
      "result": "furfrou poodle_trim=heart",
      "consumeHeldItem": true,
      "learnableMoves": [],
      "requirements": [
		{
		  "variant": "held_item",
          "itemCondition": "minecraft:pink_dye"
		}
	  ],
      "requiredContext": "minecraft:shears"
    }
  ],
      "battleOnly": false
    },
    {
      "name": "Kabuki",
      "primaryType": "normal",
      "maleRatio": 0.5,
      "height": 12,
      "weight": 280,
      "pokedex": [
        "cobblemon.species.furfrou-kabuki.desc"
      ],
      "labels": [
        "gen6"
      ],
      "aspects": [
        "kabuki-trim"
      ],
      "evolutions": [
	{
      "id": "furfrou_debutante",
      "variant": "item_interact",
      "result": "furfrou poodle_trim=debutante",
      "consumeHeldItem": true,
      "learnableMoves": [],
      "requirements": [
		{
		  "variant": "held_item",
          "itemCondition": "minecraft:yellow_dye"
		}  
	  ],
      "requiredContext": "minecraft:shears"
    },
	{
      "id": "furfrou_pharaoh",
      "variant": "item_interact",
      "result": "furfrou poodle_trim=pharaoh",
      "consumeHeldItem": true,
      "learnableMoves": [],
      "requirements": [
		{
		  "variant": "held_item",
          "itemCondition": "minecraft:blue_dye"
		}  
	  ],
      "requiredContext": "minecraft:shears"
    },
	{
      "id": "furfrou_star",
      "variant": "item_interact",
      "result": "furfrou poodle_trim=star",
      "consumeHeldItem": true,
      "learnableMoves": [],
      "requirements": [
		{
		  "variant": "held_item",
          "itemCondition": "minecraft:cyan_dye"
		}
	  ],
      "requiredContext": "minecraft:shears"
    },
	{
      "id": "furfrou_matron",
      "variant": "item_interact",
      "result": "furfrou poodle_trim=matron",
      "consumeHeldItem": true,
      "learnableMoves": [],
      "requirements": [
		{
		  "variant": "held_item",
          "itemCondition": "minecraft:purple_dye"
		}
	  ],
      "requiredContext": "minecraft:shears"
    },
	{
      "id": "furfrou_natural",
      "variant": "item_interact",
      "result": "furfrou poodle_trim=natural",
      "consumeHeldItem": true,
      "learnableMoves": [],
      "requirements": [
		{
		  "variant": "held_item",
          "itemCondition": "minecraft:white_dye"
		}
	  ],
      "requiredContext": "minecraft:shears"
    },
	{
      "id": "furfrou_dandy",
      "variant": "item_interact",
      "result": "furfrou poodle_trim=dandy",
      "consumeHeldItem": true,
      "learnableMoves": [],
      "requirements": [
		{
		  "variant": "held_item",
          "itemCondition": "minecraft:lime_dye"
		}
	  ],
      "requiredContext": "minecraft:shears"
    },
	{
      "id": "furfrou_diamond",
      "variant": "item_interact",
      "result": "furfrou poodle_trim=diamond",
      "consumeHeldItem": true,
      "learnableMoves": [],
      "requirements": [
		{
		  "variant": "held_item",
          "itemCondition": "minecraft:orange_dye"
		}
	  ],
      "requiredContext": "minecraft:shears"
    },
	{
      "id": "furfrou_heart",
      "variant": "item_interact",
      "result": "furfrou poodle_trim=heart",
      "consumeHeldItem": true,
      "learnableMoves": [],
      "requirements": [
		{
		  "variant": "held_item",
          "itemCondition": "minecraft:pink_dye"
		}
	  ],
      "requiredContext": "minecraft:shears"
    },
	{
      "id": "furfrou_lareine",
      "variant": "item_interact",
      "result": "furfrou poodle_trim=la_reine",
      "consumeHeldItem": true,
      "learnableMoves": [],
      "requirements": [
		{
		  "variant": "held_item",
          "itemCondition": "minecraft:light_blue_dye"
		}
	  ],
      "requiredContext": "minecraft:shears"
    }
  ],
      "battleOnly": false
    },
    {
      "name": "Pharaoh",
      "primaryType": "normal",
      "maleRatio": 0.5,
      "height": 12,
      "weight": 280,
      "pokedex": [
        "cobblemon.species.furfrou-pharaoh.desc"
      ],
      "labels": [
        "gen6"
      ],
      "aspects": [
        "pharaoh-trim"
      ],
      "evolutions": [
	{
      "id": "furfrou_debutante",
      "variant": "item_interact",
      "result": "furfrou poodle_trim=debutante",
      "consumeHeldItem": true,
      "learnableMoves": [],
      "requirements": [
		{
		  "variant": "held_item",
          "itemCondition": "minecraft:yellow_dye"
		}  
	  ],
      "requiredContext": "minecraft:shears"
    },
	{
      "id": "furfrou_kabuki",
      "variant": "item_interact",
      "result": "furfrou poodle_trim=kabuki",
      "consumeHeldItem": true,
      "learnableMoves": [],
      "requirements": [
		{
		  "variant": "held_item",
          "itemCondition": "minecraft:red_dye"
		}
	  ],
      "requiredContext": "minecraft:shears"
    },
	{
      "id": "furfrou_star",
      "variant": "item_interact",
      "result": "furfrou poodle_trim=star",
      "consumeHeldItem": true,
      "learnableMoves": [],
      "requirements": [
		{
		  "variant": "held_item",
          "itemCondition": "minecraft:cyan_dye"
		}
	  ],
      "requiredContext": "minecraft:shears"
    },
	{
      "id": "furfrou_matron",
      "variant": "item_interact",
      "result": "furfrou poodle_trim=matron",
      "consumeHeldItem": true,
      "learnableMoves": [],
      "requirements": [
		{
		  "variant": "held_item",
          "itemCondition": "minecraft:purple_dye"
		}
	  ],
      "requiredContext": "minecraft:shears"
    },
	{
      "id": "furfrou_natural",
      "variant": "item_interact",
      "result": "furfrou poodle_trim=natural",
      "consumeHeldItem": true,
      "learnableMoves": [],
      "requirements": [
		{
		  "variant": "held_item",
          "itemCondition": "minecraft:white_dye"
		}
	  ],
      "requiredContext": "minecraft:shears"
    },
	{
      "id": "furfrou_dandy",
      "variant": "item_interact",
      "result": "furfrou poodle_trim=dandy",
      "consumeHeldItem": true,
      "learnableMoves": [],
      "requirements": [
		{
		  "variant": "held_item",
          "itemCondition": "minecraft:lime_dye"
		}
	  ],
      "requiredContext": "minecraft:shears"
    },
	{
      "id": "furfrou_diamond",
      "variant": "item_interact",
      "result": "furfrou poodle_trim=diamond",
      "consumeHeldItem": true,
      "learnableMoves": [],
      "requirements": [
		{
		  "variant": "held_item",
          "itemCondition": "minecraft:orange_dye"
		}
	  ],
      "requiredContext": "minecraft:shears"
    },
	{
      "id": "furfrou_heart",
      "variant": "item_interact",
      "result": "furfrou poodle_trim=heart",
      "consumeHeldItem": true,
      "learnableMoves": [],
      "requirements": [
		{
		  "variant": "held_item",
          "itemCondition": "minecraft:pink_dye"
		}
	  ],
      "requiredContext": "minecraft:shears"
    },
	{
      "id": "furfrou_lareine",
      "variant": "item_interact",
      "result": "furfrou poodle_trim=la_reine",
      "consumeHeldItem": true,
      "learnableMoves": [],
      "requirements": [
		{
		  "variant": "held_item",
          "itemCondition": "minecraft:light_blue_dye"
		}
	  ],
      "requiredContext": "minecraft:shears"
    }
  ],
      "battleOnly": false
    }
  ]
}