{
	"format_version": "1.12.0",
	"minecraft:geometry": [
		{
			"description": {
				"identifier": "geometry.drednaw",
				"texture_width": 256,
				"texture_height": 128,
				"visible_bounds_width": 9,
				"visible_bounds_height": 5,
				"visible_bounds_offset": [0, 1.5, 0]
			},
			"bones": [
				{
					"name": "drednaw",
					"pivot": [0, -5, 0]
				},
				{
					"name": "locator_top",
					"parent": "drednaw",
					"pivot": [1, 38, 0],
					"locators": {
						"top": [1, 38, 0]
					}
				},
				{
					"name": "locator_root",
					"parent": "drednaw",
					"pivot": [1, 0, 0],
					"locators": {
						"root": [1, 0, 0]
					}
				},
				{
					"name": "body",
					"parent": "drednaw",
					"pivot": [-6, -5, 0]
				},
				{
					"name": "locator_target",
					"parent": "body",
					"pivot": [-1, 29, -31],
					"locators": {
						"target": [-1, 29, -31]
					}
				},
				{
					"name": "legs",
					"parent": "body",
					"pivot": [-6, -5, 0]
				},
				{
					"name": "leg_front1",
					"parent": "legs",
					"pivot": [6, -4, -5],
					"cubes": [
						{"origin": [8, 8, -7], "size": [11, 6, 6], "uv": [128, 48], "mirror": true},
						{"origin": [14.8, 12.5, -4], "size": [4, 5, 0], "uv": [196, 122]}
					]
				},
				{
					"name": "leg_front_part1",
					"parent": "leg_front1",
					"pivot": [6, -3, -2],
					"cubes": [
						{"origin": [19, 8, -7], "size": [7, 6, 6], "uv": [162, 61], "mirror": true}
					]
				},
				{
					"name": "leg_front_mini1",
					"parent": "leg_front_part1",
					"pivot": [27, -6, -2],
					"rotation": [0, 0, -90],
					"cubes": [
						{"origin": [47, -5, -6.5], "size": [1, 3, 1], "uv": [1, 1]},
						{"origin": [47, -5, -2.5], "size": [1, 3, 1], "uv": [1, 1]},
						{"origin": [47, -5, -4.5], "size": [1, 3, 1], "uv": [1, 1]}
					]
				},
				{
					"name": "leg_front2",
					"parent": "legs",
					"pivot": [-6, -4, -5],
					"cubes": [
						{"origin": [-19, 8, -7], "size": [11, 6, 6], "uv": [128, 48]},
						{"origin": [-18.8, 12.5, -4], "size": [4, 5, 0], "uv": [196, 122], "mirror": true}
					]
				},
				{
					"name": "leg_front_part2",
					"parent": "leg_front2",
					"pivot": [-6, -3, -2],
					"cubes": [
						{"origin": [-26, 8, -7], "size": [7, 6, 6], "uv": [162, 61]}
					]
				},
				{
					"name": "leg_front_mini2",
					"parent": "leg_front_part2",
					"pivot": [-27, -6, -2],
					"rotation": [0, 0, 90],
					"cubes": [
						{"origin": [-48, -5, -6.5], "size": [1, 3, 1], "uv": [1, 1], "mirror": true},
						{"origin": [-48, -5, -2.5], "size": [1, 3, 1], "uv": [1, 1], "mirror": true},
						{"origin": [-48, -5, -4.5], "size": [1, 3, 1], "uv": [1, 1], "mirror": true}
					]
				},
				{
					"name": "leg1",
					"parent": "legs",
					"pivot": [6, -5, 13],
					"cubes": [
						{"origin": [8, 7, 11], "size": [11, 6, 6], "uv": [128, 48], "mirror": true},
						{"origin": [14.8, 11.5, 14], "size": [4, 5, 0], "uv": [196, 122]}
					]
				},
				{
					"name": "leg_part1",
					"parent": "leg1",
					"pivot": [6, -4, 16],
					"cubes": [
						{"origin": [19, 7, 11], "size": [7, 6, 6], "uv": [162, 61], "mirror": true}
					]
				},
				{
					"name": "leg_mini1",
					"parent": "leg_part1",
					"pivot": [27, -7, 16],
					"rotation": [0, 0, -90],
					"cubes": [
						{"origin": [47, -6, 11.5], "size": [1, 3, 1], "uv": [1, 1]},
						{"origin": [47, -6, 15.5], "size": [1, 3, 1], "uv": [1, 1]},
						{"origin": [47, -6, 13.5], "size": [1, 3, 1], "uv": [1, 1]}
					]
				},
				{
					"name": "leg2",
					"parent": "legs",
					"pivot": [-6, -5, 13],
					"cubes": [
						{"origin": [-19, 7, 11], "size": [11, 6, 6], "uv": [128, 48]},
						{"origin": [-18.8, 11.5, 14], "size": [4, 5, 0], "uv": [196, 122], "mirror": true}
					]
				},
				{
					"name": "leg_part2",
					"parent": "leg2",
					"pivot": [-6, -4, 16],
					"cubes": [
						{"origin": [-26, 7, 11], "size": [7, 6, 6], "uv": [162, 61]}
					]
				},
				{
					"name": "leg_mini2",
					"parent": "leg_part2",
					"pivot": [-27, -7, 16],
					"rotation": [0, 0, 90],
					"cubes": [
						{"origin": [-48, -6, 11.5], "size": [1, 3, 1], "uv": [1, 1], "mirror": true},
						{"origin": [-48, -6, 15.5], "size": [1, 3, 1], "uv": [1, 1], "mirror": true},
						{"origin": [-48, -6, 13.5], "size": [1, 3, 1], "uv": [1, 1], "mirror": true}
					]
				},
				{
					"name": "torso",
					"parent": "body",
					"pivot": [-10, 9, -2],
					"cubes": [
						{"origin": [-8, 6, -10], "size": [16, 11, 10], "inflate": -0.01, "uv": [196, 78]},
						{"origin": [-23, 8, 2], "size": [5, 5, 10], "inflate": -0.0001, "pivot": [-13, -16, -12], "rotation": [0, -0.43246, 45], "uv": [165, 113]}
					]
				},
				{
					"name": "torso2",
					"parent": "torso",
					"pivot": [-10, 9, 30],
					"cubes": [
						{"origin": [-9, 6, 0], "size": [18, 9, 14], "uv": [192, 25]},
						{"origin": [-8.5, 7, 12], "size": [17, 6, 7], "uv": [200, 9]}
					]
				},
				{
					"name": "tail",
					"parent": "torso2",
					"pivot": [0, 9, 24],
					"cubes": [
						{"origin": [-3.5, 7, 19], "size": [7, 5, 8], "uv": [91, 71]},
						{"origin": [0, 10, 24], "size": [0, 6, 4], "uv": [196, 118]}
					]
				},
				{
					"name": "tail2",
					"parent": "tail",
					"pivot": [0, 9, 34],
					"cubes": [
						{"origin": [-2.5, 7.5, 27], "size": [5, 4, 7], "uv": [99, 48]}
					]
				},
				{
					"name": "tail3",
					"parent": "tail2",
					"pivot": [0, 10, 38],
					"cubes": [
						{"origin": [-1.5, 8.5, 34], "size": [3, 2, 6], "uv": [109, 60]},
						{"origin": [0, 9, 32], "size": [0, 6, 4], "uv": [220, 105]}
					]
				},
				{
					"name": "neck",
					"parent": "torso",
					"pivot": [1, 15, -9],
					"cubes": [
						{"origin": [-6, 8, -19.5], "size": [12, 10, 10], "uv": [64, 50]}
					]
				},
				{
					"name": "neck2",
					"parent": "neck",
					"pivot": [1, 15, -18],
					"cubes": [
						{"origin": [-5, 8.5, -25], "size": [10, 9, 9], "inflate": -0.01, "uv": [52, 72]}
					]
				},
				{
					"name": "neck3",
					"parent": "neck2",
					"pivot": [1, 15, -27],
					"cubes": [
						{"origin": [-5, 8.5, -29.5], "size": [10, 9, 5], "uv": [50, 91]}
					]
				},
				{
					"name": "head",
					"parent": "neck3",
					"pivot": [0, 12.5, -29],
					"cubes": [
						{"origin": [-5.5, 7.5, -35], "size": [11, 11, 6], "inflate": 0.01, "uv": [1, 106]},
						{"origin": [5.5, 13.5, -31], "size": [-11, -6, -4], "inflate": -0.01, "uv": [133, 114]}
					]
				},
				{
					"name": "cheeks",
					"parent": "head",
					"pivot": [0, 13.5, -32],
					"cubes": [
						{"origin": [-6.5, 11, -34], "size": [1, 5, 4], "inflate": 0.01, "uv": [81, 96]},
						{"origin": [5.5, 11, -34], "size": [1, 5, 4], "inflate": 0.01, "uv": [92, 96], "mirror": true}
					]
				},
				{
					"name": "head_top2",
					"parent": "head",
					"pivot": [2.8, 15, -33.8],
					"cubes": [
						{"origin": [-4, 11.5, -39], "size": [8, 7, 8], "pivot": [0, 13.5, -35], "rotation": [0, 45, 0], "uv": [36, 106]},
						{"origin": [4, 13.5, -31], "size": [-8, -2, -8], "pivot": [0, 13.5, -35], "rotation": [0, 45, 0], "uv": [168, 127]}
					]
				},
				{
					"name": "head_spike",
					"parent": "head_top2",
					"pivot": [0, 18.6, -36.8],
					"rotation": [40, 0, 0],
					"cubes": [
						{"origin": [0, 14, -42.8], "size": [0, 14, 10], "uv": [235, 90]}
					]
				},
				{
					"name": "locator_horn",
					"parent": "head_spike",
					"pivot": [0, 18.5, -38.5],
					"locators": {
						"horn": [0, 18.5, -38.5]
					}
				},
				{
					"name": "eyes",
					"parent": "head_top2",
					"pivot": [0, 15.5, -35]
				},
				{
					"name": "eyes_left_rotation",
					"parent": "eyes",
					"pivot": [0, 15.5, -35],
					"rotation": [0, 45, 0]
				},
				{
					"name": "eye_left",
					"parent": "eyes_left_rotation",
					"pivot": [4.02, 15.5, -34],
					"cubes": [
						{"origin": [4.02, 13.5, -36], "size": [0, 4, 4], "uv": [1, 2]}
					]
				},
				{
					"name": "pupil_left",
					"parent": "eyes_left_rotation",
					"pivot": [4.03, 15, -34.5],
					"cubes": [
						{"origin": [4.03, 14.5, -35], "size": [0, 1, 1], "uv": [4, 10]}
					]
				},
				{
					"name": "eye_angry_left",
					"parent": "eyes_left_rotation",
					"pivot": [3.92, 15.5, -34],
					"cubes": [
						{"origin": [3.92, 13.5, -36], "size": [0, 4, 4], "uv": [135, 96]}
					]
				},
				{
					"name": "eye_sad_left",
					"parent": "eyes_left_rotation",
					"pivot": [3.92, 15.5, -34],
					"cubes": [
						{"origin": [3.92, 13.5, -36], "size": [0, 4, 4], "uv": [144, 96]}
					]
				},
				{
					"name": "eye_surprised_left",
					"parent": "eyes_left_rotation",
					"pivot": [3.92, 15.5, -34],
					"cubes": [
						{"origin": [3.92, 13.5, -36], "size": [0, 4, 4], "uv": [153, 96]}
					]
				},
				{
					"name": "eyelid_left",
					"parent": "eyes_left_rotation",
					"pivot": [3.92, 15.5, -34],
					"cubes": [
						{"origin": [3.92, 13.5, -36], "size": [0, 4, 4], "uv": [10, -3]}
					]
				},
				{
					"name": "eyelid_hurt_left",
					"parent": "eyes_left_rotation",
					"pivot": [3.92, 15.5, -34],
					"cubes": [
						{"origin": [3.92, 13.5, -36], "size": [0, 4, 4], "uv": [162, 96]}
					]
				},
				{
					"name": "eyelid_happy_left",
					"parent": "eyes_left_rotation",
					"pivot": [3.92, 15.5, -34],
					"cubes": [
						{"origin": [3.92, 13.5, -36], "size": [0, 4, 4], "uv": [171, 96]}
					]
				},
				{
					"name": "eyes_right_rotation",
					"parent": "eyes",
					"pivot": [0, 15.5, -35],
					"rotation": [0, -45, 0]
				},
				{
					"name": "eye_right",
					"parent": "eyes_right_rotation",
					"pivot": [-4.02, 15.5, -34],
					"cubes": [
						{"origin": [-4.02, 13.5, -36], "size": [0, 4, 4], "uv": [1, -3], "mirror": true}
					]
				},
				{
					"name": "pupil_right",
					"parent": "eyes_right_rotation",
					"pivot": [-4.03, 15, -34.5],
					"cubes": [
						{"origin": [-4.03, 14.5, -35], "size": [0, 1, 1], "uv": [1, 10], "mirror": true}
					]
				},
				{
					"name": "eye_angry_right",
					"parent": "eyes_right_rotation",
					"pivot": [-3.92, 15.5, -34],
					"cubes": [
						{"origin": [-3.92, 13.5, -36], "size": [0, 4, 4], "uv": [135, 101], "mirror": true}
					]
				},
				{
					"name": "eye_sad_right",
					"parent": "eyes_right_rotation",
					"pivot": [-3.92, 15.5, -34],
					"cubes": [
						{"origin": [-3.92, 13.5, -36], "size": [0, 4, 4], "uv": [144, 101], "mirror": true}
					]
				},
				{
					"name": "eye_surprised_right",
					"parent": "eyes_right_rotation",
					"pivot": [-3.92, 15.5, -34],
					"cubes": [
						{"origin": [-3.92, 13.5, -36], "size": [0, 4, 4], "uv": [153, 101], "mirror": true}
					]
				},
				{
					"name": "eyelid_right",
					"parent": "eyes_right_rotation",
					"pivot": [-3.92, 15.5, -34],
					"cubes": [
						{"origin": [-3.92, 13.5, -36], "size": [0, 4, 4], "uv": [10, 2], "mirror": true}
					]
				},
				{
					"name": "eyelid_hurt_right",
					"parent": "eyes_right_rotation",
					"pivot": [-3.92, 15.5, -34],
					"cubes": [
						{"origin": [-3.92, 13.5, -36], "size": [0, 4, 4], "uv": [162, 101], "mirror": true}
					]
				},
				{
					"name": "eyelid_happy_right",
					"parent": "eyes_right_rotation",
					"pivot": [-3.92, 15.5, -34],
					"cubes": [
						{"origin": [-3.92, 13.5, -36], "size": [0, 4, 4], "uv": [171, 101], "mirror": true}
					]
				},
				{
					"name": "jaw",
					"parent": "head",
					"pivot": [0, 11, -31],
					"cubes": [
						{"origin": [-5.5, 7.5, -35], "size": [11, 2, 4], "inflate": 0.02, "uv": [70, 121]},
						{"origin": [5.51, 9.5, -35], "size": [0, 4, 4], "uv": [205, 113], "mirror": true},
						{"origin": [-5.51, 9.5, -35], "size": [0, 4, 4], "inflate": 0.02, "uv": [196, 113]},
						{"origin": [4, 13.5, -31], "size": [-8, -4, -8], "pivot": [0, 11, -35], "rotation": [0, 45, 0], "uv": [135, 127]},
						{"origin": [-4, 7.5, -39], "size": [8, 6, 8], "pivot": [0, 11, -35], "rotation": [0, 45, 0], "uv": [69, 106]}
					]
				},
				{
					"name": "locator_jaw_lower",
					"parent": "jaw",
					"pivot": [0, 11.5, -40.65]
				},
				{
					"name": "tongue",
					"parent": "jaw",
					"pivot": [0, 10.5, -32],
					"cubes": [
						{"origin": [-3.5, 9.5, -36], "size": [7, 2, 7], "inflate": 0.02, "uv": [84, 86]},
						{"origin": [-2.5, 9.5, -38.5], "size": [5, 2, 5], "inflate": 0.01, "pivot": [0, 10.5, -36], "rotation": [0, 45, 0], "uv": [105, 86]}
					]
				},
				{
					"name": "locator_item",
					"parent": "tongue",
					"pivot": [0, 11.5, -34.65],
					"rotation": [0, 30, 0],
					"locators": {
						"item": [0, 11.5, -34.65]
					}
				},
				{
					"name": "shell",
					"parent": "torso",
					"pivot": [0, 20.5, -1],
					"rotation": [1.5, 0, 0]
				},
				{
					"name": "shell_lining",
					"parent": "shell",
					"pivot": [0, 14, 11.5],
					"cubes": [
						{"origin": [-12, 12.5, -2], "size": [24, 3, 21], "inflate": 0.01, "uv": [0, 0]}
					]
				},
				{
					"name": "shell_lining2",
					"parent": "shell_lining",
					"pivot": [0, 12.5, -2],
					"rotation": [-27.5, 0, 0],
					"cubes": [
						{"origin": [-12, 12.5, -8.85], "size": [24, 3, 7], "uv": [122, 0]}
					]
				},
				{
					"name": "shell_lining3",
					"parent": "shell_lining2",
					"pivot": [0, 12.75, -6.35],
					"cubes": [
						{"origin": [-8.5, 12.5, -17.35], "size": [17, 9, 17], "inflate": 0.01, "pivot": [0, 17, -8.85], "rotation": [0, 45, 0], "uv": [76, 21]}
					]
				},
				{
					"name": "shell_spike",
					"parent": "shell_lining3",
					"pivot": [0, 21.5, -20.9],
					"rotation": [44.5, 0, 0]
				},
				{
					"name": "shell_spike_right",
					"parent": "shell_spike",
					"pivot": [0, 21.5, -14.9],
					"rotation": [0, 0, -35],
					"cubes": [
						{"origin": [-9, 21.5, -20.95], "size": [10, 0, 12], "uv": [202, 115]}
					]
				},
				{
					"name": "shell_spike_left",
					"parent": "shell_spike",
					"pivot": [0, 21.5, -14.9],
					"rotation": [0, 0, 35],
					"cubes": [
						{"origin": [-1, 21.5, -20.95], "size": [10, 0, 12], "uv": [223, 115]}
					]
				},
				{
					"name": "shell2",
					"parent": "shell",
					"pivot": [0, 22.5, 11.75],
					"rotation": [-2, 0, 0],
					"cubes": [
						{"origin": [-10.5, 14.45, -5.75], "size": [21, 8, 17], "inflate": 0.01, "uv": [0, 24]},
						{"origin": [-10.5, 16.45, 11.25], "size": [21, 6, 10], "pivot": [0, 22.45, 11.25], "rotation": [-48, 0, 0], "uv": [70, 1]}
					]
				},
				{
					"name": "shell_spike2",
					"parent": "shell2",
					"pivot": [0, 22.4, 2.3],
					"rotation": [5, 0, 0],
					"cubes": [
						{"origin": [-4.5, 17.9, -11.75], "size": [9, 9, 17], "pivot": [0, 22.4, -4.75], "rotation": [0, 0, 45], "uv": [146, 12]},
						{"origin": [4.5, 26.9, 5.25], "size": [-9, -9, -3], "pivot": [0, 22.4, 3.75], "rotation": [0, 0, 45], "uv": [84, 37]}
					]
				},
				{
					"name": "shell_spike3",
					"parent": "shell2",
					"pivot": [0, 22.2, 11.15],
					"rotation": [-2.5, 0, 0],
					"cubes": [
						{"origin": [-3, 18.7, 1.2], "size": [6, 6, 12], "pivot": [0, 21.7, 6.2], "rotation": [0, 0, 45], "uv": [127, 10]},
						{"origin": [3, 24.7, 13.2], "size": [-6, -6, -2], "pivot": [0, 21.7, 12.2], "rotation": [0, 0, 45], "uv": [16, 33]}
					]
				}
			]
		}
	]
}