{
	"format_version": "1.12.0",
	"minecraft:geometry": [
		{
			"description": {
				"identifier": "geometry.aromatisse",
				"texture_width": 128,
				"texture_height": 128,
				"visible_bounds_width": 7,
				"visible_bounds_height": 5,
				"visible_bounds_offset": [0, 1.5, 0]
			},
			"bones": [
				{
					"name": "aromatisse",
					"pivot": [0, 0, 0]
				},
				{
					"name": "body",
					"parent": "aromatisse",
					"pivot": [0, 0, 0]
				},
				{
					"name": "legs",
					"parent": "body",
					"pivot": [0, 0, 0]
				},
				{
					"name": "leg1",
					"parent": "legs",
					"pivot": [0, 0, 0],
					"cubes": [
						{"origin": [-4, 2.5, -2], "size": [4, 6, 5], "uv": [0, 44]}
					]
				},
				{
					"name": "leg_part1",
					"parent": "leg1",
					"pivot": [0, 0, 0],
					"cubes": [
						{"origin": [-3.5, 0, -1.5], "size": [3, 4, 4], "uv": [34, 58]}
					]
				},
				{
					"name": "leg2",
					"parent": "legs",
					"pivot": [0, 0, 0],
					"cubes": [
						{"origin": [0, 2.5, -2], "size": [4, 6, 5], "uv": [0, 44], "mirror": true}
					]
				},
				{
					"name": "leg_part2",
					"parent": "leg2",
					"pivot": [0, 0, 0],
					"cubes": [
						{"origin": [0.5, 0, -1.5], "size": [3, 4, 4], "uv": [34, 58], "mirror": true}
					]
				},
				{
					"name": "torso",
					"parent": "body",
					"pivot": [0, -4, -1],
					"cubes": [
						{"origin": [-8, 7, -6], "size": [16, 11, 13], "uv": [0, 0]},
						{"origin": [9, 10, 7], "size": [0, 5, 5], "pivot": [3, 8, 8], "rotation": [0, 15, -32.5], "uv": [49, 58]},
						{"origin": [-9, 10, 7], "size": [0, 5, 5], "pivot": [-3, 8, 8], "rotation": [0, -15, 32.5], "uv": [49, 58], "mirror": true},
						{"origin": [4, 11, 7], "size": [0, 5, 5], "pivot": [-2, 9, 8], "rotation": [0, 15, 32.5], "uv": [59, 7]},
						{"origin": [-4, 11, 7], "size": [0, 5, 5], "pivot": [2, 9, 8], "rotation": [0, -15, -32.5], "uv": [59, 7], "mirror": true},
						{"origin": [-17, -3, 6], "size": [6, 7, 0], "pivot": [-14, 4, -5], "rotation": [52.5, 17.5, 12.5], "uv": [33, 24], "mirror": true},
						{"origin": [11, -3, 6], "size": [6, 7, 0], "pivot": [14, 4, -5], "rotation": [52.5, -17.5, -12.5], "uv": [33, 24]},
						{"origin": [-16, 26, -2], "size": [6, 7, 0], "pivot": [-13, 18, -12], "rotation": [-55, 17.5, 12.5], "uv": [29, 73], "mirror": true},
						{"origin": [10, 26, -2], "size": [6, 7, 0], "pivot": [13, 18, -12], "rotation": [-55, -17.5, -12.5], "uv": [29, 73]},
						{"origin": [-6, 3, -4], "size": [0, 5, 8], "pivot": [-3, -3, -5], "rotation": [0, 0, -10], "uv": [0, 67]},
						{"origin": [6, 3, -4], "size": [0, 5, 8], "pivot": [3, -3, -5], "rotation": [0, 0, 10], "uv": [0, 67], "mirror": true},
						{"origin": [-4, 3, -3.8], "size": [9, 5, 0], "pivot": [6, -2, -2], "rotation": [12.5, 0, 0], "uv": [110, 5]},
						{"origin": [-4, 2, 5.2], "size": [9, 5, 0], "pivot": [6, -3, 7], "rotation": [-12.5, 0, 0], "uv": [110, 5]},
						{"origin": [2, 3, -4.8], "size": [5, 5, 0], "pivot": [1, -2, -3], "rotation": [12.5, -25, 0], "uv": [73, 0], "mirror": true},
						{"origin": [4, 2, 5.2], "size": [5, 5, 0], "pivot": [4, -3, 7], "rotation": [-12.5, 25, 0], "uv": [73, 0], "mirror": true},
						{"origin": [-9, 2, 5.2], "size": [5, 5, 0], "pivot": [-4, -3, 7], "rotation": [-12.5, -25, 0], "uv": [73, 0]},
						{"origin": [-7, 3, -4.8], "size": [5, 5, 0], "pivot": [-1, -2, -3], "rotation": [12.5, 25, 0], "uv": [73, 0]}
					]
				},
				{
					"name": "tail",
					"parent": "torso",
					"pivot": [0, -4, -1],
					"cubes": [
						{"origin": [2, 10, 6], "size": [4, 4, 2], "inflate": 0.1, "pivot": [3, 10, 7], "rotation": [0, 0, -12.5], "uv": [59, 18]},
						{"origin": [-6, 10, 6], "size": [4, 4, 2], "inflate": 0.1, "pivot": [-3, 10, 7], "rotation": [0, 0, 12.5], "uv": [0, 62]},
						{"origin": [-2, 9, 7], "size": [4, 4, 1], "uv": [0, 69]}
					]
				},
				{
					"name": "torso2",
					"parent": "torso",
					"pivot": [0, -5, -1],
					"cubes": [
						{"origin": [5, 20, 2], "size": [4, 5, 0], "pivot": [5, 20, -2], "rotation": [0, -15, 17.5], "uv": [72, 17]},
						{"origin": [-9, 20, 2], "size": [4, 5, 0], "pivot": [-5, 20, -2], "rotation": [0, 15, -17.5], "uv": [72, 17], "mirror": true},
						{"origin": [-6, 17.7, -8], "size": [12, 0, 4], "pivot": [1, 17, -8], "rotation": [10, 0, 0], "uv": [100, 124]},
						{"origin": [-6, 17.9, 5], "size": [12, 0, 5], "pivot": [1, 18, 9], "rotation": [-10, 0, 0], "uv": [99, 0]},
						{"origin": [-15, 17.9, -1], "size": [10, 0, 5], "pivot": [-9, 17, 3], "rotation": [-10, -77.5, 0], "uv": [-3, 123]},
						{"origin": [5, 17.9, -1], "size": [10, 0, 5], "pivot": [9, 18, 3], "rotation": [-10, 77.5, 0], "uv": [-3, 123], "mirror": true},
						{"origin": [-14.8, 17.7, -3.8], "size": [3, 0, 3], "pivot": [-10, 33, -1], "rotation": [-10, -75, 0], "uv": [70, 13]},
						{"origin": [11.8, 17.7, -3.8], "size": [3, 0, 3], "pivot": [10, 33, -1], "rotation": [-10, 75, 0], "uv": [70, 13], "mirror": true}
					]
				},
				{
					"name": "hands",
					"parent": "torso2",
					"pivot": [0, -6, -1]
				},
				{
					"name": "hand1",
					"parent": "hands",
					"pivot": [5, 19, -2],
					"cubes": [
						{"origin": [5, 18, -3], "size": [4, 2, 2], "uv": [60, 66]}
					]
				},
				{
					"name": "hand_part1",
					"parent": "hand1",
					"pivot": [8, 19, -3],
					"cubes": [
						{"origin": [8, 18, -3], "size": [5, 2, 2], "inflate": 0.2, "uv": [62, 43]}
					]
				},
				{
					"name": "hand_mini1",
					"parent": "hand_part1",
					"pivot": [5, -7, -3],
					"cubes": [
						{"origin": [13, 18, -3], "size": [2, 2, 2], "inflate": 0.3, "uv": [73, 48]},
						{"origin": [15, 18, -3.29], "size": [2, 1, 0], "uv": [38, 44]},
						{"origin": [15, 18, -0.71], "size": [2, 1, 0], "uv": [38, 46]},
						{"origin": [15, 18, -2], "size": [2, 1, 0], "uv": [38, 48]}
					]
				},
				{
					"name": "hand2",
					"parent": "hands",
					"pivot": [-5, 19, -2],
					"cubes": [
						{"origin": [-9, 18, -3], "size": [4, 2, 2], "uv": [60, 66], "mirror": true}
					]
				},
				{
					"name": "hand_part2",
					"parent": "hand2",
					"pivot": [-8, 19, -3],
					"cubes": [
						{"origin": [-13, 18, -3], "size": [5, 2, 2], "inflate": 0.2, "uv": [62, 43], "mirror": true}
					]
				},
				{
					"name": "hand_mini2",
					"parent": "hand_part2",
					"pivot": [-5, -7, -3],
					"cubes": [
						{"origin": [-15, 18, -3], "size": [2, 2, 2], "inflate": 0.3, "uv": [73, 48], "mirror": true},
						{"origin": [-17, 18, -3.29], "size": [2, 1, 0], "uv": [38, 44], "mirror": true},
						{"origin": [-17, 18, -0.71], "size": [2, 1, 0], "uv": [38, 46], "mirror": true},
						{"origin": [-17, 18, -2], "size": [2, 1, 0], "uv": [38, 48], "mirror": true}
					]
				},
				{
					"name": "head",
					"parent": "torso2",
					"pivot": [0, 21, -1],
					"cubes": [
						{"origin": [-6, 18, -4], "size": [12, 9, 9], "uv": [0, 25]},
						{"origin": [1, 27, -1], "size": [2, 4, 2], "pivot": [-4, 27, 1], "rotation": [22.5, 0, 7.5], "uv": [34, 50]},
						{"origin": [-3, 27, -1], "size": [2, 4, 2], "pivot": [4, 27, 1], "rotation": [22.5, 0, -7.5], "uv": [34, 50], "mirror": true},
						{"origin": [1, 26, 0], "size": [6, 8, 1], "pivot": [1, 26, 3], "rotation": [0, 0, 20], "uv": [19, 50]},
						{"origin": [-7, 26, 0], "size": [6, 8, 1], "pivot": [-1, 26, 3], "rotation": [0, 0, -20], "uv": [19, 50], "mirror": true},
						{"origin": [4.2, 29, 0.5], "size": [5, 8, 0], "pivot": [5, 29, 2], "rotation": [0, 0, -12.5], "uv": [62, 48]},
						{"origin": [-9.2, 29, 0.5], "size": [5, 8, 0], "pivot": [-5, 29, 2], "rotation": [0, 0, 12.5], "uv": [62, 48], "mirror": true},
						{"origin": [-2, 19, -6], "size": [4, 3, 3], "uv": [59, 0]},
						{"origin": [-1.5, 19, -7], "size": [3, 2, 2], "uv": [67, 71]},
						{"origin": [0, 18, -8], "size": [0, 2, 1], "uv": [13, 62]}
					]
				},
				{
					"name": "eyes",
					"parent": "head",
					"pivot": [0, 18, 0]
				},
				{
					"name": "eye1",
					"parent": "eyes",
					"pivot": [0, 18, 0],
					"cubes": [
						{"origin": [2, 20, -4.01], "size": [4, 4, 0], "uv": [73, 53]},
						{"origin": [6.41, 19, -4.05], "size": [4, 6, 0], "pivot": [6, 20, -7], "rotation": [0, -7.5, 0], "uv": [43, 42]}
					]
				},
				{
					"name": "pupiled1",
					"parent": "eye1",
					"pivot": [0, 18, 0],
					"cubes": [
						{"origin": [2.5, 20.6, -4.02], "size": [3, 3, 0], "uv": [24, 68]},
						{"origin": [2, 21.6, -4.03], "size": [2, 2, 0], "uv": [0, 0]},
						{"origin": [2.5, 22, -4.04], "size": [1, 2, 0], "uv": [16, 62]}
					]
				},
				{
					"name": "ceja1",
					"parent": "pupiled1",
					"pivot": [3, 23, -2],
					"cubes": [
						{"origin": [2.2, 23, -3.001], "size": [3, 1, 0], "uv": [72, 23]}
					]
				},
				{
					"name": "eye2",
					"parent": "eyes",
					"pivot": [0, 18, 0],
					"cubes": [
						{"origin": [-6, 20, -4.01], "size": [4, 4, 0], "uv": [73, 53], "mirror": true},
						{"origin": [-10.41, 19, -4.05], "size": [4, 6, 0], "pivot": [-6, 20, -7], "rotation": [0, 7.5, 0], "uv": [43, 42], "mirror": true}
					]
				},
				{
					"name": "pupiled2",
					"parent": "eye2",
					"pivot": [0, 18, 0],
					"cubes": [
						{"origin": [-5.5, 20.6, -4.02], "size": [3, 3, 0], "uv": [24, 68], "mirror": true},
						{"origin": [-4, 21.6, -4.03], "size": [2, 2, 0], "uv": [0, 0], "mirror": true},
						{"origin": [-3.5, 22, -4.04], "size": [1, 2, 0], "uv": [16, 62], "mirror": true}
					]
				},
				{
					"name": "ceja2",
					"parent": "pupiled2",
					"pivot": [-3, 23, -2],
					"cubes": [
						{"origin": [-5.2, 23, -3.001], "size": [3, 1, 0], "uv": [72, 23], "mirror": true}
					]
				}
			]
		}
	]
}