{
  "pokemon.rotom.cry": {
    "sounds": [
      "cobblemon:pokemon/rotom/rotom_cry"
    ]
  },
  "pokemon.rotom_heat.cry": {
    "sounds": [
      "cobblemon:pokemon/rotom/rotom_cry"
    ]
  },
  "pokemon.rotom_frost.cry": {
    "sounds": [
      "cobblemon:pokemon/rotom/rotom_cry"
    ]
  },
  "pokemon.rotom_fan.cry": {
    "sounds": [
      "cobblemon:pokemon/rotom/rotom_cry"
    ]
  },
  "pokemon.rotom_wash.cry": {
    "sounds": [
      "cobblemon:pokemon/rotom/rotom_cry"
    ]
  },
  "pokemon.rotom_mow.cry": {
    "sounds": [
      "cobblemon:pokemon/rotom/rotom_cry"
    ]
  },
  "pokemon.raikou.cry": {
    "sounds": [
      "cobblemon:pokemon/raikou/raikou_cry"
    ]
  },
  "pokemon.entei.cry": {
    "sounds": [
      "cobblemon:pokemon/entei/entei_cry"
    ]
  },
  "pokemon.muk_alolan.cry": {
    "sounds": [
      "cobblemon:pokemon/muk/muk_cry"
    ]
  },
  "pokemon.grimer_alolan.cry": {
    "sounds": [
      "cobblemon:pokemon/grimer/grimer_cry"
    ]
  },
  "pokemon.frigibax.cry": {
    "sounds": [
      "cobblemon:pokemon/frigibax/frigibax_cry"
    ]
  },
  "pokemon.arctibax.cry": {
    "sounds": [
      "cobblemon:pokemon/arctibax/arctibax_cry"
    ]
  },
  "pokemon.baxcalibur.cry": {
    "sounds": [
      "cobblemon:pokemon/baxcalibur/baxcalibur_cry"
    ]
  },
  "pokemon.pheromosa.cry": {
    "sounds": [
      "cobblemon:pokemon/pheromosa/pheromosa_cry"
    ]
  },
  "pokemon.sewaddle.cry": {
    "sounds": [
      "cobblemon:pokemon/sewaddle/sewaddle_cry"
    ]
  },
  "pokemon.swadloon.cry": {
    "sounds": [
      "cobblemon:pokemon/swadloon/swadloon_cry"
    ]
  },
  "pokemon.leavanny.cry": {
    "sounds": [
      "cobblemon:pokemon/leavanny/leavanny_cry"
    ]
  },
  "pokemon.indeedee_male.cry": {
    "sounds": [
      "cobblemon:pokemon/indeedee/indeedee_male_cry"
    ]
  },
  "pokemon.indeedee_female.cry": {
    "sounds": [
      "cobblemon:pokemon/indeedee/indeedee_female_cry"
    ]
  },
  "pokemon.hoppip.cry": {
    "sounds": [
      "cobblemon:pokemon/hoppip/hoppip_cry"
    ]
  },
  "pokemon.skiploom.cry": {
    "sounds": [
      "cobblemon:pokemon/skiploom/skiploom_cry"
    ]
  },
  "pokemon.jumpluff.cry": {
    "sounds": [
      "cobblemon:pokemon/jumpluff/jumpluff_cry"
    ]
  },
  "pokemon.gothita.cry": {
    "sounds": [
      "cobblemon:pokemon/gothita/gothita_cry"
    ]
  },
  "pokemon.gothorita.cry": {
    "sounds": [
      "cobblemon:pokemon/gothorita/gothorita_cry"
    ]
  },
  "pokemon.gothitelle.cry": {
    "sounds": [
      "cobblemon:pokemon/gothitelle/gothitelle_cry"
    ]
  },
  "pokemon.solosis.cry": {
    "sounds": [
      "cobblemon:pokemon/solosis/solosis_cry"
    ]
  },
  "pokemon.duosion.cry": {
    "sounds": [
      "cobblemon:pokemon/duosion/duosion_cry"
    ]
  },
  "pokemon.reuniclus.cry": {
    "sounds": [
      "cobblemon:pokemon/reuniclus/reuniclus_cry"
    ]
  },
  "pokemon.okidogi.cry": {
    "sounds": [
      "cobblemon:pokemon/okidogi/okidogi_cry"
    ]
  },
  "pokemon.munkidori.cry": {
    "sounds": [
      "cobblemon:pokemon/munkidori/munkidori_cry"
    ]
  },
  "pokemon.fezandipiti.cry": {
    "sounds": [
      "cobblemon:pokemon/fezandipiti/fezandipiti_cry"
    ]
  },
  "pokemon.buzzwole.cry": {
    "sounds": [
      "cobblemon:pokemon/buzzwole/buzzwole_cry"
    ]
  },
  "pokemon.brutebonnet.cry": {
    "sounds": [
      "cobblemon:pokemon/brutebonnet/brutebonnet_cry"
    ]
  },
  "pokemon.bramblin.cry": {
    "sounds": [
      "cobblemon:pokemon/bramblin/bramblin_cry"
    ]
  },
  "pokemon.brambleghast.cry": {
    "sounds": [
      "cobblemon:pokemon/brambleghast/brambleghast_cry"
    ]
  },
  "pokemon.bombirdier.cry": {
    "sounds": [
      "cobblemon:pokemon/bombirdier/bombirdier_cry"
    ]
  },
  "pokemon.blacephalon.cry": {
    "sounds": [
      "cobblemon:pokemon/blacephalon/blacephalon_cry"
    ]
  },
  "pokemon.stakataka.cry": {
    "sounds": [
      "cobblemon:pokemon/stakataka/stakataka_cry"
    ]
  },
  "pokemon.bellibolt.cry": {
    "sounds": [
      "cobblemon:pokemon/bellibolt/bellibolt_cry"
    ]
  },
  "pokemon.snover.cry": {
    "sounds": [
      "cobblemon:pokemon/snover/snover_cry"
    ]
  },
  "pokemon.abomasnow.cry": {
    "sounds": [
      "cobblemon:pokemon/abomasnow/abomasnow_cry"
    ]
  },
  "pokemon.pawmi.cry": {
    "sounds": [
      "cobblemon:pokemon/pawmi/pawmi_cry"
    ]
  },
  "pokemon.pawmo.cry": {
    "sounds": [
      "cobblemon:pokemon/pawmo/pawmo_cry"
    ]
  },
  "pokemon.pawmot.cry": {
    "sounds": [
      "cobblemon:pokemon/pawmot/pawmot_cry"
    ]
  },
  "pokemon.blitzle.cry": {
    "sounds": [
      "cobblemon:pokemon/blitzle/blitzle_cry"
    ]
  },
  "pokemon.zebstrika.cry": {
    "sounds": [
      "cobblemon:pokemon/zebstrika/zebstrika_cry"
    ]
  },
  "pokemon.arboliva.cry": {
    "sounds": [
      "cobblemon:pokemon/arboliva/arboliva_cry"
    ]
  },
  "pokemon.archaludon.cry": {
    "sounds": [
      "cobblemon:pokemon/archaludon/archaludon_cry"
    ]
  },
  "pokemon.applin.cry": {
    "sounds": [
      "cobblemon:pokemon/applin/applin_cry"
    ]
  },
  "pokemon.appletun.cry": {
    "sounds": [
      "cobblemon:pokemon/appletun/appletun_cry"
    ]
  },
  "pokemon.articuno.cry": {
    "sounds": [
      "cobblemon:pokemon/articuno/articuno_cry"
    ]
  },
  "pokemon.zapdos.cry": {
    "sounds": [
      "cobblemon:pokemon/zapdos/zapdos_cry"
    ]
  },
  "pokemon.moltres.cry": {
    "sounds": [
      "cobblemon:pokemon/moltres/moltres_cry"
    ]
  },
  "pokemon.ironvaliant.cry": {
    "sounds": [
      "cobblemon:pokemon/ironvaliant/ironvaliant_cry"
    ]
  },
  "pokemon.ironthorns.cry": {
    "sounds": [
      "cobblemon:pokemon/ironthorns/ironthorns_cry"
    ]
  },
  "pokemon.ironmoth.cry": {
    "sounds": [
      "cobblemon:pokemon/ironmoth/ironmoth_cry"
    ]
  },
  "pokemon.houndstone.cry": {
    "sounds": [
      "cobblemon:pokemon/houndstone/houndstone_cry"
    ]
  },
  "pokemon.greavard.cry": {
    "sounds": [
      "cobblemon:pokemon/greavard/greavard_cry"
    ]
  },
  "pokemon.croagunk.cry": {
    "sounds": [
      "cobblemon:pokemon/croagunk/croagunk_cry"
    ]
  },
  "pokemon.toxicroak.cry": {
    "sounds": [
      "cobblemon:pokemon/toxicroak/toxicroak_cry"
    ]
  },
  "pokemon.electrike.cry": {
    "sounds": [
      "cobblemon:pokemon/electrike/electrike_cry"
    ]
  },
  "pokemon.manectric.cry": {
    "sounds": [
      "cobblemon:pokemon/manectric/manectric_cry"
    ]
  },
  "pokemon.bronzor.cry": {
    "sounds": [
      "cobblemon:pokemon/bronzor/bronzor_cry"
    ]
  },
  "pokemon.bronzong.cry": {
    "sounds": [
      "cobblemon:pokemon/bronzong/bronzong_cry"
    ]
  },
  "pokemon.rabsca.cry": {
    "sounds": [
      "cobblemon:pokemon/rabsca/rabsca_cry"
    ]
  },
  "pokemon.rellor.cry": {
    "sounds": [
      "cobblemon:pokemon/rellor/rellor_cry"
    ]
  },
  "pokemon.skitty.cry": {
    "sounds": [
      "cobblemon:pokemon/skitty/skitty_cry"
    ]
  },
  "pokemon.delcatty.cry": {
    "sounds": [
      "cobblemon:pokemon/delcatty/delcatty_cry"
    ]
  },
  "pokemon.glameow.cry": {
    "sounds": [
      "cobblemon:pokemon/glameow/glameow_cry"
    ]
  },
  "pokemon.purugly.cry": {
    "sounds": [
      "cobblemon:pokemon/purugly/purugly_cry"
    ]
  },
  "pokemon.espurr.cry": {
    "sounds": [
      "cobblemon:pokemon/espurr/espurr_cry"
    ]
  },
  "pokemon.meowstic.cry": {
    "sounds": [
      "cobblemon:pokemon/meowstic/meowstic_cry"
    ]
  },
  "pokemon.zeraora.cry": {
    "sounds": [
      "cobblemon:pokemon/zeraora/zeraora_cry"
    ]
  },
  "pokemon.stunky.cry": {
    "sounds": [
      "cobblemon:pokemon/stunky/stunky_cry"
    ]
  },
  "pokemon.skuntank.cry": {
    "sounds": [
      "cobblemon:pokemon/skuntank/skuntank_cry"
    ]
  },
  "pokemon.litleo.cry": {
    "sounds": [
      "cobblemon:pokemon/litleo/litleo_cry"
    ]
  },
  "pokemon.pyroar.cry": {
    "sounds": [
      "cobblemon:pokemon/pyroar/pyroar_cry"
    ]
  },
  "pokemon.spoink.cry": {
    "sounds": [
      "cobblemon:pokemon/spoink/spoink_cry"
    ]
  },
  "pokemon.grumpig.cry": {
    "sounds": [
      "cobblemon:pokemon/grumpig/grumpig_cry"
    ]
  },
  "pokemon.diancie.cry": {
    "sounds": [
      "cobblemon:pokemon/diancie/diancie_cry"
    ]
  },
  "pokemon.carbink.cry": {
    "sounds": [
      "cobblemon:pokemon/carbink/carbink_cry"
    ]
  },
  "pokemon.carkol.cry": {
    "sounds": [
      "cobblemon:pokemon/carkol/carkol_cry"
    ]
  },
  "pokemon.mothim.cry": {
    "sounds": [
      "cobblemon:pokemon/mothim/mothim_cry"
    ]
  },
  "pokemon.vikavolt.cry": {
    "sounds": [
      "cobblemon:pokemon/vikavolt/vikavolt_cry"
    ]
  },
  "pokemon.dedenne.cry": {
    "sounds": [
      "cobblemon:pokemon/dedenne/dedenne_cry"
    ]
  },
  "pokemon.yungoos.cry": {
    "sounds": [
      "cobblemon:pokemon/yungoos/yungoos_cry"
    ]
  },
  "pokemon.gumshoos.cry": {
    "sounds": [
      "cobblemon:pokemon/gumshoos/gumshoos_cry"
    ]
  },
  "pokemon.togekiss.cry": {
    "sounds": [
      "cobblemon:pokemon/togekiss/togekiss_cry"
    ]
  },
  "pokemon.kingambit.cry": {
    "sounds": [
      "cobblemon:pokemon/kingambit/kingambit_cry"
    ]
  },
  "pokemon.bisharp.cry": {
    "sounds": [
      {
        "name": "cobblemon:pokemon/bisharp/bisharp_cry",
        "volume": 0.8
      }
    ]
  },
  "pokemon.cascoon.cry": {
    "sounds": [
      {
        "name": "cobblemon:pokemon/cascoon/cascoon_cry",
        "volume": 0.8
      }
    ]
  },
  "pokemon.dustox.cry": {
    "sounds": [
      {
        "name": "cobblemon:pokemon/dustox/dustox_cry",
        "volume": 0.8
      }
    ]
  },
  "pokemon.beautifly.cry": {
    "sounds": [
      {
        "name": "cobblemon:pokemon/beautifly/beautifly_cry",
        "volume": 0.8
      }
    ]
  },
  "pokemon.pawniard.cry": {
    "sounds": [
      {
        "name": "cobblemon:pokemon/pawniard/pawniard_cry",
        "volume": 0.8
      }
    ]
  },
  "pokemon.roaringmoon.cry": {
    "sounds": [
      {
        "name": "cobblemon:pokemon/roaringmoon/roaringmoon_cry",
        "volume": 0.8
      }
    ]
  },
  "pokemon.cosmog.cry": {
    "sounds": [
      {
        "name": "cobblemon:pokemon/cosmog/cosmog_cry",
        "volume": 0.8
      }
    ]
  },
  "pokemon.cosmoem.cry": {
    "sounds": [
      {
        "name": "cobblemon:pokemon/cosmoem/cosmoem_cry",
        "volume": 0.8
      }
    ]
  },
  "pokemon.arceus.cry": {
    "sounds": [
      {
        "name": "cobblemon:pokemon/arceus/arceus_cry",
        "volume": 0.8
      }
    ]
  },
  "pokemon.dialga.cry": {
    "sounds": [
      {
        "name": "cobblemon:pokemon/dialga/dialga_cry",
        "volume": 0.8
      }
    ]
  },
  "pokemon.dialgaorigin.cry": {
    "sounds": [
      {
        "name": "cobblemon:pokemon/dialga/dialga_cry",
        "volume": 0.8
      }
    ]
  },
  "pokemon.eternatus.cry": {
    "sounds": [
      {
        "name": "cobblemon:pokemon/eternatus/eternatus_cry",
        "volume": 0.8
      }
    ]
  },
  "pokemon.groudon.cry": {
    "sounds": [
      {
        "name": "cobblemon:pokemon/groudon/groudon_cry",
        "volume": 0.8
      }
    ]
  },
  "pokemon.groudonprimal.cry": {
    "sounds": [
      {
        "name": "cobblemon:pokemon/groudon/groudon_cry",
        "volume": 0.8
      }
    ]
  },
  "pokemon.hoopa.cry": {
    "sounds": [
      {
        "name": "cobblemon:pokemon/hoopa/hoopa_cry",
        "volume": 0.8
      }
    ]
  },
  "pokemon.hoopaunbound.cry": {
    "sounds": [
      {
        "name": "cobblemon:pokemon/hoopaunbound/hoopaunbound_cry",
        "volume": 0.8
      }
    ]
  },
  "pokemon.keldeo.cry": {
    "sounds": [
      {
        "name": "cobblemon:pokemon/keldeo_cry",
        "volume": 0.8
      }
    ]
  },
  "pokemon.kubfu.cry": {
    "sounds": [
      {
        "name": "cobblemon:pokemon/kubfu_cry",
        "volume": 0.8
      }
    ]
  },
  "pokemon.kyogre.cry": {
    "sounds": [
      {
        "name": "cobblemon:pokemon/kyogre_cry",
        "volume": 0.8
      }
    ]
  },
  "pokemon.kyogreprimal.cry": {
    "sounds": [
      {
        "name": "cobblemon:pokemon/kyogreprimal_cry",
        "volume": 0.8
      }
    ]
  },
  "pokemon.kyurem.cry": {
    "sounds": [
      {
        "name": "cobblemon:pokemon/kyurem_cry",
        "volume": 0.8
      }
    ]
  },
  "pokemon.kyuremblack.cry": {
    "sounds": [
      {
        "name": "cobblemon:pokemon/kyuremblack_cry",
        "volume": 0.8
      }
    ]
  },
  "pokemon.kyuremwhite.cry": {
    "sounds": [
      {
        "name": "cobblemon:pokemon/kyuremwhite_cry",
        "volume": 0.8
      }
    ]
  },
  "pokemon.landorus.cry": {
    "sounds": [
      {
        "name": "cobblemon:pokemon/landorus_cry",
        "volume": 0.8
      }
    ]
  },
  "pokemon.landorustherian.cry": {
    "sounds": [
      {
        "name": "cobblemon:pokemon/landorus_cry",
        "volume": 0.8
      }
    ]
  },
  "pokemon.latias.cry": {
    "sounds": [
      {
        "name": "cobblemon:pokemon/latias_cry",
        "volume": 0.8
      }
    ]
  },
  "pokemon.latios.cry": {
    "sounds": [
      {
        "name": "cobblemon:pokemon/latios_cry",
        "volume": 0.8
      }
    ]
  },
  "pokemon.rayquaza.cry": {
    "sounds": [
      {
        "name": "cobblemon:pokemon/rayquaza_cry",
        "volume": 0.8
      }
    ]
  },
  "pokemon.rayquazamega.cry": {
    "sounds": [
      {
        "name": "cobblemon:pokemon/rayquazamega_cry",
        "volume": 0.8
      }
    ]
  },
  "pokemon.palkia.cry": {
    "sounds": [
      {
        "name": "cobblemon:pokemon/palkia/palkia_cry",
        "volume": 0.8
      }
    ]
  },
  "pokemon.palkiaorigin.cry": {
    "sounds": [
      {
        "name": "cobblemon:pokemon/palkia/palkia_cry",
        "volume": 0.8
      }
    ]
  },
  "pokemon.reshiram.cry": {
    "sounds": [
      {
        "name": "cobblemon:pokemon/reshiram_cry",
        "volume": 0.8
      }
    ]
  },
  "pokemon.silvally.cry": {
    "sounds": [
      {
        "name": "cobblemon:pokemon/silvally/silvally_cry",
        "volume": 0.8
      }
    ]
  },
  "pokemon.thundurus.cry": {
    "sounds": [
      {
        "name": "cobblemon:pokemon/thundurus_cry",
        "volume": 0.8
      }
    ]
  },
  "pokemon.tornadus.cry": {
    "sounds": [
      {
        "name": "cobblemon:pokemon/tornadus_cry",
        "volume": 0.8
      }
    ]
  },
  "pokemon.thundurustherian.cry": {
    "sounds": [
      {
        "name": "cobblemon:pokemon/thundurus_cry",
        "volume": 0.8
      }
    ]
  },
  "pokemon.tornadustherian.cry": {
    "sounds": [
      {
        "name": "cobblemon:pokemon/tornadus_cry",
        "volume": 0.8
      }
    ]
  },
  "pokemon.typenull.cry": {
    "sounds": [
      {
        "name": "cobblemon:pokemon/typenull_cry",
        "volume": 0.8
      }
    ]
  },
  "pokemon.urshifu_single.cry": {
    "sounds": [
      {
        "name": "cobblemon:pokemon/urshifu/urshifu_single_cry",
        "volume": 0.8
      }
    ]
  },
  "pokemon.urshifu_rapid.cry": {
    "sounds": [
      {
        "name": "cobblemon:pokemon/urshifu/urshifu_rapid_cry",
        "volume": 0.8
      }
    ]
  },
  "pokemon.zacian.cry": {
    "sounds": [
      {
        "name": "cobblemon:pokemon/zacian_cry",
        "volume": 0.8
      }
    ]
  },
  "pokemon.zaciancrowned.cry": {
    "sounds": [
      {
        "name": "cobblemon:pokemon/zaciancrowned_cry",
        "volume": 0.8
      }
    ]
  },
  "pokemon.zamazenta.cry": {
    "sounds": [
      {
        "name": "cobblemon:pokemon/zamazenta_cry",
        "volume": 0.8
      }
    ]
  },
  "pokemon.zamazentacrowned.cry": {
    "sounds": [
      {
        "name": "cobblemon:pokemon/zamazentacrowned_cry",
        "volume": 0.8
      }
    ]
  },
  "pokemon.zekrom.cry": {
    "sounds": [
      {
        "name": "cobblemon:pokemon/zekrom_cry",
        "volume": 0.8
      }
    ]
  },
  "pokemon.deoxys.cry": {
    "sounds": [
      {
        "name": "cobblemon:pokemon/deoxys/deoxys_cry",
        "volume": 0.8
      }
    ]
  },
  "pokemon.deoxysattack.cry": {
    "sounds": [
      {
        "name": "cobblemon:pokemon/deoxysattack/deoxys_cry",
        "volume": 0.8
      }
    ]
  },
  "pokemon.deoxysdefense.cry": {
    "sounds": [
      {
        "name": "cobblemon:pokemon/deoxysdefense/deoxys_cry",
        "volume": 0.8
      }
    ]
  },
  "pokemon.deoxysspeed.cry": {
    "sounds": [
      {
        "name": "cobblemon:pokemon/deoxysspeed/deoxys_cry",
        "volume": 0.8
      }
    ]
  },
  "pokemon.ironbundle.cry": {
    "sounds": [
      "cobblemon:pokemon/ironbundle/ironbundle"
    ]
  },
  "pokemon.slitherwing.cry": {
    "sounds": [
      "cobblemon:pokemon/slitherwing/slitherwing"
    ]
  },
  "pokemon.axew.cry": {
    "sounds": [
      "cobblemon:pokemon/axew/axew_cry"
    ]
  },
  "pokemon.fraxure.cry": {
    "sounds": [
      "cobblemon:pokemon/fraxure/fraxure_cry"
    ]
  },
  "pokemon.haxorus.cry": {
    "sounds": [
      "cobblemon:pokemon/haxorus/haxorus_cry"
    ]
  },
  "pokemon.noibat.cry": {
    "sounds": [
      "cobblemon:pokemon/noibat/noibat"
    ]
  },
  "pokemon.noivern.cry": {
    "sounds": [
      "cobblemon:pokemon/noivern/noivern"
    ]
  },
  "pokemon.irontreads.cry": {
    "sounds": [
      "cobblemon:pokemon/irontreads/irontreads"
    ]
  },
  "pokemon.rockruff.cry": {
    "sounds": [
      "cobblemon:pokemon/rockruff/rockruff_cry"
    ]
  },
  "pokemon.lycanroc_midday.cry": {
    "sounds": [
      {
        "name": "cobblemon:pokemon/lycanroc_midday/lycanroc_midday_cry",
        "volume": 1
      }
    ]
  },
  "pokemon.lycanroc_dusk.cry": {
    "sounds": [
      {
        "name": "cobblemon:pokemon/lycanroc_dusk/lycanroc_dusk_cry",
        "volume": 1
      }
    ]
  },
  "pokemon.lycanroc_midnight.cry": {
    "sounds": [
      {
        "name": "cobblemon:pokemon/lycanroc_midnight/lycanroc_midnight_cry",
        "volume": 1
      }
    ]
  },
  "pokemon.bergmite.ambient": {
    "sounds": [
      "cobblemon:pokemon/bergmite/bergmite_ambient"
    ]
  },
  "pokemon.avalugg.ambient": {
    "sounds": [
      "cobblemon:pokemon/avalugg/avalugg_ambient"
    ]
  },
  "pokemon.ironhands.cry": {
    "sounds": [
      "cobblemon:pokemon/ironhands/ironhands_cry"
    ]
  },
  "pokemon.growlithe_hisuian.cry": {
    "sounds": [
      "cobblemon:pokemon/growlithe/growlithe_hisuian_cry"
    ]
  },
  "pokemon.arcanine_hisuian.cry": {
    "sounds": [
      "cobblemon:pokemon/arcanine/arcanine_hisuian_cry"
    ]
  },
  "pokemon.seviper.cry": {
    "sounds": [
      "cobblemon:pokemon/seviper/seviper_cry"
    ]
  },
  "pokemon.houndour.cry": {
    "sounds": [
      "cobblemon:pokemon/houndour/houndour_cry"
    ]
  },
  "pokemon.houndoom.cry": {
    "sounds": [
      "cobblemon:pokemon/houndoom/houndoom_cry"
    ]
  },
  "pokemon.minior.cry": {
    "sounds": [
      "cobblemon:pokemon/minior/cry"
    ]
  },
  "stunfisk": {
    "sounds": [
      "cobblemon:pokemon/stunfisk/stunfisk"
    ]
  },
  "victini": {
    "sounds": [
      "cobblemon:pokemon/victini/victini"
    ]
  },
  "pansage": {
    "sounds": [
      "cobblemon:pokemon/pansage/pansage"
    ]
  },
  "simisage": {
    "sounds": [
      "cobblemon:pokemon/simisage/simisage"
    ]
  },
  "pansear": {
    "sounds": [
      "cobblemon:pokemon/pansear/pansear"
    ]
  },
  "simisear": {
    "sounds": [
      "cobblemon:pokemon/simisear/simisear"
    ]
  },
  "panpour": {
    "sounds": [
      "cobblemon:pokemon/panpour/panpour"
    ]
  },
  "simipour": {
    "sounds": [
      "cobblemon:pokemon/simipour/simipour"
    ]
  },
  "pokemon.mienfoo.cry": {
    "sounds": [
      "cobblemon:pokemon/mienfoo/mienfoo_cry"
    ]
  },
  "pokemon.mienshao.cry": {
    "sounds": [
      "cobblemon:pokemon/mienshao/mienshao_cry"
    ]
  },
  "pokemon.gulpin.cry": {
    "sounds": [
      "cobblemon:pokemon/gulpin/gulpin_cry"
    ]
  },
  "pokemon.swalot.cry": {
    "sounds": [
      "cobblemon:pokemon/swalot/swalot_cry"
    ]
  },
  "pokemon.toxtricity.cry": {
    "sounds": [
      "cobblemon:pokemon/toxtricity/toxtricity_cry"
    ]
  },
  "pokemon.toxel.cry": {
    "sounds": [
      "cobblemon:pokemon/toxel/toxel_cry"
    ]
  },
  "pokemon.grimmsnarl.cry": {
    "sounds": [
      "cobblemon:pokemon/grimmsnarl/grimmsnarl_cry"
    ]
  },
  "pokemon.mr_mime_galarian.cry": {
    "sounds": [
      {
        "name": "cobblemon:pokemon/mr_mime_galarian/mr_mime_cry",
        "volume": 0.8
      }
    ]
  },
  "pokemon.giratina.cry": {
    "sounds": [
      {
        "name": "cobblemon:pokemon/giratina/giratina_cry",
        "volume": 0.8
      }
    ]
  },
  "pokemon.giratina_origin.cry": {
    "sounds": [
      {
        "name": "cobblemon:pokemon/giratina/giratina_cry",
        "volume": 0.8
      }
    ]
  },
  "pokemon.azurill.cry": {
    "sounds": [
      "cobblemon:pokemon/azurill/azurill_cry"
    ]
  },
  "pokemon.marill.cry": {
    "sounds": [
      "cobblemon:pokemon/marill/marill_cry"
    ]
  },
  "pokemon.azumarill.cry": {
    "sounds": [
      "cobblemon:pokemon/azumarill/azumarill_cry"
    ]
  }
}