{
  "head": "head",
  "portraitScale": 0.7,
  "portraitTranslation": [-0.8, 1.3, 0],
  "profileScale": 0.3,
  "profileTranslation": [0, 1.2, 0],
  "faint": "bedrock(houndstone, faint)",
  "poses": {
    "standing": {
      "poseName": "standing",
      "transformTicks": 10,
      "poseTypes": ["STAND", "NONE", "PORTRAIT", "PROFILE"],
      "animations": ["look", "bedrock(houndstone, ground_idle)"]
  },
    "walking": {
      "poseName": "walking",
      "transformTicks": 10,
      "poseTypes": ["WALK"],
      "animations": ["bedrock(houndstone, ground_walk)"]
    },
  "sleeping": {
      "poseName": "sleeping",
      "transformTicks": 10,
      "poseTypes": ["SLEEP"],
      "animations": [
        "bedrock(houndstone, sleep)"
      ]
     },
    "floating": {
      "poseName": "floating",
      "transformTicks": 10,
      "poseTypes": ["FLOAT"],
      "animations": ["bedrock(houndstone, ground_idle)"]
    },
    "swimming": {
      "poseName": "swimming",
      "transformTicks": 10,
      "poseTypes": ["SWIM"],
      "animations": ["bedrock(houndstone, ground_walk)"]
    }
  }
}