{
  "head": "head",
	"portraitScale": 2.3,
    "portraitTranslation": [ -1.0, 1.6, 0 ],
    "profileScale": 0.6,
    "profileTranslation": [ 0, 0.8, 0 ],
  "animations": {
    "cry": "q.bedrock_stateful('lycanroc_midnight', 'cry')",
    "recoil": "q.bedrock_stateful('lycanroc_midnight', 'recoil')",
    "status": "q.bedrock_stateful('lycanroc_midnight', 'cry', q.curve('symmetrical_wide'))"
  },
  "poses": {
    "battle-standing": {
      "poseTypes": ["STAND", "WALK"],
      "isBattle": true,
      "animations": [
        "q.bedrock('lycanroc_midnight', 'battle_idle')"
      ],
      "quirks": [
        "q.bedrock_quirk('lycanroc_midnight', 'blink')"
      ]
    },
    "standing": {
      "poseTypes": ["STAND", "NONE", "PORTRAIT", "PROFILE"],
      "isBattle": false,
      "animations": [
        "q.bedrock('lycanroc_midnight', 'ground_idle')"
      ],
      "quirks": [
        "q.bedrock_quirk('lycanroc_midnight', 'blink')"
      ]
    },
    "walking": {
      "poseTypes": ["WALK"],
      "animations": [
        "q.bedrock('lycanroc_midnight', 'ground_walk')"
      ]
    },
    "float": {
      "poseTypes": ["FLOAT"],
      "animations": [
        "q.bedrock('lycanroc_midnight', 'ground_walk')"
      ]
    },
    "swim": {
      "poseTypes": ["SWIM"],
      "animations": [
        "q.bedrock('lycanroc_midnight', 'ground_walk')"
      ]
    },
    "sleep": {
      "poseTypes": ["SLEEP"],
      "animations": ["q.bedrock('lycanroc_midnight', 'sleep')"]
    }
  }
}