{
  "blood_moon": {
    "sounds": [
      {
        "name": "academy:blood_moon",
        "volume": 1.0,
        "pitch": 1.0,
        "stream": true,
        "preload": true
      }
    ]
  },
  "blue_moon": {
    "sounds": [
      {
        "name": "academy:blue_moon",
        "volume": 1.0,
        "pitch": 1.0,
        "stream": true,
        "preload": true
      }
    ]
  },
  "harvest_moon": {
    "sounds": [
      {
        "name": "academy:harvest_moon",
        "volume": 1.0,
        "pitch": 1.0,
        "stream": true,
        "preload": true
      }
    ]
  },
  "aurora_moon": {
    "sounds": [
      {
        "name": "academy:aurora_moon",
        "volume": 1.0,
        "pitch": 1.0,
        "stream": true,
        "preload": true
      }
    ]
  },
  "foggy_morning": {
    "sounds": [
      {
        "name": "academy:foggy_morning",
        "volume": 1.0,
        "pitch": 1.0,
        "stream": true,
        "preload": true
      }
    ]
  }
}