{
  "parent": "minecraft:item/generated",
  "textures": {
    "layer0": "rad-gyms:item/gym_key"
  },
  "display": {
    "firstperson_righthand": {
      "rotation": [
        -30,
        90,
        0
      ],
      "translation": [
        3,
        2,
        -4
      ],
      "scale": [
        0.6,
        0.6,
        0.6
      ]
    },
    "firstperson_lefthand": {
      "rotation": [
        -30,
        -90,
        0
      ],
      "translation": [
        3,
        2,
        -4
      ],
      "scale": [
        0.6,
        0.6,
        0.6
      ]
    },
    "thirdperson_righthand": {
      "rotation": [
        -30,
        90,
        0
      ],
      "translation": [
        0,
        0.4,
        -3
      ],
      "scale": [
        0.4,
        0.4,
        0.4
      ]
    },
    "thirdperson_lefthand": {
      "rotation": [
        -30,
        -90,
        0
      ],
      "translation": [
        0,
        0.4,
        -3
      ],
      "scale": [
        0.4,
        0.4,
        0.4
      ]
    }
  }
}