{
   "portraitScale": 1.9,
   "portraitTranslation": [-0.75, 1.4, 0],
    "profileScale": 0.45,
    "profileTranslation": [0, 1.2, 0],
    "rootBone": "coalossal",    
    "animations": {
      "cry": "q.bedrock_stateful('coalossal', 'cry')",
      "physical": "q.bedrock_primary('coalossal', 'physical', q.curve('symmetrical_wide'))",
      "special": "q.bedrock_primary('coalossal', 'special', q.curve('symmetrical_wide'))",
      "status": "q.bedrock_primary('coalossal', 'status', q.curve('symmetrical_wide'))",
      "recoil": "q.bedrock_stateful('coalossal', 'recoil')"
  },
  "poses": {
    "battle-standing": {
      "poseTypes": [
        "STAND"
      ],
      "isBattle": true,
      "animations": [
	  "q.look('head')",
        "q.bedrock('coalossal', 'ground_idle')"
      ],
	  "namedAnimations": {
			"cry": "q.bedrock_primary('coalossal', 'battle_cry', q.curve('symmetrical_wide'))"
          },
      "quirks": [
        "q.bedrock_quirk('coalossal', 'blink')"
      ]
    },"standing": {
      "poseTypes": [
        "STAND",
        "NONE",
        "PORTRAIT",
        "PROFILE"
      ],
      "isBattle": false,
      "animations": [
	  "q.look('head')",
        "q.bedrock('coalossal', 'ground_idle')"
      ],
      "quirks": [
        "q.bedrock_quirk('coalossal', 'blink')"
      ]
    },
    "walking": {
      "poseTypes": [
        "WALK","SWIM"
      ],
      "animations": [
        "q.bedrock('coalossal', 'ground_walk')"
      ],
      "quirks": [
        "q.bedrock_quirk('coalossal', 'blink')"
       ]
      },
      "sleeping": {
        "poseName": "sleeping",
        "transformTicks": 10,
        "poseTypes": ["SLEEP"],
        "animations": [
          "q.bedrock('coalossal', 'sleep')"
        ]
      }
    }
  }