{
  "portraitScale": 1.74,
  "portraitTranslation": [ -0.51, 1.2, 0],
  "profileScale": 0.52,
  "profileTranslation": [ 0, 0.92, 0],
  "rootBone": "grapploct",
      "animations": {
        "physical": "q.bedrock_primary('grapploct', 'physical')",
        "special": "q.bedrock_primary('grapploct', 'special')",
        "status": "q.bedrock_primary('grapploct', 'status')",
        "recoil": "q.bedrock_stateful('grapploct', 'recoil')"
      },
      "poses": {
        "standing": {
          "poseName": "standing",
          "transformTicks": 10,
          "poseTypes": ["STAND", "NONE", "PORTRAIT", "PROFILE"],
          "isBattle": false,
          "animations": [
            "q.look('head')",
            "q.bedrock('grapploct', 'ground_idle')"
         ]
        },
        "battle": {
          "poseName": "battle_idle",
          "transformTicks": 10,
          "poseTypes": ["STAND"],
          "isBattle": true,
          "animations": [
            "q.look('head')",
            "q.bedrock('grapploct', 'ground_idle')"
          ]
        },
     "float": {
         "poseTypes": ["FLOAT"],
         "animations": [
           "q.look('head')",
           "q.bedrock('grapploct', 'ground_idle')"
         ],
         "quirks": ["q.bedrock_quirk('grapploct', 'blink')"]
       },
       "swim": {
         "poseTypes": ["SWIM"],
         "animations": [
           "q.look('head')",
           "q.bedrock('grapploct', 'ground_walk')"
          ],
          "quirks": [
            "q.bedrock_quirk('grapploct', 'blink')"
         ]
        },
        "walking": {
          "poseName": "walking",
          "transformTicks": 10,
          "poseTypes": ["WALK"],
          "animations": [
            "q.bedrock('grapploct', 'ground_walk')"
          ],
        "quirks": [
          "q.bedrock_quirk('grapploct', 'blink')"
         ]
        },
        "sleeping": {
          "poseName": "sleeping",
          "transformTicks": 10,
          "poseTypes": ["SLEEP"],
          "animations": [
            "q.bedrock('grapploct', 'ground_idle')"
          ]
        }
      }
    }