{
    "portraitScale": 1.5,
    "portraitTranslation": [ -0.2, 0.6, -2 ],
    "profileScale": 0.6,
    "profileTranslation": [ 0, 0.9, 0 ],   
    "animations": {
      "faint": "q.bedrock_primary('heliolisk', 'faint', q.curve('one'))",
      "cry": "q.bedrock_stateful('heliolisk', 'cry')",
      "physical": "q.bedrock_primary('heliolisk', 'physical')",
      "special": "q.bedrock_primary('heliolisk', 'special')",
      "status": "q.bedrock_primary('heliolisk', 'status')",
      "recoil": "q.bedrock_stateful('heliolisk', 'recoil')"
    },
    "poses": {
      "standing": {
        "poseName": "standing",
        "transformTicks": 10,
        "poseTypes": ["STAND", "NONE", "PORTRAIT", "PROFILE"],
        "isBattle": false,
        "animations": [
          "q.look('head')",
          "q.bedrock('heliolisk', 'ground_idle')"
       ]
      },
      "battle": {
        "poseName": "battle_idle",
        "transformTicks": 10,
        "poseTypes": ["STAND"],
        "isBattle": true,
        "animations": [
          "q.look('head')",
          "q.bedrock('heliolisk', 'ground_idle')"
        ],
        "quirks": [
          "q.bedrock_quirk('heliolisk', 'blink')"
       ]
      },
      "walking": {
        "poseName": "walking",
        "transformTicks": 10,
        "poseTypes": ["WALK"],
        "animations": [
          "q.bedrock('heliolisk', 'ground_walk')"
       ]
      },
      "sleeping": {
        "poseName": "sleeping",
        "transformTicks": 10,
        "poseTypes": ["SLEEP"],
        "animations": [
          "q.bedrock('heliolisk', 'ground_idle')"
        ]
      }
    }
  }