{
    "portraitScale": 1.77,
    "portraitTranslation": [ -0.1, 0.0, 0 ],
    "profileScale": 0.75,
    "profileTranslation": [ 0, 0.5, 0 ],
    "animations": {
    "cry": "q.bedrock_stateful('impidimp', 'cry')",
	  "recoil": "q.bedrock_stateful('impidimp', 'recoil')",
	  "status": "q.bedrock_primary('impidimp', 'status', q.curve('symmetrical_wide'))",
	  "physical": "q.bedrock_primary('impidimp', 'special', q.curve('symmetrical_wide'))",
	  "special": "q.bedrock_primary('impidimp', 'special', q.curve('symmetrical_wide'))"
  },
  "poses": {
    "battle-standing": {
      "poseTypes": [
        "STAND"
      ],
      "isBattle": true,
      "animations": [
	  "q.look('head')",
        "q.bedrock('impidimp', 'battle_idle')"
      ],
	  "namedAnimations": {
			"cry": "q.bedrock_primary('impidimp', 'battle_cry', q.curve('symmetrical_wide'))"
          },
      "quirks": [
        "q.bedrock_quirk('impidimp', 'blink')",
        "q.bedrock_quirk('impidimp', 'blink')"
      ]
    },"standing": {
      "poseTypes": [
        "STAND",
        "NONE",
        "PORTRAIT",
        "PROFILE"
      ],
      "isBattle": false,
      "animations": [
	  "q.look('head')",
        "q.bedrock('impidimp', 'ground_idle')"
      ],
      "quirks": [
        "q.bedrock_quirk('impidimp', 'blink')",
        "q.bedrock_quirk('impidimp', 'blink')"
      ]
    },
    "walking": {
      "poseTypes": [
        "WALK","SWIM"
      ],
      "animations": [
        "q.bedrock('impidimp', 'ground_walk')"
      ],
      "quirks": [
        "q.bedrock_quirk('impidimp', 'blink')",
        "q.bedrock_quirk('impidimp', 'blink')"
      ]
    }
  }
}