{
  "portraitScale": 1.87,
  "portraitTranslation": [-0.08, 0.59, 0],
  "profileScale": 0.73,
  "profileTranslation": [0.0, 0.69, 0],
    "animations": {
      "faint": "q.bedrock_primary('mienfoo', 'faint')",
      "cry": "q.bedrock_stateful('mienfoo', 'cry')",
      "physical": "q.bedrock_primary('mienfoo', 'physical', q.curve('symmetrical_wide'))",
      "special": "q.bedrock_primary('mienfoo', 'special', q.curve('symmetrical_wide'))",
      "status": "q.bedrock_primary('mienfoo', 'status', q.curve('symmetrical_wide'))",
      "recoil": "q.bedrock_stateful('mienfoo', 'recoil')"
  },
  "poses": {
    "battle-standing": {
      "poseTypes": [
        "STAND"
      ],
      "isBattle": true,
      "animations": [
	  "q.look('head')",
        "q.bedrock('mienfoo', 'battle_idle')"
      ],
	  "namedAnimations": {
			"cry": "q.bedrock_primary('mienfoo', 'battle_cry', q.curve('symmetrical_wide'))"
          },
      "quirks": [
        "q.bedrock_quirk('mienfoo', 'blink')",
        "q.bedrock_quirk('mienfoo', 'quirk')"
      ]
    },"standing": {
      "poseTypes": [
        "STAND",
        "NONE",
        "PORTRAIT",
        "PROFILE"
      ],
      "isBattle": false,
      "animations": [
	  "q.look('head')",
        "q.bedrock('mienfoo', 'ground_idle')"
      ],
      "quirks": [
        "q.bedrock_quirk('mienfoo', 'blink')",
        "q.bedrock_quirk('mienfoo', 'quirk')"
      ]
    },
    "walking": {
      "poseTypes": [
        "WALK","SWIM"
      ],
      "animations": [
        "q.bedrock('mienfoo', 'ground_walk')"
      ],
      "quirks": [
        "q.bedrock_quirk('mienfoo', 'blink')",
        "q.bedrock_quirk('mienfoo', 'quirk')"
       ]
      },
      "sleeping": {
        "poseName": "sleeping",
        "transformTicks": 10,
        "poseTypes": ["SLEEP"],
        "animations": [
          "q.bedrock('mienfoo', 'sleep')"
        ]
      }
    }
  }