{
    "portraitScale": 2.1,
    "portraitTranslation": [ -0.2, 1.9, 0.0 ],
    "profileScale": 0.4,
    "profileTranslation": [ 0.0, 0.7, 0.0 ],
    "rootBone": "mrmime",
    "animations": {
      "cry": "q.bedrock_stateful('mr_mime_galarian', 'cry')",
      "physical": "q.bedrock_primary('mr_mime_galarian', 'physical')",
      "special": "q.bedrock_primary('mr_mime_galarian', 'special')",
      "status": "q.bedrock_primary('mr_mime_galarian', 'status')",
      "recoil": "q.bedrock_stateful('mr_mime_galarian', 'recoil')"
    },
    "poses": {
      "standing": {
        "poseName": "standing",
        "transformTicks": 10,
        "poseTypes": ["STAND", "NONE", "PORTRAIT", "PROFILE"],
        "isBattle": false,
        "animations": [
          "q.look('head')",
          "q.bedrock('mr_mime_galarian', 'ground_idle')"
        ]
      },
      "battle": {
        "poseName": "battle_idle",
        "transformTicks": 10,
        "poseTypes": ["STAND"],
        "isBattle": true,
        "animations": [
          "q.look('head')",
          "q.bedrock('mr_mime_galarian', 'battle_idle')"
        ],
        "quirks": [
          "q.bedrock_quirk('mr_mime_galarian', 'blink')"
       ]
      },
      "walking": {
        "poseName": "walking",
        "transformTicks": 10,
        "poseTypes": ["WALK"],
        "animations": [
          "q.bedrock('mr_mime_galarian', 'ground_walk')"
        ]
      },
      "sleeping": {
        "poseName": "sleeping",
        "transformTicks": 10,
        "poseTypes": ["SLEEP"],
        "animations": [
          "q.bedrock('mr_mime_galarian', 'ground_idle')"
        ]
      }
    }
  }