{
    "portraitScale": 1.67,
    "portraitTranslation": [-0.4, 0.9, 0.0],
    "profileScale": 0.42,
    "profileTranslation": [0.0, 0.9, 0.0],
   "animations": {
      "faint": "q.bedrock_primary('orbeetle', 'faint', q.curve('one'))",
      "cry": "q.bedrock_stateful('orbeetle', 'cry')",
      "physical": "q.bedrock_primary('orbeetle', 'physical')",
      "special": "q.bedrock_praimary('orbeetle', 'special')",
      "status": "q.bedrock_primary('orbeetle', 'status')",
      "recoil": "q.bedrock_stateful('orbeetle', 'recoil')"
    },
    "poses": {
      "standing": {
        "poseName": "standing",
        "transformTicks": 10,
        "poseTypes": ["STAND", "NONE", "PORTRAIT", "PROFILE"],
        "isBattle": false,
        "animations": [
          "q.look('head')",
          "q.bedrock('orbeetle', 'ground_idle')"
       ]
      },
      "battle": {
        "poseName": "battle_idle",
        "transformTicks": 10,
        "poseTypes": ["STAND"],
        "isBattle": false,
        "animations": [
          "q.look('head')",
          "q.bedrock('orbeetle', 'ground_idle')"
        ],
        "quirks": [
          "q.bedrock_quirk('orbeetle', 'blink')"
       ]
      },
      "walking": {
        "poseName": "walking",
        "transformTicks": 10,
        "poseTypes": ["WALK"],
        "animations": [
          "q.bedrock('orbeetle', 'ground_walk')"
       ]
      },
      "sleeping": {
        "poseName": "sleeping",
        "transformTicks": 10,
        "poseTypes": ["SLEEP"],
        "animations": [
          "q.bedrock('orbeetle', 'ground_idle')"
        ]
      }
    }
  }