{
	"format_version": "1.8.0",
	"animations": {
		"animation.coalossal.render": {
			"loop": true,
			"animation_length": 4,
			"bones": {
				"leg1": {
					"rotation": [0, 0, -7.5],
					"position": [0, -2, -4]
				},
				"legpart1": {
					"rotation": [0, 0, 0],
					"position": [0, 0, 2]
				},
				"torso": {
					"rotation": [0.07892, 10.00689, 0.33125],
					"position": [0, -2, 0]
				},
				"hand_parte1": {
					"rotation": [0, 27.5, 0],
					"position": [0, 0, 7]
				},
				"hand_mini1": {
					"rotation": [0, -22.5, 45],
					"position": [1, 5, -3]
				},
				"fist": {
					"rotation": [0, 50, 0],
					"position": [2, 0, 14]
				},
				"hand_parte2": {
					"rotation": [0, 15, 0],
					"position": [0, 0, 0]
				},
				"hand_mini2": {
					"rotation": [0, 10, -45],
					"position": [-1, 5, -2]
				},
				"fist3": {
					"rotation": [0, -42.5, 0],
					"position": [0, 0, 12]
				},
				"head": {
					"rotation": [-7.5, 17.5, 0]
				},
				"mounch1": {
					"rotation": [17.5, 0, 0]
				},
				"torso_mini": {
					"position": [0, 0, 1]
				},
				"leg2": {
					"rotation": [0, 32.5, 0],
					"position": [0, 0, -4]
				},
				"legpart2": {
					"rotation": [0, 0, 0],
					"position": [0, 0, 2]
				},
				"bone4": {
					"position": [0, -1, 0]
				},
				"nail_left": {
					"rotation": [0, 0, 25],
					"position": [0, -1, 0]
				},
				"nail_right": {
					"rotation": [0, 0, -25],
					"position": [0, -1, 0]
				},
				"legwalk1": {
					"rotation": [0, 0, 7.5],
					"position": [0, 2, 0]
				}
			}
		},
		"animation.coalossal.blink": {
			"animation_length": 0.1667,
			"bones": {
				"eye1": {
					"position": {
						"0.0": [-1, 0, 0],
						"0.1667": [0, 0, 0]
					}
				},
				"eye2": {
					"position": {
						"0.0": [1, 0, 0],
						"0.1667": [0, 0, 0]
					}
				}
			}
		},
		"animation.coalossal.recoil": {
			"animation_length": 0.875,
			"bones": {
				"leg1": {
					"rotation": {
						"0.0": [0, 0, 0],
						"0.0417": [0, -14, 0],
						"0.2083": [0, -20, 0],
						"0.875": [0, 0, 0]
					},
					"position": {
						"0.0": [0, 0, 0],
						"0.2083": [0, 0, -2],
						"0.875": [0, 0, 0]
					}
				},
				"torso": {
					"rotation": {
						"0.0": [0, 0, 0],
						"0.0417": {
							"pre": [-7.00891, -1.4945, 0.1315],
							"post": [-7.00891, -1.4945, 0.1315],
							"lerp_mode": "catmullrom"
						},
						"0.2083": {
							"post": [-10.04292, -7.4713, 0.6574],
							"lerp_mode": "catmullrom"
						},
						"0.875": {
							"post": [0, 0, 0],
							"lerp_mode": "catmullrom"
						}
					}
				},
				"hand_parte1": {
					"rotation": {
						"0.0": [0, 0, 0],
						"0.2083": [0, -5, 0],
						"0.875": [0, 0, 0]
					}
				},
				"head": {
					"rotation": {
						"0.0": [0, 0, 0],
						"0.2083": [0, -20, 0],
						"0.875": [0, 0, 0]
					},
					"position": {
						"0.0": [0, 0, 0],
						"0.2083": [0, 0, 0],
						"0.875": [0, 0, 0]
					}
				},
				"eye1": {
					"position": {
						"0.0": [0, 0, 0],
						"0.2083": [-1, 0, 0],
						"0.875": [0, 0, 0]
					}
				},
				"eye2": {
					"position": {
						"0.0": [0, 0, 0],
						"0.2083": [1, 0, 0],
						"0.875": [0, 0, 0]
					}
				}
			}
		},
		"animation.coalossal.ground_walk": {
			"loop": true,
			"animation_length": 2,
			"bones": {
				"leg1": {
					"rotation": {
						"0.0": [-20, 0, 0],
						"0.4167": {
							"pre": [-16.31323, -9.22186, -0.04485],
							"post": [-16.31323, -9.22186, -0.04485],
							"lerp_mode": "catmullrom"
						},
						"0.8333": {
							"post": [26.755, -22.87079, -0.11123],
							"lerp_mode": "catmullrom"
						},
						"1.0": [23.03192, -24.51596, -0.11923],
						"1.25": {
							"pre": [27.27394, -18.38697, -0.08942],
							"post": [27.27394, -18.38697, -0.08942],
							"lerp_mode": "catmullrom"
						},
						"1.5417": {
							"post": [2.77562, -10.8508, -0.05277],
							"lerp_mode": "catmullrom"
						},
						"1.7917": {
							"post": [-29.4311, -3.55516, -0.01729],
							"lerp_mode": "catmullrom"
						},
						"1.9167": {
							"post": [-29.99268, -0.79615, -0.00387],
							"lerp_mode": "catmullrom"
						},
						"2.0": [-20, 0, 0]
					},
					"position": {
						"0.0": [0, 1, -14],
						"0.4167": {
							"pre": [-0.38, 1.62, -9.61],
							"post": [-0.38, 1.62, -9.61],
							"lerp_mode": "catmullrom"
						},
						"0.6667": {
							"post": [-0.74, -0.12, -1.31],
							"lerp_mode": "catmullrom"
						},
						"0.8333": {
							"post": [-0.93, 0.34, 3.32],
							"lerp_mode": "catmullrom"
						},
						"1.0": [-1, 0, 3],
						"1.2083": {
							"pre": [-0.79, 1.21, -0.54],
							"post": [-0.79, 1.21, -0.54],
							"lerp_mode": "catmullrom"
						},
						"1.5": {
							"post": [-0.49, 0.2, -7.54],
							"lerp_mode": "catmullrom"
						},
						"1.6667": {
							"post": [-0.27, 1.73, -12.03],
							"lerp_mode": "catmullrom"
						},
						"1.7917": {
							"post": [-0.14, -0.35, -14.64],
							"lerp_mode": "catmullrom"
						},
						"1.9167": {
							"post": [-0.03, 0.86, -16.56],
							"lerp_mode": "catmullrom"
						},
						"2.0": [0, 1, -14]
					}
				},
				"legpart1": {
					"rotation": {
						"0.0": [20, 0, 0],
						"0.4167": [16.51, 0, 0],
						"0.8333": [-26.26, 0, 0],
						"1.0": {
							"pre": [-22.5, 0, 0],
							"post": [-22.5, 0, 0],
							"lerp_mode": "catmullrom"
						},
						"1.25": [-26.02, 0, 0],
						"1.5417": [0.57, 0, 0],
						"1.9167": [37.96, 0, 0],
						"2.0": [20, 0, 0]
					},
					"position": {
						"0.0": [0, 0, 3],
						"0.4167": [0, 0.38, 1.74],
						"0.8333": [0, 0.93, -4.33],
						"1.0": {
							"pre": [0, 1, -3],
							"post": [0, 1, -3],
							"lerp_mode": "catmullrom"
						},
						"1.25": [0, 0.79, -2.66],
						"1.5": [0, 1.53, -0.91],
						"1.9167": [0, 2.17, 4.62],
						"2.0": [0, 0, 3]
					}
				},
				"leg2": {
					"rotation": {
						"0.0": [23.03192, 24.51596, 0.11923],
						"0.25": {
							"pre": [23.80818, 20.68534, 0.1006],
							"post": [23.80818, 20.68534, 0.1006],
							"lerp_mode": "catmullrom"
						},
						"0.5417": {
							"post": [13.49631, 11.7762, 0.05727],
							"lerp_mode": "catmullrom"
						},
						"0.7917": {
							"post": [-16.14271, 3.06036, 0.01488],
							"lerp_mode": "catmullrom"
						},
						"0.9167": {
							"post": [-15.95708, 1.22414, 0.00595],
							"lerp_mode": "catmullrom"
						},
						"1.0": {
							"post": [-20, 0, 0],
							"lerp_mode": "catmullrom"
						},
						"1.4167": {
							"post": [0.42997, 10.21498, 0.04968],
							"lerp_mode": "catmullrom"
						},
						"1.8333": {
							"post": [28.10169, 21.63239, 0.1052],
							"lerp_mode": "catmullrom"
						},
						"2.0": [23.03192, 24.51596, 0.11923]
					},
					"position": {
						"0.0": [1, 0, 3],
						"0.2083": {
							"pre": [0.89, 0.11, -0.91],
							"post": [0.89, 0.11, -0.91],
							"lerp_mode": "catmullrom"
						},
						"0.5": {
							"post": [0.54, 0.46, -5.35],
							"lerp_mode": "catmullrom"
						},
						"0.6667": {
							"post": [0.29, 2.05, -9.36],
							"lerp_mode": "catmullrom"
						},
						"0.7917": {
							"post": [0.13, -0.13, -12],
							"lerp_mode": "catmullrom"
						},
						"1.0": {
							"post": [0, 1, -14],
							"lerp_mode": "catmullrom"
						},
						"1.4167": {
							"post": [0.42, -0.42, -8.92],
							"lerp_mode": "catmullrom"
						},
						"1.6667": {
							"post": [0.68, -0.61, -2.22],
							"lerp_mode": "catmullrom"
						},
						"1.8333": {
							"post": [0.83, 0.88, 1.59],
							"lerp_mode": "catmullrom"
						},
						"2.0": [1, 0, 3]
					}
				},
				"legpart2": {
					"rotation": {
						"0.0": [-22.5, 0, 0],
						"1.0": {
							"pre": [20, 0, 0],
							"post": [20, 0, 0],
							"lerp_mode": "catmullrom"
						},
						"1.8333": {
							"post": [-29.35, 0, 0],
							"lerp_mode": "catmullrom"
						},
						"2.0": [-22.5, 0, 0]
					},
					"position": {
						"0.0": [0, 1, -3],
						"0.25": [0, 1.84, -2.06],
						"0.5": [0, -0.43, -0.05],
						"0.7917": [0, -0.23, 1.28],
						"1.0": {
							"pre": [0, 0, 3],
							"post": [0, 0, 3],
							"lerp_mode": "catmullrom"
						},
						"2.0": [0, 1, -3]
					}
				},
				"torso": {
					"rotation": ["12.5+math.cos(q.anim_time*90*4-40)*2", "12.5*math.cos(query.anim_time*90*2+15)*0.5", "0+math.sin(query.anim_time*90*4+30)"],
					"position": [0, "0-math.sin(q.anim_time*90*4+180)*1", 0]
				},
				"torso_mini": {
					"rotation": [-12.5, 0, 0],
					"position": [0, 0, -9]
				},
				"hand_parte1": {
					"rotation": {
						"0.0": {
							"post": [-1.63219, -7.32123, 12.60443],
							"lerp_mode": "catmullrom"
						},
						"1.0": {
							"post": [1.7208, 19.81593, 12.97989],
							"lerp_mode": "catmullrom"
						},
						"2.0": {
							"post": [-1.63219, -7.32123, 12.60443],
							"lerp_mode": "catmullrom"
						}
					},
					"position": {
						"0.0": {
							"post": [-8, 5, 2],
							"lerp_mode": "catmullrom"
						},
						"1.0": {
							"post": [-6, 4, 7],
							"lerp_mode": "catmullrom"
						},
						"2.0": {
							"post": [-8, 5, 2],
							"lerp_mode": "catmullrom"
						}
					}
				},
				"hand_mini1": {
					"rotation": {
						"0.0": {
							"post": [0, 10, 32.5],
							"lerp_mode": "catmullrom"
						},
						"1.0": {
							"post": [0, 2.5, 35],
							"lerp_mode": "catmullrom"
						},
						"2.0": {
							"post": [0, 10, 32.5],
							"lerp_mode": "catmullrom"
						}
					},
					"position": {
						"0.0": {
							"post": [0, 5, 2],
							"lerp_mode": "catmullrom"
						},
						"1.0": {
							"post": [0, 2, 0],
							"lerp_mode": "catmullrom"
						},
						"2.0": {
							"post": [0, 5, 2],
							"lerp_mode": "catmullrom"
						}
					}
				},
				"fist1": {
					"rotation": {
						"0.0": {
							"post": [0, 35, 0],
							"lerp_mode": "catmullrom"
						}
					},
					"position": {
						"0.0": {
							"post": [0, 0, 10],
							"lerp_mode": "catmullrom"
						}
					}
				},
				"hand_parte2": {
					"rotation": {
						"0.0": {
							"post": [1.7208, -19.81593, -12.97989],
							"lerp_mode": "catmullrom"
						},
						"1.0": {
							"post": [-1.63219, 7.32123, -12.60443],
							"lerp_mode": "catmullrom"
						},
						"2.0": {
							"post": [1.7208, -19.81593, -12.97989],
							"lerp_mode": "catmullrom"
						}
					},
					"position": {
						"0.0": {
							"post": [7, 5, 7],
							"lerp_mode": "catmullrom"
						},
						"1.0": {
							"post": [6, 4, 2],
							"lerp_mode": "catmullrom"
						},
						"2.0": {
							"post": [7, 5, 7],
							"lerp_mode": "catmullrom"
						}
					}
				},
				"hand_mini2": {
					"rotation": {
						"0.0": {
							"post": [0, -2.5, -35],
							"lerp_mode": "catmullrom"
						},
						"1.0": {
							"post": [0, -10, -32.5],
							"lerp_mode": "catmullrom"
						},
						"2.0": {
							"post": [0, -2.5, -35],
							"lerp_mode": "catmullrom"
						}
					},
					"position": {
						"0.0": {
							"post": [0, 2, 0],
							"lerp_mode": "catmullrom"
						},
						"1.0": {
							"post": [0, 5, 2],
							"lerp_mode": "catmullrom"
						},
						"2.0": {
							"post": [0, 2, 0],
							"lerp_mode": "catmullrom"
						}
					}
				},
				"fist2": {
					"rotation": {
						"0.0": {
							"post": [0, -37.5, 0],
							"lerp_mode": "catmullrom"
						}
					},
					"position": {
						"0.0": {
							"post": [0, 0, 10],
							"lerp_mode": "catmullrom"
						}
					}
				},
				"head": {
					"rotation": [0, "0*math.sin(q.anim_time*90*2+15)*4", 0]
				},
				"allbody": {
					"position": {
						"0.0": [0, 0, 0],
						"0.0417": [0, -1, 0],
						"0.0833": [0, 0.07, 0],
						"0.6667": [0, 0.06, 0],
						"0.7083": [0, -1, 0],
						"0.75": [0, 0, 0],
						"1.7917": [0, -1, 0],
						"1.8333": [0, 0.2, 0],
						"1.875": [0, -0.85, 0],
						"2.0": [0, 0, 0]
					}
				}
			}
		},
		"animation.coalossal.walkspeed": {
			"loop": true,
			"animation_length": 10,
			"bones": {
				"allbody": {
					"position": [0, 0, "28-q.anim_time*90*0.22"]
				}
			}
		},
		"animation.coalossal.ground_idle": {
			"loop": true,
			"bones": {
				"leg1": {
					"rotation": [0, -17.5, "0+math.sin(q.anim_time*90*1)*1"],
					"position": [0, 0, -3]
				},
				"leg2": {
					"rotation": [0, 17.5, "0-math.sin(q.anim_time*90*1)*1"],
					"position": [0, 0, -3]
				},
				"torso": {
					"rotation": ["10-math.sin(query.anim_time*90*1-90)*1", 0, "-math.cos(q.anim_time*90*1)*0.5"],
					"position": [0, "-1-math.sin(q.anim_time*90*1)*0.5", 6]
				},
				"torso_mini": {
					"rotation": ["-2.5+math.cos(query.anim_time*90*12/12-30)*0.5", 0, 0],
					"position": [0, 0, -1]
				},
				"hand_parte1": {
					"rotation": [0, "7.5-math.cos(query.anim_time*90*1-90)*4 ", "40+math.sin(q.anim_time*90*1+60)*1"],
					"position": [-20, 13, 3]
				},
				"hand_mini1": {
					"rotation": [0, "-7.5+math.cos(q.anim_time*90*1+90)*1", 20],
					"position": [0, 4, -1]
				},
				"fist": {
					"rotation": [0, "57.5-math.cos(query.anim_time*90*1-90)*2", 0],
					"position": [4, 0, 15]
				},
				"hand_parte2": {
					"rotation": [0, "-7.5+math.cos(query.anim_time*90*1-90)*4 ", "-40-math.sin(q.anim_time*90*1+60)*1"],
					"position": [20, 13, 3]
				},
				"hand_mini2": {
					"rotation": [0, "7.5-math.cos(q.anim_time*90*1+90)*1", -20],
					"position": [0, 4, -1]
				},
				"fist3": {
					"rotation": [0, "-57.5+math.cos(query.anim_time*90*1-90)*2", 0],
					"position": [-4, 0, 15]
				},
				"head": {
					"rotation": [-5, 0, 0]
				},
				"mounch1": {
					"rotation": [2.5, 0, 0]
				},
				"bone2": {
					"rotation": [0, 0, 40],
					"position": [-26, 0, 0]
				},
				"bone": {
					"rotation": [0, 0, -40],
					"position": [0, -3, 0]
				},
				"bone3": {
					"rotation": ["-5+math.cos(q.anim_time*90*1+60)*0.5", 0, 0],
					"position": [0, 0, -4]
				},
				"bone4": {
					"rotation": ["-5+math.sin(q.anim_time*90*2-90)*0.5", 0, 0],
					"position": [0, -1, -5]
				},
				"bone5": {
					"position": [0, -1, 0]
				},
				"hands": {
					"position": [0, 3, 0]
				}
			}
		},
		"animation.coalossal.pose": {
			"loop": true,
			"bones": {
				"leg1": {
					"rotation": [0, -17.5, 0],
					"position": [0, 0, -3]
				},
				"leg2": {
					"rotation": [0, 17.5, 0],
					"position": [0, 0, -3]
				},
				"torso": {
					"rotation": [10, 0, 0],
					"position": [0, -1, 6]
				},
				"torso_mini": {
					"rotation": [-2.5, 0, 0],
					"position": [0, 0, -1]
				},
				"hand_parte1": {
					"rotation": [0, 7.5, 40],
					"position": [-20, 13, 3]
				},
				"hand_mini1": {
					"rotation": [0, -7.5, 20],
					"position": [0, 4, -1]
				},
				"fist": {
					"rotation": [0, 57.5, 0],
					"position": [4, 0, 15]
				},
				"hand_parte2": {
					"rotation": [0, -7.5, -40],
					"position": [20, 13, 3]
				},
				"hand_mini2": {
					"rotation": [0, 7.5, -20],
					"position": [0, 4, -1]
				},
				"fist3": {
					"rotation": [0, -57.5, 0],
					"position": [-4, 0, 15]
				},
				"head": {
					"rotation": [-5, 0, 0]
				},
				"mounch1": {
					"rotation": [2.5, 0, 0]
				},
				"bone2": {
					"rotation": [0, 0, 40],
					"position": [-26, 0, 0]
				},
				"bone": {
					"rotation": [0, 0, -40],
					"position": [0, -3, 0]
				},
				"bone3": {
					"rotation": [-5, 0, 0],
					"position": [0, 0, -4]
				},
				"bone4": {
					"rotation": [-5, 0, 0],
					"position": [0, -1, -5]
				},
				"bone5": {
					"position": [0, -1, 0]
				},
				"hands": {
					"position": [0, 3, 0]
				}
			}
		},
		"animation.coalossal.sleep": {
			"loop": true,
			"bones": {
				"leg1": {
					"rotation": [-75, -17.5, 0],
					"position": [3, 2, -18]
				},
				"leg2": {
					"rotation": [-75, 17.5, 0],
					"position": [-3, 2, -18]
				},
				"torso": {
					"rotation": ["15+math.cos(q.anim_time*90*2-0)*0.35", 0, 0],
					"position": [0, "-5-math.cos(q.anim_time*90*2-0)*0.1", 4]
				},
				"torso_mini": {
					"rotation": [-10, 0, 0],
					"position": [0, 0, -8]
				},
				"hand_parte1": {
					"rotation": [0, "15+math.sin(q.anim_time*90*2+0)*0.35", 40],
					"position": [-20, 13, 3]
				},
				"hand_mini1": {
					"rotation": [0, -5, 20],
					"position": [0, 4, -1]
				},
				"fist": {
					"rotation": [0, 57.5, 0],
					"position": [4, 0, 15]
				},
				"hand_parte2": {
					"rotation": [0, "-15-math.sin(q.anim_time*90*2+0)*0.35", -40],
					"position": [20, 13, 3]
				},
				"hand_mini2": {
					"rotation": [0, 0, -20],
					"position": [0, 4, -1]
				},
				"fist3": {
					"rotation": [0, -57.5, 0],
					"position": [-4, 0, 15]
				},
				"head": {
					"rotation": ["12.5+math.sin(q.anim_time*90*4-0)*0.35", 0, 0],
					"position": [0, -1, 1]
				},
				"mounch1": {
					"rotation": [2.5, 0, 0]
				},
				"bone2": {
					"rotation": [0, 0, 40],
					"position": [-26, 0, 0]
				},
				"bone": {
					"rotation": [0, 0, -40],
					"position": [0, -3, 0]
				},
				"bone3": {
					"rotation": [-5, 0, 0],
					"position": [0, 0, -4]
				},
				"bone4": {
					"rotation": [-5, 0, 0],
					"position": [0, -1, -5]
				},
				"bone5": {
					"position": [0, -1, 0]
				},
				"hands": {
					"position": [0, 3, 0]
				},
				"legpart1": {
					"rotation": [15, 0, 0],
					"position": [0, 0, 1]
				},
				"legwalk1": {
					"rotation": [7.5, 0, 0]
				},
				"legpart2": {
					"rotation": [15, 0, 0],
					"position": [0, 0, 1]
				},
				"legwalk2": {
					"rotation": [7.5, 0, 0]
				},
				"eye1": {
					"position": [-1, 0, 0]
				},
				"ceja1": {
					"position": [1, 0, 0]
				},
				"eye2": {
					"position": [3, 0, 0]
				},
				"ceja2": {
					"position": [-3, 0, 0]
				}
			}
		},
		"animation.coalossal.physical": {
			"animation_length": 3,
			"bones": {
				"leg1": {
					"rotation": {
						"0.0": [0, -17.5, 0],
						"0.5833": [5.37479, -9.90548, -1.23205],
						"1.2083": [-4.18663, -22.48232, -2.69548],
						"1.3333": [-5.06654, -44.56884, -0.41654],
						"3.0": [0, -17.5, 0]
					},
					"position": {
						"0.0": [0, 0, -3],
						"1.2083": [3.13, -1, -4.36],
						"1.3333": [4, 0, -8],
						"3.0": [0, 0, -3]
					}
				},
				"leg2": {
					"rotation": {
						"0.0": [0, 17.5, 0],
						"0.5833": {
							"pre": [13.5739, 14.93559, 12.74453],
							"post": [13.5739, 14.93559, 12.74453],
							"lerp_mode": "catmullrom"
						},
						"0.8333": {
							"post": [10.32055, 22.42171, 0.9381],
							"lerp_mode": "catmullrom"
						},
						"1.0417": {
							"post": [16.32059, 29.63865, 3.21213],
							"lerp_mode": "catmullrom"
						},
						"1.2083": {
							"post": [1.32059, 29.63865, 3.21213],
							"lerp_mode": "catmullrom"
						},
						"1.2917": {
							"post": [5.20385, 26.11915, 3.12585],
							"lerp_mode": "catmullrom"
						},
						"1.4167": {
							"post": [1.21869, 19.64109, 2.96867],
							"lerp_mode": "catmullrom"
						},
						"1.9167": {
							"post": [1.18631, 14.64219, 2.8589],
							"lerp_mode": "catmullrom"
						},
						"2.4583": {
							"post": [1.26277, 24.63992, 3.08552],
							"lerp_mode": "catmullrom"
						},
						"3.0": [0, 17.5, 0]
					},
					"position": {
						"0.0": [0, 0, -3],
						"0.4583": {
							"pre": [0, -2, -1],
							"post": [0, -2, -1],
							"lerp_mode": "catmullrom"
						},
						"0.6667": {
							"post": [0, -2, -1],
							"lerp_mode": "catmullrom"
						},
						"0.7083": [0, -2.29, -2.87],
						"0.75": [0, -0.14, -2.93],
						"0.7917": [0, -1, -3],
						"1.0417": [0, -1.8, -4.8],
						"1.2083": [0, 1, -6],
						"1.25": [0, -0.58, -7.25],
						"1.2917": [0, -0.17, -4.5],
						"1.3333": [0, -2.25, -9.75],
						"1.375": [0, -2, -11],
						"1.9167": [0, -2, -11],
						"2.2083": [0, 0, -4],
						"3.0": [0, 0, -3]
					}
				},
				"torso": {
					"rotation": {
						"0.0": [10, 0, 0],
						"0.3333": {
							"pre": [10.07928, 7.33553, 1.12824],
							"post": [10.07928, 7.33553, 1.12824],
							"lerp_mode": "catmullrom"
						},
						"0.625": {
							"post": [10.15108, 9.84655, 1.75378],
							"lerp_mode": "catmullrom"
						},
						"1.0417": {
							"post": [10.89301, 16.76616, 5.68076],
							"lerp_mode": "catmullrom"
						},
						"1.25": {
							"post": [12.3227, 15.75941, 10.78271],
							"lerp_mode": "catmullrom"
						},
						"1.2917": {
							"post": [3.56478, 2.69397, 6.8765],
							"lerp_mode": "catmullrom"
						},
						"1.3333": [29.45093, -24.14699, -3.05445],
						"1.5": {
							"pre": [27.49413, -23.53004, -3.06248],
							"post": [27.49413, -23.53004, -3.06248],
							"lerp_mode": "catmullrom"
						},
						"1.9583": {
							"post": [21.8943, -14.02264, -1.1555],
							"lerp_mode": "catmullrom"
						},
						"2.25": {
							"post": [18.61763, -5.62937, 0.30848],
							"lerp_mode": "catmullrom"
						},
						"2.7917": [10, 0, 0],
						"3.0": [10, 0, 0]
					},
					"position": {
						"0.0": [0, -1, 6],
						"0.4583": {
							"pre": [0, 0, 4],
							"post": [0, 0, 4],
							"lerp_mode": "catmullrom"
						},
						"0.6667": {
							"post": [0, -1, 4],
							"lerp_mode": "catmullrom"
						},
						"0.9167": [0, -2, 4],
						"1.0417": [0, -1, 4],
						"1.2083": {
							"pre": [0, 0, 4],
							"post": [0, 0, 4],
							"lerp_mode": "catmullrom"
						},
						"1.3333": [0, 0, 6],
						"3.0": [0, -1, 6]
					}
				},
				"torso_mini": {
					"rotation": {
						"0.0": [-2.5, 0, 0],
						"1.3333": [-2.58807, -14.98539, 0.66963],
						"1.375": [-2.55921, "-12.1132723923+math.sin(q.anim_time*90*2*4*90)*0.5", "0.5375655978+math.sin(q.anim_time*90*2*2*90)*0.5"],
						"3.0": [-2.5, 0, 0]
					},
					"position": {
						"0.0": [0, 0, -1],
						"3.0": [0, 0, -1]
					}
				},
				"hand_parte1": {
					"rotation": {
						"0.0": [0, 7.5, 40],
						"0.5833": {
							"pre": [0, 0, 40],
							"post": [0, 0, 40],
							"lerp_mode": "catmullrom"
						},
						"1.0417": {
							"post": [0, 11.25, 40],
							"lerp_mode": "catmullrom"
						},
						"1.25": {
							"post": [0, -13.88889, 40],
							"lerp_mode": "catmullrom"
						},
						"1.3333": {
							"post": [5.89232, -63.07681, 27.72917],
							"lerp_mode": "catmullrom"
						},
						"1.4167": {
							"post": [0, -25, 40],
							"lerp_mode": "catmullrom"
						},
						"1.5417": {
							"post": [0, -27.43421, 40],
							"lerp_mode": "catmullrom"
						},
						"1.875": {
							"post": [0, -22.08333, 40],
							"lerp_mode": "catmullrom"
						},
						"2.6667": [0, 7.5, 40],
						"3.0": [0, 7.5, 40]
					},
					"position": {
						"0.0": [-20, 13, 3],
						"0.625": {
							"pre": [-19.76, 13.18, 0.94],
							"post": [-19.76, 13.18, 0.94],
							"lerp_mode": "catmullrom"
						},
						"1.0417": {
							"post": [-20.24, 11.98, 5.32],
							"lerp_mode": "catmullrom"
						},
						"1.25": {
							"post": [-17.55, 11.44, -0.75],
							"lerp_mode": "catmullrom"
						},
						"1.3333": {
							"post": [-11.92, 5.06, -3.07],
							"lerp_mode": "catmullrom"
						},
						"1.4167": {
							"post": [-17, 11, -2],
							"lerp_mode": "catmullrom"
						},
						"2.6667": [-20, 13, 3],
						"3.0": [-20, 13, 3]
					}
				},
				"hand_mini1": {
					"rotation": {
						"0.0": [0, -7.5, 20],
						"0.5833": [3.2339, -21.21113, 6.69222],
						"1.3333": [0, 25, 20],
						"3.0": [0, -7.5, 20]
					},
					"position": {
						"0.0": [0, 4, -1],
						"0.5833": [0, 2, -1.87],
						"1.3333": [-1, 4, 3],
						"3.0": [0, 4, -1]
					}
				},
				"fist": {
					"rotation": {
						"0.0": {
							"post": [0, 57.5, 0],
							"lerp_mode": "catmullrom"
						},
						"1.3333": {
							"post": [0, 42.5, 0],
							"lerp_mode": "catmullrom"
						},
						"3.0": [0, 57.5, 0]
					},
					"position": {
						"0.0": {
							"post": [4, 0, 15],
							"lerp_mode": "catmullrom"
						},
						"1.3333": {
							"post": [0, 0, 11],
							"lerp_mode": "catmullrom"
						},
						"3.0": [4, 0, 15]
					}
				},
				"hand_parte2": {
					"rotation": {
						"0.0": [0, -7.5, -40],
						"0.4167": {
							"pre": [8.10881, 5.87263, -38.91744],
							"post": [8.10881, 5.87263, -38.91744],
							"lerp_mode": "catmullrom"
						},
						"0.625": {
							"post": [11.32106, 8.9793, -38.76309],
							"lerp_mode": "catmullrom"
						},
						"1.0417": {
							"post": [9.78759, 18.416, -36.85952],
							"lerp_mode": "catmullrom"
						},
						"1.25": {
							"post": [17.38224, 4.26672, 9.75392],
							"lerp_mode": "catmullrom"
						},
						"1.2917": {
							"post": [22.27838, 2.1216, 0.44575],
							"lerp_mode": "catmullrom"
						},
						"1.3333": [31.5632, -57.0983, -21.00012],
						"1.7917": [18.47868, -27.05867, -18.68016],
						"2.375": {
							"pre": [9.25379, -10.21708, -27.71061],
							"post": [9.25379, -10.21708, -27.71061],
							"lerp_mode": "catmullrom"
						},
						"2.75": [0, -7.5, -40],
						"3.0": [0, -7.5, -40]
					},
					"position": {
						"0.0": [20, 13, 3],
						"0.625": {
							"pre": [18.5, 12, 6.5],
							"post": [18.5, 12, 6.5],
							"lerp_mode": "catmullrom"
						},
						"1.0417": {
							"post": [18.17, 9.67, 3.83],
							"lerp_mode": "catmullrom"
						},
						"1.25": {
							"post": [-1, -5, 10],
							"lerp_mode": "catmullrom"
						},
						"1.2917": [1.24, -0.56, 13.45],
						"1.3333": [-5, -4.14, 14.67],
						"2.75": [20, 13, 3],
						"3.0": [20, 13, 3]
					}
				},
				"hand_mini2": {
					"rotation": {
						"0.0": {
							"post": [0, 7.5, -20],
							"lerp_mode": "catmullrom"
						},
						"0.5417": {
							"post": [0, 17.5, -20],
							"lerp_mode": "catmullrom"
						},
						"1.2917": {
							"post": [0, 19.29822, -20],
							"lerp_mode": "catmullrom"
						},
						"1.3333": [0, -12.26736, -20],
						"1.4167": [0, 3.94077, -20],
						"3.0": [0, 7.5, -20]
					},
					"position": {
						"0.0": {
							"post": [0, 4, -1],
							"lerp_mode": "catmullrom"
						},
						"1.2917": {
							"post": [0, 4, -2.06],
							"lerp_mode": "catmullrom"
						},
						"1.3333": [0, 4, 1],
						"3.0": [0, 4, -1]
					}
				},
				"fist3": {
					"rotation": {
						"0.0": [0, -57.5, 0],
						"0.5417": [0, -50, 0],
						"3.0": [0, -57.5, 0]
					},
					"position": {
						"0.0": [-4, 0, 15],
						"0.5417": [-3, 0, 14],
						"3.0": [-4, 0, 15]
					}
				},
				"head": {
					"rotation": {
						"0.0": [-5, 0, 0],
						"0.375": [-5.019, 4.98093, -0.43688],
						"0.9167": [-5, 0, 0],
						"1.125": [-5.43327, -4.5252, -4.56673],
						"1.2917": [2.04275, -7.01392, -4.3283],
						"1.7917": [2.24572, 25.46457, -3.1128],
						"3.0": [-5, 0, 0]
					}
				},
				"mounch1": {
					"rotation": {
						"0.0": [2.5, 0, 0],
						"1.125": [0.63, 0, 0],
						"1.3333": [22.5, 0, 0],
						"3.0": [2.5, 0, 0]
					}
				},
				"bone2": {
					"rotation": [0, 0, 40],
					"position": [-26, 0, 0]
				},
				"bone": {
					"rotation": {
						"0.0": [0, 0, -40],
						"3.0": [0, 0, -40]
					},
					"position": {
						"0.0": [0, -3, 0],
						"3.0": [0, -3, 0]
					}
				},
				"bone4": {
					"rotation": [-5, 0, 0],
					"position": [0, -1, -5]
				},
				"bone5": {
					"position": [0, -1, 0]
				},
				"hands": {
					"position": [0, 3, 0]
				},
				"allbody": {
					"position": {
						"0.0": [0, 0, 0],
						"0.7917": [0, 0.21, 2],
						"1.3333": [0, 0.35, 0],
						"1.375": [0, 0, 0],
						"1.4167": [0, 0.5, 0],
						"1.4583": [0, -1, 0],
						"1.5": [0, 1, 0],
						"1.5417": [0, -0.03, 0],
						"1.5833": [0, 0.97, 0],
						"1.625": [0, -0.06, 0],
						"1.7083": [0, -0.2, 0],
						"1.7917": [0, -0.1, 0],
						"1.875": [0, 0, 0],
						"3.0": [0, 0, 0]
					}
				},
				"legwalk1": {
					"rotation": {
						"0.0": [0, 0, 0],
						"0.5833": [-12.59, 0, 0],
						"1.2083": [5, 0, 0],
						"3.0": [0, 0, 0]
					}
				},
				"legpart2": {
					"rotation": {
						"0.0": [0, 0, 0],
						"0.4583": [7.5, 0, 0],
						"1.0417": [0, 0, 0],
						"1.2083": [7.5, 0, 0],
						"3.0": [0, 0, 0]
					}
				},
				"legwalk2": {
					"rotation": {
						"0.0": {
							"post": [0, 0, 0],
							"lerp_mode": "catmullrom"
						},
						"0.4583": {
							"post": [-10.08453, 7.38542, -1.30962],
							"lerp_mode": "catmullrom"
						},
						"0.7917": {
							"post": [-15, 7.38542, 0],
							"lerp_mode": "catmullrom"
						},
						"1.0417": {
							"post": [-7.61441, 12.34204, -0.66724],
							"lerp_mode": "catmullrom"
						},
						"1.0833": {
							"post": [-12.61441, 12.34204, -0.66724],
							"lerp_mode": "catmullrom"
						},
						"1.2083": {
							"post": [-10.11441, 12.34204, -0.66724],
							"lerp_mode": "catmullrom"
						},
						"3.0": {
							"post": [0, 0, 0],
							"lerp_mode": "catmullrom"
						}
					},
					"position": {
						"0.0": [0, 0, 0],
						"0.4583": [0, 1, -2],
						"1.0417": [0, 1, -3],
						"1.0833": [0, 1, -4],
						"1.25": [0, 1, -3],
						"3.0": [0, 0, 0]
					}
				}
			}
		},
		"animation.coalossal.status": {
			"animation_length": 1.1667,
			"bones": {
				"leg1": {
					"rotation": {
						"0.0": {
							"post": [0, -17.5, 0],
							"lerp_mode": "catmullrom"
						},
						"0.1667": {
							"post": [5, -16.01166, 0],
							"lerp_mode": "catmullrom"
						},
						"0.375": {
							"post": [-7.5, -15, 0],
							"lerp_mode": "catmullrom"
						},
						"0.5": {
							"post": [0.77032, -18.4112, 0],
							"lerp_mode": "catmullrom"
						},
						"0.625": {
							"post": [-8.35277, -22.0101, 0],
							"lerp_mode": "catmullrom"
						},
						"0.75": {
							"post": [0, -22.5, 0],
							"lerp_mode": "catmullrom"
						},
						"0.875": {
							"post": [10.59214, -20.55267, 0],
							"lerp_mode": "catmullrom"
						},
						"1.1667": {
							"post": [0, -17.5, 0],
							"lerp_mode": "catmullrom"
						}
					},
					"position": {
						"0.0": {
							"post": [0, 0, -3],
							"lerp_mode": "catmullrom"
						},
						"0.1667": {
							"post": [0, -0.68, -3.86],
							"lerp_mode": "catmullrom"
						},
						"0.2917": {
							"post": [0, -0.37, -4.61],
							"lerp_mode": "catmullrom"
						},
						"0.375": {
							"post": [0, 3, -5],
							"lerp_mode": "catmullrom"
						},
						"0.625": {
							"post": [0, 2.42, -5.02],
							"lerp_mode": "catmullrom"
						},
						"0.6667": [0, 1.62, -5.04],
						"0.7083": [0, -1.09, -5.06],
						"0.75": [0, -1, -5],
						"0.7917": [0, 0.35, -4.81],
						"0.8333": [0, -0.66, -4.58],
						"0.875": {
							"pre": [0, 0.14, -4.22],
							"post": [0, 0.14, -4.22],
							"lerp_mode": "catmullrom"
						},
						"1.1667": {
							"post": [0, 0, -3],
							"lerp_mode": "catmullrom"
						}
					}
				},
				"leg2": {
					"rotation": {
						"0.0": {
							"post": [0, 17.5, 0],
							"lerp_mode": "catmullrom"
						},
						"0.375": {
							"post": [0, 42.5, 0],
							"lerp_mode": "catmullrom"
						},
						"0.5": {
							"post": [0, 21.47, 0],
							"lerp_mode": "catmullrom"
						},
						"0.6667": {
							"post": [0, 17.5, 0],
							"lerp_mode": "catmullrom"
						},
						"1.1667": {
							"post": [0, 17.5, 0],
							"lerp_mode": "catmullrom"
						}
					},
					"position": {
						"0.0": {
							"post": [0, 0, -3],
							"lerp_mode": "catmullrom"
						},
						"0.1667": {
							"post": [0, 2, -3],
							"lerp_mode": "catmullrom"
						},
						"0.3333": {
							"post": [0, -0.44, -3],
							"lerp_mode": "catmullrom"
						},
						"0.6667": {
							"post": [0, 0, -3],
							"lerp_mode": "catmullrom"
						},
						"1.1667": {
							"post": [0, 0, -3],
							"lerp_mode": "catmullrom"
						}
					}
				},
				"torso": {
					"rotation": {
						"0.0": [10, 0, 0],
						"0.1667": [18.30817, 7.12436, 2.3499],
						"0.375": [17.5, 0, 0],
						"0.6667": [-10, "0+math.sin(q.anim_time*90*2*2*90)*2", "0+math.sin(q.anim_time*90*12*2*90)*2"],
						"1.1667": [10, 0, 0]
					},
					"position": {
						"0.0": [0, -1, 6],
						"0.375": [0, -1, 6],
						"0.6667": [0, -1, -6],
						"0.7083": [0, -2, -5.91],
						"0.75": [0, -0.98, -5.34],
						"0.7917": [0, -1.94, -4.72],
						"1.1667": [0, -1, 6]
					}
				},
				"torso_mini": {
					"rotation": {
						"0.0": [-2.5, 0, 0],
						"0.6667": [0, "0+math.sin(q.anim_time*90*2*2*90)*4", 0],
						"1.1667": [-2.5, 0, 0]
					},
					"position": {
						"0.0": [0, 0, -1],
						"1.1667": [0, 0, -1]
					}
				},
				"hand_parte1": {
					"rotation": {
						"0.0": [0, 7.5, 40],
						"0.375": [0, 30, 40],
						"0.6667": [0, -30, 40],
						"1.1667": [0, 7.5, 40]
					},
					"position": {
						"0.0": {
							"post": [-20, 13, 3],
							"lerp_mode": "catmullrom"
						},
						"0.375": {
							"post": [-18.84, 13, 3.11],
							"lerp_mode": "catmullrom"
						},
						"0.6667": {
							"post": [-18, 13, -2],
							"lerp_mode": "catmullrom"
						},
						"1.1667": {
							"post": [-20, 13, 3],
							"lerp_mode": "catmullrom"
						}
					}
				},
				"hand_mini1": {
					"rotation": {
						"0.0": {
							"post": [0, -7.5, 20],
							"lerp_mode": "catmullrom"
						},
						"0.375": {
							"post": [6.24605, 19.03771, 38.54835],
							"lerp_mode": "catmullrom"
						},
						"0.6667": {
							"post": [9.00717, 20.70481, 24.14867],
							"lerp_mode": "catmullrom"
						},
						"1.1667": {
							"post": [0, -7.5, 20],
							"lerp_mode": "catmullrom"
						}
					},
					"position": {
						"0.0": {
							"post": [0, 4, -1],
							"lerp_mode": "catmullrom"
						},
						"0.375": {
							"post": [0, 4, 1],
							"lerp_mode": "catmullrom"
						},
						"0.6667": {
							"post": [-1, 4, 3],
							"lerp_mode": "catmullrom"
						},
						"1.1667": {
							"post": [0, 4, -1],
							"lerp_mode": "catmullrom"
						}
					}
				},
				"fist": {
					"rotation": {
						"0.0": {
							"post": [0, 57.5, 0],
							"lerp_mode": "catmullrom"
						},
						"0.375": {
							"post": [71.83277, 46.03805, 76.71018],
							"lerp_mode": "catmullrom"
						},
						"0.6667": {
							"post": [0, 40, 0],
							"lerp_mode": "catmullrom"
						},
						"1.1667": {
							"post": [0, 57.5, 0],
							"lerp_mode": "catmullrom"
						}
					},
					"position": {
						"0.0": {
							"post": [4, 0, 15],
							"lerp_mode": "catmullrom"
						},
						"0.375": {
							"post": [12, 12, 15],
							"lerp_mode": "catmullrom"
						},
						"0.6667": {
							"post": [0, 0, 11],
							"lerp_mode": "catmullrom"
						},
						"1.1667": {
							"post": [4, 0, 15],
							"lerp_mode": "catmullrom"
						}
					}
				},
				"hand_parte2": {
					"rotation": {
						"0.0": [0, -7.5, -40],
						"0.375": [0, -30, -40],
						"0.6667": [0, 30, -40],
						"1.1667": [0, -7.5, -40]
					},
					"position": {
						"0.0": {
							"post": [20, 13, 3],
							"lerp_mode": "catmullrom"
						},
						"0.375": {
							"post": [18.84, 13, 3.11],
							"lerp_mode": "catmullrom"
						},
						"0.6667": {
							"post": [18, 13, -2],
							"lerp_mode": "catmullrom"
						},
						"1.1667": {
							"post": [20, 13, 3],
							"lerp_mode": "catmullrom"
						}
					}
				},
				"hand_mini2": {
					"rotation": {
						"0.0": {
							"post": [0, 7.5, -20],
							"lerp_mode": "catmullrom"
						},
						"0.375": {
							"post": [6.24605, -19.03771, -38.54835],
							"lerp_mode": "catmullrom"
						},
						"0.6667": {
							"post": [9.00717, -20.70481, -24.14867],
							"lerp_mode": "catmullrom"
						},
						"1.1667": {
							"post": [0, 7.5, -20],
							"lerp_mode": "catmullrom"
						}
					},
					"position": {
						"0.0": {
							"post": [0, 4, -1],
							"lerp_mode": "catmullrom"
						},
						"0.375": {
							"post": [0, 4, 1],
							"lerp_mode": "catmullrom"
						},
						"0.6667": {
							"post": [1, 4, 3],
							"lerp_mode": "catmullrom"
						},
						"1.1667": {
							"post": [0, 4, -1],
							"lerp_mode": "catmullrom"
						}
					}
				},
				"fist3": {
					"rotation": {
						"0.0": {
							"post": [0, -57.5, 0],
							"lerp_mode": "catmullrom"
						},
						"0.375": {
							"post": [71.83277, -46.03805, -76.71018],
							"lerp_mode": "catmullrom"
						},
						"0.6667": {
							"post": [0, -40, 0],
							"lerp_mode": "catmullrom"
						},
						"1.1667": {
							"post": [0, -57.5, 0],
							"lerp_mode": "catmullrom"
						}
					},
					"position": {
						"0.0": {
							"post": [-4, 0, 15],
							"lerp_mode": "catmullrom"
						},
						"0.375": {
							"post": [-12, 12, 15],
							"lerp_mode": "catmullrom"
						},
						"0.6667": {
							"post": [0, 0, 11],
							"lerp_mode": "catmullrom"
						},
						"1.1667": {
							"post": [-4, 0, 15],
							"lerp_mode": "catmullrom"
						}
					}
				},
				"head": {
					"rotation": {
						"0.0": [-5, 0, 0],
						"0.375": [-10, 0, 0],
						"0.6667": [-12.5, 0, "0+math.sin(q.anim_time*90*2*2*90)*4"],
						"1.1667": [-5, 0, 0]
					},
					"position": {
						"0.0": [0, 0, 0],
						"0.6667": [0, 0, -1.5],
						"1.1667": [0, 0, 0]
					}
				},
				"mounch1": {
					"rotation": {
						"0.0": [2.5, 0, 0],
						"0.375": [7.66, 0, 0],
						"0.6667": ["25+math.sin(q.anim_time*90*22)*3", 0, 0],
						"1.1667": [2.5, 0, 0]
					}
				},
				"bone2": {
					"rotation": {
						"0.0": {
							"post": [0, 0, 40],
							"lerp_mode": "catmullrom"
						},
						"1.1667": {
							"post": [0, 0, 40],
							"lerp_mode": "catmullrom"
						}
					},
					"position": {
						"0.0": {
							"post": [-26, 0, 0],
							"lerp_mode": "catmullrom"
						},
						"1.1667": {
							"post": [-26, 0, 0],
							"lerp_mode": "catmullrom"
						}
					}
				},
				"bone": {
					"rotation": [0, 0, -40],
					"position": [0, -3, 0]
				},
				"bone4": {
					"rotation": [-5, 0, 0],
					"position": [0, -1, -5]
				},
				"bone5": {
					"position": [0, -1, 0]
				},
				"hands": {
					"position": [0, 3, 0]
				},
				"allbody": {
					"rotation": {
						"0.0": {
							"post": [0, 0, 0],
							"lerp_mode": "catmullrom"
						},
						"0.5417": {
							"post": [0, 5, 0],
							"lerp_mode": "catmullrom"
						},
						"1.1667": {
							"post": [0, 0, 0],
							"lerp_mode": "catmullrom"
						}
					},
					"position": {
						"0.0": [0, 0, 0],
						"0.375": [0, 0, 2],
						"0.6667": [0, -1.5, 0],
						"0.7083": [0, 0.5, 0],
						"0.75": [0, 0, 0],
						"0.7917": [0, 0.5, 0],
						"0.8333": [0, 0.6, 0],
						"0.875": [0, 0.5, 0],
						"0.9167": [0, 0, 0],
						"1.1667": [0, 0, 0]
					}
				},
				"legs": {
					"position": {
						"0.0": {
							"post": [0, 0, 0],
							"lerp_mode": "catmullrom"
						},
						"0.375": {
							"post": [0, 0, -3],
							"lerp_mode": "catmullrom"
						},
						"1.1667": {
							"post": [0, 0, 0],
							"lerp_mode": "catmullrom"
						}
					}
				},
				"legpart1": {
					"rotation": {
						"0.0": [0, 0, 0],
						"0.375": [15, 0, 0],
						"1.1667": [0, 0, 0]
					}
				},
				"legwalk1": {
					"rotation": {
						"0.0": [0, 0, 0],
						"0.375": [0, 0, 0],
						"0.625": [-7.5, 0, 0],
						"1.1667": [0, 0, 0]
					}
				},
				"legwalk2": {
					"rotation": {
						"0.0": [0, 0, 0],
						"0.5": [0, 12.5, 0],
						"1.1667": [0, 0, 0]
					},
					"position": {
						"0.0": [0, 0, 0],
						"0.5": [0, 0, -3],
						"1.1667": [0, 0, 0]
					}
				}
			}
		},
		"animation.coalossal.battle_cry": {
			"animation_length": 1.1667,
			"bones": {
				"leg1": {
					"rotation": {
						"0.0": {
							"post": [0, -17.5, 0],
							"lerp_mode": "catmullrom"
						},
						"0.1667": {
							"post": [5, -16.01166, 0],
							"lerp_mode": "catmullrom"
						},
						"0.375": {
							"post": [-7.5, -15, 0],
							"lerp_mode": "catmullrom"
						},
						"0.5": {
							"post": [0.77032, -18.4112, 0],
							"lerp_mode": "catmullrom"
						},
						"0.625": {
							"post": [-8.35277, -22.0101, 0],
							"lerp_mode": "catmullrom"
						},
						"0.75": {
							"post": [0, -22.5, 0],
							"lerp_mode": "catmullrom"
						},
						"0.875": {
							"post": [10.59214, -20.55267, 0],
							"lerp_mode": "catmullrom"
						},
						"1.1667": {
							"post": [0, -17.5, 0],
							"lerp_mode": "catmullrom"
						}
					},
					"position": {
						"0.0": {
							"post": [0, 0, -3],
							"lerp_mode": "catmullrom"
						},
						"0.1667": {
							"post": [0, -0.68, -3.86],
							"lerp_mode": "catmullrom"
						},
						"0.2917": {
							"post": [0, -0.37, -4.61],
							"lerp_mode": "catmullrom"
						},
						"0.375": {
							"post": [0, 3, -5],
							"lerp_mode": "catmullrom"
						},
						"0.625": {
							"post": [0, 2.42, -5.02],
							"lerp_mode": "catmullrom"
						},
						"0.6667": [0, 1.62, -5.04],
						"0.7083": [0, -1.09, -5.06],
						"0.75": [0, -1, -5],
						"0.7917": [0, 0.35, -4.81],
						"0.8333": [0, -0.66, -4.58],
						"0.875": {
							"pre": [0, 0.14, -4.22],
							"post": [0, 0.14, -4.22],
							"lerp_mode": "catmullrom"
						},
						"1.1667": {
							"post": [0, 0, -3],
							"lerp_mode": "catmullrom"
						}
					}
				},
				"leg2": {
					"rotation": {
						"0.0": {
							"post": [0, 17.5, 0],
							"lerp_mode": "catmullrom"
						},
						"0.375": {
							"post": [0, 42.5, 0],
							"lerp_mode": "catmullrom"
						},
						"0.5": {
							"post": [0, 21.47, 0],
							"lerp_mode": "catmullrom"
						},
						"0.6667": {
							"post": [0, 17.5, 0],
							"lerp_mode": "catmullrom"
						},
						"1.1667": {
							"post": [0, 17.5, 0],
							"lerp_mode": "catmullrom"
						}
					},
					"position": {
						"0.0": {
							"post": [0, 0, -3],
							"lerp_mode": "catmullrom"
						},
						"0.1667": {
							"post": [0, 2, -3],
							"lerp_mode": "catmullrom"
						},
						"0.3333": {
							"post": [0, -0.44, -3],
							"lerp_mode": "catmullrom"
						},
						"0.6667": {
							"post": [0, 0, -3],
							"lerp_mode": "catmullrom"
						},
						"1.1667": {
							"post": [0, 0, -3],
							"lerp_mode": "catmullrom"
						}
					}
				},
				"torso": {
					"rotation": {
						"0.0": [10, 0, 0],
						"0.1667": [18.30817, 7.12436, 2.3499],
						"0.375": [17.5, 0, 0],
						"0.6667": [-10, "0+math.sin(q.anim_time*90*2*2*90)*2", "0+math.sin(q.anim_time*90*12*2*90)*2"],
						"1.1667": [10, 0, 0]
					},
					"position": {
						"0.0": [0, -1, 6],
						"0.375": [0, -1, 6],
						"0.6667": [0, -1, -6],
						"0.7083": [0, -2, -5.91],
						"0.75": [0, -0.98, -5.34],
						"0.7917": [0, -1.94, -4.72],
						"1.1667": [0, -1, 6]
					}
				},
				"torso_mini": {
					"rotation": {
						"0.0": [-2.5, 0, 0],
						"0.6667": [0, "0+math.sin(q.anim_time*90*2*2*90)*4", 0],
						"1.1667": [-2.5, 0, 0]
					},
					"position": {
						"0.0": [0, 0, -1],
						"1.1667": [0, 0, -1]
					}
				},
				"hand_parte1": {
					"rotation": {
						"0.0": [0, 7.5, 40],
						"0.375": [0, 30, 40],
						"0.6667": [0, -30, 40],
						"1.1667": [0, 7.5, 40]
					},
					"position": {
						"0.0": {
							"post": [-20, 13, 3],
							"lerp_mode": "catmullrom"
						},
						"0.375": {
							"post": [-18.84, 13, 3.11],
							"lerp_mode": "catmullrom"
						},
						"0.6667": {
							"post": [-18, 13, -2],
							"lerp_mode": "catmullrom"
						},
						"1.1667": {
							"post": [-20, 13, 3],
							"lerp_mode": "catmullrom"
						}
					}
				},
				"hand_mini1": {
					"rotation": {
						"0.0": {
							"post": [0, -7.5, 20],
							"lerp_mode": "catmullrom"
						},
						"0.375": {
							"post": [6.24605, 19.03771, 38.54835],
							"lerp_mode": "catmullrom"
						},
						"0.6667": {
							"post": [9.00717, 20.70481, 24.14867],
							"lerp_mode": "catmullrom"
						},
						"1.1667": {
							"post": [0, -7.5, 20],
							"lerp_mode": "catmullrom"
						}
					},
					"position": {
						"0.0": {
							"post": [0, 4, -1],
							"lerp_mode": "catmullrom"
						},
						"0.375": {
							"post": [0, 4, 1],
							"lerp_mode": "catmullrom"
						},
						"0.6667": {
							"post": [-1, 4, 3],
							"lerp_mode": "catmullrom"
						},
						"1.1667": {
							"post": [0, 4, -1],
							"lerp_mode": "catmullrom"
						}
					}
				},
				"fist": {
					"rotation": {
						"0.0": {
							"post": [0, 57.5, 0],
							"lerp_mode": "catmullrom"
						},
						"0.375": {
							"post": [71.83277, 46.03805, 76.71018],
							"lerp_mode": "catmullrom"
						},
						"0.6667": {
							"post": [0, 40, 0],
							"lerp_mode": "catmullrom"
						},
						"1.1667": {
							"post": [0, 57.5, 0],
							"lerp_mode": "catmullrom"
						}
					},
					"position": {
						"0.0": {
							"post": [4, 0, 15],
							"lerp_mode": "catmullrom"
						},
						"0.375": {
							"post": [12, 12, 15],
							"lerp_mode": "catmullrom"
						},
						"0.6667": {
							"post": [0, 0, 11],
							"lerp_mode": "catmullrom"
						},
						"1.1667": {
							"post": [4, 0, 15],
							"lerp_mode": "catmullrom"
						}
					}
				},
				"hand_parte2": {
					"rotation": {
						"0.0": [0, -7.5, -40],
						"0.375": [0, -30, -40],
						"0.6667": [0, 30, -40],
						"1.1667": [0, -7.5, -40]
					},
					"position": {
						"0.0": {
							"post": [20, 13, 3],
							"lerp_mode": "catmullrom"
						},
						"0.375": {
							"post": [18.84, 13, 3.11],
							"lerp_mode": "catmullrom"
						},
						"0.6667": {
							"post": [18, 13, -2],
							"lerp_mode": "catmullrom"
						},
						"1.1667": {
							"post": [20, 13, 3],
							"lerp_mode": "catmullrom"
						}
					}
				},
				"hand_mini2": {
					"rotation": {
						"0.0": {
							"post": [0, 7.5, -20],
							"lerp_mode": "catmullrom"
						},
						"0.375": {
							"post": [6.24605, -19.03771, -38.54835],
							"lerp_mode": "catmullrom"
						},
						"0.6667": {
							"post": [9.00717, -20.70481, -24.14867],
							"lerp_mode": "catmullrom"
						},
						"1.1667": {
							"post": [0, 7.5, -20],
							"lerp_mode": "catmullrom"
						}
					},
					"position": {
						"0.0": {
							"post": [0, 4, -1],
							"lerp_mode": "catmullrom"
						},
						"0.375": {
							"post": [0, 4, 1],
							"lerp_mode": "catmullrom"
						},
						"0.6667": {
							"post": [1, 4, 3],
							"lerp_mode": "catmullrom"
						},
						"1.1667": {
							"post": [0, 4, -1],
							"lerp_mode": "catmullrom"
						}
					}
				},
				"fist3": {
					"rotation": {
						"0.0": {
							"post": [0, -57.5, 0],
							"lerp_mode": "catmullrom"
						},
						"0.375": {
							"post": [71.83277, -46.03805, -76.71018],
							"lerp_mode": "catmullrom"
						},
						"0.6667": {
							"post": [0, -40, 0],
							"lerp_mode": "catmullrom"
						},
						"1.1667": {
							"post": [0, -57.5, 0],
							"lerp_mode": "catmullrom"
						}
					},
					"position": {
						"0.0": {
							"post": [-4, 0, 15],
							"lerp_mode": "catmullrom"
						},
						"0.375": {
							"post": [-12, 12, 15],
							"lerp_mode": "catmullrom"
						},
						"0.6667": {
							"post": [0, 0, 11],
							"lerp_mode": "catmullrom"
						},
						"1.1667": {
							"post": [-4, 0, 15],
							"lerp_mode": "catmullrom"
						}
					}
				},
				"head": {
					"rotation": {
						"0.0": [-5, 0, 0],
						"0.375": [-10, 0, 0],
						"0.6667": [-12.5, 0, "0+math.sin(q.anim_time*90*2*2*90)*4"],
						"1.1667": [-5, 0, 0]
					},
					"position": {
						"0.0": [0, 0, 0],
						"0.6667": [0, 0, -1.5],
						"1.1667": [0, 0, 0]
					}
				},
				"mounch1": {
					"rotation": {
						"0.0": [2.5, 0, 0],
						"0.375": [7.66, 0, 0],
						"0.6667": ["25+math.sin(q.anim_time*90*22)*3", 0, 0],
						"1.1667": [2.5, 0, 0]
					}
				},
				"bone2": {
					"rotation": {
						"0.0": {
							"post": [0, 0, 40],
							"lerp_mode": "catmullrom"
						},
						"1.1667": {
							"post": [0, 0, 40],
							"lerp_mode": "catmullrom"
						}
					},
					"position": {
						"0.0": {
							"post": [-26, 0, 0],
							"lerp_mode": "catmullrom"
						},
						"1.1667": {
							"post": [-26, 0, 0],
							"lerp_mode": "catmullrom"
						}
					}
				},
				"bone": {
					"rotation": [0, 0, -40],
					"position": [0, -3, 0]
				},
				"bone4": {
					"rotation": [-5, 0, 0],
					"position": [0, -1, -5]
				},
				"bone5": {
					"position": [0, -1, 0]
				},
				"hands": {
					"position": [0, 3, 0]
				},
				"allbody": {
					"rotation": {
						"0.0": {
							"post": [0, 0, 0],
							"lerp_mode": "catmullrom"
						},
						"0.5417": {
							"post": [0, 5, 0],
							"lerp_mode": "catmullrom"
						},
						"1.1667": {
							"post": [0, 0, 0],
							"lerp_mode": "catmullrom"
						}
					},
					"position": {
						"0.0": [0, 0, 0],
						"0.375": [0, 0, 2],
						"0.6667": [0, -1.5, 0],
						"0.7083": [0, 0.5, 0],
						"0.75": [0, 0, 0],
						"0.7917": [0, 0.5, 0],
						"0.8333": [0, 0.6, 0],
						"0.875": [0, 0.5, 0],
						"0.9167": [0, 0, 0],
						"1.1667": [0, 0, 0]
					}
				},
				"legs": {
					"position": {
						"0.0": {
							"post": [0, 0, 0],
							"lerp_mode": "catmullrom"
						},
						"0.375": {
							"post": [0, 0, -3],
							"lerp_mode": "catmullrom"
						},
						"1.1667": {
							"post": [0, 0, 0],
							"lerp_mode": "catmullrom"
						}
					}
				},
				"legpart1": {
					"rotation": {
						"0.0": [0, 0, 0],
						"0.375": [15, 0, 0],
						"1.1667": [0, 0, 0]
					}
				},
				"legwalk1": {
					"rotation": {
						"0.0": [0, 0, 0],
						"0.375": [0, 0, 0],
						"0.625": [-7.5, 0, 0],
						"1.1667": [0, 0, 0]
					}
				},
				"legwalk2": {
					"rotation": {
						"0.0": [0, 0, 0],
						"0.5": [0, 12.5, 0],
						"1.1667": [0, 0, 0]
					},
					"position": {
						"0.0": [0, 0, 0],
						"0.5": [0, 0, -3],
						"1.1667": [0, 0, 0]
					}
				}
			},
			"sound_effects": {
				"0.125": {
					"effect": "pokemon.coalossal.cry"
				}
			}
		},
		"animation.coalossal.cry": {
			"animation_length": 1,
			"bones": {
				"torso": {
					"rotation": {
						"0.0": [0, 0, 0],
						"0.25": [-5, 0, 0],
						"1.0": [0, 0, 0]
					}
				},
				"hand_parte1": {
					"rotation": {
						"0.0": {
							"post": [0, 0, 0],
							"lerp_mode": "catmullrom"
						},
						"0.25": {
							"post": [0, -7.5, 0],
							"lerp_mode": "catmullrom"
						},
						"1.0": {
							"post": [0, 0, 0],
							"lerp_mode": "catmullrom"
						}
					}
				},
				"hand_parte2": {
					"rotation": {
						"0.0": {
							"post": [0, 0, 0],
							"lerp_mode": "catmullrom"
						},
						"0.25": {
							"post": [0, 7.5, 0],
							"lerp_mode": "catmullrom"
						},
						"1.0": {
							"post": [0, 0, 0],
							"lerp_mode": "catmullrom"
						}
					}
				},
				"head": {
					"rotation": {
						"0.0": [0, 0, 0],
						"0.25": [-7.5, 0, 0],
						"1.0": [0, 0, 0]
					}
				},
				"mounch1": {
					"rotation": {
						"0.0": [0, 0, 0],
						"0.25": [22.5, 0, 0],
						"1.0": [0, 0, 0]
					}
				}
			},
			"sound_effects": {
				"0.125": {
					"effect": "pokemon.coalossal.cry"
				}
			}
		}
	}
}