{
	"format_version": "1.8.0",
	"animations": {
		"animation.espeon.ground_idle": {
			"loop": true,
			"bones": {
				"body": {
					"position": [0, -0.2, 0]
				},
				"ear_left": {
					"rotation": [-20, "0-math.sin(query.anim_time*90*2-230)*2", "0+math.sin(query.anim_time*90*2-160)*1"]
				},
				"ear_left2": {
					"rotation": ["-2.5-math.sin(query.anim_time*90*2-290)*1", 0, 0]
				},
				"ear_right": {
					"rotation": [-20, "0+math.sin(query.anim_time*90*2-210)*2", "0-math.sin(query.anim_time*90*2-160)*1"]
				},
				"ear_right2": {
					"rotation": ["-2.5-math.sin(query.anim_time*90*2-270)*1", 0, 0]
				},
				"tail": {
					"rotation": ["35-math.sin(query.anim_time*90*2-160)*4", "0-math.sin(query.anim_time*90*1-160)*14", 0]
				},
				"tail2": {
					"rotation": [-4.8089, "1.38955-math.sin(query.anim_time*90*1-220)*8", -1.04339]
				},
				"tail3": {
					"rotation": ["10-math.sin(query.anim_time*90*2-280)*6", "0-math.sin(query.anim_time*90*1-280)*6", 0]
				},
				"front_leg_left": {
					"rotation": [2.4905, -0.21782, 2.99527],
					"position": [0, -0.25, 0]
				},
				"elbow_left": {
					"rotation": [-10, 0, 0]
				},
				"frontpaw_left": {
					"rotation": [7.43656, 0.9762, -5.43656],
					"position": [0, 0.25, 0]
				},
				"front_leg_right": {
					"rotation": [2.4905, 0.21782, -2.99527]
				},
				"elbow_right": {
					"rotation": [-10, 0, 0]
				},
				"frontpaw_right": {
					"rotation": [7.47178, -0.65182, 2.95744]
				},
				"back_leg_left": {
					"rotation": [2.9886, "-0.2614-math.sin(query.anim_time*90*2-0)*1.5", 0.99318]
				},
				"ankle_left": {
					"rotation": [-5, 0, 0]
				},
				"foot_left": {
					"rotation": [2.49768, "-0.3266275607+math.sin(query.anim_time*90*2-0)*1", "2.4833738216-math.sin(query.anim_time*90*2-0)*0.5"],
					"position": ["0+math.sin(query.anim_time*90*2-0)*0.05", 0.2, 0]
				},
				"back_leg_right": {
					"rotation": [2.9886, "0.2614-math.sin(query.anim_time*90*2-0)*1.5", -0.99318]
				},
				"ankle_right": {
					"rotation": [-5, 0, 0]
				},
				"foot_right": {
					"rotation": [2.49768, "0.3266+math.sin(query.anim_time*90*2-0)*1", "-2.4834+math.sin(query.anim_time*90*2-0)*0.5"],
					"position": ["0+math.sin(query.anim_time*90*2-0)*0.05", 0.2, 0]
				},
				"umbreon": {
					"position": [0, -0.25, 0]
				},
				"torso": {
					"rotation": ["-math.sin(query.anim_time*90*2-80)*1", 0, 0],
					"position": [0, "0-math.sin(query.anim_time*90*2)*0.3", 0]
				},
				"neck": {
					"rotation": ["0-math.sin(query.anim_time*90*2-140)*1", 0, 0]
				},
				"head_angle": {
					"rotation": ["2.1766-math.sin(query.anim_time*90*2-230)*2", 2.12289, -1.15078]
				},
				"ear_left3": {
					"rotation": ["0+math.sin(query.anim_time*90*2-150)*2", 0, 0]
				},
				"ear_right3": {
					"rotation": ["0+math.sin(query.anim_time*90*2-120)*2", 0, 0]
				},
				"tail4": {
					"rotation": [7.5, "0+math.sin(query.anim_time*90*1-140)*8", 0]
				},
				"ear_scruff_left": {
					"rotation": [0, 0, "0+math.sin(query.anim_time*90*2-140)*1"]
				},
				"ear2_right": {
					"rotation": [0, "0+math.sin(query.anim_time*90*2-130)*3", 0]
				},
				"ear_scruff_right": {
					"rotation": [0, 0, "0-math.sin(query.anim_time*90*2-140)*1"]
				},
				"ear2_left": {
					"rotation": [0, "0-math.sin(query.anim_time*90*2-110)*3", 0]
				},
				"tail5": {
					"rotation": [0, "0+math.sin(query.anim_time*90*1-180)*10", 0]
				},
				"tail_left": {
					"rotation": [0, "0-math.sin(query.anim_time*90*1-260)*12", 0]
				},
				"tail_left2": {
					"rotation": [0, "0+math.sin(query.anim_time*90*1-120)*14", 0]
				},
				"tail_right": {
					"rotation": [0, "0-math.sin(query.anim_time*90*1-240)*10", 0]
				},
				"tail_right2": {
					"rotation": [0, "0+math.sin(query.anim_time*90*1-100)*10", 0]
				}
			}
		},
		"animation.espeon.ground_walk": {
			"loop": true,
			"animation_length": 4,
			"bones": {
				"torso": {
					"rotation": ["0+math.sin(query.anim_time*90*6-80)*1", "0+math.sin(query.anim_time*90*3-100)*3", "0-math.sin(query.anim_time*90*3-160)*2"],
					"position": [0, "0-math.sin(query.anim_time*90*6+20)*0.3", 0]
				},
				"torso2": {
					"rotation": [0, "0-math.sin(query.anim_time*90*3-100)*3", "0+math.sin(query.anim_time*90*3-160)*2"]
				},
				"torso3": {
					"rotation": [0, "0-math.sin(query.anim_time*90*3-80)*2", "0+math.sin(query.anim_time*90*3-80)*2"]
				},
				"neck": {
					"rotation": [0, 0, 0]
				},
				"head_angle": {
					"rotation": ["0+math.sin(query.anim_time*90*6-140)*1", "0+math.sin(query.anim_time*90*3-80)*3", "0-math.sin(query.anim_time*90*3-80)*2"]
				},
				"ear_left": {
					"rotation": [-20, "0-math.sin(query.anim_time*90*3-230)*4", "0+math.sin(query.anim_time*90*6-160)*1.5"]
				},
				"ear_left2": {
					"rotation": ["-7.5+math.sin(query.anim_time*90*6-260)*1", 0, 0]
				},
				"ear_left3": {
					"rotation": ["-10+math.sin(query.anim_time*90*6-280)*2", 0, 0]
				},
				"ear_right": {
					"rotation": [-20, "0+math.sin(query.anim_time*90*3-210)*4", "0-math.sin(query.anim_time*90*6-160)*1.5"]
				},
				"ear_right2": {
					"rotation": ["-7.5+math.sin(query.anim_time*90*6-240)*1", 0, 0]
				},
				"ear_right3": {
					"rotation": ["-10+math.sin(query.anim_time*90*6-260)*2", 0, 0]
				},
				"tail": {
					"rotation": ["35-math.sin(query.anim_time*90*6-190)*2", "0-math.sin(query.anim_time*90*2-160)*14", 0]
				},
				"tail2": {
					"rotation": [-4.8089, "1.38955-math.sin(query.anim_time*90*2-220)*8", -1.04339]
				},
				"tail3": {
					"rotation": ["10-math.sin(query.anim_time*90*2-280)*6", "0-math.sin(query.anim_time*90*2-280)*6", 0]
				},
				"tail4": {
					"rotation": [7.5, "0+math.sin(query.anim_time*90*2-140)*8", 0]
				},
				"front_leg_left": {
					"rotation": ["2.5453+math.sin(q.anim_time*90*3-100)*15", 1.06149, 2.88631],
					"position": [0, "0+math.clamp(-math.sin(q.anim_time*90*3)*1.5,0,1.5)", "0+math.sin(q.anim_time*90*3-80)*0.5"]
				},
				"elbow_left": {
					"rotation": {
						"0.0": {
							"post": [-10, 0, 0],
							"lerp_mode": "catmullrom"
						},
						"0.625": {
							"post": [-10, 0, 0],
							"lerp_mode": "catmullrom"
						},
						"1.0833": {
							"post": [-12.56441, 0, 0],
							"lerp_mode": "catmullrom"
						},
						"1.3333": {
							"post": [-10, 0, 0],
							"lerp_mode": "catmullrom"
						},
						"1.9583": {
							"post": [-10, 0, 0],
							"lerp_mode": "catmullrom"
						},
						"2.4167": {
							"post": [-12.56441, 0, 0],
							"lerp_mode": "catmullrom"
						},
						"2.6667": {
							"post": [-10, 0, 0],
							"lerp_mode": "catmullrom"
						},
						"3.2917": {
							"post": [-10, 0, 0],
							"lerp_mode": "catmullrom"
						},
						"3.75": {
							"post": [-12.56441, 0, 0],
							"lerp_mode": "catmullrom"
						},
						"4.0": {
							"post": [-10, 0, 0],
							"lerp_mode": "catmullrom"
						}
					}
				},
				"frontpaw_left": {
					"rotation": {
						"0.0": {
							"post": [22.5, 0, -2],
							"lerp_mode": "catmullrom"
						},
						"0.625": {
							"post": [-7.5, 0, -2],
							"lerp_mode": "catmullrom"
						},
						"0.9167": {
							"post": [25, 0, -2],
							"lerp_mode": "catmullrom"
						},
						"1.1667": {
							"post": [-1.25, 0, -2],
							"lerp_mode": "catmullrom"
						},
						"1.3333": {
							"post": [22.5, 0, -2],
							"lerp_mode": "catmullrom"
						},
						"1.9583": {
							"post": [-7.5, 0, -2],
							"lerp_mode": "catmullrom"
						},
						"2.25": {
							"post": [25, 0, -2],
							"lerp_mode": "catmullrom"
						},
						"2.5": {
							"post": [-1.25, 0, -2],
							"lerp_mode": "catmullrom"
						},
						"2.6667": {
							"post": [22.5, 0, -2],
							"lerp_mode": "catmullrom"
						},
						"3.2917": {
							"post": [-7.5, 0, -2],
							"lerp_mode": "catmullrom"
						},
						"3.5833": {
							"post": [25, 0, -2],
							"lerp_mode": "catmullrom"
						},
						"3.8333": {
							"post": [-1.25, 0, -2],
							"lerp_mode": "catmullrom"
						},
						"4.0": {
							"post": [22.5, 0, -2],
							"lerp_mode": "catmullrom"
						}
					},
					"position": {
						"0.0": {
							"post": [0, 0, 0],
							"lerp_mode": "catmullrom"
						},
						"0.375": {
							"post": [0, 0.45, 0],
							"lerp_mode": "catmullrom"
						},
						"0.625": {
							"post": [0, 0.35, 0],
							"lerp_mode": "catmullrom"
						},
						"1.3333": {
							"post": [0, 0, 0],
							"lerp_mode": "catmullrom"
						},
						"1.7083": {
							"post": [0, 0.45, 0],
							"lerp_mode": "catmullrom"
						},
						"1.9583": {
							"post": [0, 0.35, 0],
							"lerp_mode": "catmullrom"
						},
						"2.6667": {
							"post": [0, 0, 0],
							"lerp_mode": "catmullrom"
						},
						"3.0417": {
							"post": [0, 0.45, 0],
							"lerp_mode": "catmullrom"
						},
						"3.2917": {
							"post": [0, 0.35, 0],
							"lerp_mode": "catmullrom"
						},
						"4.0": {
							"post": [0, 0, 0],
							"lerp_mode": "catmullrom"
						}
					}
				},
				"front_leg_right": {
					"rotation": ["2.4381-math.sin(q.anim_time*90*3-100)*15", 1.48283, -2.77559],
					"position": [0, "0+math.clamp(math.sin(q.anim_time*90*3)*1.5,0,1.5)", "0-math.sin(q.anim_time*90*3-80)*0.5"]
				},
				"elbow_right": {
					"rotation": {
						"0.0": {
							"post": [-10.16, 0, 0],
							"lerp_mode": "catmullrom"
						},
						"0.4167": {
							"post": [-12.56441, 0, 0],
							"lerp_mode": "catmullrom"
						},
						"0.6667": {
							"post": [-10, 0, 0],
							"lerp_mode": "catmullrom"
						},
						"1.2917": {
							"post": [-10, 0, 0],
							"lerp_mode": "catmullrom"
						},
						"1.75": {
							"post": [-12.56441, 0, 0],
							"lerp_mode": "catmullrom"
						},
						"2.0": {
							"post": [-10, 0, 0],
							"lerp_mode": "catmullrom"
						},
						"2.625": {
							"post": [-10, 0, 0],
							"lerp_mode": "catmullrom"
						},
						"3.0833": {
							"post": [-12.56441, 0, 0],
							"lerp_mode": "catmullrom"
						},
						"3.3333": {
							"post": [-10, 0, 0],
							"lerp_mode": "catmullrom"
						},
						"3.9583": {
							"post": [-10, 0, 0],
							"lerp_mode": "catmullrom"
						},
						"4.0": {
							"post": [-10.16, 0, 0],
							"lerp_mode": "catmullrom"
						}
					}
				},
				"frontpaw_right": {
					"rotation": {
						"0.0": {
							"post": [-5.62, 0, 2.2],
							"lerp_mode": "catmullrom"
						},
						"0.25": {
							"post": [25, 0, 2.2],
							"lerp_mode": "catmullrom"
						},
						"0.5": {
							"post": [-1.25, 0, 2.2],
							"lerp_mode": "catmullrom"
						},
						"0.6667": {
							"post": [22.5, 0, 2.2],
							"lerp_mode": "catmullrom"
						},
						"1.2917": {
							"post": [-7.5, 0, 2.2],
							"lerp_mode": "catmullrom"
						},
						"1.5833": {
							"post": [25, 0, 2.2],
							"lerp_mode": "catmullrom"
						},
						"1.8333": {
							"post": [-1.25, 0, 2.2],
							"lerp_mode": "catmullrom"
						},
						"2.0": {
							"post": [22.5, 0, 2.2],
							"lerp_mode": "catmullrom"
						},
						"2.625": {
							"post": [-7.5, 0, 2.2],
							"lerp_mode": "catmullrom"
						},
						"2.9167": {
							"post": [25, 0, 2.2],
							"lerp_mode": "catmullrom"
						},
						"3.1667": {
							"post": [-1.25, 0, 2.2],
							"lerp_mode": "catmullrom"
						},
						"3.3333": {
							"post": [22.5, 0, 2.2],
							"lerp_mode": "catmullrom"
						},
						"4.0": {
							"post": [-5.62, 0, 2.2],
							"lerp_mode": "catmullrom"
						}
					},
					"position": {
						"0.0": {
							"post": [0, 0.33, 0],
							"lerp_mode": "catmullrom"
						},
						"0.6667": {
							"post": [0, 0, 0],
							"lerp_mode": "catmullrom"
						},
						"1.0417": {
							"post": [0, 0.45, 0],
							"lerp_mode": "catmullrom"
						},
						"1.2917": {
							"post": [0, 0.35, 0],
							"lerp_mode": "catmullrom"
						},
						"2.0": {
							"post": [0, 0, 0],
							"lerp_mode": "catmullrom"
						},
						"2.375": {
							"post": [0, 0.45, 0],
							"lerp_mode": "catmullrom"
						},
						"2.625": {
							"post": [0, 0.35, 0],
							"lerp_mode": "catmullrom"
						},
						"3.3333": {
							"post": [0, 0, 0],
							"lerp_mode": "catmullrom"
						},
						"3.7083": {
							"post": [0, 0.45, 0],
							"lerp_mode": "catmullrom"
						},
						"4.0": {
							"post": [0, 0.33, 0],
							"lerp_mode": "catmullrom"
						}
					}
				},
				"back_leg_left": {
					"rotation": ["0.5342+math.sin(q.anim_time*90*3-40)*15", 0.79341, 0.93681],
					"position": [0, "0+math.clamp(-math.sin(q.anim_time*90*3+60)*1.5,0,1.5)", "0+math.sin(q.anim_time*90*3-20)*0.5"]
				},
				"ankle_left": {
					"rotation": {
						"0.0": {
							"post": [-5, 0, 0],
							"lerp_mode": "catmullrom"
						},
						"0.3333": {
							"post": [-5, 0, 0],
							"lerp_mode": "catmullrom"
						},
						"0.625": {
							"post": [0, 0, 0],
							"lerp_mode": "catmullrom"
						},
						"0.9583": {
							"post": [-5, 0, 0],
							"lerp_mode": "catmullrom"
						},
						"1.1667": {
							"post": [-5, 0, 0],
							"lerp_mode": "catmullrom"
						},
						"1.3333": {
							"post": [-5, 0, 0],
							"lerp_mode": "catmullrom"
						},
						"1.6667": {
							"post": [-5, 0, 0],
							"lerp_mode": "catmullrom"
						},
						"1.9583": {
							"post": [0, 0, 0],
							"lerp_mode": "catmullrom"
						},
						"2.2917": {
							"post": [-5, 0, 0],
							"lerp_mode": "catmullrom"
						},
						"2.5": {
							"post": [-5, 0, 0],
							"lerp_mode": "catmullrom"
						},
						"2.6667": {
							"post": [-5, 0, 0],
							"lerp_mode": "catmullrom"
						},
						"3.0": {
							"post": [-5, 0, 0],
							"lerp_mode": "catmullrom"
						},
						"3.2917": {
							"post": [0, 0, 0],
							"lerp_mode": "catmullrom"
						},
						"3.625": {
							"post": [-5, 0, 0],
							"lerp_mode": "catmullrom"
						},
						"3.8333": {
							"post": [-5, 0, 0],
							"lerp_mode": "catmullrom"
						},
						"4.0": {
							"post": [-5, 0, 0],
							"lerp_mode": "catmullrom"
						}
					}
				},
				"foot_left": {
					"rotation": {
						"0.0": {
							"post": [12, 0, -3],
							"lerp_mode": "catmullrom"
						},
						"0.4583": {
							"post": [-10.5, 0, -3],
							"lerp_mode": "catmullrom"
						},
						"0.7083": {
							"post": [12, 0, -3],
							"lerp_mode": "catmullrom"
						},
						"0.9167": {
							"post": [-1.75, 0, -3],
							"lerp_mode": "catmullrom"
						},
						"1.125": {
							"post": [12, 0, -3],
							"lerp_mode": "catmullrom"
						},
						"1.3333": {
							"post": [12, 0, -3],
							"lerp_mode": "catmullrom"
						},
						"1.7917": {
							"post": [-10.5, 0, -3],
							"lerp_mode": "catmullrom"
						},
						"2.0417": {
							"post": [12, 0, -3],
							"lerp_mode": "catmullrom"
						},
						"2.25": {
							"post": [-1.75, 0, -3],
							"lerp_mode": "catmullrom"
						},
						"2.4583": {
							"post": [12, 0, -3],
							"lerp_mode": "catmullrom"
						},
						"2.6667": {
							"post": [12, 0, -3],
							"lerp_mode": "catmullrom"
						},
						"3.125": {
							"post": [-10.5, 0, -3],
							"lerp_mode": "catmullrom"
						},
						"3.375": {
							"post": [12, 0, -3],
							"lerp_mode": "catmullrom"
						},
						"3.5833": {
							"post": [-1.75, 0, -3],
							"lerp_mode": "catmullrom"
						},
						"3.7917": {
							"post": [12, 0, -3],
							"lerp_mode": "catmullrom"
						},
						"4.0": {
							"post": [12, 0, -3],
							"lerp_mode": "catmullrom"
						}
					},
					"position": {
						"0.0": {
							"post": [0, 0.5, 0],
							"lerp_mode": "catmullrom"
						},
						"0.4583": {
							"post": [0, -0.25, -0.25],
							"lerp_mode": "catmullrom"
						},
						"1.125": {
							"post": [0, 0.5, 0],
							"lerp_mode": "catmullrom"
						},
						"1.3333": {
							"post": [0, 0.5, 0],
							"lerp_mode": "catmullrom"
						},
						"1.7917": {
							"post": [0, -0.25, -0.25],
							"lerp_mode": "catmullrom"
						},
						"2.4583": {
							"post": [0, 0.5, 0],
							"lerp_mode": "catmullrom"
						},
						"2.6667": {
							"post": [0, 0.5, 0],
							"lerp_mode": "catmullrom"
						},
						"3.125": {
							"post": [0, -0.25, -0.25],
							"lerp_mode": "catmullrom"
						},
						"3.7917": {
							"post": [0, 0.5, 0],
							"lerp_mode": "catmullrom"
						},
						"4.0": {
							"post": [0, 0.5, 0],
							"lerp_mode": "catmullrom"
						}
					}
				},
				"back_leg_right": {
					"rotation": ["0.4622-math.sin(q.anim_time*90*3-40)*15", 0.87934, -0.92226],
					"position": [0, "0+math.clamp(math.sin(q.anim_time*90*3+60)*1.5,0,1.5)", "0-math.sin(q.anim_time*90*3-20)*0.5"]
				},
				"ankle_right": {
					"rotation": {
						"0.0": {
							"post": [-0.18, 0, 0],
							"lerp_mode": "catmullrom"
						},
						"0.2917": {
							"post": [-5, 0, 0],
							"lerp_mode": "catmullrom"
						},
						"0.5": {
							"post": [-5, 0, 0],
							"lerp_mode": "catmullrom"
						},
						"0.6667": {
							"post": [-5, 0, 0],
							"lerp_mode": "catmullrom"
						},
						"1.0": {
							"post": [-5, 0, 0],
							"lerp_mode": "catmullrom"
						},
						"1.2917": {
							"post": [0, 0, 0],
							"lerp_mode": "catmullrom"
						},
						"1.625": {
							"post": [-5, 0, 0],
							"lerp_mode": "catmullrom"
						},
						"1.8333": {
							"post": [-5, 0, 0],
							"lerp_mode": "catmullrom"
						},
						"2.0": {
							"post": [-5, 0, 0],
							"lerp_mode": "catmullrom"
						},
						"2.3333": {
							"post": [-5, 0, 0],
							"lerp_mode": "catmullrom"
						},
						"2.625": {
							"post": [0, 0, 0],
							"lerp_mode": "catmullrom"
						},
						"2.9583": {
							"post": [-5, 0, 0],
							"lerp_mode": "catmullrom"
						},
						"3.1667": {
							"post": [-5, 0, 0],
							"lerp_mode": "catmullrom"
						},
						"3.3333": {
							"post": [-5, 0, 0],
							"lerp_mode": "catmullrom"
						},
						"3.6667": {
							"post": [-5, 0, 0],
							"lerp_mode": "catmullrom"
						},
						"3.9583": {
							"post": [0, 0, 0],
							"lerp_mode": "catmullrom"
						},
						"4.0": {
							"post": [-0.18, 0, 0],
							"lerp_mode": "catmullrom"
						}
					}
				},
				"foot_right": {
					"rotation": {
						"0.0": {
							"post": [12, 0, -1],
							"lerp_mode": "catmullrom"
						},
						"0.25": {
							"post": [-1.75, 0, -1],
							"lerp_mode": "catmullrom"
						},
						"0.4583": {
							"post": [12, 0, -1],
							"lerp_mode": "catmullrom"
						},
						"0.6667": {
							"post": [12, 0, -1],
							"lerp_mode": "catmullrom"
						},
						"1.125": {
							"post": [-10.5, 0, -1],
							"lerp_mode": "catmullrom"
						},
						"1.375": {
							"post": [12, 0, -1],
							"lerp_mode": "catmullrom"
						},
						"1.5833": {
							"post": [-1.75, 0, -1],
							"lerp_mode": "catmullrom"
						},
						"1.7917": {
							"post": [12, 0, -1],
							"lerp_mode": "catmullrom"
						},
						"2.0": {
							"post": [12, 0, -1],
							"lerp_mode": "catmullrom"
						},
						"2.4583": {
							"post": [-10.5, 0, -1],
							"lerp_mode": "catmullrom"
						},
						"2.7083": {
							"post": [12, 0, -1],
							"lerp_mode": "catmullrom"
						},
						"2.9167": {
							"post": [-1.75, 0, -1],
							"lerp_mode": "catmullrom"
						},
						"3.125": {
							"post": [12, 0, -1],
							"lerp_mode": "catmullrom"
						},
						"3.3333": {
							"post": [12, 0, -1],
							"lerp_mode": "catmullrom"
						},
						"3.7917": {
							"post": [-10.5, 0, -1],
							"lerp_mode": "catmullrom"
						},
						"4.0": {
							"post": [9.83, 0, -1],
							"lerp_mode": "catmullrom"
						}
					},
					"position": {
						"0.0": {
							"post": [0, -0.1, -0.2],
							"lerp_mode": "catmullrom"
						},
						"0.4583": {
							"post": [0, 0.5, 0],
							"lerp_mode": "catmullrom"
						},
						"0.6667": {
							"post": [0, 0.5, 0],
							"lerp_mode": "catmullrom"
						},
						"1.125": {
							"post": [0, -0.25, -0.25],
							"lerp_mode": "catmullrom"
						},
						"1.7917": {
							"post": [0, 0.5, 0],
							"lerp_mode": "catmullrom"
						},
						"2.0": {
							"post": [0, 0.5, 0],
							"lerp_mode": "catmullrom"
						},
						"2.4583": {
							"post": [0, -0.25, -0.25],
							"lerp_mode": "catmullrom"
						},
						"3.125": {
							"post": [0, 0.5, 0],
							"lerp_mode": "catmullrom"
						},
						"3.3333": {
							"post": [0, 0.5, 0],
							"lerp_mode": "catmullrom"
						},
						"3.7917": {
							"post": [0, -0.25, -0.25],
							"lerp_mode": "catmullrom"
						},
						"4.0": {
							"post": [0, -0.1, -0.2],
							"lerp_mode": "catmullrom"
						}
					}
				},
				"espeon": {
					"position": [0, -0.5, 0]
				},
				"ear_scruff_left": {
					"rotation": [0, 0, "0+math.sin(query.anim_time*90*2-140)*1"]
				},
				"ear2_right": {
					"rotation": [0, "0+math.sin(query.anim_time*90*3-130)*3", 0]
				},
				"ear_scruff_right": {
					"rotation": [0, 0, "0-math.sin(query.anim_time*90*2-140)*1"]
				},
				"ear2_left": {
					"rotation": [0, "0-math.sin(query.anim_time*90*3-110)*5", 0]
				},
				"tail5": {
					"rotation": [0, "0+math.sin(query.anim_time*90*2-180)*10", 0]
				},
				"tail_left": {
					"rotation": [0, "0-math.sin(query.anim_time*90*2-260)*12", 0]
				},
				"tail_left2": {
					"rotation": [0, "0+math.sin(query.anim_time*90*2-120)*14", 0]
				},
				"tail_right": {
					"rotation": [0, "0-math.sin(query.anim_time*90*2-240)*10", 0]
				},
				"tail_right2": {
					"rotation": [0, "0+math.sin(query.anim_time*90*2-100)*10", 0]
				}
			}
		},
		"animation.espeon.battle_idle": {
			"loop": true,
			"bones": {
				"body": {
					"position": [0, -0.2, 0]
				},
				"ear_left": {
					"rotation": [-20, "0-math.sin(query.anim_time*90*2-230)*2", "0+math.sin(query.anim_time*90*2-160)*1"]
				},
				"ear_left2": {
					"rotation": ["-2.5-math.sin(query.anim_time*90*2-290)*1", 0, 0]
				},
				"ear_right": {
					"rotation": [-20, "0+math.sin(query.anim_time*90*2-210)*2", "0-math.sin(query.anim_time*90*2-160)*1"]
				},
				"ear_right2": {
					"rotation": ["-2.5-math.sin(query.anim_time*90*2-270)*1", 0, 0]
				},
				"tail": {
					"rotation": ["35-math.sin(query.anim_time*90*2-160)*4", "0-math.sin(query.anim_time*90*1-160)*14", 0]
				},
				"tail2": {
					"rotation": [-4.8089, "1.38955-math.sin(query.anim_time*90*1-220)*8", -1.04339]
				},
				"tail3": {
					"rotation": ["10-math.sin(query.anim_time*90*2-280)*6", "0-math.sin(query.anim_time*90*1-280)*6", 0]
				},
				"front_leg_left": {
					"rotation": [2.4905, -0.21782, 2.99527],
					"position": [0, -0.25, 0]
				},
				"elbow_left": {
					"rotation": [-10, 0, 0]
				},
				"frontpaw_left": {
					"rotation": [7.43656, 0.9762, -5.43656],
					"position": [0, 0.25, 0]
				},
				"front_leg_right": {
					"rotation": [2.4905, 0.21782, -2.99527]
				},
				"elbow_right": {
					"rotation": [-10, 0, 0]
				},
				"frontpaw_right": {
					"rotation": [7.47178, -0.65182, 2.95744]
				},
				"back_leg_left": {
					"rotation": [2.9886, "-0.2614-math.sin(query.anim_time*90*2-0)*1.5", 0.99318]
				},
				"ankle_left": {
					"rotation": [-5, 0, 0]
				},
				"foot_left": {
					"rotation": [2.49768, "-0.3266275607+math.sin(query.anim_time*90*2-0)*1", "2.4833738216-math.sin(query.anim_time*90*2-0)*0.5"],
					"position": ["0+math.sin(query.anim_time*90*2-0)*0.05", 0.2, 0]
				},
				"back_leg_right": {
					"rotation": [2.9886, "0.2614-math.sin(query.anim_time*90*2-0)*1.5", -0.99318]
				},
				"ankle_right": {
					"rotation": [-5, 0, 0]
				},
				"foot_right": {
					"rotation": [2.49768, "0.3266+math.sin(query.anim_time*90*2-0)*1", "-2.4834+math.sin(query.anim_time*90*2-0)*0.5"],
					"position": ["0+math.sin(query.anim_time*90*2-0)*0.05", 0.2, 0]
				},
				"umbreon": {
					"position": [0, -0.25, 0]
				},
				"torso": {
					"rotation": ["-math.sin(query.anim_time*90*2-80)*1", 0, 0],
					"position": [0, "0-math.sin(query.anim_time*90*2)*0.3", 0]
				},
				"neck": {
					"rotation": ["0-math.sin(query.anim_time*90*2-140)*1", 0, 0]
				},
				"head_angle": {
					"rotation": ["2.1766-math.sin(query.anim_time*90*2-230)*2", 2.12289, -1.15078]
				},
				"ear_left3": {
					"rotation": ["0+math.sin(query.anim_time*90*2-150)*2", 0, 0]
				},
				"ear_right3": {
					"rotation": ["0+math.sin(query.anim_time*90*2-120)*2", 0, 0]
				},
				"tail4": {
					"rotation": [7.5, "0+math.sin(query.anim_time*90*1-140)*8", 0]
				},
				"eye_right": {
					"position": [-0.1, 0, 0]
				},
				"eye_top_right": {
					"position": [0.2, 0, 0.1]
				},
				"eyeshine_right": {
					"position": [0, -0.4, 0],
					"scale": [1, 0.3, 1]
				},
				"eye_left": {
					"position": [0.1, 0, 0]
				},
				"eye_top_left": {
					"position": [-0.2, 0, 0.1]
				},
				"eyeshine_left": {
					"position": [0, -0.4, 0],
					"scale": [1, 0.3, 1]
				},
				"eyelid_right": {
					"position": [0, 0, 0]
				},
				"eyelid_left": {
					"position": [0, 0, 0]
				},
				"ear_scruff_left": {
					"rotation": [0, 0, "0+math.sin(query.anim_time*90*2-140)*1"]
				},
				"ear2_right": {
					"rotation": [0, "0+math.sin(query.anim_time*90*2-130)*3", 0]
				},
				"ear_scruff_right": {
					"rotation": [0, 0, "0-math.sin(query.anim_time*90*2-140)*1"]
				},
				"ear2_left": {
					"rotation": [0, "0-math.sin(query.anim_time*90*2-110)*3", 0]
				},
				"tail5": {
					"rotation": [0, "0+math.sin(query.anim_time*90*1-180)*10", 0]
				},
				"tail_left": {
					"rotation": [0, "0-math.sin(query.anim_time*90*1-260)*12", 0]
				},
				"tail_left2": {
					"rotation": [0, "0+math.sin(query.anim_time*90*1-120)*14", 0]
				},
				"tail_right": {
					"rotation": [0, "0-math.sin(query.anim_time*90*1-240)*10", 0]
				},
				"tail_right2": {
					"rotation": [0, "0+math.sin(query.anim_time*90*1-100)*10", 0]
				}
			}
		},
		"animation.espeon.cry": {
			"animation_length": 1.5,
			"bones": {
				"neck": {
					"rotation": {
						"0.0": {
							"post": [0, 0, 0],
							"lerp_mode": "catmullrom"
						},
						"0.0833": {
							"post": [2.5, 0, 0],
							"lerp_mode": "catmullrom"
						},
						"0.25": {
							"post": [-2.5, 0, 0],
							"lerp_mode": "catmullrom"
						},
						"0.5417": {
							"post": [-3.5, 0, 0],
							"lerp_mode": "catmullrom"
						},
						"0.8333": {
							"post": [0, 0, 0],
							"lerp_mode": "catmullrom"
						},
						"1.2917": {
							"post": [0, 0, 0],
							"lerp_mode": "catmullrom"
						}
					}
				},
				"head_angle": {
					"rotation": {
						"0.0": {
							"post": [0, 0, 0],
							"lerp_mode": "catmullrom"
						},
						"0.125": {
							"post": [2.5, 0, 0],
							"lerp_mode": "catmullrom"
						},
						"0.2917": {
							"post": [-2.5, 0, 0],
							"lerp_mode": "catmullrom"
						},
						"0.625": {
							"post": [-3.5, 0, 0],
							"lerp_mode": "catmullrom"
						},
						"0.8333": {
							"post": [0, 0, 0],
							"lerp_mode": "catmullrom"
						},
						"1.375": {
							"post": [0, 0, 0],
							"lerp_mode": "catmullrom"
						}
					}
				},
				"mouth": {
					"position": {
						"0.0": [0, 0, 0],
						"0.125": [0, 0, 0],
						"0.1667": [0, 0, -0.1],
						"0.7083": [0, 0, -0.1],
						"0.75": [0, 0, 0]
					}
				},
				"eyelid_left": {
					"position": {
						"0.0": [0, 0, 0],
						"0.0833": {"pre": [0, 0, 0], "post": [0.1, 0, -0.1]},
						"0.7083": {"pre": [0.1, 0, -0.1], "post": [0, 0, 0]}
					}
				},
				"eyelid_right": {
					"position": {
						"0.0": [0, 0, 0],
						"0.0833": {"pre": [0, 0, 0], "post": [-0.1, 0, -0.1]},
						"0.7083": {"pre": [-0.1, 0, -0.1], "post": [0, 0, 0]}
					}
				},
				"eye_left": {
					"position": {
						"0.0": [0, 0, 0],
						"0.0833": {"pre": [0, 0, 0], "post": [-0.1, 0, 0.1]},
						"0.7083": {"pre": [-0.1, 0, 0.1], "post": [0, 0, 0]}
					}
				},
				"eye_right": {
					"position": {
						"0.0": [0, 0, 0],
						"0.0833": {"pre": [0, 0, 0], "post": [0.1, 0, 0.1]},
						"0.7083": {"pre": [0.1, 0, 0.1], "post": [0, 0, 0]}
					}
				},
				"eye_bottom_right": {
					"position": {
						"0.0": [0, 0, 0],
						"0.0833": [0, 0, 0],
						"0.125": [0.1, 0, 0],
						"0.6667": [0.1, 0, 0],
						"0.7083": [0, 0, 0]
					}
				},
				"eye_bottom_left": {
					"position": {
						"0.0": [0, 0, 0],
						"0.0833": [0, 0, 0],
						"0.125": [-0.1, 0, 0],
						"0.6667": [-0.1, 0, 0],
						"0.7083": [0, 0, 0]
					}
				}
			},
			"sound_effects": {
				"0.1667": {
					"effect": "pokemon.espeon.cry"
				}
			}
		},
		"animation.espeon.blink": {
			"animation_length": 0.1667,
			"bones": {
				"eye_right": {
					"position": {
						"0.0": [0.1, 0, 0.1],
						"0.1667": {"pre": [0.1, 0, 0.1], "post": [0, 0, 0]}
					}
				},
				"eye_left": {
					"position": {
						"0.0": [-0.1, 0, 0.1],
						"0.1667": {"pre": [-0.1, 0, 0.1], "post": [0, 0, 0]}
					}
				},
				"eyelid_right": {
					"position": {
						"0.0": [-0.1, 0, -0.1],
						"0.1667": {"pre": [-0.1, 0, -0.1], "post": [0, 0, 0]}
					}
				},
				"eyelid_left": {
					"position": {
						"0.0": [0.1, 0, -0.1],
						"0.1667": {"pre": [0.1, 0, -0.1], "post": [0, 0, 0]}
					}
				}
			}
		},
		"animation.espeon.glow": {
			"loop": true,
			"bones": {
				"head_gem": {
					"scale": 1.035
				}
			}
		},
		"animation.espeon.pose": {
			"loop": true,
			"bones": {
				"body": {
					"rotation": [0, 22.5, 0]
				},
				"torso": {
					"rotation": [-2.5, 0, 0]
				},
				"torso2": {
					"rotation": [-12.5, 0, 0]
				},
				"torso3": {
					"rotation": [-2.5, 0, 0]
				},
				"neck": {
					"rotation": [0, 0, 0]
				},
				"head_angle": {
					"rotation": [20.3, -15, -1.5],
					"position": [0, 0, 0.5]
				},
				"tail": {
					"rotation": [-6.6945, 22.92358, 33.3055]
				},
				"tail2": {
					"rotation": [25, 0, 0]
				},
				"tail3": {
					"rotation": [30, 0, 0]
				},
				"tail4": {
					"rotation": [25, 0, 0]
				},
				"tail5": {
					"rotation": [30, 0, 0]
				},
				"front_leg_left": {
					"rotation": [-5, 0, 2.5],
					"position": [0, 1, 0]
				},
				"elbow_left": {
					"rotation": [0, 0, 5]
				},
				"frontpaw_left": {
					"rotation": [15, 0, 0]
				},
				"front_leg_right": {
					"rotation": [5, 0, -7.5],
					"position": [0, 1, 0]
				},
				"elbow_right": {
					"rotation": [-7.5, 0, 0]
				},
				"frontpaw_right": {
					"rotation": [22.5, 0, 0]
				},
				"back_leg_left": {
					"rotation": [12.41834, -7.61516, -11.90917]
				},
				"ankle_left": {
					"rotation": [12.5, 0, 0]
				},
				"foot_left": {
					"rotation": [2.41492, -0.64686, 14.98637]
				},
				"back_leg_right": {
					"rotation": [7.5, 0, 10]
				},
				"ankle_right": {
					"rotation": [20, 0, 0]
				},
				"foot_right": {
					"rotation": [12.5, 0, 0]
				}
			}
		}
	}
}