{
	"format_version": "1.12.0",
	"minecraft:geometry": [
		{
			"description": {
				"identifier": "geometry.unknown",
				"texture_width": 64,
				"texture_height": 64,
				"visible_bounds_width": 3,
				"visible_bounds_height": 2.5,
				"visible_bounds_offset": [0, 0.75, 0]
			},
			"bones": [
				{
					"name": "rockruff",
					"pivot": [0, 0, 0]
				},
				{
					"name": "root",
					"parent": "rockruff",
					"pivot": [0, 0, 0]
				},
				{
					"name": "body",
					"parent": "root",
					"pivot": [0, 5, 1.5]
				},
				{
					"name": "torso",
					"parent": "body",
					"pivot": [0, 7, 1.5]
				},
				{
					"name": "torso2",
					"parent": "torso",
					"pivot": [0.11701, 7.4958, 1.49776]
				},
				{
					"name": "torso3",
					"parent": "torso2",
					"pivot": [0, 6.5, 3],
					"cubes": [
						{"origin": [-3.5, 4.375, 1], "size": [7, 5, 4], "inflate": 0.27, "uv": [28, 11]}
					]
				},
				{
					"name": "torso4",
					"parent": "torso3",
					"pivot": [0, 6.75, 1.25],
					"cubes": [
						{"origin": [-3, 4.25, -1.5], "size": [6, 5, 3], "uv": [18, 36]}
					]
				},
				{
					"name": "torso5",
					"parent": "torso4",
					"pivot": [0, 6.75, -1.25],
					"cubes": [
						{"origin": [-3, 4.25, -6], "size": [6, 5, 5], "inflate": 0.01, "uv": [22, 26]}
					]
				},
				{
					"name": "neck",
					"parent": "torso5",
					"pivot": [0, 6.7, -2.75],
					"cubes": [
						{"origin": [-2.5, 6.2, -5.65], "size": [5, 5, 4], "inflate": -0.01, "pivot": [0, 6.7, -2.75], "rotation": [25, 0, 0], "uv": [0, 36]}
					]
				},
				{
					"name": "head",
					"parent": "neck",
					"pivot": [0, 10.475, -3.525]
				},
				{
					"name": "head2",
					"parent": "head",
					"pivot": [-1, 11.25, -4.275],
					"cubes": [
						{"origin": [-3.5, 9.25, -8.275], "size": [7, 7, 7], "inflate": 0.01, "uv": [0, 0]}
					]
				},
				{
					"name": "right_face_fur_top",
					"parent": "head2",
					"pivot": [-3.275, 13.3, -5.275],
					"rotation": [0, 0, 7.5],
					"cubes": [
						{"origin": [-5.275, 12.3, -5.275], "size": [2, 1, 0], "uv": [58, 13]}
					]
				},
				{
					"name": "left_face_fur_top",
					"parent": "head2",
					"pivot": [3.275, 13.3, -5.275],
					"rotation": [0, 0, -7.5],
					"cubes": [
						{"origin": [3.275, 12.3, -5.275], "size": [2, 1, 0], "uv": [58, 12]}
					]
				},
				{
					"name": "right_face_fur_bottom",
					"parent": "head2",
					"pivot": [-3.275, 11.375, -5.275],
					"rotation": [0, 0, -12.5],
					"cubes": [
						{"origin": [-5.275, 10.375, -5.275], "size": [2, 2, 0], "uv": [8, 58]}
					]
				},
				{
					"name": "left_face_fur_bottom",
					"parent": "head2",
					"pivot": [3.275, 11.375, -5.275],
					"rotation": [0, 0, 12.5],
					"cubes": [
						{"origin": [3.275, 10.375, -5.275], "size": [2, 2, 0], "uv": [40, 24]}
					]
				},
				{
					"name": "ear_right",
					"parent": "head2",
					"pivot": [-2.925, 15.75, -5.825],
					"rotation": [0, 0, -29.25]
				},
				{
					"name": "ear_right2",
					"parent": "ear_right",
					"pivot": [-3.5, 16.25, -5.775],
					"cubes": [
						{"origin": [-5, 15.25, -5.775], "size": [3, 4, 0], "uv": [12, 45]}
					]
				},
				{
					"name": "ear_right3",
					"parent": "ear_right2",
					"pivot": [-3.5, 19.25, -5.775],
					"rotation": [112.5, 0, 0],
					"cubes": [
						{"origin": [-5, 19.25, -5.775], "size": [3, 3, 0], "uv": [12, 49]}
					]
				},
				{
					"name": "ear_right4",
					"parent": "ear_right3",
					"pivot": [-3.5, 22.25, -5.775],
					"cubes": [
						{"origin": [-5, 22.25, -5.775], "size": [3, 2, 0], "pivot": [-3.5, 22.25, -5.775], "rotation": [49.5, 0, 0], "uv": [28, 24]}
					]
				},
				{
					"name": "ear_left",
					"parent": "head2",
					"pivot": [2.925, 15.75, -5.825],
					"rotation": [0, 0, 29.25]
				},
				{
					"name": "ear_left2",
					"parent": "ear_left",
					"pivot": [3, 18.75, -5.775],
					"cubes": [
						{"origin": [2, 15.25, -5.775], "size": [3, 4, 0], "uv": [16, 55]}
					]
				},
				{
					"name": "ear_left3",
					"parent": "ear_left2",
					"pivot": [3.5, 19.25, -5.775],
					"rotation": [112.5, 0, 0],
					"cubes": [
						{"origin": [2, 19.25, -5.775], "size": [3, 3, 0], "uv": [0, 56]}
					]
				},
				{
					"name": "ear_left4",
					"parent": "ear_left3",
					"pivot": [3.5, 22.25, -5.775],
					"cubes": [
						{"origin": [2, 22.25, -5.775], "size": [3, 2, 0], "pivot": [3.5, 22.25, -5.775], "rotation": [49.5, 0, 0], "uv": [34, 24]}
					]
				},
				{
					"name": "mouth",
					"parent": "head2",
					"pivot": [-0.5, 10.45, -8.475]
				},
				{
					"name": "mouth_top",
					"parent": "mouth",
					"pivot": [1.25, 7.755, -9.255],
					"cubes": [
						{"origin": [-2, 10.45, -9.475], "size": [4, 2, 2], "uv": [28, 20]},
						{"origin": [-2, 10.475, -8.775], "size": [2, 2, 0], "pivot": [-1, 11.45, -9.275], "rotation": [0, 0, 45], "uv": [46, 56]},
						{"origin": [0, 10.475, -8.775], "size": [2, 2, 0], "pivot": [1, 11.45, -9.275], "rotation": [0, 0, 45], "uv": [56, 33]},
						{"origin": [-0.5, 11.475, -9.5], "size": [1, 1, 1], "uv": [8, 53]}
					]
				},
				{
					"name": "eyes",
					"parent": "mouth",
					"pivot": [0, 9.95, -7.925]
				},
				{
					"name": "righteyewhite",
					"parent": "eyes",
					"pivot": [0, 9.95, -7.925]
				},
				{
					"name": "righteye_main",
					"parent": "righteyewhite",
					"pivot": [-2, 12.8, -8.32833],
					"cubes": [
						{"origin": [-3, 12.775, -8.345], "size": [2, 2, 0], "pivot": [-2, 13.25, -9.3], "rotation": [0, 0, 180], "uv": [56, 31], "mirror": true},
						{"origin": [-3.5, 12.775, -8.295], "size": [2, 2, 0], "pivot": [-2.5, 13.25, -9.275], "rotation": [0, 0, 180], "uv": [60, 31], "mirror": true}
					]
				},
				{
					"name": "eye_inside_right",
					"parent": "righteye_main",
					"pivot": [-1, 12.975, -9.3],
					"cubes": [
						{"origin": [-1, 12.5, -8.345], "size": [1, 1, 0], "inflate": 0.002, "pivot": [-1, 12.975, -9.3], "rotation": [0, 0, 180], "uv": [57, 36], "mirror": true},
						{"origin": [-1, 11.775, -8.345], "size": [1, 1, 0], "inflate": 0.003, "pivot": [-1, 12.25, -9.3], "rotation": [0, 0, 180], "uv": [57, 37], "mirror": true}
					]
				},
				{
					"name": "top_eye",
					"parent": "righteyewhite",
					"pivot": [-2, 13.8, -9.3],
					"cubes": [
						{"origin": [-3, 13.325, -8.32], "size": [2, 1, 0], "pivot": [-2, 13.8, -9.3], "rotation": [0, 0, 180], "uv": [58, 29], "mirror": true},
						{"origin": [-2.5, 13.325, -8.31], "size": [1, 1, 0], "pivot": [-2.5, 13.8, -9.3], "rotation": [0, 0, 180], "uv": [60, 29], "mirror": true}
					]
				},
				{
					"name": "angy_brow_right",
					"parent": "righteyewhite",
					"pivot": [-1.85, 13.975, -8.27],
					"cubes": [
						{"origin": [-2.85, 13.475, -8.27], "size": [2, 1, 0], "inflate": 0.001, "pivot": [-1.85, 13.975, -8.27], "rotation": [0, 0, -165], "uv": [58, 30], "mirror": true}
					]
				},
				{
					"name": "eye_lid_right",
					"parent": "righteyewhite",
					"pivot": [-2.5, 12.725, -8.2575],
					"cubes": [
						{"origin": [-3, 12.775, -8.27], "size": [2, 2, 0], "pivot": [-2, 13.25, -9.25], "rotation": [0, 0, 180], "uv": [58, 27], "mirror": true},
						{"origin": [-4.5, 12.775, -8.245], "size": [1, 2, 0], "pivot": [-3.5, 13.25, -9.225], "rotation": [0, 0, 180], "uv": [60, 33], "mirror": true}
					]
				},
				{
					"name": "lefteyewhite",
					"parent": "eyes",
					"pivot": [0, 9.95, -7.925]
				},
				{
					"name": "lefteye_main",
					"parent": "lefteyewhite",
					"pivot": [2, 12.8, -8.32833],
					"cubes": [
						{"origin": [1.5, 12.775, -8.295], "size": [2, 2, 0], "pivot": [2.5, 13.25, -9.275], "rotation": [0, 0, -180], "uv": [60, 31]},
						{"origin": [1, 12.775, -8.345], "size": [2, 2, 0], "pivot": [2, 13.25, -9.325], "rotation": [0, 0, -180], "uv": [56, 31]}
					]
				},
				{
					"name": "eye_inside_left",
					"parent": "lefteye_main",
					"pivot": [1, 12.975, -9.3],
					"cubes": [
						{"origin": [0, 12.5, -8.345], "size": [1, 1, 0], "inflate": 0.002, "pivot": [1, 12.975, -9.3], "rotation": [0, 0, -180], "uv": [57, 36]},
						{"origin": [0, 11.775, -8.345], "size": [1, 1, 0], "inflate": 0.003, "pivot": [1, 12.25, -9.3], "rotation": [0, 0, -180], "uv": [57, 37]}
					]
				},
				{
					"name": "eye_lid_left",
					"parent": "lefteyewhite",
					"pivot": [2.5, 12.725, -8.2575],
					"cubes": [
						{"origin": [1, 12.775, -8.27], "size": [2, 2, 0], "pivot": [2, 13.25, -9.25], "rotation": [0, 0, -180], "uv": [58, 27]},
						{"origin": [3.5, 12.775, -8.245], "size": [1, 2, 0], "pivot": [3.5, 13.25, -9.225], "rotation": [0, 0, -180], "uv": [60, 33]}
					]
				},
				{
					"name": "top_eye_2",
					"parent": "lefteyewhite",
					"pivot": [2, 13.8, -9.3],
					"cubes": [
						{"origin": [1, 13.325, -8.32], "size": [2, 1, 0], "pivot": [2, 13.8, -9.3], "rotation": [0, 0, -180], "uv": [58, 29]},
						{"origin": [1.5, 13.325, -8.31], "size": [1, 1, 0], "pivot": [2.5, 13.8, -9.3], "rotation": [0, 0, -180], "uv": [60, 29]}
					]
				},
				{
					"name": "angy_brow_left",
					"parent": "lefteyewhite",
					"pivot": [2.5, 13.3, -9.225],
					"cubes": [
						{"origin": [0.85, 13.475, -8.27], "size": [2, 1, 0], "inflate": 0.001, "pivot": [1.85, 13.975, -8.27], "rotation": [0, 0, 165], "uv": [58, 30]}
					]
				},
				{
					"name": "mouth_bot",
					"parent": "mouth",
					"pivot": [0, 9.95, -7.925],
					"cubes": [
						{"origin": [-1.5, 9.45, -9.275], "size": [3, 1, 2], "uv": [12, 52]}
					]
				},
				{
					"name": "locator_mouth",
					"parent": "mouth_bot",
					"pivot": [0, 10.5, -9.025],
					"locators": {
						"mouth": [0, 10.5, -9.15]
					}
				},
				{
					"name": "locator_item",
					"parent": "mouth_bot",
					"pivot": [0, 10.5, -9.15],
					"locators": {
						"item": [0, 10.5, -9.15]
					}
				},
				{
					"name": "locator_jaw_lower",
					"parent": "mouth_bot",
					"pivot": [0, 10.75, -8.525],
					"locators": {
						"jaw2": [0, 10.75, -8.525]
					}
				},
				{
					"name": "ruff",
					"parent": "neck",
					"pivot": [0, 9.175, -4.95],
					"rotation": [7.5, 0, 0]
				},
				{
					"name": "bone",
					"parent": "ruff",
					"pivot": [0, 8.79289, -6.625],
					"rotation": [47.5, 0, 0],
					"cubes": [
						{"origin": [-0.5, 8.64289, -7.125], "size": [1, 1, 1], "pivot": [0, 9.14289, -6.625], "rotation": [0, -45, 0], "uv": [50, 56]}
					]
				},
				{
					"name": "right_front_colla",
					"parent": "ruff",
					"pivot": [-1.375, 8.5, -5.85]
				},
				{
					"name": "right_front_spike2",
					"parent": "right_front_colla",
					"pivot": [-1.375, 8.5, -5.85],
					"rotation": [30.75, 45, 0],
					"cubes": [
						{"origin": [-2.875, 8.5, -8.525], "size": [3, 1, 3], "uv": [28, 44]}
					]
				},
				{
					"name": "bone3",
					"parent": "right_front_spike2",
					"pivot": [-1.375, 10, -7.075],
					"cubes": [
						{"origin": [-1.875, 9.5, -7.575], "size": [1, 1, 1], "pivot": [-1.375, 10, -7.075], "rotation": [0, 45, 0], "uv": [26, 57]}
					]
				},
				{
					"name": "right_front_spike",
					"parent": "right_front_colla",
					"pivot": [-1.375, 8.5, -5.85],
					"rotation": [-9.25, 45, 0],
					"cubes": [
						{"origin": [-2.875, 8.5, -8.85], "size": [3, 1, 3], "inflate": 0.002, "uv": [44, 28]}
					]
				},
				{
					"name": "right_front_colla2",
					"parent": "ruff",
					"pivot": [-1.775, 8.375, -4.375],
					"rotation": [0, 45, 0]
				},
				{
					"name": "right_front_spike3",
					"parent": "right_front_colla2",
					"pivot": [-1.8, 8.475, -4.4],
					"rotation": [30.75, 45, 0],
					"cubes": [
						{"origin": [-3.3, 8.475, -7.075], "size": [3, 1, 3], "uv": [46, 40]}
					]
				},
				{
					"name": "bone6",
					"parent": "right_front_spike3",
					"pivot": [-1.8, 9.975, -5.625],
					"cubes": [
						{"origin": [-2.3, 9.475, -6.125], "size": [1, 1, 1], "pivot": [-1.8, 9.975, -5.625], "rotation": [0, 45, 0], "uv": [34, 57]}
					]
				},
				{
					"name": "right_front_spike4",
					"parent": "right_front_colla2",
					"pivot": [-1.8, 8.475, -4.4],
					"rotation": [-9.25, 45, 0],
					"cubes": [
						{"origin": [-3.3, 8.475, -7.4], "size": [3, 1, 3], "uv": [48, 0]}
					]
				},
				{
					"name": "left_front_colla2",
					"parent": "ruff",
					"pivot": [1.775, 8.375, -4.375],
					"rotation": [0, -45, 0]
				},
				{
					"name": "left_front_spike3",
					"parent": "left_front_colla2",
					"pivot": [1.8, 8.475, -4.4],
					"rotation": [30.75, -45, 0],
					"cubes": [
						{"origin": [0.3, 8.475, -7.075], "size": [3, 1, 3], "uv": [44, 32]}
					]
				},
				{
					"name": "bone4",
					"parent": "left_front_spike3",
					"pivot": [1.8, 9.975, -5.625],
					"cubes": [
						{"origin": [1.3, 9.475, -6.125], "size": [1, 1, 1], "pivot": [1.8, 9.975, -5.625], "rotation": [0, -45, 0], "uv": [30, 57]}
					]
				},
				{
					"name": "left_front_spike4",
					"parent": "left_front_colla2",
					"pivot": [1.8, 8.475, -4.4],
					"rotation": [-9.25, -45, 0],
					"cubes": [
						{"origin": [0.3, 8.475, -7.4], "size": [3, 1, 3], "uv": [40, 44]}
					]
				},
				{
					"name": "right_back_colla2",
					"parent": "ruff",
					"pivot": [0.10269, 8.95, -2.475],
					"rotation": [0, 45, 0]
				},
				{
					"name": "right_back_spike3",
					"parent": "right_back_colla2",
					"pivot": [-0.01719, 8.525, -2.50034],
					"rotation": [-30.75, -45, 0],
					"cubes": [
						{"origin": [-1.51719, 8.525, -2.82534], "size": [3, 1, 3], "uv": [40, 48]}
					]
				},
				{
					"name": "bone8",
					"parent": "right_back_spike3",
					"pivot": [-0.01719, 10.025, -1.27534],
					"cubes": [
						{"origin": [-0.51719, 9.525, -1.77534], "size": [1, 1, 1], "pivot": [-0.01719, 10.025, -1.27534], "rotation": [0, -45, 0], "uv": [42, 57]}
					]
				},
				{
					"name": "right_back_spike4",
					"parent": "right_back_colla2",
					"pivot": [-0.01719, 8.525, -2.50034],
					"rotation": [9.25, -45, 0],
					"cubes": [
						{"origin": [-1.51719, 8.525, -2.50034], "size": [3, 1, 3], "uv": [0, 49]}
					]
				},
				{
					"name": "right_back_colla",
					"parent": "ruff",
					"pivot": [-1.35, 8.4, -2.925]
				},
				{
					"name": "right_back_spike2",
					"parent": "right_back_colla",
					"pivot": [-1.375, 8.5, -2.9],
					"rotation": [-30.75, -45, 0],
					"cubes": [
						{"origin": [-2.875, 8.5, -3.225], "size": [3, 1, 3], "uv": [48, 4]}
					]
				},
				{
					"name": "bone7",
					"parent": "right_back_spike2",
					"pivot": [-1.375, 10, -1.675],
					"cubes": [
						{"origin": [-1.875, 9.5, -2.175], "size": [1, 1, 1], "pivot": [-1.375, 10, -1.675], "rotation": [0, -45, 0], "uv": [38, 57]}
					]
				},
				{
					"name": "right_back_spike",
					"parent": "right_back_colla",
					"pivot": [-1.375, 8.5, -2.9],
					"rotation": [9.25, -45, 0],
					"cubes": [
						{"origin": [-2.875, 8.5, -2.9], "size": [3, 1, 3], "uv": [28, 48]}
					]
				},
				{
					"name": "left_back_colla",
					"parent": "ruff",
					"pivot": [1.35, 8.4, -2.925]
				},
				{
					"name": "left_back_spike2",
					"parent": "left_back_colla",
					"pivot": [1.375, 8.5, -2.9],
					"rotation": [-30.75, 45, 0],
					"cubes": [
						{"origin": [-0.125, 8.5, -3.225], "size": [3, 1, 3], "uv": [0, 45]}
					]
				},
				{
					"name": "bone5",
					"parent": "left_back_spike2",
					"pivot": [1.375, 10, -1.675],
					"cubes": [
						{"origin": [0.875, 9.5, -2.175], "size": [1, 1, 1], "pivot": [1.375, 10, -1.675], "rotation": [0, 45, 0], "uv": [58, 8]}
					]
				},
				{
					"name": "left_back_spike",
					"parent": "left_back_colla",
					"pivot": [1.375, 8.5, -2.9],
					"rotation": [9.25, 45, 0],
					"cubes": [
						{"origin": [-0.125, 8.5, -2.9], "size": [3, 1, 3], "uv": [46, 36]}
					]
				},
				{
					"name": "left_front_colla",
					"parent": "ruff",
					"pivot": [1.35, 8.4, -5.825]
				},
				{
					"name": "left_front_spike2",
					"parent": "left_front_colla",
					"pivot": [1.375, 8.5, -5.85],
					"rotation": [30.75, -45, 0],
					"cubes": [
						{"origin": [-0.125, 8.5, -8.525], "size": [3, 1, 3], "uv": [44, 24]}
					]
				},
				{
					"name": "bone2",
					"parent": "left_front_spike2",
					"pivot": [1.375, 10, -7.075],
					"cubes": [
						{"origin": [0.875, 9.5, -7.575], "size": [1, 1, 1], "pivot": [1.375, 10, -7.075], "rotation": [0, -45, 0], "uv": [22, 57]}
					]
				},
				{
					"name": "left_front_spike",
					"parent": "left_front_colla",
					"pivot": [1.375, 8.5, -5.85],
					"rotation": [-9.25, -45, 0],
					"cubes": [
						{"origin": [-0.125, 8.5, -8.85], "size": [3, 1, 3], "inflate": 0.002, "uv": [40, 20]}
					]
				},
				{
					"name": "tail",
					"parent": "torso3",
					"pivot": [0.08776, 7.67593, 3.6352],
					"rotation": [65, 0, 0],
					"cubes": [
						{"origin": [-1.97075, 3.28663, 3.1], "size": [4, 5, 6], "uv": [28, 0]},
						{"origin": [-0.02925, -0.17137, 6.5], "size": [0, 4, 1], "pivot": [-1.19846, 2.82863, 7.4175], "rotation": [-105, 0, 0], "uv": [6, 56]}
					]
				},
				{
					"name": "tail2",
					"parent": "tail",
					"pivot": [0.08776, 5.66163, 8.46182],
					"rotation": [57.5, 0, 0],
					"cubes": [
						{"origin": [-0.02925, -0.95045, 10.14731], "size": [0, 4, 1], "pivot": [-1.19846, 2.04955, 11.06481], "rotation": [-110, 0, 0], "uv": [56, 24]},
						{"origin": [-2.5, 3.88255, 6.74731], "size": [5, 4, 6], "pivot": [-0.11701, -0.97908, 0.64731], "rotation": [-7.5, 0, 0], "uv": [0, 26]}
					]
				},
				{
					"name": "tail3",
					"parent": "tail2",
					"pivot": [0.08776, 4.80755, 13.58413],
					"rotation": [112.5, 0, 0],
					"cubes": [
						{"origin": [-3.5, -0.67597, 14.72708], "size": [7, 5, 7], "pivot": [-0.01701, -5.8876, 7.92708], "rotation": [15, 0, 0], "uv": [0, 14]},
						{"origin": [-0.02925, -0.38397, 10.37708], "size": [0, 4, 2], "pivot": [-1.19846, 2.61603, 11.99458], "rotation": [175, 0, 0], "uv": [54, 55]}
					]
				},
				{
					"name": "back_legs",
					"parent": "body",
					"pivot": [0, 7.2, 2.2]
				},
				{
					"name": "back_leg_right",
					"parent": "back_legs",
					"pivot": [-3.275, 7.2, 2.975],
					"cubes": [
						{"origin": [-4.275, 3.3, 1.475], "size": [2, 5, 3], "inflate": 0.25, "uv": [36, 36], "mirror": true}
					]
				},
				{
					"name": "knee_right",
					"parent": "back_leg_right",
					"pivot": [-3.275, 3.05, 2.475],
					"rotation": [37.5, 0, 0],
					"cubes": [
						{"origin": [-4.275, 1.05, 2.475], "size": [2, 2, 2], "uv": [52, 20], "mirror": true}
					]
				},
				{
					"name": "ankle_right",
					"parent": "knee_right",
					"pivot": [-3.275, 1.05, 4.475],
					"rotation": [-65, 0, 0],
					"cubes": [
						{"origin": [-4.275, -1.95, 2.475], "size": [2, 3, 2], "inflate": 0.01, "uv": [22, 52], "mirror": true},
						{"origin": [-3.775, -1.475, 2.45], "size": [1, 1, 0], "inflate": 0.01, "pivot": [-3.275, -0.975, 2.45], "rotation": [0, 0, 45], "uv": [44, 59], "mirror": true}
					]
				},
				{
					"name": "backpaw_right",
					"parent": "ankle_right",
					"pivot": [-3.275, -1.75, 3.325],
					"rotation": [27.5, 0, 0],
					"cubes": [
						{"origin": [-4.275, -2.4, 1.925], "size": [2, 1, 2], "inflate": 0.1, "uv": [52, 49], "mirror": true},
						{"origin": [-3.775, -2.4, 2.475], "size": [1, 0, 1], "inflate": 0.11, "uv": [56, 35], "mirror": true}
					]
				},
				{
					"name": "locator_foot_secondary2",
					"parent": "backpaw_right",
					"pivot": [-3.275, -2, 2.925],
					"rotation": [90, 0, 0],
					"locators": {
						"foot_secondary2": [-3.275, -2, 2.925]
					}
				},
				{
					"name": "back_leg_left",
					"parent": "back_legs",
					"pivot": [3.275, 7.2, 2.975],
					"cubes": [
						{"origin": [2.275, 3.3, 1.475], "size": [2, 5, 3], "inflate": 0.25, "uv": [36, 36]}
					]
				},
				{
					"name": "knee_left",
					"parent": "back_leg_left",
					"pivot": [3.275, 3.05, 2.475],
					"rotation": [37.5, 0, 0],
					"cubes": [
						{"origin": [2.275, 1.05, 2.475], "size": [2, 2, 2], "uv": [52, 20]}
					]
				},
				{
					"name": "ankle_left",
					"parent": "knee_left",
					"pivot": [3.275, 1.05, 4.475],
					"rotation": [-65, 0, 0],
					"cubes": [
						{"origin": [2.275, -1.95, 2.475], "size": [2, 3, 2], "inflate": 0.01, "uv": [22, 52]},
						{"origin": [2.775, -1.475, 2.45], "size": [1, 1, 0], "inflate": 0.01, "pivot": [3.275, -0.975, 2.45], "rotation": [0, 0, -45], "uv": [44, 59]}
					]
				},
				{
					"name": "backpaw_left",
					"parent": "ankle_left",
					"pivot": [3.275, -1.75, 3.325],
					"rotation": [27.5, 0, 0],
					"cubes": [
						{"origin": [2.275, -2.4, 1.925], "size": [2, 1, 2], "inflate": 0.1, "uv": [52, 49]},
						{"origin": [2.775, -2.4, 2.475], "size": [1, 0, 1], "inflate": 0.11, "uv": [56, 35]}
					]
				},
				{
					"name": "locator_foot_secondary3",
					"parent": "backpaw_left",
					"pivot": [3.275, -2, 2.925],
					"rotation": [90, 0, 0],
					"locators": {
						"foot_secondary3": [3.275, -2, 2.925]
					}
				},
				{
					"name": "front_legs3",
					"parent": "body",
					"pivot": [0, 6.75, 1.25]
				},
				{
					"name": "ftorso3",
					"parent": "front_legs3",
					"pivot": [0, 6.75, -1.25]
				},
				{
					"name": "front_legs2",
					"parent": "ftorso3",
					"pivot": [0.225, 6.25, -4.9]
				},
				{
					"name": "front_leg_right",
					"parent": "front_legs2",
					"pivot": [-2.525, 6.25, -4.05],
					"cubes": [
						{"origin": [-3.525, 3.75, -5.05], "size": [2, 4, 2], "inflate": 0.25, "uv": [50, 14]}
					]
				},
				{
					"name": "elbow_right",
					"parent": "front_leg_right",
					"pivot": [-2.525, 3.75, -3.05],
					"cubes": [
						{"origin": [-3.525, 0.75, -5.05], "size": [2, 3, 2], "inflate": 0.01, "uv": [52, 44]},
						{"origin": [-3.025, 1.25, -5.075], "size": [1, 1, 0], "inflate": 0.01, "pivot": [-2.525, 1.75, -5.075], "rotation": [0, 0, 45], "uv": [44, 59], "mirror": true}
					]
				},
				{
					"name": "frontpaw_right",
					"parent": "elbow_right",
					"pivot": [-2.525, 0.75, -4.3],
					"cubes": [
						{"origin": [-3.525, 0.1, -5.55], "size": [2, 1, 2], "inflate": 0.1, "uv": [8, 55], "mirror": true},
						{"origin": [-3.025, 0.1, -5.05], "size": [1, 0, 1], "inflate": 0.11, "uv": [12, 58]}
					]
				},
				{
					"name": "locator_foot_secondary4",
					"parent": "frontpaw_right",
					"pivot": [-2.525, 0.5, -4.55],
					"rotation": [90, 0, 0],
					"locators": {
						"foot_secondary4": [-2.525, 0.5, -4.55]
					}
				},
				{
					"name": "front_legs",
					"parent": "ftorso3",
					"pivot": [-0.225, 6.25, -4.9]
				},
				{
					"name": "front_leg_left",
					"parent": "front_legs",
					"pivot": [2.525, 6.25, -4.05],
					"cubes": [
						{"origin": [1.525, 3.75, -5.05], "size": [2, 4, 2], "inflate": 0.25, "uv": [50, 8]}
					]
				},
				{
					"name": "elbow_left",
					"parent": "front_leg_left",
					"pivot": [2.525, 3.75, -3.05],
					"cubes": [
						{"origin": [1.525, 0.75, -5.05], "size": [2, 3, 2], "inflate": 0.01, "uv": [38, 52]},
						{"origin": [2.025, 1.25, -5.075], "size": [1, 1, 0], "inflate": 0.01, "pivot": [2.525, 1.75, -5.075], "rotation": [0, 0, -45], "uv": [44, 59]}
					]
				},
				{
					"name": "frontpaw_left",
					"parent": "elbow_left",
					"pivot": [2.525, 0.75, -4.3],
					"cubes": [
						{"origin": [1.525, 0.1, -5.55], "size": [2, 1, 2], "inflate": 0.1, "uv": [54, 52]},
						{"origin": [2.025, 0.1, -5.05], "size": [1, 0, 1], "inflate": 0.11, "uv": [58, 11]}
					]
				},
				{
					"name": "locator_foot_secondary1",
					"parent": "frontpaw_left",
					"pivot": [2.525, 0.5, -4.55],
					"rotation": [90, 0, 0],
					"locators": {
						"foot_secondary": [2.525, 0.5, -4.55]
					}
				}
			]
		}
	]
}