{
	"format_version": "1.8.0",
	"animations": {
		"animation.pangoro.ground_idle": {
			"loop": true,
			"bones": {
				"leg_parte1": {
					"rotation": [0, 50, 0],
					"position": [-1, 0, -4]
				},
				"leg_parte2": {
					"rotation": [0, -32.5, 0],
					"position": [0, 0, 4]
				},
				"torso": {
					"rotation": ["7.5+math.sin(q.anim_time*90*8/4+90)*1.25", "0+math.cos(q.anim_time*90*12/6-180)*2", 0],
					"position": [0, "0-math.cos(q.anim_time*90*2-90)*0.35", 2]
				},
				"torso2": {
					"rotation": [17.5, 0, 0],
					"position": [0, 0, 7]
				},
				"capes": {
					"rotation": [17.5, 0, 0],
					"position": [0, -1, 8]
				},
				"cape1": {
					"rotation": ["math.sin(query.anim_time*90*3)*1", 0, "0+math.sin(q.anim_time*90*2+90)*0.5"]
				},
				"cape2": {
					"rotation": ["math.sin(query.anim_time*90*3)*1", 0, "0-math.sin(q.anim_time*90*2+90)*0.5"]
				},
				"face": {
					"rotation": ["-2.5+math.sin(query.anim_time*90*3)*2", 0, 0],
					"position": [0, -1, 0]
				},
				"hand1": {
					"rotation": [-26.54459, "-28.679054385+math.cos(q.anim_time*90*12/6+90)*4", 38.06985],
					"position": [-1, 3, 2]
				},
				"hand_mini1": {
					"rotation": [54.71417, "48.81761+math.sin(q.anim_time*90*2.5+90)*4", 71.19701],
					"position": [-3, 1, 1]
				},
				"fists1": {
					"rotation": [0, 0, 37.5],
					"position": [0, 1, 0]
				},
				"torso3": {
					"rotation": [-10, 0, 0],
					"position": [0, 0, -7]
				},
				"hand2": {
					"rotation": [-23.74841, "2.9346-math.cos(q.anim_time*90*12/6+90)*4", -34.02287],
					"position": [1, 3, 2]
				},
				"hand_mini2": {
					"rotation": [41.06421, "-51.19191+math.sin(q.anim_time*90*12/6+90)*2", -63.31867],
					"position": [3, 1, 1]
				},
				"fists2": {
					"rotation": [0, 0, -45],
					"position": [0, 1, 0]
				},
				"mounch1": {
					"rotation": ["math.cos(q.anim_time*90*4-90)*0.6", 0, 12.5]
				},
				"fist_mini5": {
					"rotation": [0, 0, 30],
					"position": [-1, 0, 0]
				},
				"fist_mini6": {
					"rotation": [0, 12.5, 25],
					"position": [-1, 0, 0]
				},
				"fist_mini8": {
					"rotation": [0, 15, 0]
				},
				"fist_mini7": {
					"rotation": [0, -15, 30],
					"position": [-1, 0, 0]
				},
				"fist_mini2": {
					"rotation": [0, 0, -30],
					"position": [1, 0, 0]
				},
				"fist_mini3": {
					"rotation": [0, -7.5, -30],
					"position": [1, 0, 0]
				},
				"fist_mini9": {
					"rotation": [0, 17.5, -30],
					"position": [1, 0, 0]
				},
				"hoja": {
					"position": [0, -1, 0]
				}
			}
		},
		"animation.pangoro.pose": {
			"loop": true,
			"bones": {
				"leg_parte1": {
					"rotation": [0, 50, 0],
					"position": [-1, 0, -4]
				},
				"leg_parte2": {
					"rotation": [0, -32.5, 0],
					"position": [0, 0, 4]
				},
				"torso": {
					"rotation": [7.5, 0, 0],
					"position": [0, 0, 2]
				},
				"torso2": {
					"rotation": [17.5, 0, 0],
					"position": [0, 0, 7]
				},
				"capes": {
					"rotation": [17.5, 0, 0],
					"position": [0, -1, 8]
				},
				"cape1": {
					"rotation": [0, 0, 0]
				},
				"cape2": {
					"rotation": [0, 0, 0]
				},
				"face": {
					"rotation": [-2.5, 0, 0],
					"position": [0, -1, 0]
				},
				"hand1": {
					"rotation": [-26.54459, -28.67905, 38.06985],
					"position": [-1, 3, 2]
				},
				"hand_mini1": {
					"rotation": [54.71417, 48.81761, 71.19701],
					"position": [-3, 1, 1]
				},
				"fists1": {
					"rotation": [0, 0, 37.5],
					"position": [0, 1, 0]
				},
				"torso3": {
					"rotation": [-10, 0, 0],
					"position": [0, 0, -7]
				},
				"hand2": {
					"rotation": [-23.74841, 2.9346, -34.02287],
					"position": [1, 3, 2]
				},
				"hand_mini2": {
					"rotation": [41.06421, -51.19191, -63.31867],
					"position": [3, 1, 1]
				},
				"fists2": {
					"rotation": [0, 0, -45],
					"position": [0, 1, 0]
				},
				"mounch1": {
					"rotation": [0, 0, 12.5]
				},
				"fist_mini5": {
					"rotation": [0, 0, 30],
					"position": [-1, 0, 0]
				},
				"fist_mini6": {
					"rotation": [0, 12.5, 25],
					"position": [-1, 0, 0]
				},
				"fist_mini8": {
					"rotation": [0, 15, 0]
				},
				"fist_mini7": {
					"rotation": [0, -15, 30],
					"position": [-1, 0, 0]
				},
				"fist_mini2": {
					"rotation": [0, 0, -30],
					"position": [1, 0, 0]
				},
				"fist_mini3": {
					"rotation": [0, -7.5, -30],
					"position": [1, 0, 0]
				},
				"fist_mini9": {
					"rotation": [0, 17.5, -30],
					"position": [1, 0, 0]
				},
				"hoja": {
					"position": [0, -1, 0]
				}
			}
		},
		"animation.pangoro.status": {
			"animation_length": 2.75,
			"bones": {
				"leg_parte1": {
					"rotation": {
						"0.0": [0, 50, 0],
						"0.5": [-12.5, 50, 0],
						"0.875": [0, 50, 0],
						"2.0": [0, 50, 0],
						"2.5417": [0, 50, 0]
					},
					"position": {
						"0.0": [-1, 0, -4],
						"0.4583": [-2, 1, -5],
						"0.875": [-1, 0, -5],
						"2.0": [-1, 0, -5],
						"2.5417": [-1, 0, -4]
					}
				},
				"leg_parte2": {
					"rotation": {
						"0.0": [0, -32.5, 0],
						"0.2917": [20, -32.5, 0],
						"0.5417": [-7.5, -32.5, 0],
						"0.75": [-7.5, -32.5, 0],
						"1.9583": [-7.5, -32.5, 0],
						"2.4583": [4.65116, -32.5, 0],
						"2.5417": [0, -32.5, 0]
					},
					"position": {
						"0.0": [0, 0, 4],
						"0.2917": [0, 3, 6],
						"0.5417": [0, 0, 4],
						"0.75": [0, 0, 4],
						"1.9583": [0, 0, 4],
						"2.375": [0, 1, 3],
						"2.5417": [0, 0, 4]
					}
				},
				"torso": {
					"rotation": {
						"0.0": [7.5, 0, 0],
						"0.1667": {
							"pre": [7.5, 0, 0],
							"post": [7.5, 0, 0],
							"lerp_mode": "catmullrom"
						},
						"0.4583": {
							"post": [7.97532, -19.82169, -2.71994],
							"lerp_mode": "catmullrom"
						},
						"0.6667": {
							"post": [7.97532, -19.82169, -2.71994],
							"lerp_mode": "catmullrom"
						},
						"0.875": {
							"post": ["7.9753231253+Math.sin(q.anim_time*90*8-360)*2", -19.82169, -2.71994],
							"lerp_mode": "catmullrom"
						},
						"1.75": {
							"post": ["7.9753231253+Math.sin(q.anim_time*90*8-360)*2", -19.82169, -2.71994],
							"lerp_mode": "catmullrom"
						},
						"1.9583": {
							"post": [7.97532, -19.82169, -2.71994],
							"lerp_mode": "catmullrom"
						},
						"2.5417": [7.5, 0, 0]
					},
					"position": {
						"0.0": [0, 0, 2],
						"0.1667": {
							"pre": [0, 0, 2],
							"post": [0, 0, 2],
							"lerp_mode": "catmullrom"
						},
						"0.4583": {
							"post": [0, 0, 2],
							"lerp_mode": "catmullrom"
						},
						"0.875": {
							"post": [0, "0-Math.sin((query.anim_time)*90*4 +180)*0.75", 2],
							"lerp_mode": "catmullrom"
						},
						"1.75": {
							"post": [0, "0-Math.sin((query.anim_time)*90*4+360)*0.75", 2],
							"lerp_mode": "catmullrom"
						},
						"1.9583": {
							"post": [0, 0, 2],
							"lerp_mode": "catmullrom"
						},
						"2.5417": [0, 0, 2]
					}
				},
				"torso2": {
					"rotation": {
						"0.0": [17.5, 0, 0],
						"0.2083": {
							"pre": [17.5, 0, 0],
							"post": [17.5, 0, 0],
							"lerp_mode": "catmullrom"
						},
						"0.4583": {
							"post": [16.35344, 10.54415, 8.71705],
							"lerp_mode": "catmullrom"
						},
						"0.875": {
							"post": [16.35344, 10.54415, 8.71705],
							"lerp_mode": "catmullrom"
						},
						"1.25": {
							"post": [11.35344, 10.54415, 8.71705],
							"lerp_mode": "catmullrom"
						},
						"2.0": {
							"post": [16.35344, 10.54415, 8.71705],
							"lerp_mode": "catmullrom"
						},
						"2.5417": [17.5, 0, 0]
					},
					"position": {
						"0.0": [0, 0, 7],
						"0.2083": {
							"pre": [0, 0, 7],
							"post": [0, 0, 7],
							"lerp_mode": "catmullrom"
						},
						"0.4583": {
							"post": [-2, 0, 7],
							"lerp_mode": "catmullrom"
						},
						"0.875": {
							"post": [-2, 0, 7],
							"lerp_mode": "catmullrom"
						},
						"1.25": {
							"post": [-2, 0, 5],
							"lerp_mode": "catmullrom"
						},
						"2.0": {
							"post": [-2, 0, 7],
							"lerp_mode": "catmullrom"
						},
						"2.5417": [0, 0, 7]
					}
				},
				"capes": {
					"rotation": [17.5, 0, 0],
					"position": [0, -1, 8]
				},
				"cape1": {
					"rotation": {
						"0.0": [0, 0, 0],
						"0.4583": [10, 0, -10],
						"0.7083": [-1, 0, -4],
						"0.875": [0, 0, 0],
						"2.0": [0, 0, 0],
						"2.5417": [0, 0, 0]
					},
					"position": {
						"0.0": [0, 0, 0],
						"0.4583": [3, 0, 7],
						"0.7083": [1.2, 0, 0.8],
						"0.875": [0, 0, 0],
						"2.0": [0, 0, 0],
						"2.5417": [0, 0, 0]
					}
				},
				"cape2": {
					"rotation": {
						"0.0": [0, 0, 0],
						"0.4583": [12.5, 0, 7.5],
						"0.7083": [-1, 0, 4],
						"0.875": [0, 0, 0],
						"2.0": [0, 0, 0],
						"2.5417": [0, 0, 0]
					},
					"position": {
						"0.0": [0, 0, 0],
						"0.4583": [-4, 0, 7],
						"0.7083": [-1.2, 0, 0.8],
						"0.875": [0, 0, 0],
						"2.0": [0, 0, 0],
						"2.5417": [0, 0, 0]
					}
				},
				"face": {
					"rotation": {
						"0.0": {
							"post": [-2.5, 0, 0],
							"lerp_mode": "catmullrom"
						},
						"0.1667": {
							"post": [8.45022, 2.18759, -2.60736],
							"lerp_mode": "catmullrom"
						},
						"0.5417": {
							"post": [-7.5368, 7.10967, -8.47392],
							"lerp_mode": "catmullrom"
						},
						"0.9167": {
							"post": [-7.5368, 7.10967, -8.47392],
							"lerp_mode": "catmullrom"
						},
						"1.0833": {
							"post": ["-11.1726664625+Math.cos(q.anim_time*90*16+90)*8", 5.18414, -6.1789],
							"lerp_mode": "catmullrom"
						},
						"2.5417": [-2.5, 0, 0]
					},
					"position": {
						"0.0": {
							"post": [0, -1, 0],
							"lerp_mode": "catmullrom"
						},
						"2.5417": [0, -1, 0]
					}
				},
				"hand1": {
					"rotation": {
						"0.0": [-26.54459, -28.67905, 38.06985],
						"0.1667": [-23.70162, -10.23787, 29.12261],
						"0.4167": {
							"pre": [-30.62226, -39.67244, 45.28904],
							"post": [-30.62226, -39.67244, 45.28904],
							"lerp_mode": "catmullrom"
						},
						"1.9583": {
							"post": [-30.62226, -39.67244, 45.28904],
							"lerp_mode": "catmullrom"
						},
						"2.5417": [-26.54459, -28.67905, 38.06985]
					},
					"position": {
						"0.0": [-1, 3, 2],
						"0.4167": {
							"pre": [-1, 3, 2],
							"post": [-1, 3, 2],
							"lerp_mode": "catmullrom"
						},
						"1.9583": {
							"post": [-1, 3, 2],
							"lerp_mode": "catmullrom"
						},
						"2.5417": [-1, 3, 2]
					}
				},
				"hand_mini1": {
					"rotation": {
						"0.0": [54.71417, 48.81761, 71.19701],
						"0.4167": {
							"pre": [21.50416, 52.82475, 25.06884],
							"post": [21.50416, 52.82475, 25.06884],
							"lerp_mode": "catmullrom"
						},
						"1.9583": {
							"post": [21.50416, 52.82475, 25.06884],
							"lerp_mode": "catmullrom"
						},
						"2.5417": [54.71417, 48.81761, 71.19701]
					},
					"position": {
						"0.0": [-3, 1, 1],
						"0.4167": {
							"pre": [-3, 1, 1],
							"post": [-3, 1, 1],
							"lerp_mode": "catmullrom"
						},
						"1.9583": {
							"post": [-3, 1, 1],
							"lerp_mode": "catmullrom"
						},
						"2.5417": [-3, 1, 1]
					}
				},
				"fists1": {
					"rotation": {
						"0.0": [0, 0, 37.5],
						"0.4167": [0, 25, 45],
						"0.7083": [0, -5, 45],
						"1.9583": [0, -5, 45],
						"2.5417": [0, 0, 37.5]
					},
					"position": {
						"0.0": [0, 1, 0],
						"2.5417": [0, 1, 0]
					}
				},
				"torso3": {
					"rotation": {
						"0.0": [-10, 0, 0],
						"0.1667": [5, 0, 0],
						"0.6667": {
							"pre": [-10, 0, 0],
							"post": [-10, 0, 0],
							"lerp_mode": "catmullrom"
						},
						"2.5417": [-10, 0, 0]
					},
					"position": {
						"0.0": [0, 0, -7],
						"0.1667": [0, 0, 1],
						"0.6667": {
							"pre": [0, 0, -7],
							"post": [0, 0, -7],
							"lerp_mode": "catmullrom"
						},
						"2.5417": [0, 0, -7]
					}
				},
				"hand2": {
					"rotation": {
						"0.0": {
							"post": [-23.74841, 2.9346, -34.02287],
							"lerp_mode": "catmullrom"
						},
						"0.1667": {
							"post": [-21.12952, -29.8455, -32.53856],
							"lerp_mode": "catmullrom"
						},
						"0.375": {
							"post": [-12.96682, -39.0878, -43.19915],
							"lerp_mode": "catmullrom"
						},
						"0.625": {
							"post": [-17.06323, -53.59038, -37.58412],
							"lerp_mode": "catmullrom"
						},
						"0.9167": {
							"post": [-17.06323, -53.59038, -37.58412],
							"lerp_mode": "catmullrom"
						},
						"1.0833": {
							"post": [-24.76, -65.91017, -28.70797],
							"lerp_mode": "catmullrom"
						},
						"1.25": {
							"post": [-16.72446, -54.09258, -37.90291],
							"lerp_mode": "catmullrom"
						},
						"1.4167": {
							"post": [-24.76, -65.91017, -28.70797],
							"lerp_mode": "catmullrom"
						},
						"1.5833": {
							"post": [-16.72446, -54.09258, -37.90291],
							"lerp_mode": "catmullrom"
						},
						"1.75": {
							"post": [-24.76, -65.91017, -28.70797],
							"lerp_mode": "catmullrom"
						},
						"1.9583": {
							"post": [-17.06323, -53.59038, -37.58412],
							"lerp_mode": "catmullrom"
						},
						"2.5417": {
							"post": [-23.74841, 2.9346, -34.02287],
							"lerp_mode": "catmullrom"
						}
					},
					"position": {
						"0.0": {
							"post": [1, 3, 2],
							"lerp_mode": "catmullrom"
						},
						"2.5417": {
							"post": [1, 3, 2],
							"lerp_mode": "catmullrom"
						}
					}
				},
				"hand_mini2": {
					"rotation": {
						"0.0": [41.06421, -51.19191, -63.31867],
						"0.4583": [-78.23261, -66.08083, 39.31296],
						"0.625": [-97.16424, -48.8085, 63.68443],
						"0.9583": [-97.16424, -48.8085, 63.68443],
						"1.125": [-95.58716, -58.2866, 65.46473],
						"1.2917": [-97.16424, -48.8085, 63.68443],
						"1.4583": [-95.58716, -58.2866, 65.46473],
						"1.625": [-97.16424, -48.8085, 63.68443],
						"1.7917": [-95.58716, -58.2866, 65.46473],
						"1.9583": [-97.16424, -48.8085, 63.68443],
						"2.5417": [41.06421, -51.19191, -63.31867]
					},
					"position": {
						"0.0": [3, 1, 1],
						"0.625": [3, 0, 6],
						"0.9583": [3, 0, 6],
						"1.2917": [3, 0, 6],
						"1.625": [3, 0, 6],
						"1.9583": [3, 0, 6],
						"2.5417": [3, 1, 1]
					}
				},
				"fists2": {
					"rotation": {
						"0.0": [0, 0, -45],
						"0.25": {
							"pre": [0, 0, -45],
							"post": [0, 0, -45],
							"lerp_mode": "catmullrom"
						},
						"0.375": {
							"post": [-80.85168, -46.17986, -18.90414],
							"lerp_mode": "catmullrom"
						},
						"0.4583": {
							"post": [-91.41435, -46.85886, -4.38422],
							"lerp_mode": "catmullrom"
						},
						"0.9167": {
							"post": [-91.41435, -46.85886, -4.38422],
							"lerp_mode": "catmullrom"
						},
						"1.0833": {
							"post": [-91.56592, -51.85718, -4.18466],
							"lerp_mode": "catmullrom"
						},
						"1.25": {
							"post": [-91.41435, -46.85886, -4.38422],
							"lerp_mode": "catmullrom"
						},
						"1.4167": {
							"post": [-91.56592, -51.85718, -4.18466],
							"lerp_mode": "catmullrom"
						},
						"1.9583": {
							"post": [-91.56592, -51.85718, -4.18466],
							"lerp_mode": "catmullrom"
						},
						"2.5417": [0, 0, -45]
					},
					"position": {
						"0.0": [0, 1, 0],
						"0.25": {
							"pre": [0, 1, 0],
							"post": [0, 1, 0],
							"lerp_mode": "catmullrom"
						},
						"0.375": {
							"post": [-1, 1, 4],
							"lerp_mode": "catmullrom"
						},
						"0.9167": {
							"post": [-1, 1, 4],
							"lerp_mode": "catmullrom"
						},
						"1.0833": {
							"post": [-1, 1, 4],
							"lerp_mode": "catmullrom"
						},
						"1.25": {
							"post": [-1, 1, 4],
							"lerp_mode": "catmullrom"
						},
						"1.4167": {
							"post": [-1, 1, 4],
							"lerp_mode": "catmullrom"
						},
						"1.9583": {
							"post": [-1, 1, 4],
							"lerp_mode": "catmullrom"
						},
						"2.5417": [0, 1, 0]
					}
				},
				"mounch1": {
					"rotation": {
						"0.5": [0, 0, 12.5],
						"0.7083": {
							"pre": [0, 0, 12.5],
							"post": [0, 0, 12.5],
							"lerp_mode": "catmullrom"
						},
						"0.875": {
							"post": ["20.9202908516+Math.cos(q.anim_time*90*16-360)*16", 3.01413, -1.92765],
							"lerp_mode": "catmullrom"
						},
						"1.75": {
							"post": ["20.9202908516+Math.cos(q.anim_time*90*16-360)*16", 3.01413, -1.92765],
							"lerp_mode": "catmullrom"
						},
						"2.0": {
							"post": [20.92029, 3.01413, -1.92765],
							"lerp_mode": "catmullrom"
						},
						"2.5417": [0, 0, 12.5]
					},
					"position": {
						"0.7083": [0, 0, 0],
						"0.875": [0, 0, 0],
						"1.75": [0, 0, 0],
						"2.0": [0, 0, 0],
						"2.5417": [0, 0, 0]
					}
				},
				"fist_mini5": {
					"rotation": {
						"0.0": [0, 0, 30],
						"0.7083": [0, 0, 57.5],
						"2.5417": [0, 0, 30]
					},
					"position": {
						"0.0": [-1, 0, 0],
						"2.5417": [-1, 0, 0]
					}
				},
				"fist_mini6": {
					"rotation": {
						"0.0": [0, 12.5, 25],
						"0.7083": [5.27482, -8.69123, 90.99443],
						"2.5417": [0, 12.5, 25]
					},
					"position": {
						"0.0": [-1, 0, 0],
						"2.5417": [-1, 0, 0]
					}
				},
				"fist_mini8": {
					"rotation": {
						"0.0": [0, 15, 0],
						"0.7083": [49.01916, -23.56437, 80.22757],
						"1.9583": [49.01916, -23.56437, 80.22757],
						"2.5417": [0, 15, 0]
					},
					"position": {
						"0.0": [0, 0, 0],
						"0.7083": [-5, 5, 5],
						"1.9583": [-5, 5, 5],
						"2.5417": [0, 0, 0]
					}
				},
				"fist_mini7": {
					"rotation": {
						"0.0": [0, -15, 30],
						"0.7083": [-5.96275, -4.55749, 82.73749],
						"2.5417": [0, -15, 30]
					},
					"position": {
						"0.0": [-1, 0, 0],
						"2.5417": [-1, 0, 0]
					}
				},
				"fist_mini2": {
					"rotation": {
						"0.0": [0, 0, -30],
						"0.4583": {
							"pre": [0, 0, -12.5],
							"post": [0, 0, -12.5],
							"lerp_mode": "catmullrom"
						},
						"0.9167": {
							"post": [0, 0, -12.5],
							"lerp_mode": "catmullrom"
						},
						"1.0833": {
							"post": [0, 0, -45],
							"lerp_mode": "catmullrom"
						},
						"1.25": {
							"post": [0, 0, -12.5],
							"lerp_mode": "catmullrom"
						},
						"1.4167": {
							"post": [0, 0, -29.76],
							"lerp_mode": "catmullrom"
						},
						"1.5833": {
							"post": [0, 0, -7.3],
							"lerp_mode": "catmullrom"
						},
						"1.75": {
							"post": [0, 0, -31.25],
							"lerp_mode": "catmullrom"
						},
						"1.9583": {
							"post": [0, 0, -12.5],
							"lerp_mode": "catmullrom"
						},
						"2.5417": {
							"post": [0, 0, -30],
							"lerp_mode": "catmullrom"
						}
					},
					"position": {
						"0.0": [1, 0, 0],
						"0.4583": {
							"pre": [0, 1, 0],
							"post": [0, 1, 0],
							"lerp_mode": "catmullrom"
						},
						"0.9167": {
							"post": [0, 1, 0],
							"lerp_mode": "catmullrom"
						},
						"1.25": {
							"post": [0, 1, 0],
							"lerp_mode": "catmullrom"
						},
						"1.9583": {
							"post": [0, 1, 0],
							"lerp_mode": "catmullrom"
						},
						"2.5417": {
							"post": [1, 0, 0],
							"lerp_mode": "catmullrom"
						}
					}
				},
				"fist_mini3": {
					"rotation": {
						"0.0": [0, -7.5, -30],
						"0.4583": [4.83711, -5.73853, -70.24258],
						"2.5417": [0, -7.5, -30]
					},
					"position": {
						"0.0": [1, 0, 0],
						"2.5417": [1, 0, 0]
					}
				},
				"fist_mini9": {
					"rotation": {
						"0.0": [0, 17.5, -30],
						"0.4583": [-13.57875, 11.14485, -81.33099],
						"2.5417": [0, 17.5, -30]
					},
					"position": {
						"0.0": [1, 0, 0],
						"2.5417": [1, 0, 0]
					}
				},
				"hoja": {
					"rotation": {
						"0.0": [0, 0, 0],
						"0.875": [27.5, 0, 0],
						"2.0": [27.5, 0, 0],
						"2.5417": [0, 0, 0]
					},
					"position": {
						"0.0": [0, -1, 0],
						"0.875": [1, 0, 0],
						"2.0": [1, 0, 0],
						"2.5417": [0, -1, 0]
					}
				},
				"body": {
					"rotation": {
						"0.0": {
							"post": [0, 0, 0],
							"lerp_mode": "catmullrom"
						},
						"0.5": {
							"post": [0, -17.5, 0],
							"lerp_mode": "catmullrom"
						},
						"0.875": [0, -20, 0],
						"1.9583": [0, -20, 0],
						"2.0": [0, -20, 0],
						"2.5417": {
							"pre": [0, 0, 0],
							"post": [0, 0, 0],
							"lerp_mode": "catmullrom"
						}
					},
					"position": {
						"0.0": {
							"post": [0, 0, 0],
							"lerp_mode": "catmullrom"
						},
						"0.5": {
							"post": [0, 0, 1.5],
							"lerp_mode": "catmullrom"
						},
						"0.875": [0, 0, 1.5],
						"1.9583": [0, 0, 1.8],
						"2.0": [0, 0, 1.5],
						"2.5417": {
							"pre": [0, 0, 0],
							"post": [0, 0, 0],
							"lerp_mode": "catmullrom"
						}
					}
				},
				"leg_parte_mini1": {
					"rotation": {
						"0.0": [0, 0, 0],
						"0.4583": [15, 0, 0],
						"0.8333": [0, 0, 0],
						"1.9583": [0, 0, 0],
						"2.5417": [0, 0, 0]
					},
					"position": {
						"0.0": [0, 0, 0],
						"0.4583": [0, 1, 3],
						"0.8333": [0, 0, 1],
						"1.9583": [0, 0, 1],
						"2.5417": [0, 0, 0]
					}
				},
				"leg_parte_mini2": {
					"rotation": {
						"0.0": [0, 0, 0],
						"0.2917": [7.5, 0, 0],
						"0.5417": [10, 0, 0],
						"0.75": [10, 0, 0],
						"1.9583": [10, 0, 0],
						"2.5417": [0, 0, 0]
					},
					"position": {
						"0.0": [0, 0, 0],
						"0.2917": [0, 0, 1],
						"0.5417": [0, 0, 2],
						"0.75": [0, 0, 2],
						"1.9583": [0, 0, 2],
						"2.5417": [0, 0, 0]
					}
				},
				"fist_mini4": {
					"rotation": {
						"0.0": [0, 0, 0],
						"0.4583": [0, 0, -75],
						"1.0": [0, 0, -103],
						"1.9583": [0, 0, -103],
						"2.5417": [0, 0, 0]
					},
					"position": {
						"0.0": [0, 0, 0],
						"0.4583": [5, 6, 0],
						"1.0": [3.7, 10.44, 0],
						"1.9583": [3.7, 10.44, 0],
						"2.5417": [0, 0, 0]
					}
				}
			}
		},
		"animation.pangoro.battle_cry": {
			"animation_length": 2.75,
			"bones": {
				"leg_parte1": {
					"rotation": {
						"0.0": [0, 50, 0],
						"0.375": {
							"pre": [0.04485, 50, 0],
							"post": [0.04485, 50, 0],
							"lerp_mode": "catmullrom"
						},
						"0.5": {
							"post": [-12.5, 50, 0],
							"lerp_mode": "catmullrom"
						},
						"0.7917": {
							"post": [-12.5, 50, 0],
							"lerp_mode": "catmullrom"
						},
						"0.875": {
							"post": [0, 50, 0],
							"lerp_mode": "catmullrom"
						},
						"2.0": [0, 50, 0],
						"2.5417": [0, 50, 0]
					},
					"position": {
						"0.0": [-1, 0, -4],
						"0.375": {
							"pre": [-0.89, 1.44, -3.22],
							"post": [-0.89, 1.44, -3.22],
							"lerp_mode": "catmullrom"
						},
						"0.4583": [-2, 1, -5],
						"0.75": [-2, 1, -5],
						"0.875": [-1, 0, -5],
						"2.0": [-1, 0, -5],
						"2.5417": [-1, 0, -4]
					}
				},
				"leg_parte2": {
					"rotation": {
						"0.0": [0, -32.5, 0],
						"0.2917": [20, -32.5, 0],
						"0.5417": [-7.5, -32.5, 0],
						"0.75": [-7.5, -32.5, 0],
						"1.9583": [-7.5, -32.5, 0],
						"2.4583": [4.65116, -32.5, 0],
						"2.5417": [0, -32.5, 0]
					},
					"position": {
						"0.0": [0, 0, 4],
						"0.2917": [0, 3, 6],
						"0.5417": [0, 0, 4],
						"0.75": [0, 0, 4],
						"1.9583": [0, 0, 4],
						"2.375": [0, 1, 3],
						"2.5417": [0, 0, 4]
					}
				},
				"torso": {
					"rotation": {
						"0.0": [7.5, 0, 0],
						"0.1667": {
							"pre": [7.5, 0, 0],
							"post": [7.5, 0, 0],
							"lerp_mode": "catmullrom"
						},
						"0.4583": {
							"post": [7.97532, -19.82169, -2.71994],
							"lerp_mode": "catmullrom"
						},
						"0.6667": {
							"post": [7.97532, -19.82169, -2.71994],
							"lerp_mode": "catmullrom"
						},
						"0.875": {
							"post": ["7.9753231253+Math.sin(q.anim_time*90*8-360)*2", -19.82169, -2.71994],
							"lerp_mode": "catmullrom"
						},
						"1.75": {
							"post": ["7.9753231253+Math.sin(q.anim_time*90*8-360)*2", -19.82169, -2.71994],
							"lerp_mode": "catmullrom"
						},
						"1.9583": {
							"post": [7.97532, -19.82169, -2.71994],
							"lerp_mode": "catmullrom"
						},
						"2.5417": [7.5, 0, 0]
					},
					"position": {
						"0.0": [0, 0, 2],
						"0.1667": {
							"pre": [0, 0, 2],
							"post": [0, 0, 2],
							"lerp_mode": "catmullrom"
						},
						"0.4583": {
							"post": [0, 0, 2],
							"lerp_mode": "catmullrom"
						},
						"0.875": {
							"post": [0, "0-Math.sin((query.anim_time)*90*4 +180)*0.75", 2],
							"lerp_mode": "catmullrom"
						},
						"1.75": {
							"post": [0, "0-Math.sin((query.anim_time)*90*4+360)*0.75", 2],
							"lerp_mode": "catmullrom"
						},
						"1.9583": {
							"post": [0, 0, 2],
							"lerp_mode": "catmullrom"
						},
						"2.5417": [0, 0, 2]
					}
				},
				"torso2": {
					"rotation": {
						"0.0": [17.5, 0, 0],
						"0.2083": {
							"pre": [17.5, 0, 0],
							"post": [17.5, 0, 0],
							"lerp_mode": "catmullrom"
						},
						"0.4583": {
							"post": [16.35344, 10.54415, 8.71705],
							"lerp_mode": "catmullrom"
						},
						"0.875": {
							"post": [16.35344, 10.54415, 8.71705],
							"lerp_mode": "catmullrom"
						},
						"1.25": {
							"post": [11.35344, 10.54415, 8.71705],
							"lerp_mode": "catmullrom"
						},
						"2.0": {
							"post": [16.35344, 10.54415, 8.71705],
							"lerp_mode": "catmullrom"
						},
						"2.5417": [17.5, 0, 0]
					},
					"position": {
						"0.0": [0, 0, 7],
						"0.2083": {
							"pre": [0, 0, 7],
							"post": [0, 0, 7],
							"lerp_mode": "catmullrom"
						},
						"0.4583": {
							"post": [-2, 0, 7],
							"lerp_mode": "catmullrom"
						},
						"0.875": {
							"post": [-2, 0, 7],
							"lerp_mode": "catmullrom"
						},
						"1.25": {
							"post": [-2, 0, 5],
							"lerp_mode": "catmullrom"
						},
						"2.0": {
							"post": [-2, 0, 7],
							"lerp_mode": "catmullrom"
						},
						"2.5417": [0, 0, 7]
					}
				},
				"capes": {
					"rotation": [17.5, 0, 0],
					"position": [0, -1, 8]
				},
				"cape1": {
					"rotation": {
						"0.0": [0, 0, 0],
						"0.4583": [10, 0, -10],
						"0.7083": [-1, 0, -4],
						"0.875": [0, 0, 0],
						"2.0": [0, 0, 0],
						"2.5417": [0, 0, 0]
					},
					"position": {
						"0.0": [0, 0, 0],
						"0.4583": [3, 0, 7],
						"0.7083": [1.2, 0, 0.8],
						"0.875": [0, 0, 0],
						"2.0": [0, 0, 0],
						"2.5417": [0, 0, 0]
					}
				},
				"cape2": {
					"rotation": {
						"0.0": [0, 0, 0],
						"0.4583": [12.5, 0, 7.5],
						"0.7083": [-1, 0, 4],
						"0.875": [0, 0, 0],
						"2.0": [0, 0, 0],
						"2.5417": [0, 0, 0]
					},
					"position": {
						"0.0": [0, 0, 0],
						"0.4583": [-4, 0, 7],
						"0.7083": [-1.2, 0, 0.8],
						"0.875": [0, 0, 0],
						"2.0": [0, 0, 0],
						"2.5417": [0, 0, 0]
					}
				},
				"face": {
					"rotation": {
						"0.0": {
							"post": [-2.5, 0, 0],
							"lerp_mode": "catmullrom"
						},
						"0.1667": {
							"post": [8.45022, 2.18759, -2.60736],
							"lerp_mode": "catmullrom"
						},
						"0.5417": {
							"post": [-7.5368, 7.10967, -8.47392],
							"lerp_mode": "catmullrom"
						},
						"0.9167": {
							"post": [-7.5368, 7.10967, -8.47392],
							"lerp_mode": "catmullrom"
						},
						"1.0833": {
							"post": ["-11.1726664625+Math.cos(q.anim_time*90*16+90)*8", 5.18414, -6.1789],
							"lerp_mode": "catmullrom"
						},
						"2.5417": [-2.5, 0, 0]
					},
					"position": {
						"0.0": {
							"post": [0, -1, 0],
							"lerp_mode": "catmullrom"
						},
						"2.5417": [0, -1, 0]
					}
				},
				"hand1": {
					"rotation": {
						"0.0": [-26.54459, -28.67905, 38.06985],
						"0.1667": [-23.70162, -10.23787, 29.12261],
						"0.4167": {
							"pre": [-30.62226, -39.67244, 45.28904],
							"post": [-30.62226, -39.67244, 45.28904],
							"lerp_mode": "catmullrom"
						},
						"1.9583": {
							"post": [-30.62226, -39.67244, 45.28904],
							"lerp_mode": "catmullrom"
						},
						"2.5417": [-26.54459, -28.67905, 38.06985]
					},
					"position": {
						"0.0": [-1, 3, 2],
						"0.4167": {
							"pre": [-1, 3, 2],
							"post": [-1, 3, 2],
							"lerp_mode": "catmullrom"
						},
						"1.9583": {
							"post": [-1, 3, 2],
							"lerp_mode": "catmullrom"
						},
						"2.5417": [-1, 3, 2]
					}
				},
				"hand_mini1": {
					"rotation": {
						"0.0": [54.71417, 48.81761, 71.19701],
						"0.4167": {
							"pre": [21.50416, 52.82475, 25.06884],
							"post": [21.50416, 52.82475, 25.06884],
							"lerp_mode": "catmullrom"
						},
						"1.9583": {
							"post": [21.50416, 52.82475, 25.06884],
							"lerp_mode": "catmullrom"
						},
						"2.5417": [54.71417, 48.81761, 71.19701]
					},
					"position": {
						"0.0": [-3, 1, 1],
						"0.4167": {
							"pre": [-3, 1, 1],
							"post": [-3, 1, 1],
							"lerp_mode": "catmullrom"
						},
						"1.9583": {
							"post": [-3, 1, 1],
							"lerp_mode": "catmullrom"
						},
						"2.5417": [-3, 1, 1]
					}
				},
				"fists1": {
					"rotation": {
						"0.0": [0, 0, 37.5],
						"0.4167": [0, 25, 45],
						"0.7083": [0, -5, 45],
						"1.9583": [0, -5, 45],
						"2.5417": [0, 0, 37.5]
					},
					"position": {
						"0.0": [0, 1, 0],
						"2.5417": [0, 1, 0]
					}
				},
				"torso3": {
					"rotation": {
						"0.0": [-10, 0, 0],
						"0.1667": [5, 0, 0],
						"0.6667": {
							"pre": [-10, 0, 0],
							"post": [-10, 0, 0],
							"lerp_mode": "catmullrom"
						},
						"2.5417": [-10, 0, 0]
					},
					"position": {
						"0.0": [0, 0, -7],
						"0.1667": [0, 0, 1],
						"0.6667": {
							"pre": [0, 0, -7],
							"post": [0, 0, -7],
							"lerp_mode": "catmullrom"
						},
						"2.5417": [0, 0, -7]
					}
				},
				"hand2": {
					"rotation": {
						"0.0": {
							"post": [-23.74841, 2.9346, -34.02287],
							"lerp_mode": "catmullrom"
						},
						"0.1667": {
							"post": [-21.12952, -29.8455, -32.53856],
							"lerp_mode": "catmullrom"
						},
						"0.375": {
							"post": [-12.96682, -39.0878, -43.19915],
							"lerp_mode": "catmullrom"
						},
						"0.625": {
							"post": [-17.06323, -53.59038, -37.58412],
							"lerp_mode": "catmullrom"
						},
						"0.9167": {
							"post": [-17.06323, -53.59038, -37.58412],
							"lerp_mode": "catmullrom"
						},
						"1.0833": {
							"post": [-24.76, -65.91017, -28.70797],
							"lerp_mode": "catmullrom"
						},
						"1.25": {
							"post": [-16.72446, -54.09258, -37.90291],
							"lerp_mode": "catmullrom"
						},
						"1.4167": {
							"post": [-24.76, -65.91017, -28.70797],
							"lerp_mode": "catmullrom"
						},
						"1.5833": {
							"post": [-16.72446, -54.09258, -37.90291],
							"lerp_mode": "catmullrom"
						},
						"1.75": {
							"post": [-24.76, -65.91017, -28.70797],
							"lerp_mode": "catmullrom"
						},
						"1.9583": {
							"post": [-17.06323, -53.59038, -37.58412],
							"lerp_mode": "catmullrom"
						},
						"2.5417": {
							"post": [-23.74841, 2.9346, -34.02287],
							"lerp_mode": "catmullrom"
						}
					},
					"position": {
						"0.0": {
							"post": [1, 3, 2],
							"lerp_mode": "catmullrom"
						},
						"2.5417": {
							"post": [1, 3, 2],
							"lerp_mode": "catmullrom"
						}
					}
				},
				"hand_mini2": {
					"rotation": {
						"0.0": [41.06421, -51.19191, -63.31867],
						"0.4583": [-78.23261, -66.08083, 39.31296],
						"0.625": [-97.16424, -48.8085, 63.68443],
						"0.9583": [-97.16424, -48.8085, 63.68443],
						"1.125": [-95.58716, -58.2866, 65.46473],
						"1.2917": [-97.16424, -48.8085, 63.68443],
						"1.4583": [-95.58716, -58.2866, 65.46473],
						"1.625": [-97.16424, -48.8085, 63.68443],
						"1.7917": [-95.58716, -58.2866, 65.46473],
						"1.9583": [-97.16424, -48.8085, 63.68443],
						"2.5417": [41.06421, -51.19191, -63.31867]
					},
					"position": {
						"0.0": [3, 1, 1],
						"0.625": [3, 0, 6],
						"0.9583": [3, 0, 6],
						"1.2917": [3, 0, 6],
						"1.625": [3, 0, 6],
						"1.9583": [3, 0, 6],
						"2.5417": [3, 1, 1]
					}
				},
				"fists2": {
					"rotation": {
						"0.0": [0, 0, -45],
						"0.25": {
							"pre": [0, 0, -45],
							"post": [0, 0, -45],
							"lerp_mode": "catmullrom"
						},
						"0.375": {
							"post": [-80.85168, -46.17986, -18.90414],
							"lerp_mode": "catmullrom"
						},
						"0.4583": {
							"post": [-91.41435, -46.85886, -4.38422],
							"lerp_mode": "catmullrom"
						},
						"0.9167": {
							"post": [-91.41435, -46.85886, -4.38422],
							"lerp_mode": "catmullrom"
						},
						"1.0833": {
							"post": [-91.56592, -51.85718, -4.18466],
							"lerp_mode": "catmullrom"
						},
						"1.25": {
							"post": [-91.41435, -46.85886, -4.38422],
							"lerp_mode": "catmullrom"
						},
						"1.4167": {
							"post": [-91.56592, -51.85718, -4.18466],
							"lerp_mode": "catmullrom"
						},
						"1.9583": {
							"post": [-91.56592, -51.85718, -4.18466],
							"lerp_mode": "catmullrom"
						},
						"2.5417": [0, 0, -45]
					},
					"position": {
						"0.0": [0, 1, 0],
						"0.25": {
							"pre": [0, 1, 0],
							"post": [0, 1, 0],
							"lerp_mode": "catmullrom"
						},
						"0.375": {
							"post": [-1, 1, 4],
							"lerp_mode": "catmullrom"
						},
						"0.9167": {
							"post": [-1, 1, 4],
							"lerp_mode": "catmullrom"
						},
						"1.0833": {
							"post": [-1, 1, 4],
							"lerp_mode": "catmullrom"
						},
						"1.25": {
							"post": [-1, 1, 4],
							"lerp_mode": "catmullrom"
						},
						"1.4167": {
							"post": [-1, 1, 4],
							"lerp_mode": "catmullrom"
						},
						"1.9583": {
							"post": [-1, 1, 4],
							"lerp_mode": "catmullrom"
						},
						"2.5417": [0, 1, 0]
					}
				},
				"mounch1": {
					"rotation": {
						"0.5": [0, 0, 12.5],
						"0.7083": {
							"pre": [0, 0, 12.5],
							"post": [0, 0, 12.5],
							"lerp_mode": "catmullrom"
						},
						"0.875": {
							"post": ["20.9202908516+Math.cos(q.anim_time*90*16-360)*16", 3.01413, -1.92765],
							"lerp_mode": "catmullrom"
						},
						"1.75": {
							"post": ["20.9202908516+Math.cos(q.anim_time*90*16-360)*16", 3.01413, -1.92765],
							"lerp_mode": "catmullrom"
						},
						"2.0": {
							"post": [20.92029, 3.01413, -1.92765],
							"lerp_mode": "catmullrom"
						},
						"2.5417": [0, 0, 12.5]
					},
					"position": {
						"0.7083": [0, 0, 0],
						"0.875": [0, 0, 0],
						"1.75": [0, 0, 0],
						"2.0": [0, 0, 0],
						"2.5417": [0, 0, 0]
					}
				},
				"fist_mini5": {
					"rotation": {
						"0.0": [0, 0, 30],
						"0.7083": [0, 0, 57.5],
						"2.5417": [0, 0, 30]
					},
					"position": {
						"0.0": [-1, 0, 0],
						"2.5417": [-1, 0, 0]
					}
				},
				"fist_mini6": {
					"rotation": {
						"0.0": [0, 12.5, 25],
						"0.7083": [5.27482, -8.69123, 90.99443],
						"2.5417": [0, 12.5, 25]
					},
					"position": {
						"0.0": [-1, 0, 0],
						"2.5417": [-1, 0, 0]
					}
				},
				"fist_mini8": {
					"rotation": {
						"0.0": [0, 15, 0],
						"0.7083": [49.01916, -23.56437, 80.22757],
						"1.9583": [49.01916, -23.56437, 80.22757],
						"2.5417": [0, 15, 0]
					},
					"position": {
						"0.0": [0, 0, 0],
						"0.7083": [-5, 5, 5],
						"1.9583": [-5, 5, 5],
						"2.5417": [0, 0, 0]
					}
				},
				"fist_mini7": {
					"rotation": {
						"0.0": [0, -15, 30],
						"0.7083": [-5.96275, -4.55749, 82.73749],
						"2.5417": [0, -15, 30]
					},
					"position": {
						"0.0": [-1, 0, 0],
						"2.5417": [-1, 0, 0]
					}
				},
				"fist_mini2": {
					"rotation": {
						"0.0": [0, 0, -30],
						"0.4583": [0, 0, -12.5],
						"0.9167": {
							"pre": [0, 0, -12.5],
							"post": [0, 0, -12.5],
							"lerp_mode": "catmullrom"
						},
						"1.0833": {
							"post": [0, 0, -45],
							"lerp_mode": "catmullrom"
						},
						"1.25": {
							"post": [0, 0, -12.5],
							"lerp_mode": "catmullrom"
						},
						"1.4167": {
							"post": [0, 0, -29.76],
							"lerp_mode": "catmullrom"
						},
						"1.5833": {
							"post": [0, 0, -7.3],
							"lerp_mode": "catmullrom"
						},
						"1.75": {
							"post": [0, 0, -31.25],
							"lerp_mode": "catmullrom"
						},
						"1.9583": {
							"post": [0, 0, -12.5],
							"lerp_mode": "catmullrom"
						},
						"2.5417": [0, 0, -30]
					},
					"position": {
						"0.0": [1, 0, 0],
						"0.4583": [0, 1, 0],
						"0.9167": {
							"pre": [0, 1, 0],
							"post": [0, 1, 0],
							"lerp_mode": "catmullrom"
						},
						"1.25": {
							"post": [0, 1, 0],
							"lerp_mode": "catmullrom"
						},
						"1.9583": {
							"post": [0, 1, 0],
							"lerp_mode": "catmullrom"
						},
						"2.5417": [1, 0, 0]
					}
				},
				"fist_mini3": {
					"rotation": {
						"0.0": [0, -7.5, -30],
						"0.4583": [4.83711, -5.73853, -70.24258],
						"2.5417": [0, -7.5, -30]
					},
					"position": {
						"0.0": [1, 0, 0],
						"2.5417": [1, 0, 0]
					}
				},
				"fist_mini9": {
					"rotation": {
						"0.0": [0, 17.5, -30],
						"0.4583": [-13.57875, 11.14485, -81.33099],
						"2.5417": [0, 17.5, -30]
					},
					"position": {
						"0.0": [1, 0, 0],
						"2.5417": [1, 0, 0]
					}
				},
				"hoja": {
					"rotation": {
						"0.0": [0, 0, 0],
						"0.875": [27.5, 0, 0],
						"2.0": [27.5, 0, 0],
						"2.5417": [0, 0, 0]
					},
					"position": {
						"0.0": [0, -1, 0],
						"0.875": [1, 0, 0],
						"2.0": [1, 0, 0],
						"2.5417": [0, -1, 0]
					}
				},
				"body": {
					"rotation": {
						"0.0": {
							"post": [0, 0, 0],
							"lerp_mode": "catmullrom"
						},
						"0.5": {
							"post": [0, -17.5, 0],
							"lerp_mode": "catmullrom"
						},
						"0.875": [0, -20, 0],
						"1.9583": [0, -20, 0],
						"2.0": [0, -20, 0],
						"2.5417": {
							"pre": [0, 0, 0],
							"post": [0, 0, 0],
							"lerp_mode": "catmullrom"
						}
					},
					"position": {
						"0.0": {
							"post": [0, 0, 0],
							"lerp_mode": "catmullrom"
						},
						"0.5": {
							"post": [0, 0, 1.5],
							"lerp_mode": "catmullrom"
						},
						"0.875": [0, 0, 1.5],
						"1.9583": [0, 0, 1.8],
						"2.0": [0, 0, 1.5],
						"2.5417": {
							"pre": [0, 0, 0],
							"post": [0, 0, 0],
							"lerp_mode": "catmullrom"
						}
					}
				},
				"leg_parte_mini1": {
					"rotation": {
						"0.0": {
							"post": [0, 0, 0],
							"lerp_mode": "catmullrom"
						},
						"0.4583": {
							"post": [15, 0, 0],
							"lerp_mode": "catmullrom"
						},
						"0.7083": {
							"post": [15, 0, 0],
							"lerp_mode": "catmullrom"
						},
						"0.8333": {
							"post": [0, 0, 0],
							"lerp_mode": "catmullrom"
						},
						"1.9583": [0, 0, 0],
						"2.5417": [0, 0, 0]
					},
					"position": {
						"0.0": {
							"post": [0, 0, 0],
							"lerp_mode": "catmullrom"
						},
						"0.4583": {
							"post": [0, 1, 3],
							"lerp_mode": "catmullrom"
						},
						"0.625": {
							"post": [0, 1, 3],
							"lerp_mode": "catmullrom"
						},
						"0.8333": {
							"post": [0, 0, 1],
							"lerp_mode": "catmullrom"
						},
						"1.9583": [0, 0, 1],
						"2.5417": [0, 0, 0]
					}
				},
				"leg_parte_mini2": {
					"rotation": {
						"0.0": [0, 0, 0],
						"0.2917": [7.5, 0, 0],
						"0.5417": [10, 0, 0],
						"0.75": [10, 0, 0],
						"1.9583": [10, 0, 0],
						"2.5417": [0, 0, 0]
					},
					"position": {
						"0.0": [0, 0, 0],
						"0.2917": [0, 0, 1],
						"0.5417": [0, 0, 2],
						"0.75": [0, 0, 2],
						"1.9583": [0, 0, 2],
						"2.5417": [0, 0, 0]
					}
				},
				"fist_mini4": {
					"rotation": {
						"0.0": [0, 0, 0],
						"0.4583": [0, 0, -75],
						"1.0": [0, 0, -103],
						"1.9583": [0, 0, -103],
						"2.5417": [0, 0, 0]
					},
					"position": {
						"0.0": [0, 0, 0],
						"0.4583": [5, 6, 0],
						"1.0": [3.7, 10.44, 0],
						"1.9583": [3.7, 10.44, 0],
						"2.5417": [0, 0, 0]
					}
				}
			},
			"sound_effects": {
				"0.875": {
					"effect": "pokemon.pangoro.cry"
				}
			}
		},
		"animation.pangoro.physical": {
			"loop": "hold_on_last_frame",
			"animation_length": 2.15,
			"bones": {
				"leg_parte1": {
					"rotation": {
						"0.0": {
							"post": [0, 50, 0],
							"lerp_mode": "catmullrom"
						},
						"0.2083": {
							"post": [0, 50, 0],
							"lerp_mode": "catmullrom"
						},
						"0.375": {
							"post": [-1.38008, 35.77153, 1.93563],
							"lerp_mode": "catmullrom"
						},
						"0.5417": {
							"post": [-13.27118, 83.08334, -10.02596],
							"lerp_mode": "catmullrom"
						},
						"0.625": {
							"post": [-23.85469, 76.82308, -18.63277],
							"lerp_mode": "catmullrom"
						},
						"0.75": {
							"post": [-256.13154, 81.56326, -242.90777],
							"lerp_mode": "catmullrom"
						},
						"0.875": {
							"post": [-152.8599, 84.81304, -144.91864],
							"lerp_mode": "catmullrom"
						},
						"0.9583": {
							"post": [5.99076, 52.54868, 19.62617],
							"lerp_mode": "catmullrom"
						},
						"1.0417": [7.59608, 27.61799, 23.32799],
						"2.0": {
							"pre": [0, 50, 0],
							"post": [0, 50, 0],
							"lerp_mode": "catmullrom"
						}
					},
					"position": {
						"0.0": {
							"post": [-1, 0, -4],
							"lerp_mode": "catmullrom"
						},
						"0.2083": {
							"post": [-1, 0, -4],
							"lerp_mode": "catmullrom"
						},
						"0.5417": {
							"post": [-5.74, 0.06, -4.35],
							"lerp_mode": "catmullrom"
						},
						"0.75": {
							"post": [-6.22, 1.1, 4.33],
							"lerp_mode": "catmullrom"
						},
						"0.875": {
							"post": [-5, 0, 0],
							"lerp_mode": "catmullrom"
						},
						"1.0417": [-6, -1, 2],
						"2.0": {
							"pre": [-1, 0, -4],
							"post": [-1, 0, -4],
							"lerp_mode": "catmullrom"
						}
					}
				},
				"leg_parte2": {
					"rotation": {
						"0.0": {
							"post": [0, -32.5, 0],
							"lerp_mode": "catmullrom"
						},
						"0.4583": {
							"post": [-11.36752, -44.56274, 3.20921],
							"lerp_mode": "catmullrom"
						},
						"0.875": {
							"post": [-20, -32.5, 0],
							"lerp_mode": "catmullrom"
						},
						"0.9583": {
							"post": [-35.84304, -36.05912, -4.8569],
							"lerp_mode": "catmullrom"
						},
						"1.0417": [-25.94319, -38.82732, -8.6345],
						"2.0": {
							"pre": [0, -32.5, 0],
							"post": [0, -32.5, 0],
							"lerp_mode": "catmullrom"
						}
					},
					"position": {
						"0.0": {
							"post": [0, 0, 4],
							"lerp_mode": "catmullrom"
						},
						"0.875": {
							"post": [2, 0, -7],
							"lerp_mode": "catmullrom"
						},
						"0.9583": {
							"post": [4.5, 6.13, -12.75],
							"lerp_mode": "catmullrom"
						},
						"1.0417": [6, 1, -10],
						"2.0": {
							"pre": [0, 0, 4],
							"post": [0, 0, 4],
							"lerp_mode": "catmullrom"
						}
					}
				},
				"torso": {
					"rotation": {
						"0.0": {
							"post": [7.5, 0, 0],
							"lerp_mode": "catmullrom"
						},
						"0.3333": {
							"post": [7.5, 0, 0],
							"lerp_mode": "catmullrom"
						},
						"0.4583": {
							"post": [4.45036, 5.05357, -1.24404],
							"lerp_mode": "catmullrom"
						},
						"0.9167": {
							"post": [5.66502, 22.02605, 6.79976],
							"lerp_mode": "catmullrom"
						},
						"0.9583": {
							"post": [-18.53824, -0.67617, 3.82885],
							"lerp_mode": "catmullrom"
						},
						"1.0": {
							"post": [5.46161, 12.04306, 2.92068],
							"lerp_mode": "catmullrom"
						},
						"1.125": [7.5, -4, 4],
						"1.4167": {
							"pre": [0, -29, 4],
							"post": [0, -29, 4],
							"lerp_mode": "catmullrom"
						},
						"2.0": {
							"post": [7.5, 0, 0],
							"lerp_mode": "catmullrom"
						}
					},
					"position": {
						"0.0": {
							"post": [0, 0, 2],
							"lerp_mode": "catmullrom"
						},
						"0.3333": {
							"post": [0, 0, 2],
							"lerp_mode": "catmullrom"
						},
						"2.0": {
							"post": [0, 0, 2],
							"lerp_mode": "catmullrom"
						}
					}
				},
				"torso2": {
					"rotation": {
						"0.0": {
							"post": [17.5, 0, 0],
							"lerp_mode": "catmullrom"
						},
						"0.3333": {
							"post": [17.5, 0, 0],
							"lerp_mode": "catmullrom"
						},
						"0.5": {
							"post": [9.20453, 0.57066, 0.28566],
							"lerp_mode": "catmullrom"
						},
						"0.9167": {
							"post": [15.57779, 14.2906, 4.60659],
							"lerp_mode": "catmullrom"
						},
						"1.0": {
							"post": [10.59923, 2.27632, 1.07747],
							"lerp_mode": "catmullrom"
						},
						"1.0833": [25.60387, -14.65274, -3.37107],
						"1.25": [25.60387, -14.65274, -3.37107],
						"2.0": {
							"pre": [17.5, 0, 0],
							"post": [17.5, 0, 0],
							"lerp_mode": "catmullrom"
						}
					},
					"position": {
						"0.0": {
							"post": [0, 0, 7],
							"lerp_mode": "catmullrom"
						},
						"0.3333": {
							"post": [0, 0, 7],
							"lerp_mode": "catmullrom"
						},
						"0.5": {
							"post": [0, 0.71, 3.79],
							"lerp_mode": "catmullrom"
						},
						"0.9167": {
							"post": [0, 2, 6],
							"lerp_mode": "catmullrom"
						},
						"1.0": {
							"post": [0, 1.5, 3],
							"lerp_mode": "catmullrom"
						},
						"1.0833": [0, 1, 10],
						"1.25": [0, 1, 10],
						"2.0": {
							"pre": [0, 0, 7],
							"post": [0, 0, 7],
							"lerp_mode": "catmullrom"
						}
					}
				},
				"capes": {
					"rotation": {
						"0.25": [17.5, 0, 0],
						"1.0": [4.47, 0, 0],
						"1.0417": [27.5, 0, 0],
						"2.0": {
							"pre": [17.5, 0, 0],
							"post": [17.5, 0, 0],
							"lerp_mode": "catmullrom"
						}
					},
					"position": {
						"0.25": [0, -1, 8],
						"1.0": [0, 2, 2.74],
						"1.0417": [0, -1, 13],
						"2.0": {
							"pre": [0, -1, 8],
							"post": [0, -1, 8],
							"lerp_mode": "catmullrom"
						}
					}
				},
				"cape1": {
					"rotation": {
						"0.25": {
							"pre": [0, 0, 0],
							"post": [0, 0, 0],
							"lerp_mode": "catmullrom"
						},
						"0.5": {
							"post": [0, 0, -5],
							"lerp_mode": "catmullrom"
						},
						"1.0": {
							"post": [0, 0, 0],
							"lerp_mode": "catmullrom"
						},
						"1.0417": [0, 0, -5],
						"2.0": {
							"pre": [0, 0, 0],
							"post": [0, 0, 0],
							"lerp_mode": "catmullrom"
						}
					}
				},
				"cape2": {
					"rotation": {
						"0.25": {
							"pre": [0, 0, 0],
							"post": [0, 0, 0],
							"lerp_mode": "catmullrom"
						},
						"0.5": {
							"post": [0, 0, 5],
							"lerp_mode": "catmullrom"
						},
						"1.0": {
							"post": [0, 0, 0],
							"lerp_mode": "catmullrom"
						},
						"1.0417": [0, 0, 5],
						"2.0": {
							"pre": [0, 0, 0],
							"post": [0, 0, 0],
							"lerp_mode": "catmullrom"
						}
					}
				},
				"face": {
					"rotation": {
						"0.0": {
							"post": [-2.5, 0, 0],
							"lerp_mode": "catmullrom"
						},
						"0.3333": {
							"post": [-2.5, 0, 0],
							"lerp_mode": "catmullrom"
						},
						"0.5": {
							"post": [5.29221, -19.18561, -3.05153],
							"lerp_mode": "catmullrom"
						},
						"0.875": {
							"post": [12.89668, -24.24528, 8.27205],
							"lerp_mode": "catmullrom"
						},
						"1.0": {
							"post": [20.38629, 7.52794, 1.97302],
							"lerp_mode": "catmullrom"
						},
						"1.0417": [8.78692, 4.72132, 13.69508],
						"1.25": {
							"pre": [11.19223, -7.47126, -3.55174],
							"post": [11.19223, -7.47126, -3.55174],
							"lerp_mode": "catmullrom"
						},
						"2.0": {
							"post": [-2.5, 0, 0],
							"lerp_mode": "catmullrom"
						}
					},
					"position": {
						"0.0": {
							"post": [0, -1, 0],
							"lerp_mode": "catmullrom"
						},
						"0.3333": {
							"post": [0, -1, 0],
							"lerp_mode": "catmullrom"
						},
						"2.0": {
							"post": [0, -1, 0],
							"lerp_mode": "catmullrom"
						}
					}
				},
				"hand1": {
					"rotation": {
						"0.0": {
							"post": [-26.54459, -28.67905, 38.06985],
							"lerp_mode": "catmullrom"
						},
						"0.25": {
							"post": [-26.54459, -28.67905, 38.06985],
							"lerp_mode": "catmullrom"
						},
						"0.5417": {
							"post": [-22.34613, 8.47589, 29.17355],
							"lerp_mode": "catmullrom"
						},
						"1.0": {
							"post": [-9.79262, -16.32504, 25.92585],
							"lerp_mode": "catmullrom"
						},
						"1.0417": [-9.87232, -55.19681, 21.31966],
						"1.25": [30.11306, -47.91056, -38.26511],
						"1.4583": [-7.66939, -42.83958, 18.41876],
						"2.0": {
							"pre": [-26.54459, -28.67905, 38.06985],
							"post": [-26.54459, -28.67905, 38.06985],
							"lerp_mode": "catmullrom"
						}
					},
					"position": {
						"0.0": {
							"post": [-1, 3, 2],
							"lerp_mode": "catmullrom"
						},
						"0.25": {
							"post": [-1, 3, 2],
							"lerp_mode": "catmullrom"
						},
						"0.5417": {
							"post": [-1, 3, 2],
							"lerp_mode": "catmullrom"
						},
						"2.0": {
							"post": [-1, 3, 2],
							"lerp_mode": "catmullrom"
						}
					}
				},
				"hand_mini1": {
					"rotation": {
						"0.0": {
							"post": [54.71417, 48.81761, 71.19701],
							"lerp_mode": "catmullrom"
						},
						"0.25": {
							"post": [54.71417, 48.81761, 71.19701],
							"lerp_mode": "catmullrom"
						},
						"0.4583": {
							"post": [44.63663, 39.37255, 56.54013],
							"lerp_mode": "catmullrom"
						},
						"1.0": {
							"post": [96.1653, 56.73533, 121.77256],
							"lerp_mode": "catmullrom"
						},
						"1.0417": [68.80254, 54.79581, 89.04342],
						"2.0": {
							"pre": [54.71417, 48.81761, 71.19701],
							"post": [54.71417, 48.81761, 71.19701],
							"lerp_mode": "catmullrom"
						}
					},
					"position": {
						"0.0": {
							"post": [-3, 1, 1],
							"lerp_mode": "catmullrom"
						},
						"0.25": {
							"post": [-3, 1, 1],
							"lerp_mode": "catmullrom"
						},
						"2.0": {
							"post": [-3, 1, 1],
							"lerp_mode": "catmullrom"
						}
					}
				},
				"fists1": {
					"rotation": {
						"0.25": {
							"pre": [0, 0, 37.5],
							"post": [0, 0, 37.5],
							"lerp_mode": "catmullrom"
						},
						"0.5": {
							"post": [3.96713, 14.47751, 53.00409],
							"lerp_mode": "catmullrom"
						},
						"2.0": {
							"post": [0, 0, 37.5],
							"lerp_mode": "catmullrom"
						}
					},
					"position": {
						"0.25": {
							"pre": [0, 1, 0],
							"post": [0, 1, 0],
							"lerp_mode": "catmullrom"
						},
						"0.5": {
							"post": [0, 2, 0],
							"lerp_mode": "catmullrom"
						},
						"2.0": {
							"post": [0, 1, 0],
							"lerp_mode": "catmullrom"
						}
					}
				},
				"torso3": {
					"rotation": {
						"0.0": {
							"post": [-10, 0, 0],
							"lerp_mode": "catmullrom"
						},
						"0.2083": {
							"post": [-10, 0, 0],
							"lerp_mode": "catmullrom"
						},
						"0.5": {
							"post": [-10.03941, -0.45589, 0.07199],
							"lerp_mode": "catmullrom"
						},
						"0.75": {
							"post": [-10.34527, 14.76689, -2.66399],
							"lerp_mode": "catmullrom"
						},
						"1.0": {
							"post": [-10.11488, -4.92297, 0.88378],
							"lerp_mode": "catmullrom"
						},
						"1.0417": [-10.70941, -19.67891, 3.65075],
						"1.9167": {
							"pre": [-10, 0, 0],
							"post": [-10, 0, 0],
							"lerp_mode": "catmullrom"
						}
					},
					"position": {
						"0.0": {
							"post": [0, 0, -7],
							"lerp_mode": "catmullrom"
						},
						"0.2083": {
							"post": [0, 0, -7],
							"lerp_mode": "catmullrom"
						},
						"1.9167": {
							"post": [0, 0, -7],
							"lerp_mode": "catmullrom"
						}
					}
				},
				"hand2": {
					"rotation": {
						"0.0": {
							"post": [-23.74841, 2.9346, -34.02287],
							"lerp_mode": "catmullrom"
						},
						"0.25": {
							"post": [-23.74841, 2.9346, -34.02287],
							"lerp_mode": "catmullrom"
						},
						"0.4167": {
							"post": [-24.52843, 14.34942, -39.18485],
							"lerp_mode": "catmullrom"
						},
						"1.0": {
							"post": [4.8675, 27.80218, 32.65543],
							"lerp_mode": "catmullrom"
						},
						"1.0417": [-16.86682, -76.46222, 3.33488],
						"1.25": {
							"pre": [-83.04914, -86.07661, 69.94408],
							"post": [-83.04914, -86.07661, 69.94408],
							"lerp_mode": "catmullrom"
						},
						"1.75": {
							"post": [-9.89317, -66.71438, -3.9875],
							"lerp_mode": "catmullrom"
						},
						"2.0": {
							"post": [-23.74841, 2.9346, -34.02287],
							"lerp_mode": "catmullrom"
						}
					},
					"position": {
						"0.0": {
							"post": [1, 3, 2],
							"lerp_mode": "catmullrom"
						},
						"0.1667": {
							"post": [1, 3, 2],
							"lerp_mode": "catmullrom"
						},
						"0.5": {
							"post": [1, 3, 0.05],
							"lerp_mode": "catmullrom"
						},
						"1.0": {
							"post": [1, 3, 1],
							"lerp_mode": "catmullrom"
						},
						"1.0417": [1, 3, 0],
						"1.25": {
							"pre": [1, 3, 0],
							"post": [1, 3, 0],
							"lerp_mode": "catmullrom"
						},
						"1.75": {
							"post": [1, 3, 0],
							"lerp_mode": "catmullrom"
						},
						"2.0": {
							"post": [1, 3, 2],
							"lerp_mode": "catmullrom"
						}
					},
					"scale": {
						"0.4583": {
							"pre": [1, 1, 1],
							"post": [1, 1, 1],
							"lerp_mode": "catmullrom"
						},
						"1.0": {
							"post": [0.7938, 1, 1],
							"lerp_mode": "catmullrom"
						},
						"1.0417": [1, 1, 1],
						"1.0833": [1.2, 1, 1],
						"2.0": {
							"pre": [1, 1, 1],
							"post": [1, 1, 1],
							"lerp_mode": "catmullrom"
						}
					}
				},
				"hand_mini2": {
					"rotation": {
						"0.0": {
							"post": [41.06421, -51.19191, -63.31867],
							"lerp_mode": "catmullrom"
						},
						"0.2917": {
							"post": [41.06421, -51.19191, -63.31867],
							"lerp_mode": "catmullrom"
						},
						"0.4583": [93.92479, -64.25821, -98.68554],
						"1.0": {
							"pre": [124.62719, -58.22595, -133.41659],
							"post": [124.62719, -58.22595, -133.41659],
							"lerp_mode": "catmullrom"
						},
						"1.0417": [-3.70925, -30.15195, -10.83092],
						"1.3333": {
							"pre": [-8.40067, -67.48637, -4.92743],
							"post": [-8.40067, -67.48637, -4.92743],
							"lerp_mode": "catmullrom"
						},
						"1.75": {
							"post": [15.33399, -37.17569, -31.7165],
							"lerp_mode": "catmullrom"
						},
						"2.0": {
							"post": [41.06421, -51.19191, -63.31867],
							"lerp_mode": "catmullrom"
						}
					},
					"position": {
						"0.0": {
							"post": [3, 1, 1],
							"lerp_mode": "catmullrom"
						},
						"0.2917": {
							"post": [3, 1, 1],
							"lerp_mode": "catmullrom"
						},
						"2.0": {
							"post": [3, 1, 1],
							"lerp_mode": "catmullrom"
						}
					},
					"scale": {
						"0.0": [1, 1, 1],
						"0.2917": [1, 1, 1],
						"1.0417": [1, 1, 1],
						"1.0833": [1.2, 1, 1],
						"1.3333": {
							"pre": [1, 1, 1],
							"post": [1, 1, 1],
							"lerp_mode": "catmullrom"
						},
						"2.0": {
							"post": [1, 1, 1],
							"lerp_mode": "catmullrom"
						}
					}
				},
				"fists2": {
					"rotation": {
						"0.25": {
							"pre": [0, 0, -45],
							"post": [0, 0, -45],
							"lerp_mode": "catmullrom"
						},
						"0.4583": [13.46783, -32.61461, -68.9568],
						"1.0": {
							"pre": [-34.0724, -8.53726, 32.62039],
							"post": [-34.0724, -8.53726, 32.62039],
							"lerp_mode": "catmullrom"
						},
						"1.0417": [3.49226, -34.84748, -51.0963],
						"2.0": {
							"pre": [0, 0, -45],
							"post": [0, 0, -45],
							"lerp_mode": "catmullrom"
						}
					},
					"position": {
						"0.25": {
							"pre": [0, 1, 0],
							"post": [0, 1, 0],
							"lerp_mode": "catmullrom"
						},
						"0.4583": [0, 2, 2],
						"1.0": {
							"pre": [1, 0, 2],
							"post": [1, 0, 2],
							"lerp_mode": "catmullrom"
						},
						"1.0417": [0, 2, 2],
						"2.0": {
							"pre": [0, 1, 0],
							"post": [0, 1, 0],
							"lerp_mode": "catmullrom"
						}
					}
				},
				"mounch1": {
					"rotation": {
						"0.0": {
							"post": [0, 0, 12.5],
							"lerp_mode": "catmullrom"
						},
						"0.75": {
							"post": [17.5, 0, 12.5],
							"lerp_mode": "catmullrom"
						},
						"1.0": {
							"post": [40, 0, 12.5],
							"lerp_mode": "catmullrom"
						},
						"1.25": [27.5, 0, 12.5],
						"1.75": [0, 0, 12.5]
					}
				},
				"fist_mini5": {
					"rotation": [0, 0, 30],
					"position": [-1, 0, 0]
				},
				"fist_mini6": {
					"rotation": [0, 12.5, 25],
					"position": [-1, 0, 0]
				},
				"fist_mini8": {
					"rotation": [0, 15, 0]
				},
				"fist_mini7": {
					"rotation": [0, -15, 30],
					"position": [-1, 0, 0]
				},
				"fist_mini2": {
					"rotation": [0, 0, -30],
					"position": [1, 0, 0]
				},
				"fist_mini3": {
					"rotation": [0, -7.5, -30],
					"position": [1, 0, 0]
				},
				"fist_mini9": {
					"rotation": [0, 17.5, -30],
					"position": [1, 0, 0]
				},
				"hoja": {
					"position": [0, -1, 0]
				},
				"body": {
					"rotation": {
						"0.0": {
							"post": [0, 0, 0],
							"lerp_mode": "catmullrom"
						},
						"0.2917": {
							"post": [0, 0, 0],
							"lerp_mode": "catmullrom"
						},
						"0.5": {
							"post": [0, -8.77, 0],
							"lerp_mode": "catmullrom"
						},
						"0.75": {
							"post": [0, 42.96, 0],
							"lerp_mode": "catmullrom"
						},
						"0.875": {
							"post": [0, 35, 0],
							"lerp_mode": "catmullrom"
						},
						"0.9583": {
							"post": [0, 10.63, 0],
							"lerp_mode": "catmullrom"
						},
						"1.0": {
							"post": [0, -23.5, 0],
							"lerp_mode": "catmullrom"
						},
						"1.0417": [0, -30, 0],
						"1.25": {
							"pre": [0, -52.5, 0],
							"post": [0, -52.5, 0],
							"lerp_mode": "catmullrom"
						},
						"2.0": {
							"post": [0, 0, 0],
							"lerp_mode": "catmullrom"
						}
					},
					"position": {
						"0.0": {
							"post": [0, 0, 0],
							"lerp_mode": "catmullrom"
						},
						"0.2917": {
							"post": [0, 0, 0],
							"lerp_mode": "catmullrom"
						},
						"0.5": {
							"post": [-0.05, 0, -0.72],
							"lerp_mode": "catmullrom"
						},
						"0.875": {
							"post": [0, 0, 1],
							"lerp_mode": "catmullrom"
						},
						"0.9583": {
							"post": [1, 0, 3],
							"lerp_mode": "catmullrom"
						},
						"1.0": {
							"post": [0.56, 0, 6],
							"lerp_mode": "catmullrom"
						},
						"1.0417": [0, 0, -8],
						"1.25": {
							"pre": [0, 0, -8],
							"post": [0, 0, -8],
							"lerp_mode": "catmullrom"
						},
						"2.0": {
							"post": [0, 0, 0],
							"lerp_mode": "catmullrom"
						}
					}
				},
				"leg_parte_mini1": {
					"rotation": {
						"0.25": {
							"pre": [0, 0, 0],
							"post": [0, 0, 0],
							"lerp_mode": "catmullrom"
						},
						"0.5": [4.51102, -19.94294, -1.54145],
						"0.875": {
							"pre": [10, 0, 0],
							"post": [10, 0, 0],
							"lerp_mode": "catmullrom"
						},
						"0.9583": {
							"post": [10.65096, 18.13867, -6.84391],
							"lerp_mode": "catmullrom"
						},
						"1.0417": {
							"post": [8.51684, 3.79631, -17.22116],
							"lerp_mode": "catmullrom"
						},
						"2.0": {
							"post": [0, 0, 0],
							"lerp_mode": "catmullrom"
						}
					},
					"position": {
						"0.25": {
							"pre": [0, 0, 0],
							"post": [0, 0, 0],
							"lerp_mode": "catmullrom"
						},
						"0.5": [-1, 0, 5.85],
						"0.5417": [-1.98, -0.02, 5.85],
						"0.875": {
							"pre": [0, 0, 2],
							"post": [0, 0, 2],
							"lerp_mode": "catmullrom"
						},
						"0.9583": {
							"post": [1.78, 2.81, -1.35],
							"lerp_mode": "catmullrom"
						},
						"1.0417": {
							"post": [3.05, 5, 1.59],
							"lerp_mode": "catmullrom"
						},
						"2.0": {
							"post": [0, 0, 0],
							"lerp_mode": "catmullrom"
						}
					}
				},
				"leg_parte_mini2": {
					"rotation": {
						"0.25": {
							"pre": [0, 0, 0],
							"post": [0, 0, 0],
							"lerp_mode": "catmullrom"
						},
						"0.875": {
							"post": [25, 0, 0],
							"lerp_mode": "catmullrom"
						},
						"1.0417": [20, 0, 0],
						"2.0": {
							"pre": [0, 0, 0],
							"post": [0, 0, 0],
							"lerp_mode": "catmullrom"
						}
					},
					"position": {
						"0.25": {
							"pre": [0, 0, 0],
							"post": [0, 0, 0],
							"lerp_mode": "catmullrom"
						},
						"0.875": {
							"post": [0, 3, 4],
							"lerp_mode": "catmullrom"
						},
						"0.9583": {
							"post": [0, 2.96, 4.95],
							"lerp_mode": "catmullrom"
						},
						"1.0417": {
							"post": [0, 1.81, 3.72],
							"lerp_mode": "catmullrom"
						},
						"2.0": {
							"post": [0, 0, 0],
							"lerp_mode": "catmullrom"
						}
					}
				},
				"leg_mini2": {
					"rotation": {
						"0.25": {
							"pre": [0, 0, 0],
							"post": [0, 0, 0],
							"lerp_mode": "catmullrom"
						},
						"0.875": {
							"post": [-7.75993, 11.42961, 3.13195],
							"lerp_mode": "catmullrom"
						},
						"1.0417": [13.00409, 14.47751, 3.96713],
						"2.0": {
							"pre": [0, 0, 0],
							"post": [0, 0, 0],
							"lerp_mode": "catmullrom"
						}
					},
					"position": {
						"0.25": {
							"pre": [0, 0, 0],
							"post": [0, 0, 0],
							"lerp_mode": "catmullrom"
						},
						"1.0417": [0, 0, 2],
						"2.0": {
							"pre": [0, 0, 0],
							"post": [0, 0, 0],
							"lerp_mode": "catmullrom"
						}
					}
				},
				"eye1": {
					"position": {
						"0.25": [0, 0, 0],
						"0.625": {
							"pre": [0, 0, 0],
							"post": [0, 0, 1]
						},
						"0.7083": {
							"pre": [0, 0, 1],
							"post": [0, 0, 0]
						}
					}
				},
				"ceja1": {
					"position": {
						"0.25": [0, 0, 0],
						"0.625": {
							"pre": [0, 0, 0],
							"post": [0, 0, -1]
						},
						"0.7083": {
							"pre": [0, 0, -1],
							"post": [0, 0, 0]
						}
					}
				},
				"eye2": {
					"position": {
						"0.25": [0, 0, 0],
						"0.625": {
							"pre": [0, 0, 0],
							"post": [0, 0, 1]
						},
						"0.7083": {
							"pre": [0, 0, 1],
							"post": [0, 0, 0]
						}
					}
				},
				"ceja2": {
					"position": {
						"0.25": [0, 0, 0],
						"0.625": {
							"pre": [0, 0, 0],
							"post": [0, 0, -1]
						},
						"0.7083": {
							"pre": [0, 0, -1],
							"post": [0, 0, 0]
						}
					}
				}
			}
		},
		"animation.pangoro.special": {
			"animation_length": 2,
			"bones": {
				"leg_parte1": {
					"rotation": {
						"0.0": {
							"post": [0, 50, 0],
							"lerp_mode": "catmullrom"
						},
						"0.1667": {
							"post": [0, 30, 0],
							"lerp_mode": "catmullrom"
						},
						"0.375": [0, 50, 0],
						"0.6667": [0, 60, 0],
						"1.0": {
							"pre": [0, 60, 0],
							"post": [0, 60, 0],
							"lerp_mode": "catmullrom"
						},
						"1.75": {
							"post": [0, 50, 0],
							"lerp_mode": "catmullrom"
						},
						"2.0": {
							"post": [0, 50, 0],
							"lerp_mode": "catmullrom"
						}
					},
					"position": {
						"0.0": {
							"post": [-1, 0, -4],
							"lerp_mode": "catmullrom"
						},
						"0.1667": {
							"post": [-1.43, 0.46, -0.55],
							"lerp_mode": "catmullrom"
						},
						"0.2917": {
							"post": [-1.81, 1.28, 2.45],
							"lerp_mode": "catmullrom"
						},
						"0.375": [-2, 3, 4],
						"0.4583": [-2.01, -0.05, 4.07],
						"0.5": [-2.01, -0.07, 4.11],
						"0.5417": [-2.01, 0.32, 4.08],
						"0.6667": [-2, 0, 4],
						"1.0": {
							"pre": [-2, 0, 4],
							"post": [-2, 0, 4],
							"lerp_mode": "catmullrom"
						},
						"1.75": {
							"post": [-1, 0, -4],
							"lerp_mode": "catmullrom"
						},
						"2.0": {
							"post": [-1, 0, -4],
							"lerp_mode": "catmullrom"
						}
					}
				},
				"leg_parte2": {
					"rotation": {
						"0.0": {
							"post": [0, -32.5, 0],
							"lerp_mode": "catmullrom"
						},
						"0.375": {
							"post": [6.97362, -34.55841, -8.80615],
							"lerp_mode": "catmullrom"
						},
						"0.6667": {
							"post": [0, -54.17, 0],
							"lerp_mode": "catmullrom"
						},
						"1.0": {
							"post": [0, -54.17, 0],
							"lerp_mode": "catmullrom"
						},
						"1.75": {
							"post": [0, -32.5, 0],
							"lerp_mode": "catmullrom"
						},
						"2.0": {
							"post": [0, -32.5, 0],
							"lerp_mode": "catmullrom"
						}
					},
					"position": {
						"0.0": {
							"post": [0, 0, 4],
							"lerp_mode": "catmullrom"
						},
						"0.375": {
							"post": [2, 0, 4],
							"lerp_mode": "catmullrom"
						},
						"0.6667": {
							"post": [2, 0, 4],
							"lerp_mode": "catmullrom"
						},
						"1.0": {
							"post": [2, 0, 4],
							"lerp_mode": "catmullrom"
						},
						"1.75": {
							"post": [0, 0, 4],
							"lerp_mode": "catmullrom"
						},
						"2.0": {
							"post": [0, 0, 4],
							"lerp_mode": "catmullrom"
						}
					}
				},
				"torso": {
					"rotation": {
						"0.0": {
							"post": [7.5, 0, 0],
							"lerp_mode": "catmullrom"
						},
						"0.1667": {
							"post": [15, 0, 0],
							"lerp_mode": "catmullrom"
						},
						"0.375": {
							"post": [22.5, 0, 0],
							"lerp_mode": "catmullrom"
						},
						"0.6667": [-12.5, 0, 0],
						"1.25": ["-12.5+math.sin(q.anim_time*90*64)*0.5", 0, 0],
						"1.75": [7.5, 0, 0],
						"2.0": [7.5, 0, 0]
					},
					"position": {
						"0.0": {
							"post": [0, 0, 2],
							"lerp_mode": "catmullrom"
						},
						"0.1667": {
							"post": [0, 0, 2],
							"lerp_mode": "catmullrom"
						},
						"0.375": {
							"post": [0, 0, 1.06],
							"lerp_mode": "catmullrom"
						},
						"0.6667": [0, "0-math.sin(q.anim_time*90*64)*0.8", 11],
						"1.25": [0, "0-math.sin(q.anim_time*90*64)*0.8", 11],
						"1.75": [0, 0, 2],
						"2.0": [0, 0, 2]
					}
				},
				"torso2": {
					"rotation": {
						"0.0": {
							"post": [17.5, 0, 0],
							"lerp_mode": "catmullrom"
						},
						"0.375": {
							"post": [22.11, 0, 0],
							"lerp_mode": "catmullrom"
						},
						"0.6667": {
							"post": [-2.5, 0, 0],
							"lerp_mode": "catmullrom"
						},
						"1.0": {
							"post": [-2.5, 0, 0],
							"lerp_mode": "catmullrom"
						},
						"1.5": {
							"post": [-2.5, 0, 0],
							"lerp_mode": "catmullrom"
						},
						"1.75": {
							"post": [17.5, 0, 0],
							"lerp_mode": "catmullrom"
						},
						"2.0": {
							"post": [17.5, 0, 0],
							"lerp_mode": "catmullrom"
						}
					},
					"position": {
						"0.0": {
							"post": [0, 0, 7],
							"lerp_mode": "catmullrom"
						},
						"0.375": {
							"post": [0, 0, 7.84],
							"lerp_mode": "catmullrom"
						},
						"0.6667": {
							"post": [0, 0, -1],
							"lerp_mode": "catmullrom"
						},
						"1.0": {
							"post": [0, 0, -1],
							"lerp_mode": "catmullrom"
						},
						"1.5": {
							"post": [0, 0, -1],
							"lerp_mode": "catmullrom"
						},
						"1.75": {
							"post": [0, 0, 7],
							"lerp_mode": "catmullrom"
						},
						"2.0": {
							"post": [0, 0, 7],
							"lerp_mode": "catmullrom"
						}
					}
				},
				"capes": {
					"rotation": {
						"0.0": [17.5, 0, 0],
						"0.375": [20, 0, 0],
						"0.5": [17.5, 0, 0],
						"0.6667": [13.71, 0, 0],
						"0.75": ["15+math.sin(q.anim_time*90*64)*8", 0, 0],
						"1.0": ["15+math.sin(q.anim_time*90*64)*8", 0, 0],
						"1.75": [17.5, 0, 0],
						"2.0": [17.5, 0, 0]
					},
					"position": {
						"0.0": [0, -1, 8],
						"0.5": [0, -1, 8],
						"0.75": [0, -1, 8],
						"1.75": [0, -1, 8],
						"2.0": [0, -1, 8]
					}
				},
				"cape1": {
					"rotation": [0, 0, 0]
				},
				"cape2": {
					"rotation": [0, 0, 0]
				},
				"face": {
					"rotation": {
						"0.0": [-2.5, 0, 0],
						"0.375": [27.5, 0, 0],
						"0.6667": ["-10+math.sin(q.anim_time*90*64+90)*4", 0, 0],
						"1.0": ["-10+math.sin(q.anim_time*90*64+90)*4", 0, 0],
						"1.75": [-2.5, 0, 0],
						"2.0": [-2.5, 0, 0]
					},
					"position": {
						"0.0": [0, -1, 0],
						"1.75": [0, -1, 0],
						"2.0": [0, -1, 0]
					}
				},
				"hand1": {
					"rotation": {
						"0.0": {
							"post": [-26.54459, -28.67905, 38.06985],
							"lerp_mode": "catmullrom"
						},
						"0.1667": {
							"post": [-26.54459, -28.67905, 38.06985],
							"lerp_mode": "catmullrom"
						},
						"0.375": {
							"post": [-6.1922, 13.74293, 35.9693],
							"lerp_mode": "catmullrom"
						},
						"0.6667": {
							"post": [-2.27841, -42.13006, 24.57543],
							"lerp_mode": "catmullrom"
						},
						"1.0": {
							"post": [-2.27841, -42.13006, 24.57543],
							"lerp_mode": "catmullrom"
						},
						"1.75": {
							"post": [-26.54459, -28.67905, 38.06985],
							"lerp_mode": "catmullrom"
						},
						"2.0": {
							"post": [-26.54459, -28.67905, 38.06985],
							"lerp_mode": "catmullrom"
						}
					},
					"position": {
						"0.0": {
							"post": [-1, 3, 2],
							"lerp_mode": "catmullrom"
						},
						"0.1667": {
							"post": [-1, 3, 2],
							"lerp_mode": "catmullrom"
						},
						"1.75": {
							"post": [-1, 3, 2],
							"lerp_mode": "catmullrom"
						},
						"2.0": {
							"post": [-1, 3, 2],
							"lerp_mode": "catmullrom"
						}
					}
				},
				"hand_mini1": {
					"rotation": {
						"0.0": {
							"post": [54.71417, 48.81761, 71.19701],
							"lerp_mode": "catmullrom"
						},
						"0.1667": {
							"post": [54.71417, 48.81761, 71.19701],
							"lerp_mode": "catmullrom"
						},
						"0.375": {
							"post": [83.27324, 57.2338, 106.44947],
							"lerp_mode": "catmullrom"
						},
						"0.6667": {
							"post": [56.97482, 59.22391, 74.58457],
							"lerp_mode": "catmullrom"
						},
						"1.0": {
							"post": [56.97482, 59.22391, 74.58457],
							"lerp_mode": "catmullrom"
						},
						"1.75": {
							"post": [54.71417, 48.81761, 71.19701],
							"lerp_mode": "catmullrom"
						},
						"2.0": {
							"post": [54.71417, 48.81761, 71.19701],
							"lerp_mode": "catmullrom"
						}
					},
					"position": {
						"0.0": {
							"post": [-3, 1, 1],
							"lerp_mode": "catmullrom"
						},
						"0.1667": {
							"post": [-3, 1, 1],
							"lerp_mode": "catmullrom"
						},
						"1.75": {
							"post": [-3, 1, 1],
							"lerp_mode": "catmullrom"
						},
						"2.0": {
							"post": [-3, 1, 1],
							"lerp_mode": "catmullrom"
						}
					}
				},
				"fists1": {
					"rotation": {
						"0.0": {
							"post": [0, 0, 37.5],
							"lerp_mode": "catmullrom"
						},
						"1.75": {
							"post": [0, 0, 37.5],
							"lerp_mode": "catmullrom"
						},
						"2.0": {
							"post": [0, 0, 37.5],
							"lerp_mode": "catmullrom"
						}
					},
					"position": {
						"0.0": {
							"post": [0, 1, 0],
							"lerp_mode": "catmullrom"
						},
						"1.75": {
							"post": [0, 1, 0],
							"lerp_mode": "catmullrom"
						},
						"2.0": {
							"post": [0, 1, 0],
							"lerp_mode": "catmullrom"
						}
					}
				},
				"torso3": {
					"rotation": [-10, 0, 0],
					"position": [0, 0, -7]
				},
				"hand2": {
					"rotation": {
						"0.0": {
							"post": [-23.74841, 2.9346, -34.02287],
							"lerp_mode": "catmullrom"
						},
						"0.1667": {
							"post": [-23.74841, 2.9346, -34.02287],
							"lerp_mode": "catmullrom"
						},
						"0.375": {
							"post": [-4.10368, -12.70323, -24.15664],
							"lerp_mode": "catmullrom"
						},
						"0.6667": {
							"post": [-2.27841, 42.13006, -24.57543],
							"lerp_mode": "catmullrom"
						},
						"1.0": {
							"post": [-2.27841, 42.13006, -24.57543],
							"lerp_mode": "catmullrom"
						},
						"1.75": {
							"post": [-23.74841, 2.9346, -34.02287],
							"lerp_mode": "catmullrom"
						},
						"2.0": {
							"post": [-23.74841, 2.9346, -34.02287],
							"lerp_mode": "catmullrom"
						}
					},
					"position": {
						"0.0": {
							"post": [1, 3, 2],
							"lerp_mode": "catmullrom"
						},
						"0.1667": {
							"post": [1, 3, 2],
							"lerp_mode": "catmullrom"
						},
						"1.75": {
							"post": [1, 3, 2],
							"lerp_mode": "catmullrom"
						},
						"2.0": {
							"post": [1, 3, 2],
							"lerp_mode": "catmullrom"
						}
					}
				},
				"hand_mini2": {
					"rotation": {
						"0.0": {
							"post": [41.06421, -51.19191, -63.31867],
							"lerp_mode": "catmullrom"
						},
						"0.1667": {
							"post": [41.06421, -51.19191, -63.31867],
							"lerp_mode": "catmullrom"
						},
						"0.375": {
							"post": [83.27324, -57.2338, -106.44947],
							"lerp_mode": "catmullrom"
						},
						"0.6667": {
							"post": [53.96529, -57.8182, -70.67372],
							"lerp_mode": "catmullrom"
						},
						"1.0": {
							"post": [53.96529, -57.8182, -70.67372],
							"lerp_mode": "catmullrom"
						},
						"1.75": {
							"post": [41.06421, -51.19191, -63.31867],
							"lerp_mode": "catmullrom"
						},
						"2.0": {
							"post": [41.06421, -51.19191, -63.31867],
							"lerp_mode": "catmullrom"
						}
					},
					"position": {
						"0.0": {
							"post": [3, 1, 1],
							"lerp_mode": "catmullrom"
						},
						"0.1667": {
							"post": [3, 1, 1],
							"lerp_mode": "catmullrom"
						},
						"1.75": {
							"post": [3, 1, 1],
							"lerp_mode": "catmullrom"
						},
						"2.0": {
							"post": [3, 1, 1],
							"lerp_mode": "catmullrom"
						}
					}
				},
				"fists2": {
					"rotation": [0, 0, -45],
					"position": [0, 1, 0]
				},
				"mounch1": {
					"rotation": {
						"0.0": [0, 0, 12.5],
						"0.375": [-6.27574, 4.43127, 7.91176],
						"0.6667": ["28.0754436705+math.sin(q.anim_time*90*64+180)*2", 7.66813, 4.56023],
						"1.0": ["28.0754436705+math.sin(q.anim_time*90*64+180)*9", 7.66813, 4.56023],
						"1.75": [0, 0, 12.5],
						"2.0": [0, 0, 12.5]
					}
				},
				"fist_mini5": {
					"rotation": [0, 0, 30],
					"position": [-1, 0, 0]
				},
				"fist_mini6": {
					"rotation": [0, 12.5, 25],
					"position": [-1, 0, 0]
				},
				"fist_mini8": {
					"rotation": [0, 15, 0]
				},
				"fist_mini7": {
					"rotation": [0, -15, 30],
					"position": [-1, 0, 0]
				},
				"fist_mini2": {
					"rotation": [0, 0, -30],
					"position": [1, 0, 0]
				},
				"fist_mini3": {
					"rotation": [0, -7.5, -30],
					"position": [1, 0, 0]
				},
				"fist_mini9": {
					"rotation": [0, 17.5, -30],
					"position": [1, 0, 0]
				},
				"hoja": {
					"position": [0, -1, 0]
				},
				"body": {
					"position": {
						"0.0": {
							"post": [0, 0, 0],
							"lerp_mode": "catmullrom"
						},
						"1.75": {
							"post": [0, 0, 0],
							"lerp_mode": "catmullrom"
						},
						"2.0": {
							"post": [0, 0, 0],
							"lerp_mode": "catmullrom"
						}
					}
				}
			}
		},
		"animation.pangoro.ground_walk": {
			"loop": true,
			"animation_length": 1,
			"bones": {
				"leg_parte1": {
					"rotation": [
						"math.clamp(math.sin(query.anim_time*90*4*1+180)*22.5,-22,0)+math.clamp(math.sin(query.anim_time*90*4*1+180)*7.5,0,5)",
						"0+math.sin(q.anim_time*90*4+0)*5",
						"math.clamp(math.sin(query.anim_time*90*4*1+10)*6,-0,5)"
					],
					"position": [
						"-0.2+math.sin(q.anim_time*90*4-75+180)*0.25",
						"math.clamp(math.sin(query.anim_time*90*4*1+200+180)*12,-0.1,1)",
						"0+math.sin(q.anim_time*90*4-75+180)*1.5"
					]
				},
				"leg_parte2": {
					"rotation": [
						"math.clamp(math.sin(query.anim_time*90*4*1+0)*22.5,-22,0)+math.clamp(math.sin(query.anim_time*90*4*1+0)*7.5,0,5)",
						"-10+math.sin(q.anim_time*90*4-0)*5",
						"math.clamp(math.sin(query.anim_time*90*4*1+10)*6,-5,0)"
					],
					"position": [
						"-0.2+math.sin(q.anim_time*90*4-75+180)*0.25",
						"math.clamp(math.sin(query.anim_time*90*4*1+200)*12,-0.1,1)",
						"0+math.sin(q.anim_time*90*4-75)*1.5"
					]
				},
				"torso": {
					"rotation": ["7.5+math.sin(q.anim_time*90*8-90+180)*2", "0+math.sin(q.anim_time*90*4-75+180)*8", "0+math.sin(q.anim_time*90*4-45)*1"],
					"position": [0, 0, "math.sin(q.anim_time*90*4)*0.5"]
				},
				"torso2": {
					"rotation": [17.5, 0, 0],
					"position": [0, 0, 7]
				},
				"capes": {
					"rotation": [17.5, 0, 0],
					"position": [0, -1, 8]
				},
				"cape1": {
					"rotation": [0, 0, 0]
				},
				"cape2": {
					"rotation": [0, 0, 0]
				},
				"face": {
					"rotation": ["-2.5+math.sin(q.anim_time*90*4)*8", "0+math.sin(q.anim_time*90*4-115)*5", 0],
					"position": [0, -1, 0]
				},
				"hand1": {
					"rotation": [-26.54459, "-28.679054385+math.sin(q.anim_time*90*4-75)*20", "38.06985+math.sin(q.anim_time*90*8-160+180)*2.5"],
					"position": [-1, 3, 2]
				},
				"hand_mini1": {
					"rotation": [54.71417, 48.81761, 71.19701],
					"position": [-3, 1, 1]
				},
				"fists1": {
					"rotation": [0, 0, 37.5],
					"position": [0, 1, 0]
				},
				"torso3": {
					"rotation": [-10, 0, 0],
					"position": [0, 0, -7]
				},
				"hand2": {
					"rotation": [-24.088, "9.792177304+math.sin(q.anim_time*90*4-75)*20", "-37.0806398131+math.sin(q.anim_time*90*8-160)*2.5"],
					"position": [1, 3, 2]
				},
				"hand_mini2": {
					"rotation": [41.06421, -51.19191, -63.31867],
					"position": [3, 1, 1]
				},
				"fists2": {
					"rotation": [0, 0, -45],
					"position": [0, 1, 0]
				},
				"mounch1": {
					"rotation": ["math.cos(q.anim_time*90*4-90)*0.6", 0, 12.5]
				},
				"fist_mini5": {
					"rotation": [0, 0, 30],
					"position": [-1, 0, 0]
				},
				"fist_mini6": {
					"rotation": [0, 12.5, 25],
					"position": [-1, 0, 0]
				},
				"fist_mini8": {
					"rotation": [0, 15, 0]
				},
				"fist_mini7": {
					"rotation": [0, -15, 30],
					"position": [-1, 0, 0]
				},
				"fist_mini2": {
					"rotation": [0, 0, -30],
					"position": [1, 0, 0]
				},
				"fist_mini3": {
					"rotation": [0, -7.5, -30],
					"position": [1, 0, 0]
				},
				"fist_mini9": {
					"rotation": [0, 17.5, -30],
					"position": [1, 0, 0]
				},
				"hoja": {
					"position": [0, -1, 0]
				}
			}
		},
		"animation.pangoro.blink": {
			"animation_length": 0.25,
			"bones": {
				"eye1": {
					"position": {
						"0.0": [-1, 0, 1],
						"0.25": [0, 0, 0]
					}
				},
				"eye2": {
					"position": {
						"0.0": [1, 0, 1],
						"0.25": [0, 0, 0]
					}
				},
				"ceja1": {
					"position": {
						"0.0": [1, 0, -1],
						"0.25": [0, 0, 0]
					}
				},
				"ceja2": {
					"position": {
						"0.0": [-1, 0, -1],
						"0.25": [0, 0, 0]
					}
				}
			}
		},
		"animation.pangoro.quirk": {
			"animation_length": 1,
			"bones": {
				"face": {
					"rotation": {
						"0.0": {
							"post": [0, 0, 0],
							"lerp_mode": "catmullrom"
						},
						"0.5833": {
							"post": [5.12076, 12.45167, 1.10693],
							"lerp_mode": "catmullrom"
						},
						"1.0": {
							"post": [0, 0, 0],
							"lerp_mode": "catmullrom"
						}
					}
				},
				"mounch1": {
					"rotation": {
						"0.0": {
							"post": [0, 0, 0],
							"lerp_mode": "catmullrom"
						},
						"0.5833": {
							"post": [10, 0, 0],
							"lerp_mode": "catmullrom"
						},
						"1.0": {
							"post": [0, 0, 0],
							"lerp_mode": "catmullrom"
						}
					},
					"position": {
						"0.0": {
							"post": [0, 0, 0],
							"lerp_mode": "catmullrom"
						},
						"1.0": {
							"post": [0, 0, 0],
							"lerp_mode": "catmullrom"
						}
					}
				},
				"hoja": {
					"rotation": {
						"0.0": {
							"post": [0, 0, 0],
							"lerp_mode": "catmullrom"
						},
						"0.5833": {
							"post": [15.6691, 7.23383, 2.09155],
							"lerp_mode": "catmullrom"
						},
						"1.0": {
							"post": [0, 0, 0],
							"lerp_mode": "catmullrom"
						}
					},
					"position": {
						"0.0": {
							"post": [0, 0, 0],
							"lerp_mode": "catmullrom"
						},
						"0.5833": {
							"post": [1, 0, 2],
							"lerp_mode": "catmullrom"
						},
						"1.0": {
							"post": [0, 0, 0],
							"lerp_mode": "catmullrom"
						}
					}
				}
			}
		},
		"animation.pangoro.cry": {
			"animation_length": 1.0833,
			"bones": {
				"torso": {
					"rotation": {
						"0.0": {
							"post": [0, 0, 0],
							"lerp_mode": "catmullrom"
						},
						"0.2917": {
							"post": [-2.5, 0, 0],
							"lerp_mode": "catmullrom"
						},
						"1.0833": {
							"post": [0, 0, 0],
							"lerp_mode": "catmullrom"
						}
					},
					"position": {
						"0.0": [0, 0, 0],
						"0.25": [0, 1, 0],
						"0.2917": [0, 0, 0],
						"0.3333": [0, 1, 0],
						"1.0833": [0, 0, 0]
					}
				},
				"face": {
					"rotation": {
						"0.0": [0, 0, 0],
						"0.2917": ["-17.5+math.sin(q.anim_time*90*2*2*90)*2", 0, 0],
						"1.0833": [0, 0, 0]
					}
				},
				"mounch1": {
					"rotation": {
						"0.0": [0, 0, 0],
						"0.2917": ["27.5+math.sin(q.anim_time*90*12)*10", 0, 0],
						"1.0833": [0, 0, 0]
					},
					"position": {
						"0.0": [0, 0, 0],
						"1.0833": [0, 0, 0]
					}
				},
				"hand1": {
					"rotation": {
						"0.0": {
							"post": [0, 0, 0],
							"lerp_mode": "catmullrom"
						},
						"0.2917": {
							"post": [0, -12.5, 0],
							"lerp_mode": "catmullrom"
						},
						"1.0833": {
							"post": [0, 0, 0],
							"lerp_mode": "catmullrom"
						}
					}
				},
				"hand_mini1": {
					"rotation": {
						"0.0": {
							"post": [0, 0, 0],
							"lerp_mode": "catmullrom"
						},
						"0.2917": {
							"post": [0, -10, 0],
							"lerp_mode": "catmullrom"
						},
						"1.0833": {
							"post": [0, 0, 0],
							"lerp_mode": "catmullrom"
						}
					}
				},
				"hand2": {
					"rotation": {
						"0.0": {
							"post": [0, 0, 0],
							"lerp_mode": "catmullrom"
						},
						"0.2917": {
							"post": [0, 12.5, 0],
							"lerp_mode": "catmullrom"
						},
						"1.0833": {
							"post": [0, 0, 0],
							"lerp_mode": "catmullrom"
						}
					}
				},
				"hand_mini2": {
					"rotation": {
						"0.0": {
							"post": [0, 0, 0],
							"lerp_mode": "catmullrom"
						},
						"0.2917": {
							"post": [0, 10, 0],
							"lerp_mode": "catmullrom"
						},
						"1.0833": {
							"post": [0, 0, 0],
							"lerp_mode": "catmullrom"
						}
					}
				}
			},
			"sound_effects": {
				"0.125": {
					"effect": "pokemon.pangoro.cry"
				}
			}
		},
		"animation.pangoro.recoil": {
			"animation_length": 0.5,
			"bones": {
				"torso": {
					"rotation": {
						"0.0": {
							"post": [0, 0, 0],
							"lerp_mode": "catmullrom"
						},
						"0.0833": {
							"post": [-10.35496, -5.60201, 0.49513],
							"lerp_mode": "catmullrom"
						},
						"0.1667": {
							"post": [-5.07673, -9.96156, 0.88045],
							"lerp_mode": "catmullrom"
						},
						"0.5": {
							"post": [0, 0, 0],
							"lerp_mode": "catmullrom"
						}
					}
				},
				"face": {
					"rotation": {
						"0.0": {
							"post": [0, 0, 0],
							"lerp_mode": "catmullrom"
						},
						"0.0833": {
							"post": [-9.74767, -15.32164, 2.18598],
							"lerp_mode": "catmullrom"
						},
						"0.1667": {
							"post": [-8.44236, -27.24513, 3.88714],
							"lerp_mode": "catmullrom"
						},
						"0.5": {
							"post": [0, 0, 0],
							"lerp_mode": "catmullrom"
						}
					}
				},
				"mounch1": {
					"rotation": {
						"0.0": {
							"post": [0, 0, 0],
							"lerp_mode": "catmullrom"
						},
						"0.1667": {
							"post": [25, 0, 0],
							"lerp_mode": "catmullrom"
						},
						"0.5": {
							"post": [0, 0, 0],
							"lerp_mode": "catmullrom"
						}
					}
				},
				"eye1": {
					"position": {
						"0.0": {
							"post": [0, 0, 0],
							"lerp_mode": "catmullrom"
						},
						"0.1667": {
							"post": [-1, 0, 1],
							"lerp_mode": "catmullrom"
						},
						"0.5": {
							"post": [0, 0, 0],
							"lerp_mode": "catmullrom"
						}
					}
				},
				"eye2": {
					"position": {
						"0.0": {
							"post": [0, 0, 0],
							"lerp_mode": "catmullrom"
						},
						"0.1667": {
							"post": [1, 0, 1],
							"lerp_mode": "catmullrom"
						},
						"0.5": {
							"post": [0, 0, 0],
							"lerp_mode": "catmullrom"
						}
					}
				},
				"hand1": {
					"rotation": {
						"0.0": {
							"post": [0, 0, 0],
							"lerp_mode": "catmullrom"
						},
						"0.1667": {
							"post": [0, -10, 0],
							"lerp_mode": "catmullrom"
						},
						"0.5": {
							"post": [0, 0, 0],
							"lerp_mode": "catmullrom"
						}
					}
				},
				"ceja1": {
					"position": {
						"0.0": [0, 0, 0],
						"0.1667": [1, 0, -1],
						"0.5": [0, 0, 0]
					}
				},
				"ceja2": {
					"position": {
						"0.0": [0, 0, 0],
						"0.1667": [-1, 0, -1],
						"0.5": [0, 0, 0]
					}
				}
			}
		},
		"animation.pangoro.sleep": {
			"loop": true,
			"bones": {
				"leg_parte1": {
					"rotation": [-55, 17.5, 0],
					"position": [-4, 0, -7]
				},
				"leg_parte2": {
					"rotation": [-55, -17.5, 0],
					"position": [4, 0, -7]
				},
				"torso": {
					"rotation": ["-20+math.cos(q.anim_time*90*1-90)*1", 0, 0],
					"position": [0, "-9-math.sin(q.anim_time*90*0.25+90)*0.2", 10]
				},
				"torso2": {
					"rotation": [22.5, 0, 0],
					"position": [0, 1, 10]
				},
				"face": {
					"rotation": ["10+math.cos(query.anim_time*90*2-60)*1", "0+math.sin(q.anim_time*90+2-90)*2", 0],
					"position": [0, -1, 0]
				},
				"mounch1": {
					"rotation": ["0+math.sin(q.anim_time*90*4)*1", 0, 17.5]
				},
				"hoja": {
					"rotation": [17.5, 0, 0],
					"position": [0, -1, 1]
				},
				"eye1": {
					"position": [0, 0, 1]
				},
				"ceja1": {
					"position": [0, 0, -1]
				},
				"eye2": {
					"position": [0, 0, 1]
				},
				"ceja2": {
					"position": [0, 0, -1]
				},
				"hand1": {
					"rotation": [7.6734, "26.4882907636-math.sin(q.anim_time*90*1-90)*1", 41.80857],
					"position": [0, 1, 4]
				},
				"hand_mini1": {
					"rotation": [59.9156, 64.41955, 62.41152]
				},
				"fists1": {
					"rotation": [0, 12.5, 37.5],
					"position": [0, 1, 0]
				},
				"fist_mini5": {
					"rotation": [0, 0, 20]
				},
				"fist_mini6": {
					"rotation": [0, 17.5, 22.5]
				},
				"fist_mini7": {
					"rotation": [0, -12.5, 22.5]
				},
				"hand2": {
					"rotation": [7.6734, "-26.4882907636+math.sin(q.anim_time*90*1-90)*1", -41.80857],
					"position": [0, 1, 4]
				},
				"hand_mini2": {
					"rotation": [59.9156, -64.41955, -62.41152]
				},
				"fists2": {
					"rotation": [0, -12.5, -37.5],
					"position": [0, 1, 0]
				},
				"fist_mini2": {
					"rotation": [0, 0, -20]
				},
				"fist_mini3": {
					"rotation": [6.88003, -16.1299, -23.47603]
				},
				"fist_mini9": {
					"rotation": [-4.8493, 11.53486, -22.99008]
				}
			}
		}
	}
}