{
    "enabled": true,
    "neededInstalledMods": [],
    "neededUninstalledMods": [],
    "spawns": [
        {
            "id": "gulpin-6",
            "pokemon": "gulpin",
            "presets": [ "natural" ],
            "type": "pokemon",
            "context": "grounded",
            "bucket": "common",
            "level": "8-27",
            "weight": 7.6,
            "condition": {
                "biomes": [
                    "#cobblemon:is_swamp"
                    

                ]
            }
        },
        {
            "id": "gulpin-7",
            "pokemon": "gulpin",
            "presets": [ "natural" ],
            "type": "pokemon",
            "context": "grounded",
            "bucket": "common",
            "level": "5-27",
            "weight": 7.6,
            "condition": {
                "biomes": [
                    "#cobblemon:is_river"
                    

                ]
            }
        }
    ]
 
}