{
    "enabled": true,
    "neededInstalledMods": [],
    "neededUninstalledMods": [],
    "spawns": [
        {
            "id": "helioptile-1",
            "pokemon": "helioptile",
            "presets": [ "natural" ],
            "type": "pokemon",
            "context": "grounded",
            "bucket": "uncommon",
            "level": "15-24",
            "weight": 7.6,
            "condition": {
                "biomes": [
                    "#cobblemon:is_desert"
                    

                ]
            }
        },
        {
            "id": "helioptile-2",
            "pokemon": "helioptile",
            "presets": [ "natural" ],
            "type": "pokemon",
            "context": "grounded",
            "bucket": "uncommon",
            "level": "12-27",
            "weight": 7.6,
            "condition": {
                            "isRaining": false,
                            "timeRange": "day",    
                "biomes": [
                    "#cobblemon:is_savanna"
                    

                ]
            }
        }
    ]
 
}