{
    "enabled": true,
    "neededInstalledMods": [],
    "neededUninstalledMods": [],
    "spawns": [
        {
            "id": "chewtle-6",
            "pokemon": "chewtle",
            "presets": [ "natural" ],
            "type": "pokemon",
            "context": "grounded",
            "bucket": "common",
            "level": "7-27",
            "weight": 7.6,
            "condition": {
                "biomes": [
                    "#cobblemon:is_swamp"
                    

                ]
            }
        },
        {
            "id": "chewtle-7",
            "pokemon": "chewtle",
            "presets": [ "natural" ],
            "type": "pokemon",
            "context": "grounded",
            "bucket": "common",
            "level": "12-27",
            "weight": 7.6,
            "condition": {
                "biomes": [
                    "#cobblemon:is_river"
                    

                ]
            }
        }
    ]
 
}