{
    "enabled": true,
    "neededInstalledMods": [],
    "neededUninstalledMods": [],
    "spawns": [
        {
            "id": "carkol-1",
            "pokemon": "carkol",
            "presets": [
                "natural"
            ],
            "type": "pokemon",
            "context": "grounded",
            "bucket": "uncommon",
            "level": "18-27",
            "weight": 8,
            "condition": {
                "biomes": [
                    "#cobblemon:is_mountain"

                ]
            }
        },
        {
            "id": "carkol-2",
            "pokemon": "carkol",
            "presets": [
                "natural"
            ],
            "type": "pokemon",
            "context": "grounded",
            "bucket": "uncommon",
            "level": "27-32",
            "weight": 7.0,
            "condition": {
                "biomes": [
                    "#cobblemon:is_overworld",
                    "#cobblemon:is_cave"
                        ],
                "neededNearbyBlocks": [
                    "minecraft:coal_ore" 
                ]
            },
            "anticondition": {
                "biomes": [
                    "#cobblemon:is_cave",
                    "#cobblemon:is_mountain"
                ]
            }
        }
    ]
}