{
    "enabled": "true",
    "neededInstalledMods": [],
    "neededUninstalledMods": [],
    "spawns": [
        {
            "id": "runerigus-10",
            "pokemon": "runerigus",
            "presets": [
                "underground"
            ],
            "type": "pokemon",
            "context": "grounded",
            "bucket": "rare",
            "level": "30-47",
            "weight": 20.0,
            "condition": {
                "canSeeSky": true,
                "biomes": [ "#cobblemon:is_desert" ]
            }
        },
        {
            "id": "runerigus-12",
            "pokemon": "runerigus",
            "presets": [
                "underground"
            ],
            "type": "pokemon",
            "context": "grounded",
            "bucket": "rare",
            "level": "30-47",
            "weight": 10.0,
            "condition": {
                "timeRange": "night",
		"biomes": [
                    "#cobblemon:is_desert"
                ]
            }
        }
    ]
}