{
  "head": "head",
  "portraitScale": 1.1,
  "portraitTranslation": [ -0.2, 0.25, 0 ],
  "profileScale": 0.7,
  "profileTranslation": [ 0.2, 0.9, 0 ],
  "poses": {
    "standing": {
      "poseName": "standing",
      "transformTicks": 10,
      "poseTypes": [
        "STAND",
        "NONE",
        "PORTRAIT",
        "PROFILE"
      ],
      "animations": [
        "bedrock(musharna, ground_idle)"
      ]
    },
    "walking": {
      "poseName": "walking",
      "transformTicks": 10,
      "poseTypes": [ "WALK" ],
      "animations": [ "bedrock(musharna, ground_walk)" ]
    }
  }
}