{
	"format_version": "1.12.0",
	"minecraft:geometry": [
		{
			"description": {
				"identifier": "geometry.flapple",
				"texture_width": 128,
				"texture_height": 128,
				"visible_bounds_width": 5,
				"visible_bounds_height": 4.5,
				"visible_bounds_offset": [0, 1.75, 0]
			},
			"bones": [
				{
					"name": "flapple",
					"pivot": [0, 0, 0]
				},
				{
					"name": "body",
					"parent": "flapple",
					"pivot": [0, 0, 0]
				},
				{
					"name": "torso",
					"parent": "body",
					"pivot": [0, 25, 0],
					"cubes": [
						{"origin": [-2, 18, -1], "size": [4, 8, 2], "inflate": 0.5, "uv": [64, 3]}
					]
				},
				{
					"name": "torso2",
					"parent": "torso",
					"pivot": [0, 17, 0],
					"cubes": [
						{"origin": [-1.5, 12, -1], "size": [3, 6, 2], "inflate": 0.3, "uv": [64, 13]}
					]
				},
				{
					"name": "tail",
					"parent": "torso2",
					"pivot": [0, 12, 0],
					"cubes": [
						{"origin": [-1, 8, -1], "size": [2, 4, 2], "inflate": 0.1, "uv": [58, 72]}
					]
				},
				{
					"name": "tail2",
					"parent": "tail",
					"pivot": [0, 7, 0],
					"cubes": [
						{"origin": [-1, 4, -1], "size": [2, 4, 2], "inflate": -0.1, "uv": [66, 72]}
					]
				},
				{
					"name": "tail3",
					"parent": "tail2",
					"pivot": [0, 4, 0],
					"cubes": [
						{"origin": [-0.5, 2, -0.5], "size": [1, 2, 1], "inflate": 0.2, "uv": [76, 3]}
					]
				},
				{
					"name": "apple_body",
					"parent": "torso",
					"pivot": [0, 6, 0],
					"cubes": [
						{"origin": [-7, 0, -7], "size": [14, 2, 14], "uv": [0, 23]},
						{"origin": [-8, 2, -8], "size": [16, 7, 16], "uv": [64, 105]}
					]
				},
				{
					"name": "hands",
					"parent": "torso",
					"pivot": [0, 25, 0]
				},
				{
					"name": "hand1",
					"parent": "hands",
					"pivot": [3, 23, 0],
					"cubes": [
						{"origin": [2.5, 23, -0.5], "size": [6, 1, 1], "uv": [56, 37]}
					]
				},
				{
					"name": "hand_part1",
					"parent": "hand1",
					"pivot": [9, 23, 0],
					"cubes": [
						{"origin": [8.5, 23, -0.5], "size": [6, 1, 1], "uv": [64, 21]}
					]
				},
				{
					"name": "hand_mini1",
					"parent": "hand_part1",
					"pivot": [15, 23, 0],
					"cubes": [
						{"origin": [14, 23, -0.5], "size": [1, 1, 1], "inflate": 0.2, "uv": [76, 9]}
					]
				},
				{
					"name": "hand_nails1",
					"parent": "hand_mini1",
					"pivot": [15, 23, 0]
				},
				{
					"name": "nail1",
					"parent": "hand_nails1",
					"pivot": [15, 24, 0],
					"cubes": [
						{"origin": [14, 24, -0.5], "size": [1, 2, 1], "inflate": 0.1, "uv": [76, 6]}
					]
				},
				{
					"name": "nail_part1",
					"parent": "nail1",
					"pivot": [15, 26, 0],
					"cubes": [
						{"origin": [14, 25.4, -0.5], "size": [1, 1, 1], "inflate": 0.3, "uv": [76, 11]}
					]
				},
				{
					"name": "nail3",
					"parent": "hand_nails1",
					"pivot": [15, 23, 0],
					"cubes": [
						{"origin": [15, 23, -0.5], "size": [2, 1, 1], "inflate": 0.1, "uv": [74, 18]}
					]
				},
				{
					"name": "nail_part3",
					"parent": "nail3",
					"pivot": [15, 25, 0],
					"cubes": [
						{"origin": [16.4, 23, -0.5], "size": [1, 1, 1], "inflate": 0.3, "uv": [12, 76]}
					]
				},
				{
					"name": "nail2",
					"parent": "hand_nails1",
					"pivot": [15, 23, 0],
					"cubes": [
						{"origin": [14, 21, -0.5], "size": [1, 2, 1], "inflate": 0.1, "uv": [8, 76]}
					]
				},
				{
					"name": "nail_part2",
					"parent": "nail2",
					"pivot": [15, 21, 0],
					"cubes": [
						{"origin": [14, 20.6, -0.5], "size": [1, 1, 1], "inflate": 0.3, "uv": [16, 76]}
					]
				},
				{
					"name": "hand_fly1",
					"parent": "hand1",
					"pivot": [3, 23, 0],
					"cubes": [
						{"origin": [2.5, 17, 1.3], "size": [11, 11, 0], "uv": [50, 47]},
						{"origin": [2.5, 10, 1.29], "size": [11, 8, 0], "uv": [58, 59]},
						{"origin": [2.5, 28, -6.7], "size": [11, 0, 8], "uv": [40, 39]}
					]
				},
				{
					"name": "hand_part_fly1",
					"parent": "hand_fly1",
					"pivot": [14, 23, 0],
					"cubes": [
						{"origin": [12.5, 17, 1.3], "size": [12, 11, 0], "uv": [26, 47]},
						{"origin": [12.5, 28, -6.7], "size": [12, 0, 8], "uv": [0, 39]},
						{"origin": [12.5, 10, 1.29], "size": [12, 8, 0], "uv": [56, 29]},
						{"origin": [24.5, 10, -6.71], "size": [0, 9, 8], "uv": [26, 59]},
						{"origin": [24.5, 19, -6.71], "size": [0, 9, 8], "uv": [42, 59]}
					]
				},
				{
					"name": "hand2",
					"parent": "hands",
					"pivot": [-3, 23, 0],
					"cubes": [
						{"origin": [-8.5, 23, -0.5], "size": [6, 1, 1], "uv": [56, 37], "mirror": true}
					]
				},
				{
					"name": "hand_part2",
					"parent": "hand2",
					"pivot": [-9, 23, 0],
					"cubes": [
						{"origin": [-14.5, 23, -0.5], "size": [6, 1, 1], "uv": [64, 21], "mirror": true}
					]
				},
				{
					"name": "hand_mini2",
					"parent": "hand_part2",
					"pivot": [-15, 23, 0],
					"cubes": [
						{"origin": [-15, 23, -0.5], "size": [1, 1, 1], "inflate": 0.2, "uv": [76, 9], "mirror": true}
					]
				},
				{
					"name": "hand_nails2",
					"parent": "hand_mini2",
					"pivot": [-15, 23, 0]
				},
				{
					"name": "nail4",
					"parent": "hand_nails2",
					"pivot": [-15, 24, 0],
					"cubes": [
						{"origin": [-15, 24, -0.5], "size": [1, 2, 1], "inflate": 0.1, "uv": [76, 6], "mirror": true}
					]
				},
				{
					"name": "nail_part4",
					"parent": "nail4",
					"pivot": [-15, 26, 0],
					"cubes": [
						{"origin": [-15, 25.4, -0.5], "size": [1, 1, 1], "inflate": 0.3, "uv": [76, 11], "mirror": true}
					]
				},
				{
					"name": "nail5",
					"parent": "hand_nails2",
					"pivot": [-15, 23, 0],
					"cubes": [
						{"origin": [-17, 23, -0.5], "size": [2, 1, 1], "inflate": 0.1, "uv": [74, 18], "mirror": true}
					]
				},
				{
					"name": "nail_part5",
					"parent": "nail5",
					"pivot": [-15, 25, 0],
					"cubes": [
						{"origin": [-17.4, 23, -0.5], "size": [1, 1, 1], "inflate": 0.3, "uv": [12, 76], "mirror": true}
					]
				},
				{
					"name": "nail6",
					"parent": "hand_nails2",
					"pivot": [-15, 23, 0],
					"cubes": [
						{"origin": [-15, 21, -0.5], "size": [1, 2, 1], "inflate": 0.1, "uv": [8, 76], "mirror": true}
					]
				},
				{
					"name": "nail_part6",
					"parent": "nail6",
					"pivot": [-15, 21, 0],
					"cubes": [
						{"origin": [-15, 20.6, -0.5], "size": [1, 1, 1], "inflate": 0.3, "uv": [16, 76], "mirror": true}
					]
				},
				{
					"name": "hand_fly2",
					"parent": "hand2",
					"pivot": [-3, 23, 0],
					"cubes": [
						{"origin": [-13.5, 17, 1.3], "size": [11, 11, 0], "uv": [50, 47], "mirror": true},
						{"origin": [-13.5, 10, 1.29], "size": [11, 8, 0], "uv": [58, 59], "mirror": true},
						{"origin": [-13.5, 28, -6.7], "size": [11, 0, 8], "uv": [40, 39], "mirror": true}
					]
				},
				{
					"name": "hand_part_fly2",
					"parent": "hand_fly2",
					"pivot": [-14, 23, 0],
					"cubes": [
						{"origin": [-24.5, 17, 1.3], "size": [12, 11, 0], "uv": [26, 47], "mirror": true},
						{"origin": [-24.5, 28, -6.7], "size": [12, 0, 8], "uv": [0, 39], "mirror": true},
						{"origin": [-24.5, 10, 1.29], "size": [12, 8, 0], "uv": [56, 29], "mirror": true},
						{"origin": [-24.5, 10, -6.71], "size": [0, 9, 8], "uv": [26, 59], "mirror": true},
						{"origin": [-24.5, 19, -6.71], "size": [0, 9, 8], "uv": [42, 59], "mirror": true}
					]
				},
				{
					"name": "neck",
					"parent": "torso",
					"pivot": [1, 26, 0],
					"cubes": [
						{"origin": [-1.5, 26.5, -1], "size": [3, 5, 2], "inflate": 0.25, "uv": [12, 65]}
					]
				},
				{
					"name": "head",
					"parent": "neck",
					"pivot": [0, 28, 0],
					"cubes": [
						{"origin": [-2.5, 29.8, -3.5], "size": [5, 5, 8], "uv": [0, 47]},
						{"origin": [-0.5, 29.4, -0.2], "size": [3, 2, 2], "inflate": 0.2, "pivot": [4, 28, 2], "rotation": [0, -10, 17.5], "uv": [72, 54]},
						{"origin": [-2.5, 29.4, -0.2], "size": [3, 2, 2], "inflate": 0.2, "pivot": [-4, 28, 2], "rotation": [0, 10, -17.5], "uv": [72, 54], "mirror": true},
						{"origin": [-4, 35.2, -0.5], "size": [8, 1, 5], "uv": [56, 23]},
						{"origin": [-4, 35.2, 4.3], "size": [8, 1, 2], "pivot": [0, 35, 5], "rotation": [-10, 0, 0], "uv": [64, 0]},
						{"origin": [-3, 34.3, -3.5], "size": [6, 1, 4], "pivot": [4, 34, -4], "rotation": [10, 0, 0], "uv": [0, 60]},
						{"origin": [-2.5, 34.1, -4.5], "size": [5, 1, 1], "pivot": [4, 33, -5], "rotation": [10, 0, 0], "uv": [70, 37]},
						{"origin": [-1, 33.65, -3.5], "size": [2, 5, 2], "uv": [72, 47]},
						{"origin": [-0.5, 39.65, -3], "size": [1, 5, 1], "inflate": 0.25, "pivot": [2, 39, -8], "rotation": [-20, 0, 0], "uv": [22, 65]},
						{"origin": [-1, 31.2, -18.5], "size": [2, 1, 4], "pivot": [2, 66, -19], "rotation": [17.5, 0, 0], "uv": [58, 67]}
					]
				},
				{
					"name": "nose",
					"parent": "head",
					"pivot": [0, 31, -2],
					"cubes": [
						{"origin": [-1.5, 31, -6], "size": [3, 2, 3], "uv": [70, 67]}
					]
				},
				{
					"name": "mouth",
					"parent": "nose",
					"pivot": [-1, 30, -4],
					"cubes": [
						{"origin": [-1.5, 30.2, -6], "size": [3, 1, 3], "pivot": [-1, 30, -4], "rotation": [-10, 0, 0], "uv": [8, 72]}
					]
				},
				{
					"name": "nose_part1",
					"parent": "nose",
					"pivot": [0, 31, -2],
					"cubes": [
						{"origin": [-1, 34.5, -10.5], "size": [2, 2, 2], "pivot": [0, 33, -6], "rotation": [45, 0, 0], "uv": [74, 72]},
						{"origin": [-1, 31, -10], "size": [2, 2, 4], "uv": [0, 65]}
					]
				},
				{
					"name": "eyes",
					"parent": "head",
					"pivot": [0, 28, 0]
				},
				{
					"name": "eye1",
					"parent": "eyes",
					"pivot": [3, 33, -3],
					"rotation": [-17.46559, 27.82605, 4.22047],
					"cubes": [
						{"origin": [3, 33, -4], "size": [1, 5, 3], "uv": [0, 71]},
						{"origin": [1.2, 33, -4], "size": [1, 1, 3], "inflate": -0.01, "pivot": [1, 29, -3], "rotation": [0, 0, 22.5], "uv": [74, 13]}
					]
				},
				{
					"name": "eye_pupiled1",
					"parent": "eye1",
					"pivot": [0, 0, 0],
					"cubes": [
						{"origin": [4.01, 33, -4], "size": [0, 5, 3], "uv": [20, 72]},
						{"origin": [2.21, 32, -4], "size": [0, 2, 3], "pivot": [1, 29, -3], "rotation": [0, 0, 22.5], "uv": [20, 60]},
						{"origin": [4.02, 34.5, -3], "size": [0, 1, 1], "uv": [26, 76]}
					]
				},
				{
					"name": "eye2",
					"parent": "eyes",
					"pivot": [-3, 33, -3],
					"rotation": [-17.46559, -27.82605, -4.22047],
					"cubes": [
						{"origin": [-4, 33, -4], "size": [1, 5, 3], "uv": [0, 71], "mirror": true},
						{"origin": [-2.2, 33, -4], "size": [1, 1, 3], "inflate": -0.01, "pivot": [-1, 29, -3], "rotation": [0, 0, -22.5], "uv": [74, 13], "mirror": true}
					]
				},
				{
					"name": "eye_pupiled2",
					"parent": "eye2",
					"pivot": [0, 0, 0],
					"cubes": [
						{"origin": [-4.01, 33, -4], "size": [0, 5, 3], "uv": [20, 72], "mirror": true},
						{"origin": [-2.21, 32, -4], "size": [0, 2, 3], "pivot": [-1, 29, -3], "rotation": [0, 0, -22.5], "uv": [20, 60], "mirror": true},
						{"origin": [-4.02, 34.5, -3], "size": [0, 1, 1], "uv": [26, 76], "mirror": true}
					]
				}
			]
		}
	]
}