{
  "portraitScale": 1.7,
  "portraitTranslation": [ 0.2, -0.7, 0 ],
  "profileScale": 0.8,
  "profileTranslation": [ 0, 0.5, 0 ],
  "poses": { 
    "battle-standing": {
      "poseTypes": ["STAND"],
      "isBattle": true,
      "animations": [
        "q.look('head')",
        "q.bedrock('frigibax', 'ground_idle')"
      ]
    },
    "standing": {
      "poseTypes": ["STAND", "NONE", "PORTRAIT", "PROFILE"],
      "isBattle": false,
      "animations": [
        "q.look('head')",
        "q.bedrock('frigibax', 'ground_idle')"
      ]
    },
    "walking": {
      "poseTypes": ["WALK"],
      "animations": [
        "q.look('head')",
        "q.bedrock('frigibax', 'ground_walk')"
      ]
    }
  }
}