{
  "type": "minecraft:crafting_shaped",
  "key": {
    "#": {
      "item": "minecraft:water_bucket"
    },
    "l": {
      "item": "cobblemon:mystic_water"
    },
    "e": {
      "item": "mega_showdown:mega_stone"
    }
  },
  "pattern": [" # ", "lel", " # "],
  "result": {
    "id": "minecraft:netherite_ingot",
    "components": {
      "mega_showdown:registry_type_component": "mega",
"mega_showdown:registry_location_component": "mega_showdown:greninjite",
      "minecraft:custom_model_data": 1171,
      "minecraft:item_name": "{\"translate\":\"item.name.mega_showdown_greninjite\", \"color\":\"light_purple\",\"italic\":false}",
      "minecraft:lore": [
        "{\"translate\":\"item.decs1.mega_showdown\", \"color\":\"blue\", \"italic\":false}",
        "{\"translate\":\"item.decs1.mega_showdown_greninjite\", \"color\":\"gray\", \"italic\":false}"
      ]
    }
  }
}
