{
  "type": "minecraft:crafting_shaped",
  "key": {
    "#": {
      "item": "minecraft:diamond"
    },
    "l": {
      "item": "minecraft:feather"
    },
    "q": {
      "item": "cobblemon:metal_coat"
    },
    "e": {
      "item": "mega_showdown:mega_stone"
    }
  },
  "pattern": [" q ", "lel", " # "],
  "result": {
    "id": "minecraft:netherite_scrap",
    "components": {
      "mega_showdown:registry_type_component": "mega",
"mega_showdown:registry_location_component": "mega_showdown:lucarionitez",
      "minecraft:custom_model_data": 1177,
      "minecraft:item_name": "{\"translate\":\"item.name.mega_showdown_lucarionitez\", \"color\":\"light_purple\",\"italic\":false}",
      "minecraft:lore": [
        "{\"translate\":\"item.decs1.mega_showdown\", \"color\":\"blue\", \"italic\":false}",
        "{\"translate\":\"item.decs1.mega_showdown_lucarionitez\", \"color\":\"gray\", \"italic\":false}"
      ]
    }
  }
}
