{
  "type": "minecraft:crafting_shaped",
  "key": {
    "#": {
      "item": "minecraft:lightning_rod"
    },
    "l": {
      "item": "cobblemon:choice_band"
    },
    "e": {
      "item": "mega_showdown:mega_stone"
    }
  },
  "pattern": [" # ", "lel", " # "],
  "result": {
    "id": "minecraft:netherite_ingot",
    "components": {
      "mega_showdown:registry_type_component": "mega",
"mega_showdown:registry_location_component": "mega_showdown:raichunitex",
      "minecraft:custom_model_data": 1175,
      "minecraft:item_name": "{\"translate\":\"item.name.mega_showdown_raichunitex\", \"color\":\"light_purple\",\"italic\":false}",
      "minecraft:lore": [
        "{\"translate\":\"item.decs1.mega_showdown\", \"color\":\"blue\", \"italic\":false}",
        "{\"translate\":\"item.decs1.mega_showdown_raichunitex\", \"color\":\"gray\", \"italic\":false}"
      ]
    }
  }
}
