{
  "type": "minecraft:crafting_shaped",
  "category": "misc",
  "pattern": [" b ", "lel", " # "],
  "key": {
    "#": { "item": "minecraft:diamond" },
    "b": { "item": "minecraft:nether_star" },
    "l": { "item": "minecraft:netherite_ingot" },
    "e": { "item": "mega_showdown:mega_stone" }
  },
  "result": {
    "id": "minecraft:netherite_ingot",
    "count": 1,
    "components": {
      "mega_showdown:registry_type_component": "mega",
"mega_showdown:registry_location_component": "mega_showdown:zygardite",
      "minecraft:custom_model_data": 1160,
      "minecraft:item_name": "{\"translate\":\"item.name.mega_showdown_zygardite\", \"color\":\"light_purple\",\"italic\":false}",
      "minecraft:lore": [
        "{\"translate\":\"item.decs1.mega_showdown\", \"color\":\"blue\", \"italic\":false}",
        "{\"translate\":\"item.decs1.mega_showdown_zygardite\", \"color\":\"gray\", \"italic\":false}"
      ]
    }
  }
}
