{
   "enabled": true,
   "neededInstalledMods": [],
   "neededUninstalledMods": [],
   "spawns": [
       {
           "id": "slurpuff-1",
           "pokemon": "slurpuff",
           "presets": [
               "natural",
               "wild"
           ],
           "type": "pokemon",
           "context": "grounded",
           "bucket": "rare",
           "level": "35-45",
           "weight": 2,
           "condition": {
               "minSkyLight": 8,
               "maxSkyLight": 15,
               "biomes": [
                   "#c:floral",
                   "#c:flower_forests",
		           "#biomeswevegone:floral",
                   "#biomeswevegone:magical",
                   "minecraft:cherry_grove",
                   "minecraft:flower_forest"
               ]
           }
       }
   ]
}