{
   "enabled": true,
   "neededInstalledMods": [],
   "neededUninstalledMods": [],
   "spawns": [
       {
           "id": "swirlix-1",
           "pokemon": "swirlix",
           "presets": [
               "natural",
               "wild"
           ],
           "type": "pokemon",
           "context": "grounded",
           "bucket": "common",
           "level": "10-35",
           "weight": 6,
           "condition": {
               "minSkyLight": 8,
               "maxSkyLight": 15,
               "biomes": [
                   "#c:floral",
                   "#c:flower_forests",
		           "#biomeswevegone:floral",
                   "#biomeswevegone:magical",
                   "minecraft:cherry_grove",
                   "minecraft:flower_forest"
               ]
           }
       }
   ]
}