{
  "species": "cobblemon:lugia",
  "order": 1,
  "baseScale": 0.75,
  "hitbox": {
    "width": 0.5,
    "height": 2,
    "fixed": false
  },
  "variations": [
    {
      "aspects": [],
      "poser": "cobblemon_reanimodel:lugia",
      "model": "cobblemon_reanimodel:lugia.geo",
      "texture": "cobblemon_reanimodel:textures/pokemon/lugia/lugia.png",
      "layers": [
      ] 
    },
    {
      "aspects": ["shiny"],
      "texture": "cobblemon_reanimodel:textures/pokemon/lugia/lugia_shiny.png",
      "layers": [
       
      ]
    }
  ]
}