{
	"format_version": "1.8.0",
	"animations": {
		"animation.chewtle.ground_idle": {
			"loop": true,
			"bones": {
				"leg1": {
					"rotation": [0, "-(math.sin(query.anim_time*90*1-0)*1)", "10+math.sin(query.anim_time*90*1-0)*1"],
					"position": [-1, -1, 0]
				},
				"leg2": {
					"rotation": [0, "math.sin(query.anim_time*90*1-0)*1", "-10+math.sin(query.anim_time*90*1-0)*1"],
					"position": [1, -1, 0]
				},
				"leg3": {
					"rotation": [0, "math.sin(query.anim_time*90*1-0)*1", "-10+math.sin(query.anim_time*90*1-0)*1"],
					"position": [1, -1, 0]
				},
				"leg4": {
					"rotation": [0, "-(math.sin(query.anim_time*90*1-0)*1)", "10+math.sin(query.anim_time*90*1-0)*1"],
					"position": [-1, -1, 0]
				},
				"tail": {
					"rotation": [-27.5, "math.sin(q.anim_time*90*2)*6", 0],
					"position": [0, 0.5, 0]
				},
				"head": {
					"rotation": ["-10+math.sin(query.anim_time*90*12/5.5+180)*4", 0, "math.sin(query.anim_time*90*4+180)*4"]
				},
				"neck": {
					"rotation": [20, 0, "math.cos((query.anim_time)*90*3-0)*1"],
					"position": [0, 0, 1]
				},
				"torso": {
					"rotation": [-7.5, 0, "-math.sin(q.anim_time*90*4+70)*1"],
					"position": [0, "-0.5-Math.cos(query.anim_time*160*4-30)*0.1", 0]
				},
				"leg_part1": {
					"rotation": {
						"0.0": {
							"post": [0, 0, -12.5],
							"lerp_mode": "catmullrom"
						}
					},
					"position": {
						"0.0": {
							"post": [0.45, 0.5, 0],
							"lerp_mode": "catmullrom"
						}
					}
				},
				"leg_part2": {
					"rotation": {
						"0.0": {
							"post": [0, 0, 12.5],
							"lerp_mode": "catmullrom"
						}
					},
					"position": {
						"0.0": {
							"post": [-0.45, 0.5, 0],
							"lerp_mode": "catmullrom"
						}
					}
				},
				"leg_part3": {
					"rotation": {
						"0.0": {
							"post": [0, 0, 12.5],
							"lerp_mode": "catmullrom"
						}
					},
					"position": {
						"0.0": {
							"post": [-0.45, 0.5, 0],
							"lerp_mode": "catmullrom"
						}
					}
				},
				"leg_part4": {
					"rotation": {
						"0.0": {
							"post": [0, 0, -12.5],
							"lerp_mode": "catmullrom"
						}
					},
					"position": {
						"0.0": {
							"post": [0.45, 0.5, 0],
							"lerp_mode": "catmullrom"
						}
					}
				},
				"body": {
					"position": [0, 0.5, 0]
				}
			}
		},
		"animation.chewtle.blink": {
			"animation_length": 0.0833,
			"bones": {
				"eye1": {
					"position": {
						"0.0": [0, 0, 0],
						"0.0833": [0, 0, 1]
					}
				},
				"eye2": {
					"position": {
						"0.0": [0, 0, 0],
						"0.0833": [0, 0, 2]
					}
				}
			}
		},
		"animation.chewtle.render": {
			"loop": true,
			"bones": {
				"leg1": {
					"rotation": [0, 15, 0],
					"position": [0, 0, -1]
				},
				"leg2": {
					"rotation": [0, -10, 0],
					"position": [0, 0, -1]
				},
				"leg3": {
					"rotation": [0, 5, 0]
				},
				"leg4": {
					"rotation": [0, 10, 0]
				},
				"tail": {
					"rotation": [0, 12.5, 0]
				},
				"head": {
					"rotation": [-7.5, 0, 0]
				},
				"mounch": {
					"position": [0, 0, -1]
				},
				"smile": {
					"position": [0, 0, 3]
				},
				"neck": {
					"rotation": [0, -12.5, 0]
				}
			}
		},
		"animation.chewtle.battle_idle": {
			"loop": true,
			"bones": {
				"leg1": {
					"rotation": [3.61644, 19.6835, 10.62758],
					"position": [-1, -0.2, -1]
				},
				"leg2": {
					"rotation": [1.31845, -9.91358, -7.61435],
					"position": [1, 0, -1]
				},
				"leg_part2": {
					"rotation": [0, 0, 7.5],
					"position": [-0.3, 0, 0]
				},
				"leg3": {
					"rotation": [6.8277, -5.54347, -14.98765],
					"position": [1, -0.6, 0]
				},
				"leg_part3": {
					"rotation": {
						"0.0": {
							"post": [0, 0, 12.5],
							"lerp_mode": "catmullrom"
						}
					},
					"position": {
						"0.0": {
							"post": [-0.45, 0.5, 0],
							"lerp_mode": "catmullrom"
						}
					}
				},
				"leg4": {
					"rotation": [0, 0, 10],
					"position": [0, -0.38, 0]
				},
				"leg_part4": {
					"rotation": {
						"0.0": {
							"post": [0, 0, -12.5],
							"lerp_mode": "catmullrom"
						}
					},
					"position": {
						"0.0": {
							"post": [0.45, 0.5, 0],
							"lerp_mode": "catmullrom"
						}
					}
				},
				"torso": {
					"rotation": [0, "5-math.cos(query.anim_time*90*4+180)*1", "math.cos(query.anim_time*90*3+180)*1"]
				},
				"tail": {
					"rotation": ["30.7814185178-math.cos(query.anim_time*90*2.8)*3", "19.3137792093+math.sin(q.anim_time*90*3)*6.8", 2.64667],
					"position": [0, 1, 0]
				},
				"neck": {
					"rotation": ["12.5+math.sin(q.anim_time*90*2*2-100)*2", 0, "math.sin(q.anim_time*90*4+180)*1"],
					"position": [0, 0, 1]
				},
				"head": {
					"rotation": [
						"-10.5861948519-math.cos(query.anim_time*90*4+180)*2",
						"-17.072279894+math.sin(q.anim_time*90*2)*1",
						"3.9039914158+math.sin(q.anim_time*90*4+180)*3"
					]
				},
				"eye2": {
					"rotation": [0, 0, 0]
				},
				"brow1": {
					"position": [0, -0.2, -0.1]
				},
				"leg_part1": {
					"rotation": {
						"0.0": {
							"post": [0, 0, -12.5],
							"lerp_mode": "catmullrom"
						}
					},
					"position": {
						"0.0": {
							"post": [0.45, 0.5, 0],
							"lerp_mode": "catmullrom"
						}
					}
				}
			}
		},
		"animation.chewtle.cry": {
			"animation_length": 1,
			"bones": {
				"torso": {
					"rotation": {
						"0.0": [0, 0, 0],
						"0.5": ["-12.5+math.sin(q.anim_time*90*4+190)*5", 0, 0],
						"1.0": [0, 0, 0]
					},
					"position": {
						"0.0": [0, 0, 0],
						"0.5": [0, 0, -1],
						"1.0": [0, 0, 0]
					}
				},
				"neck": {
					"rotation": {
						"0.0": {
							"post": [0, 0, 0],
							"lerp_mode": "catmullrom"
						},
						"0.25": {
							"post": [27.5, 0, 0],
							"lerp_mode": "catmullrom"
						},
						"0.5": {
							"post": [5, 0, 0],
							"lerp_mode": "catmullrom"
						},
						"1.0": {
							"post": [0, 0, 0],
							"lerp_mode": "catmullrom"
						}
					},
					"position": {
						"0.0": {
							"post": [0, 0, 0],
							"lerp_mode": "catmullrom"
						},
						"0.25": {
							"post": [0, 1, 2],
							"lerp_mode": "catmullrom"
						},
						"0.5": {
							"post": [0, 0, 1],
							"lerp_mode": "catmullrom"
						},
						"1.0": {
							"post": [0, 0, 0],
							"lerp_mode": "catmullrom"
						}
					}
				},
				"head": {
					"rotation": {
						"0.0": [0, 0, 0],
						"0.25": [12.5, 0, 0],
						"0.5": ["-2.5+math.sin(query.anim_time*90*8)*4", 0, "math.sin(q.anim_time*90*4*90)*2"],
						"1.0": [0, 0, 0]
					}
				},
				"mounch": {
					"position": {
						"0.0": [0, 0, 0],
						"0.5": {
							"pre": [0, 0, 0],
							"post": [0, 0, 8]
						},
						"0.875": {
							"pre": [0, 0, 8],
							"post": [0, 0, 0]
						},
						"1.0": {
							"pre": [0, 0, 0],
							"post": [0, 0, 0]
						}
					},
					"scale": {
						"0.0": [1, 1, 1],
						"0.5": {
							"pre": [1, 1, 1],
							"post": [0, 0, 0]
						},
						"0.875": {
							"pre": [0, 0, 0],
							"post": [1, 1, 1]
						},
						"1.0": {
							"pre": [1, 1, 1],
							"post": [1, 1, 1]
						}
					}
				},
				"smile": {
					"position": {
						"0.0": [0, 0, 0],
						"0.5": {
							"pre": [0, 0, 0],
							"post": [0, 1, 0]
						},
						"0.875": {
							"pre": [0, 1, 0],
							"post": [0, 0, 0]
						},
						"1.0": {
							"pre": [0, 0, 0],
							"post": [0, 0, 0]
						}
					}
				},
				"brow1": {
					"position": {
						"0.0": [0, 0, 0],
						"0.5": {
							"pre": [0, 0, 0],
							"post": [0, -0.5, 0]
						},
						"0.875": {
							"pre": [0, -0.5, 0],
							"post": [0, 0, 0]
						},
						"1.0": {
							"pre": [0, 0, 0],
							"post": [0, 0, 0]
						}
					}
				}
			},
			"sound_effects": {
				"0.5": {
					"effect": "pokemon.chewtle.cry"
				}
			}
		},
		"animation.chewtle.ground_walk": {
			"loop": true,
			"animation_length": 1,
			"bones": {
				"leg1": {
					"rotation": [
						"math.clamp(math.sin(query.anim_time*90*4*1+180)*22.5,-22,0)+math.clamp(math.sin(query.anim_time*90*4*1+180)*7.5,0,5)",
						"10+math.sin(q.anim_time*90*4+0)*5",
						"12.5-(math.clamp(math.sin(query.anim_time*90*4*1+10)*6,-0,5))"
					],
					"position": [
						"-0.8+math.sin(q.anim_time*90*4-75+180)*0.25",
						"-1+math.clamp(math.sin(query.anim_time*90*4*1+200+180)*2,-0.1,1)",
						"-1+math.sin(q.anim_time*90*4-30+180)*1.5"
					]
				},
				"leg_part1": {
					"rotation": {
						"0.0": {
							"post": [0, 0, -12.5],
							"lerp_mode": "catmullrom"
						}
					},
					"position": {
						"0.0": {
							"post": [0.45, 0.5, 0],
							"lerp_mode": "catmullrom"
						}
					}
				},
				"leg2": {
					"rotation": [
						"math.clamp(math.sin(query.anim_time*90*4*1+0)*22.5,-22,0)+math.clamp(math.sin(query.anim_time*90*4*1+0)*7.5,0,5)",
						"-10+math.sin(q.anim_time*90*4-0)*5",
						"-12.5+math.clamp(math.sin(query.anim_time*90*4*1+10)*6,-5,0)"
					],
					"position": [
						"0.8+math.sin(q.anim_time*90*4-75+180)*0.25",
						"-1+math.clamp(math.sin(query.anim_time*90*4*1+200)*2,-0.1,1)",
						"0+math.sin(q.anim_time*90*4-30)*1.5"
					]
				},
				"leg_part2": {
					"rotation": {
						"0.0": {
							"post": [0, 0, 12.5],
							"lerp_mode": "catmullrom"
						}
					},
					"position": {
						"0.0": {
							"post": [-0.45, 0.5, 0],
							"lerp_mode": "catmullrom"
						}
					}
				},
				"leg3": {
					"rotation": [
						"math.clamp(math.sin(query.anim_time*90*4*1+180)*22.5,-22,0)+math.clamp(math.sin(query.anim_time*90*4*1+180)*7.5,0,5)",
						"-10+math.sin(q.anim_time*90*4+0)*5",
						"-12.5-(math.clamp(math.sin(query.anim_time*90*4*1+10)*6,-0,5))"
					],
					"position": {
						"0.0": [
							"0.8+math.sin(q.anim_time*90*4-75+180)*0.25",
							"-1+math.clamp(math.sin(query.anim_time*90*4*1+200+180)*2,-0.1,1)",
							"math.sin(q.anim_time*90*4-30+180)*1.5"
						],
						"0.3": [
							"0.8+math.sin(q.anim_time*90*4-75+180)*0.25",
							"-1+math.clamp(math.sin(query.anim_time*90*4*1+200+180)*2,-0.1,1)",
							"2+math.sin(q.anim_time*90*4-30+180)*1.5"
						],
						"0.6": [
							"0.8+math.sin(q.anim_time*90*4-75+180)*0.25",
							"-1+math.clamp(math.sin(query.anim_time*90*4*1+200+180)*2,-0.1,1)",
							"math.sin(q.anim_time*90*4-30+180)*1.5"
						],
						"1.0": [
							"0.8+math.sin(q.anim_time*90*4-75+180)*0.25",
							"-1+math.clamp(math.sin(query.anim_time*90*4*1+200+180)*2,-0.1,1)",
							"math.sin(q.anim_time*90*4-30+180)*1.5"
						]
					}
				},
				"leg_part3": {
					"rotation": {
						"0.0": {
							"post": [0, 0, 12.5],
							"lerp_mode": "catmullrom"
						}
					},
					"position": {
						"0.0": {
							"post": [-0.45, 0.5, 0],
							"lerp_mode": "catmullrom"
						}
					}
				},
				"leg4": {
					"rotation": [
						"math.clamp(math.sin(query.anim_time*90*4*1+0)*22.5,-22,0)+math.clamp(math.sin(query.anim_time*90*4*1+0)*7.5,0,5)",
						"10+math.sin(q.anim_time*90*4-0)*5",
						"12.5+math.clamp(math.sin(query.anim_time*90*4*1+10)*6,-5,0)"
					],
					"position": [
						"-0.8+math.sin(q.anim_time*90*4-75+180)*0.25",
						"-1+math.clamp(math.sin(query.anim_time*90*4*1+200)*2,-0.1,1)",
						"1+math.sin(q.anim_time*90*4-30)*1.5"
					]
				},
				"leg_part4": {
					"rotation": {
						"0.0": {
							"post": [0, 0, -12.5],
							"lerp_mode": "catmullrom"
						}
					},
					"position": {
						"0.0": {
							"post": [0.45, 0.5, 0],
							"lerp_mode": "catmullrom"
						}
					}
				},
				"torso": {
					"rotation": ["0+math.sin(query.anim_time*90*4+180)*3", "0+math.sin(q.anim_time*90*4+90)*2", "-math.cos(query.anim_time*90*4+180)*6"],
					"position": [0, "0+math.cos(q.anim_time*180*4+90)*0.5", 1]
				},
				"tail": {
					"rotation": [35, "Math.sin(query.anim_time*90*8+90)*6", 0]
				},
				"neck": {
					"rotation": {
						"0.0": {
							"post": [7.5, 0, 0],
							"lerp_mode": "catmullrom"
						}
					}
				},
				"head": {
					"rotation": ["-5+math.sin(query.anim_time*90*4+90)*6", 0, "0+math.cos(query.anim_time*90*4-30)*4"]
				},
				"body": {
					"position": [0, 0.4, 0]
				}
			}
		},
		"animation.chewtle.recoil": {
			"animation_length": 0.7083,
			"bones": {
				"torso": {
					"rotation": {
						"0.0": {
							"post": [0, 0, 0],
							"lerp_mode": "catmullrom"
						},
						"0.0417": {
							"post": [-5.66985, -1.31437, 0.11617],
							"lerp_mode": "catmullrom"
						},
						"0.25": {
							"post": [-5.07673, -9.96156, 0.88045],
							"lerp_mode": "catmullrom"
						},
						"0.7083": {
							"post": [0, 0, 0],
							"lerp_mode": "catmullrom"
						}
					}
				},
				"neck": {
					"rotation": {
						"0.0": [0, 0, 0],
						"0.25": [0, -7.5, 0],
						"0.7083": [0, 0, 0]
					}
				},
				"head": {
					"rotation": {
						"0.0": {
							"post": [0, 0, 0],
							"lerp_mode": "catmullrom"
						},
						"0.0417": {
							"post": [-11.98, 0, 0],
							"lerp_mode": "catmullrom"
						},
						"0.25": {
							"post": [-15, 0, 0],
							"lerp_mode": "catmullrom"
						},
						"0.7083": {
							"post": [0, 0, 0],
							"lerp_mode": "catmullrom"
						}
					}
				},
				"eye1": {
					"position": {
						"0.0": {
							"post": [0, 0, 0],
							"lerp_mode": "catmullrom"
						},
						"0.25": {
							"post": [0, 0, 1],
							"lerp_mode": "catmullrom"
						},
						"0.7083": {
							"post": [0, 0, 0],
							"lerp_mode": "catmullrom"
						}
					}
				},
				"eye2": {
					"position": {
						"0.0": {
							"post": [0, 0, 0],
							"lerp_mode": "catmullrom"
						},
						"0.25": {
							"post": [0, 0, 1],
							"lerp_mode": "catmullrom"
						},
						"0.7083": {
							"post": [0, 0, 0],
							"lerp_mode": "catmullrom"
						}
					}
				}
			}
		},
		"animation.chewtle.quirk": {
			"animation_length": 3.0833,
			"bones": {
				"torso": {
					"rotation": {
						"0.0": {
							"post": [0, 0, 0],
							"lerp_mode": "catmullrom"
						},
						"0.5833": {
							"post": [0, -10, 0],
							"lerp_mode": "catmullrom"
						},
						"1.5": {
							"post": [-5, 0, 0],
							"lerp_mode": "catmullrom"
						},
						"2.25": {
							"post": [-5, 5, 0],
							"lerp_mode": "catmullrom"
						},
						"3.0833": {
							"post": [0, 0, 0],
							"lerp_mode": "catmullrom"
						}
					}
				},
				"neck": {
					"rotation": {
						"0.0": {
							"post": [0, 0, 0],
							"lerp_mode": "catmullrom"
						},
						"0.5833": {
							"post": [-0.66721, -2.72983, -2.42868],
							"lerp_mode": "catmullrom"
						},
						"1.0": {
							"post": [-1.77213, -5.19737, 7.5298],
							"lerp_mode": "catmullrom"
						},
						"2.0": {
							"post": [-2.90938, -11.31352, 3.85119],
							"lerp_mode": "catmullrom"
						},
						"2.25": {
							"post": [-2.5, -12.5, 0],
							"lerp_mode": "catmullrom"
						},
						"3.0833": {
							"post": [0, 0, 0],
							"lerp_mode": "catmullrom"
						}
					}
				},
				"head": {
					"rotation": {
						"0.0": {
							"post": [0, 0, 0],
							"lerp_mode": "catmullrom"
						},
						"0.5833": {
							"post": [-7.5, 0, -5],
							"lerp_mode": "catmullrom"
						},
						"1.5": {
							"post": [7.09519, 19.37964, 2.09519],
							"lerp_mode": "catmullrom"
						},
						"2.25": {
							"post": [12.34907, -19.55189, -10.69764],
							"lerp_mode": "catmullrom"
						},
						"3.0833": {
							"post": [0, 0, 0],
							"lerp_mode": "catmullrom"
						}
					}
				},
				"eye1": {
					"position": {
						"0.0": [0, 0, 0],
						"2.25": {
							"pre": [0, 0, 0],
							"post": [0, 0, 1]
						},
						"3.0833": {
							"pre": [0, 0, 1],
							"post": [0, 0, 0]
						}
					}
				},
				"eye2": {
					"position": {
						"0.0": [0, 0, 0],
						"2.25": {
							"pre": [0, 0, 0],
							"post": [0, 0, 1]
						},
						"3.0833": {
							"pre": [0, 0, 1],
							"post": [0, 0, 0]
						}
					}
				},
				"mounch": {
					"position": {
						"0.0": [0, 0, 0],
						"2.25": {
							"pre": [0, 0, 0],
							"post": [0, 0, -1]
						},
						"3.0833": {
							"pre": [0, 0, -1],
							"post": [0, 0, 0]
						}
					},
					"scale": {
						"0.0": [1, 1, 1],
						"2.25": {
							"pre": [1, 1, 1],
							"post": [0, 0, 0]
						},
						"3.0833": {
							"pre": [0, 0, 0],
							"post": [1, 1, 1]
						}
					}
				},
				"smile": {
					"position": {
						"0.0": [0, 0, 0],
						"2.25": {
							"pre": [0, 0, 0],
							"post": [0, 1, 0]
						},
						"3.0833": {
							"pre": [0, 1, 0],
							"post": [0, 0, 0]
						}
					}
				}
			}
		}
	}
}