{
	"format_version": "1.8.0",
	"animations": {
		"animation.yamask_galarian.ground_idle": {
			"loop": true,
			"bones": {
				"torso": {
					"rotation": ["-5+math.sin(q.anim_time*90*3-90)*2", "0+math.sin(q.anim_time*90*3+60)*1", 0],
					"position": [0, "2+math.sin(q.anim_time*90*1-60)*1", -3]
				},
				"tail": {
					"rotation": [0, 0, 0],
					"position": [0, 2, 1.6]
				},
				"torso3": {
					"rotation": [12.5, 0, 0]
				},
				"head": {
					"rotation": ["7.5+math.cos(query.anim_time*90*3-90)*2", 0, 0]
				},
				"hand1": {
					"rotation": [0, "-12.5+math.sin(q.anim_tim*90*10/5-0)*1", "20+math.cos((query.anim_time)*90*8/4-0)*1"],
					"position": [-2, 0, 0]
				},
				"hand_part1": {
					"rotation": [0, 0, "-32.5+math.sin(q.anim_time*90*10/5-60)*1"],
					"position": [3, -3.4, 0]
				},
				"hand2": {
					"rotation": [0, "12.5+math.sin(q.anim_tim*90*10/5-0)*1", "-20+math.cos((query.anim_time)*90*8/4-0)*1"],
					"position": [2, 0, 0]
				},
				"hand_part2": {
					"rotation": [0, 0, "32.5+math.sin(q.anim_time*90*10/5-60)*1"],
					"position": [-3, -3.4, 0]
				}
			}
		},
		"animation.yamask_galarian.blink": {
			"animation_length": 0.1667,
			"bones": {
				"eye1": {
					"position": {
						"0.0": [-1, 0, 0],
						"0.1667": [0, 0, 0]
					}
				},
				"eye2": {
					"position": {
						"0.0": [1, 0, 0],
						"0.1667": [0, 0, 0]
					}
				}
			}
		},
		"animation.yamask_galarian.ground_walk": {
			"loop": true,
			"bones": {
				"torso": {
					"rotation": ["30+math.sin(q.anim_time*90*4-170)*1", 0, 0],
					"position": ["0-Math.Sin((query.anim_time)*90*4-0)*0.2", "0+math.sin(q.anim_time*90*4-0)*0.5", "0-math.cos((query.anim_time)*90*4-0)*0.5"]
				},
				"tail": {
					"rotation": [17.5, 0, 0],
					"position": [0, 1, 2]
				},
				"torso2": {
					"position": [0, 0, -1]
				},
				"torso3": {
					"rotation": [-15, 0, 0]
				},
				"head": {
					"rotation": ["-22.5+math.cos(query.anim_time*90*3-90)*5", 0, 0]
				},
				"hand1": {
					"rotation": [-6.24605, "-19.0377111105+math.sin(q.anim_time*90*2-90)*1", "18.5483519106+math.sin(q.anim_time*90*4-60)*1"],
					"position": [-1, 0, 0]
				},
				"hand_part1": {
					"rotation": [0, -20, 0],
					"position": [0, 0, -3]
				},
				"hand2": {
					"rotation": [-6.24605, "19.0377+math.sin(q.anim_time*90*2-90)*1", "-18.5484+math.sin(q.anim_time*90*4-60)*1"],
					"position": [1, 0, 0]
				},
				"hand_part2": {
					"rotation": [0, 20, 0],
					"position": [0, 0, -3]
				}
			}
		},
		"animation.yamask_galarian.battle_idle": {
			"loop": true,
			"bones": {
				"torso": {
					"rotation": ["2.5+math.sin(q.anim_time*90*2-90)*1", "0-math.sin(q.anim_time*90*2.25-60)*1", 0],
					"position": [0, "2+math.sin(q.anim_time*90*1-60)*1", 0]
				},
				"tail": {
					"rotation": [-15, 0, 0],
					"position": [0, 1, 0]
				},
				"torso2": {
					"rotation": [-5, 0, 0]
				},
				"head": {
					"rotation": ["7.5+math.sin(q.anim_time*90*2-100)*1", 0, 0]
				},
				"hand1": {
					"rotation": [0, "-17.5+math.sin(q.anim_time*90*2-90)*1", "27.5+math.sin(q.anim_time*90*2-90)*1"],
					"position": [-2, 0, 0]
				},
				"hand_part1": {
					"rotation": [0, 0, -30],
					"position": [3, -3.4, 0]
				},
				"hand2": {
					"rotation": [0, "17.5+math.sin(q.anim_time*90*2-90)*1", "-27.5+math.sin(q.anim_time*90*2-90)*1"],
					"position": [2, 0, 0]
				},
				"hand_part2": {
					"rotation": [0, 0, 30],
					"position": [-3, -3.4, 0]
				}
			}
		},
		"animation.yamask_galarian.sleep": {
			"loop": true,
			"bones": {
				"torso": {
					"rotation": [-90, 0, 0]
				},
				"tail": {
					"rotation": [0, 0, "0-math.sin(q.anim_time*90*2-90)*1"],
					"position": [0, 0, 1]
				},
				"torso1": {
					"rotation": [-90, 0, 0],
					"position": [0, 0, 2],
					"scale": [-0.1, 0, 0]
				}
			}
		},
		"animation.yamask_galarian.pose": {
			"loop": true,
			"bones": {
				"torso": {
					"rotation": [2.5, 0, 0],
					"position": [0, 2, 0]
				},
				"tail": {
					"rotation": [-15, 0, 0],
					"position": [0, 1, 0]
				},
				"torso2": {
					"rotation": [-5, 0, 0]
				},
				"head": {
					"rotation": [7.5, 0, 0]
				},
				"hand1": {
					"rotation": [0, -17.5, 27.5],
					"position": [-2, 0, 0]
				},
				"hand_part1": {
					"rotation": [0, 0, -30],
					"position": [3, -3.4, 0]
				},
				"hand2": {
					"rotation": [0, 17.5, -27.5],
					"position": [2, 0, 0]
				},
				"hand_part2": {
					"rotation": [0, 0, 30],
					"position": [-3, -3.4, 0]
				}
			}
		},
		"animation.yamask_galarian.battle_cry": {
			"animation_length": 1.4167,
			"bones": {
				"torso": {
					"rotation": {
						"0.0": {
							"post": [2.5, 0, 0],
							"lerp_mode": "catmullrom"
						},
						"0.125": {
							"post": [2.5, 0, 0],
							"lerp_mode": "catmullrom"
						},
						"0.4167": {
							"post": [52.96346, 32.46527, 1.59176],
							"lerp_mode": "catmullrom"
						},
						"0.7917": {
							"post": [12.41765, -5.62042, -0.43063],
							"lerp_mode": "catmullrom"
						},
						"1.25": {
							"post": [2.5, 0, 0],
							"lerp_mode": "catmullrom"
						},
						"1.4167": {
							"post": [2.5, 0, 0],
							"lerp_mode": "catmullrom"
						}
					},
					"position": {
						"0.0": {
							"post": [0, 2, 0],
							"lerp_mode": "catmullrom"
						},
						"0.125": {
							"post": [0, 2, 0],
							"lerp_mode": "catmullrom"
						},
						"0.4167": {
							"post": [0, 0, 0],
							"lerp_mode": "catmullrom"
						},
						"0.6667": {
							"post": [0, 1.37, -2],
							"lerp_mode": "catmullrom"
						},
						"1.25": {
							"post": [0, 2, 0],
							"lerp_mode": "catmullrom"
						},
						"1.4167": {
							"post": [0, 2, 0],
							"lerp_mode": "catmullrom"
						}
					}
				},
				"tail": {
					"rotation": {
						"0.0": {
							"post": [-15, 0, 0],
							"lerp_mode": "catmullrom"
						},
						"0.25": {
							"post": [-15, 0, 0],
							"lerp_mode": "catmullrom"
						},
						"0.4167": {
							"post": [-22.5, 0, 0],
							"lerp_mode": "catmullrom"
						},
						"0.7917": {
							"post": [-45, 0, 0],
							"lerp_mode": "catmullrom"
						},
						"1.4167": {
							"post": [-15, 0, 0],
							"lerp_mode": "catmullrom"
						}
					},
					"position": {
						"0.0": {
							"post": [0, 1, 0],
							"lerp_mode": "catmullrom"
						},
						"0.25": {
							"post": [0, 1, 0],
							"lerp_mode": "catmullrom"
						},
						"0.4167": {
							"post": [0, 1, 0],
							"lerp_mode": "catmullrom"
						},
						"0.7917": {
							"post": [0, 2, -2],
							"lerp_mode": "catmullrom"
						},
						"1.4167": {
							"post": [0, 1, 0],
							"lerp_mode": "catmullrom"
						}
					}
				},
				"torso2": {
					"rotation": {
						"0.0": {
							"post": [-5, 0, 0],
							"lerp_mode": "catmullrom"
						},
						"0.7917": {
							"post": [-27.5, 0, 0],
							"lerp_mode": "catmullrom"
						},
						"1.4167": {
							"post": [-5, 0, 0],
							"lerp_mode": "catmullrom"
						}
					}
				},
				"head": {
					"rotation": {
						"0.0": {
							"post": [7.5, 0, 0],
							"lerp_mode": "catmullrom"
						},
						"0.4167": {
							"post": [5, 0, 0],
							"lerp_mode": "catmullrom"
						},
						"0.7917": {
							"post": [-37.5, 0, 0],
							"lerp_mode": "catmullrom"
						},
						"1.1667": {
							"post": [7.5, 0, 0],
							"lerp_mode": "catmullrom"
						},
						"1.4167": {
							"post": [7.5, 0, 0],
							"lerp_mode": "catmullrom"
						}
					}
				},
				"hand1": {
					"rotation": {
						"0.0": {
							"post": [0, -17.5, 27.5],
							"lerp_mode": "catmullrom"
						},
						"0.4167": {
							"post": [115.47216, 28.03715, 55.06934],
							"lerp_mode": "catmullrom"
						},
						"0.5417": {
							"post": [103.42968, 30.90374, 37.75175],
							"lerp_mode": "catmullrom"
						},
						"0.625": {
							"post": [75.67968, 25.28205, -8.45228],
							"lerp_mode": "catmullrom"
						},
						"0.7917": {
							"post": [84.03811, 24.12052, 32.14534],
							"lerp_mode": "catmullrom"
						},
						"1.4167": {
							"post": [0, -17.5, 27.5],
							"lerp_mode": "catmullrom"
						}
					},
					"position": {
						"0.0": {
							"post": [-2, 0, 0],
							"lerp_mode": "catmullrom"
						},
						"0.25": {
							"post": [-0.57, 2.87, 4.12],
							"lerp_mode": "catmullrom"
						},
						"0.4167": {
							"post": [3, 5, 5],
							"lerp_mode": "catmullrom"
						},
						"0.7917": {
							"post": [1, 4, 4],
							"lerp_mode": "catmullrom"
						},
						"1.1667": {
							"post": [-2.54, -0.12, -0.12],
							"lerp_mode": "catmullrom"
						},
						"1.4167": {
							"post": [-2, 0, 0],
							"lerp_mode": "catmullrom"
						}
					}
				},
				"hand_part1": {
					"rotation": {
						"0.0": {
							"post": [0, 0, -30],
							"lerp_mode": "catmullrom"
						},
						"0.4167": {
							"post": [0, -15, -30],
							"lerp_mode": "catmullrom"
						},
						"1.4167": {
							"post": [0, 0, -30],
							"lerp_mode": "catmullrom"
						}
					},
					"position": {
						"0.0": {
							"post": [3, -3.4, 0],
							"lerp_mode": "catmullrom"
						},
						"0.4167": {
							"post": [3, -3.4, -2],
							"lerp_mode": "catmullrom"
						},
						"1.4167": {
							"post": [3, -3.4, 0],
							"lerp_mode": "catmullrom"
						}
					}
				},
				"hand2": {
					"rotation": {
						"0.0": {
							"post": [0, 17.5, -27.5],
							"lerp_mode": "catmullrom"
						},
						"0.4167": {
							"post": [96.00942, -26.97598, -38.69255],
							"lerp_mode": "catmullrom"
						},
						"0.5417": {
							"post": [84.26733, -24.87747, -18.95059],
							"lerp_mode": "catmullrom"
						},
						"0.625": {
							"post": [84.03811, -24.12052, -32.14534],
							"lerp_mode": "catmullrom"
						},
						"1.4167": {
							"post": [0, 17.5, -27.5],
							"lerp_mode": "catmullrom"
						}
					},
					"position": {
						"0.0": {
							"post": [2, 0, 0],
							"lerp_mode": "catmullrom"
						},
						"0.25": {
							"post": [0.43, 1.87, 4.12],
							"lerp_mode": "catmullrom"
						},
						"0.4167": {
							"post": [-2, 3, 5],
							"lerp_mode": "catmullrom"
						},
						"0.7917": {
							"post": [1, 4, 4],
							"lerp_mode": "catmullrom"
						},
						"1.1667": {
							"post": [2.54, -0.12, -0.12],
							"lerp_mode": "catmullrom"
						},
						"1.4167": {
							"post": [2, 0, 0],
							"lerp_mode": "catmullrom"
						}
					}
				},
				"hand_part2": {
					"rotation": {
						"0.0": {
							"post": [0, 0, 30],
							"lerp_mode": "catmullrom"
						},
						"0.4167": {
							"post": [0, 0, 47.5],
							"lerp_mode": "catmullrom"
						},
						"1.4167": {
							"post": [0, 0, 30],
							"lerp_mode": "catmullrom"
						}
					},
					"position": {
						"0.0": {
							"post": [-3, -3.4, 0],
							"lerp_mode": "catmullrom"
						},
						"0.4167": {
							"post": [-6, -4.4, 0],
							"lerp_mode": "catmullrom"
						},
						"1.4167": {
							"post": [-3, -3.4, 0],
							"lerp_mode": "catmullrom"
						}
					}
				},
				"body": {
					"rotation": {
						"0.0": {
							"post": [0, 0, 0],
							"lerp_mode": "catmullrom"
						},
						"0.4583": {
							"post": [0, -62.5, 0],
							"lerp_mode": "catmullrom"
						},
						"0.5417": {
							"post": [0, -130, 0],
							"lerp_mode": "catmullrom"
						},
						"0.625": {
							"post": [0, -250, 0],
							"lerp_mode": "catmullrom"
						},
						"0.7083": {
							"post": [0, -307.5, 0],
							"lerp_mode": "catmullrom"
						},
						"0.7917": {
							"post": [0, -360, 0],
							"lerp_mode": "catmullrom"
						},
						"1.3333": {
							"post": [0, -360, 0],
							"lerp_mode": "catmullrom"
						},
						"1.375": [0, -360, 0],
						"1.4167": {
							"pre": [0, -360, 0],
							"post": [0, 0, 0]
						}
					},
					"position": {
						"0.0": {
							"post": [0, 0, 0],
							"lerp_mode": "catmullrom"
						},
						"0.4167": {
							"post": [0, -1, 11],
							"lerp_mode": "catmullrom"
						},
						"0.625": {
							"post": [0, 2.07, 0.7],
							"lerp_mode": "catmullrom"
						},
						"0.7917": {
							"post": [0, 4, -1],
							"lerp_mode": "catmullrom"
						},
						"1.4167": {
							"post": [0, 0, 0],
							"lerp_mode": "catmullrom"
						}
					}
				},
				"torso3": {
					"rotation": {
						"0.0": [0, 0, 0],
						"0.7917": [2.5, 0, 0],
						"1.4167": [0, 0, 0]
					}
				},
				"mounch": {
					"position": {
						"0.0": [0, 0, 0],
						"0.4167": {
							"pre": [0, 0, 0],
							"post": [0, 0, -1]
						},
						"0.7917": [0, 0, -1],
						"1.25": [0, 0, -1],
						"1.4167": [0, 0, 0]
					}
				},
				"hands": {
					"rotation": {
						"0.0": [0, 0, 0],
						"0.4167": [0, 0, 0],
						"0.7917": [-117.5, 0, 0],
						"1.4167": [0, 0, 0]
					},
					"position": {
						"0.0": [0, 0, 0],
						"0.4167": [0, 0, 0],
						"0.7917": [0, 5, -1],
						"1.4167": [0, 0, 0]
					}
				}
			},
			"sound_effects": {
				"0.4167": {
					"effect": "pokemon.yamask.cry"
				}
			}
		},
		"animation.yamask_galarian.status": {
			"animation_length": 1.4167,
			"bones": {
				"torso": {
					"rotation": {
						"0.0": {
							"post": [2.5, 0, 0],
							"lerp_mode": "catmullrom"
						},
						"0.125": {
							"post": [2.5, 0, 0],
							"lerp_mode": "catmullrom"
						},
						"0.4167": {
							"post": [52.96346, 32.46527, 1.59176],
							"lerp_mode": "catmullrom"
						},
						"0.7917": {
							"post": [12.41765, -5.62042, -0.43063],
							"lerp_mode": "catmullrom"
						},
						"1.25": {
							"post": [2.5, 0, 0],
							"lerp_mode": "catmullrom"
						},
						"1.4167": {
							"post": [2.5, 0, 0],
							"lerp_mode": "catmullrom"
						}
					},
					"position": {
						"0.0": {
							"post": [0, 2, 0],
							"lerp_mode": "catmullrom"
						},
						"0.125": {
							"post": [0, 2, 0],
							"lerp_mode": "catmullrom"
						},
						"0.4167": {
							"post": [0, 0, 0],
							"lerp_mode": "catmullrom"
						},
						"0.6667": {
							"post": [0, 1.37, -2],
							"lerp_mode": "catmullrom"
						},
						"1.25": {
							"post": [0, 2, 0],
							"lerp_mode": "catmullrom"
						},
						"1.4167": {
							"post": [0, 2, 0],
							"lerp_mode": "catmullrom"
						}
					}
				},
				"tail": {
					"rotation": {
						"0.0": {
							"post": [-15, 0, 0],
							"lerp_mode": "catmullrom"
						},
						"0.25": {
							"post": [-15, 0, 0],
							"lerp_mode": "catmullrom"
						},
						"0.4167": {
							"post": [-22.5, 0, 0],
							"lerp_mode": "catmullrom"
						},
						"0.7917": {
							"post": [-45, 0, 0],
							"lerp_mode": "catmullrom"
						},
						"1.4167": {
							"post": [-15, 0, 0],
							"lerp_mode": "catmullrom"
						}
					},
					"position": {
						"0.0": {
							"post": [0, 1, 0],
							"lerp_mode": "catmullrom"
						},
						"0.25": {
							"post": [0, 1, 0],
							"lerp_mode": "catmullrom"
						},
						"0.4167": {
							"post": [0, 1, 0],
							"lerp_mode": "catmullrom"
						},
						"0.7917": {
							"post": [0, 2, -2],
							"lerp_mode": "catmullrom"
						},
						"1.4167": {
							"post": [0, 1, 0],
							"lerp_mode": "catmullrom"
						}
					}
				},
				"torso2": {
					"rotation": {
						"0.0": {
							"post": [-5, 0, 0],
							"lerp_mode": "catmullrom"
						},
						"0.7917": {
							"post": [-27.5, 0, 0],
							"lerp_mode": "catmullrom"
						},
						"1.4167": {
							"post": [-5, 0, 0],
							"lerp_mode": "catmullrom"
						}
					}
				},
				"head": {
					"rotation": {
						"0.0": {
							"post": [7.5, 0, 0],
							"lerp_mode": "catmullrom"
						},
						"0.4167": {
							"post": [5, 0, 0],
							"lerp_mode": "catmullrom"
						},
						"0.7917": {
							"post": [-37.5, 0, 0],
							"lerp_mode": "catmullrom"
						},
						"1.1667": {
							"post": [7.5, 0, 0],
							"lerp_mode": "catmullrom"
						},
						"1.4167": {
							"post": [7.5, 0, 0],
							"lerp_mode": "catmullrom"
						}
					}
				},
				"hand1": {
					"rotation": {
						"0.0": {
							"post": [0, -17.5, 27.5],
							"lerp_mode": "catmullrom"
						},
						"0.4167": {
							"post": [115.47216, 28.03715, 55.06934],
							"lerp_mode": "catmullrom"
						},
						"0.5417": {
							"post": [103.42968, 30.90374, 37.75175],
							"lerp_mode": "catmullrom"
						},
						"0.625": {
							"post": [75.67968, 25.28205, -8.45228],
							"lerp_mode": "catmullrom"
						},
						"0.7917": {
							"post": [84.03811, 24.12052, 32.14534],
							"lerp_mode": "catmullrom"
						},
						"1.4167": {
							"post": [0, -17.5, 27.5],
							"lerp_mode": "catmullrom"
						}
					},
					"position": {
						"0.0": {
							"post": [-2, 0, 0],
							"lerp_mode": "catmullrom"
						},
						"0.25": {
							"post": [-0.57, 2.87, 4.12],
							"lerp_mode": "catmullrom"
						},
						"0.4167": {
							"post": [3, 5, 5],
							"lerp_mode": "catmullrom"
						},
						"0.7917": {
							"post": [1, 4, 4],
							"lerp_mode": "catmullrom"
						},
						"1.1667": {
							"post": [-2.54, -0.12, -0.12],
							"lerp_mode": "catmullrom"
						},
						"1.4167": {
							"post": [-2, 0, 0],
							"lerp_mode": "catmullrom"
						}
					}
				},
				"hand_part1": {
					"rotation": {
						"0.0": {
							"post": [0, 0, -30],
							"lerp_mode": "catmullrom"
						},
						"0.4167": {
							"post": [0, -15, -30],
							"lerp_mode": "catmullrom"
						},
						"1.4167": {
							"post": [0, 0, -30],
							"lerp_mode": "catmullrom"
						}
					},
					"position": {
						"0.0": {
							"post": [3, -3.4, 0],
							"lerp_mode": "catmullrom"
						},
						"0.4167": {
							"post": [3, -3.4, -2],
							"lerp_mode": "catmullrom"
						},
						"1.4167": {
							"post": [3, -3.4, 0],
							"lerp_mode": "catmullrom"
						}
					}
				},
				"hand2": {
					"rotation": {
						"0.0": {
							"post": [0, 17.5, -27.5],
							"lerp_mode": "catmullrom"
						},
						"0.4167": {
							"post": [96.00942, -26.97598, -38.69255],
							"lerp_mode": "catmullrom"
						},
						"0.5417": {
							"post": [84.26733, -24.87747, -18.95059],
							"lerp_mode": "catmullrom"
						},
						"0.625": {
							"post": [84.03811, -24.12052, -32.14534],
							"lerp_mode": "catmullrom"
						},
						"1.4167": {
							"post": [0, 17.5, -27.5],
							"lerp_mode": "catmullrom"
						}
					},
					"position": {
						"0.0": {
							"post": [2, 0, 0],
							"lerp_mode": "catmullrom"
						},
						"0.25": {
							"post": [0.43, 1.87, 4.12],
							"lerp_mode": "catmullrom"
						},
						"0.4167": {
							"post": [-2, 3, 5],
							"lerp_mode": "catmullrom"
						},
						"0.7917": {
							"post": [1, 4, 4],
							"lerp_mode": "catmullrom"
						},
						"1.1667": {
							"post": [2.54, -0.12, -0.12],
							"lerp_mode": "catmullrom"
						},
						"1.4167": {
							"post": [2, 0, 0],
							"lerp_mode": "catmullrom"
						}
					}
				},
				"hand_part2": {
					"rotation": {
						"0.0": {
							"post": [0, 0, 30],
							"lerp_mode": "catmullrom"
						},
						"0.4167": {
							"post": [0, 0, 47.5],
							"lerp_mode": "catmullrom"
						},
						"1.4167": {
							"post": [0, 0, 30],
							"lerp_mode": "catmullrom"
						}
					},
					"position": {
						"0.0": {
							"post": [-3, -3.4, 0],
							"lerp_mode": "catmullrom"
						},
						"0.4167": {
							"post": [-6, -4.4, 0],
							"lerp_mode": "catmullrom"
						},
						"1.4167": {
							"post": [-3, -3.4, 0],
							"lerp_mode": "catmullrom"
						}
					}
				},
				"body": {
					"rotation": {
						"0.0": {
							"post": [0, 0, 0],
							"lerp_mode": "catmullrom"
						},
						"0.4583": {
							"post": [0, -62.5, 0],
							"lerp_mode": "catmullrom"
						},
						"0.5417": {
							"post": [0, -130, 0],
							"lerp_mode": "catmullrom"
						},
						"0.625": {
							"post": [0, -250, 0],
							"lerp_mode": "catmullrom"
						},
						"0.7083": {
							"post": [0, -307.5, 0],
							"lerp_mode": "catmullrom"
						},
						"0.7917": {
							"post": [0, -360, 0],
							"lerp_mode": "catmullrom"
						},
						"1.0": {
							"post": [0, -360, 0],
							"lerp_mode": "catmullrom"
						},
						"1.3333": {
							"post": [0, -360, 0],
							"lerp_mode": "catmullrom"
						},
						"1.375": [0, -360, 0],
						"1.4167": {
							"pre": [0, -360, 0],
							"post": [0, 0, 0]
						}
					},
					"position": {
						"0.0": {
							"post": [0, 0, 0],
							"lerp_mode": "catmullrom"
						},
						"0.4167": {
							"post": [0, -1, 11],
							"lerp_mode": "catmullrom"
						},
						"0.625": {
							"post": [0, 2.07, 0.7],
							"lerp_mode": "catmullrom"
						},
						"0.7917": {
							"post": [0, 4, -1],
							"lerp_mode": "catmullrom"
						},
						"1.0": {
							"post": [0, 4, -1],
							"lerp_mode": "catmullrom"
						},
						"1.4167": {
							"post": [0, 0, 0],
							"lerp_mode": "catmullrom"
						}
					}
				},
				"torso3": {
					"rotation": {
						"0.0": [0, 0, 0],
						"0.7917": [2.5, 0, 0],
						"1.4167": [0, 0, 0]
					}
				},
				"mounch": {
					"position": {
						"0.0": [0, 0, 0],
						"0.4167": {
							"pre": [0, 0, 0],
							"post": [0, 0, -1]
						},
						"0.7917": [0, 0, -1],
						"1.25": [0, 0, -1],
						"1.4167": [0, 0, 0]
					}
				},
				"hands": {
					"rotation": {
						"0.0": [0, 0, 0],
						"0.4167": [0, 0, 0],
						"0.7917": [-117.5, 0, 0],
						"1.4167": [0, 0, 0]
					},
					"position": {
						"0.0": [0, 0, 0],
						"0.4167": [0, 0, 0],
						"0.7917": [0, 5, -1],
						"1.4167": [0, 0, 0]
					}
				}
			}
		},
		"animation.yamask_galarian.special": {
			"animation_length": 1.4167,
			"bones": {
				"torso": {
					"rotation": {
						"0.0": {
							"post": [2.5, 0, 0],
							"lerp_mode": "catmullrom"
						},
						"0.125": {
							"post": [2.5, 0, 0],
							"lerp_mode": "catmullrom"
						},
						"0.4167": {
							"post": [52.96346, 32.46527, 1.59176],
							"lerp_mode": "catmullrom"
						},
						"0.7917": {
							"post": [12.41765, -5.62042, -0.43063],
							"lerp_mode": "catmullrom"
						},
						"1.25": {
							"post": [2.5, 0, 0],
							"lerp_mode": "catmullrom"
						},
						"1.4167": {
							"post": [2.5, 0, 0],
							"lerp_mode": "catmullrom"
						}
					},
					"position": {
						"0.0": {
							"post": [0, 2, 0],
							"lerp_mode": "catmullrom"
						},
						"0.125": {
							"post": [0, 2, 0],
							"lerp_mode": "catmullrom"
						},
						"0.4167": {
							"post": [0, 0, 0],
							"lerp_mode": "catmullrom"
						},
						"0.6667": {
							"post": [0, 1.37, -2],
							"lerp_mode": "catmullrom"
						},
						"1.25": {
							"post": [0, 2, 0],
							"lerp_mode": "catmullrom"
						},
						"1.4167": {
							"post": [0, 2, 0],
							"lerp_mode": "catmullrom"
						}
					}
				},
				"tail": {
					"rotation": {
						"0.0": {
							"post": [-15, 0, 0],
							"lerp_mode": "catmullrom"
						},
						"0.25": {
							"post": [-15, 0, 0],
							"lerp_mode": "catmullrom"
						},
						"0.4167": {
							"post": [-22.5, 0, 0],
							"lerp_mode": "catmullrom"
						},
						"0.7917": {
							"post": [-45, 0, 0],
							"lerp_mode": "catmullrom"
						},
						"1.4167": {
							"post": [-15, 0, 0],
							"lerp_mode": "catmullrom"
						}
					},
					"position": {
						"0.0": {
							"post": [0, 1, 0],
							"lerp_mode": "catmullrom"
						},
						"0.25": {
							"post": [0, 1, 0],
							"lerp_mode": "catmullrom"
						},
						"0.4167": {
							"post": [0, 1, 0],
							"lerp_mode": "catmullrom"
						},
						"0.7917": {
							"post": [0, 2, -2],
							"lerp_mode": "catmullrom"
						},
						"1.4167": {
							"post": [0, 1, 0],
							"lerp_mode": "catmullrom"
						}
					}
				},
				"torso2": {
					"rotation": {
						"0.0": {
							"post": [-5, 0, 0],
							"lerp_mode": "catmullrom"
						},
						"0.7917": {
							"post": [-27.5, 0, 0],
							"lerp_mode": "catmullrom"
						},
						"1.4167": {
							"post": [-5, 0, 0],
							"lerp_mode": "catmullrom"
						}
					}
				},
				"head": {
					"rotation": {
						"0.0": {
							"post": [7.5, 0, 0],
							"lerp_mode": "catmullrom"
						},
						"0.4167": {
							"post": [5, 0, 0],
							"lerp_mode": "catmullrom"
						},
						"0.7917": {
							"post": [-37.5, 0, 0],
							"lerp_mode": "catmullrom"
						},
						"1.1667": {
							"post": [7.5, 0, 0],
							"lerp_mode": "catmullrom"
						},
						"1.4167": {
							"post": [7.5, 0, 0],
							"lerp_mode": "catmullrom"
						}
					}
				},
				"hand1": {
					"rotation": {
						"0.0": {
							"post": [0, -17.5, 27.5],
							"lerp_mode": "catmullrom"
						},
						"0.4167": {
							"post": [115.47216, 28.03715, 55.06934],
							"lerp_mode": "catmullrom"
						},
						"0.5417": {
							"post": [103.42968, 30.90374, 37.75175],
							"lerp_mode": "catmullrom"
						},
						"0.625": {
							"post": [75.67968, 25.28205, -8.45228],
							"lerp_mode": "catmullrom"
						},
						"0.7917": {
							"post": [84.03811, 24.12052, 32.14534],
							"lerp_mode": "catmullrom"
						},
						"1.4167": {
							"post": [0, -17.5, 27.5],
							"lerp_mode": "catmullrom"
						}
					},
					"position": {
						"0.0": {
							"post": [-2, 0, 0],
							"lerp_mode": "catmullrom"
						},
						"0.25": {
							"post": [-0.57, 2.87, 4.12],
							"lerp_mode": "catmullrom"
						},
						"0.4167": {
							"post": [3, 5, 5],
							"lerp_mode": "catmullrom"
						},
						"0.7917": {
							"post": [1, 4, 4],
							"lerp_mode": "catmullrom"
						},
						"1.1667": {
							"post": [-2.54, -0.12, -0.12],
							"lerp_mode": "catmullrom"
						},
						"1.4167": {
							"post": [-2, 0, 0],
							"lerp_mode": "catmullrom"
						}
					}
				},
				"hand_part1": {
					"rotation": {
						"0.0": {
							"post": [0, 0, -30],
							"lerp_mode": "catmullrom"
						},
						"0.4167": {
							"post": [0, -15, -30],
							"lerp_mode": "catmullrom"
						},
						"1.4167": {
							"post": [0, 0, -30],
							"lerp_mode": "catmullrom"
						}
					},
					"position": {
						"0.0": {
							"post": [3, -3.4, 0],
							"lerp_mode": "catmullrom"
						},
						"0.4167": {
							"post": [3, -3.4, -2],
							"lerp_mode": "catmullrom"
						},
						"1.4167": {
							"post": [3, -3.4, 0],
							"lerp_mode": "catmullrom"
						}
					}
				},
				"hand2": {
					"rotation": {
						"0.0": {
							"post": [0, 17.5, -27.5],
							"lerp_mode": "catmullrom"
						},
						"0.4167": {
							"post": [96.00942, -26.97598, -38.69255],
							"lerp_mode": "catmullrom"
						},
						"0.5417": {
							"post": [84.26733, -24.87747, -18.95059],
							"lerp_mode": "catmullrom"
						},
						"0.625": {
							"post": [84.03811, -24.12052, -32.14534],
							"lerp_mode": "catmullrom"
						},
						"1.4167": {
							"post": [0, 17.5, -27.5],
							"lerp_mode": "catmullrom"
						}
					},
					"position": {
						"0.0": {
							"post": [2, 0, 0],
							"lerp_mode": "catmullrom"
						},
						"0.25": {
							"post": [0.43, 1.87, 4.12],
							"lerp_mode": "catmullrom"
						},
						"0.4167": {
							"post": [-2, 3, 5],
							"lerp_mode": "catmullrom"
						},
						"0.7917": {
							"post": [1, 4, 4],
							"lerp_mode": "catmullrom"
						},
						"1.1667": {
							"post": [2.54, -0.12, -0.12],
							"lerp_mode": "catmullrom"
						},
						"1.4167": {
							"post": [2, 0, 0],
							"lerp_mode": "catmullrom"
						}
					}
				},
				"hand_part2": {
					"rotation": {
						"0.0": {
							"post": [0, 0, 30],
							"lerp_mode": "catmullrom"
						},
						"0.4167": {
							"post": [0, 0, 47.5],
							"lerp_mode": "catmullrom"
						},
						"1.4167": {
							"post": [0, 0, 30],
							"lerp_mode": "catmullrom"
						}
					},
					"position": {
						"0.0": {
							"post": [-3, -3.4, 0],
							"lerp_mode": "catmullrom"
						},
						"0.4167": {
							"post": [-6, -4.4, 0],
							"lerp_mode": "catmullrom"
						},
						"1.4167": {
							"post": [-3, -3.4, 0],
							"lerp_mode": "catmullrom"
						}
					}
				},
				"body": {
					"rotation": {
						"0.0": {
							"post": [0, 0, 0],
							"lerp_mode": "catmullrom"
						},
						"0.4583": {
							"post": [0, -62.5, 0],
							"lerp_mode": "catmullrom"
						},
						"0.5417": {
							"post": [0, -130, 0],
							"lerp_mode": "catmullrom"
						},
						"0.625": {
							"post": [0, -250, 0],
							"lerp_mode": "catmullrom"
						},
						"0.7083": {
							"post": [0, -307.5, 0],
							"lerp_mode": "catmullrom"
						},
						"0.7917": {
							"post": [0, -360, 0],
							"lerp_mode": "catmullrom"
						},
						"1.0": {
							"post": [0, -360, 0],
							"lerp_mode": "catmullrom"
						},
						"1.3333": {
							"post": [0, -360, 0],
							"lerp_mode": "catmullrom"
						},
						"1.375": [0, -360, 0],
						"1.4167": {"pre": [0, -360, 0], "post": [0, 0, 0]}
					},
					"position": {
						"0.0": {
							"post": [0, 0, 0],
							"lerp_mode": "catmullrom"
						},
						"0.4167": {
							"post": [0, -1, 11],
							"lerp_mode": "catmullrom"
						},
						"0.625": {
							"post": [0, 2.07, 0.7],
							"lerp_mode": "catmullrom"
						},
						"0.7917": {
							"post": [0, 4, -1],
							"lerp_mode": "catmullrom"
						},
						"1.0": {
							"post": [0, 4, -1],
							"lerp_mode": "catmullrom"
						},
						"1.4167": {
							"post": [0, 0, 0],
							"lerp_mode": "catmullrom"
						}
					}
				},
				"torso3": {
					"rotation": {
						"0.0": [0, 0, 0],
						"0.7917": [2.5, 0, 0],
						"1.4167": [0, 0, 0]
					}
				},
				"mounch": {
					"position": {
						"0.0": [0, 0, 0],
						"0.4167": {"pre": [0, 0, 0], "post": [0, 0, -1]},
						"0.7917": [0, 0, -1],
						"1.25": [0, 0, -1],
						"1.4167": [0, 0, 0]
					}
				},
				"hands": {
					"rotation": {
						"0.0": [0, 0, 0],
						"0.4167": [0, 0, 0],
						"0.7917": [-117.5, 0, 0],
						"1.4167": [0, 0, 0]
					},
					"position": {
						"0.0": [0, 0, 0],
						"0.4167": [0, 0, 0],
						"0.7917": [0, 5, -1],
						"1.4167": [0, 0, 0]
					}
				}
			}
		},
		"animation.yamask_galarian.physical": {
			"animation_length": 1.75,
			"bones": {
				"torso": {
					"rotation": {
						"0.0": {
							"post": [2.5, 0, 0],
							"lerp_mode": "catmullrom"
						},
						"0.4167": {
							"post": [37.5, 0, 0],
							"lerp_mode": "catmullrom"
						},
						"0.9167": {
							"post": [5.39306, 27.11333, 6.91314],
							"lerp_mode": "catmullrom"
						},
						"1.7083": [2.5, 0, 0]
					},
					"position": {
						"0.0": {
							"post": [0, 2, 0],
							"lerp_mode": "catmullrom"
						},
						"0.1667": {
							"post": [0, 2, 0],
							"lerp_mode": "catmullrom"
						},
						"0.5833": {
							"post": [0, 0, 0],
							"lerp_mode": "catmullrom"
						},
						"1.125": {
							"post": [0, 2.32, 0],
							"lerp_mode": "catmullrom"
						},
						"1.7083": [0, 2, 0]
					}
				},
				"tail": {
					"rotation": {
						"0.0": [-15, 0, 0],
						"0.25": [-15, 0, 0],
						"0.6667": [-3.67354, 21.69365, -6.1191],
						"1.25": [-7.71403, -35.88225, 1.77982],
						"1.7083": [-15, 0, 0]
					},
					"position": {
						"0.0": [0, 1, 0],
						"0.25": [0, 1, 0],
						"1.7083": [0, 1, 0]
					}
				},
				"torso2": {
					"rotation": {
						"0.0": [-5, 0, 0],
						"0.5417": [-20, 0, 0],
						"1.7083": [-5, 0, 0]
					}
				},
				"head": {
					"rotation": {
						"0.0": {
							"post": [7.5, 0, 0],
							"lerp_mode": "catmullrom"
						},
						"0.125": {
							"post": [-7.5, 0, 0],
							"lerp_mode": "catmullrom"
						},
						"0.375": {
							"post": [-2.43624, 27.3584, 1.45766],
							"lerp_mode": "catmullrom"
						},
						"0.5417": {
							"post": [-18.88376, 6.89069, 2.63241],
							"lerp_mode": "catmullrom"
						},
						"0.75": {
							"post": [9.59515, 10.54927, -0.06714],
							"lerp_mode": "catmullrom"
						},
						"0.9167": {
							"post": [29.4601, -32.85289, -10.30518],
							"lerp_mode": "catmullrom"
						},
						"1.25": {
							"post": [2.20044, 3.64034, 3.38714],
							"lerp_mode": "catmullrom"
						},
						"1.75": {
							"post": [7.5, 0, 0],
							"lerp_mode": "catmullrom"
						}
					}
				},
				"hand1": {
					"rotation": {
						"0.0": {
							"post": [0, -17.5, 27.5],
							"lerp_mode": "catmullrom"
						},
						"0.375": {
							"post": [-10.02652, -10.81751, 46.89578],
							"lerp_mode": "catmullrom"
						},
						"0.5417": {
							"post": [7.78308, -24.04539, 38.97517],
							"lerp_mode": "catmullrom"
						},
						"0.6667": {
							"post": [33.8547, -34.48577, -17.13945],
							"lerp_mode": "catmullrom"
						},
						"0.75": {
							"post": [28.64697, -48.65435, -8.85103],
							"lerp_mode": "catmullrom"
						},
						"1.7083": {
							"post": [0, -17.5, 27.5],
							"lerp_mode": "catmullrom"
						}
					},
					"position": {
						"0.0": {
							"post": [-2, 0, 0],
							"lerp_mode": "catmullrom"
						},
						"0.375": {
							"post": [-2, 2, 0],
							"lerp_mode": "catmullrom"
						},
						"0.5417": {
							"post": [-3.44, 1.68, 1.12],
							"lerp_mode": "catmullrom"
						},
						"0.6667": {
							"post": [-1, -0.79, 2],
							"lerp_mode": "catmullrom"
						},
						"1.7083": {
							"post": [-2, 0, 0],
							"lerp_mode": "catmullrom"
						}
					}
				},
				"hand_part1": {
					"rotation": {
						"0.0": [0, 0, -30],
						"0.25": [0, 0, -30],
						"0.5417": [0, 35, -30],
						"0.75": [0, -42.79412, -30],
						"1.75": [0, 0, -30]
					},
					"position": {
						"0.0": [3, -3.4, 0],
						"0.25": [3, -3.4, 0],
						"0.5417": [3, -3.4, 5],
						"0.75": [6, -3.4, -5.47],
						"1.75": [3, -3.4, 0]
					}
				},
				"hand2": {
					"rotation": {
						"0.0": {
							"post": [0, 17.5, -27.5],
							"lerp_mode": "catmullrom"
						},
						"0.2083": {
							"post": [0, 17.5, -27.5],
							"lerp_mode": "catmullrom"
						},
						"0.375": {
							"post": [3.88714, 27.24513, -19.05764],
							"lerp_mode": "catmullrom"
						},
						"0.5417": {
							"post": [-4.61017, -18.14097, 9.20922],
							"lerp_mode": "catmullrom"
						},
						"0.625": {
							"post": [24.75658, -45.29943, -50.5239],
							"lerp_mode": "catmullrom"
						},
						"0.7083": {
							"post": [5.12674, -47.58678, -24.629],
							"lerp_mode": "catmullrom"
						},
						"1.125": {
							"post": [2.97383, -47.87873, -24.52165],
							"lerp_mode": "catmullrom"
						},
						"1.7083": {
							"post": [0, 17.5, -27.5],
							"lerp_mode": "catmullrom"
						}
					},
					"position": {
						"0.0": {
							"post": [2, 0, 0],
							"lerp_mode": "catmullrom"
						},
						"0.125": {
							"post": [2, 0, 0],
							"lerp_mode": "catmullrom"
						},
						"0.5417": {
							"post": [2, 0, 3],
							"lerp_mode": "catmullrom"
						},
						"1.125": {
							"post": [3, 0, 3.42],
							"lerp_mode": "catmullrom"
						},
						"1.7083": {
							"post": [2, 0, 0],
							"lerp_mode": "catmullrom"
						}
					}
				},
				"hand_part2": {
					"rotation": {
						"0.0": {
							"post": [0, 0, 30],
							"lerp_mode": "catmullrom"
						},
						"0.3333": {
							"post": [0, 0, 30],
							"lerp_mode": "catmullrom"
						},
						"0.6667": {
							"post": [0, -7.5, 30],
							"lerp_mode": "catmullrom"
						},
						"0.8333": {
							"post": [0, -26.05277, 30],
							"lerp_mode": "catmullrom"
						},
						"1.7083": {
							"post": [0, 0, 30],
							"lerp_mode": "catmullrom"
						}
					},
					"position": {
						"0.0": {
							"post": [-3, -3.4, 0],
							"lerp_mode": "catmullrom"
						},
						"0.3333": {
							"post": [-3, -3.4, 0],
							"lerp_mode": "catmullrom"
						},
						"0.6667": {
							"post": [-3, -3.4, 1],
							"lerp_mode": "catmullrom"
						},
						"0.8333": {
							"post": [-3, -3.4, 3.81],
							"lerp_mode": "catmullrom"
						},
						"1.7083": {
							"post": [-3, -3.4, 0],
							"lerp_mode": "catmullrom"
						}
					}
				},
				"body": {
					"rotation": {
						"0.0": {
							"post": [0, 0, 0],
							"lerp_mode": "catmullrom"
						},
						"0.25": {
							"post": [0.43731, 30.97172, 0.15235],
							"lerp_mode": "catmullrom"
						},
						"0.375": {
							"post": [0, 12.5, 0],
							"lerp_mode": "catmullrom"
						},
						"0.5417": {
							"post": [-5.15625, -16.875, 0],
							"lerp_mode": "catmullrom"
						},
						"0.6667": {
							"post": [25.37391, -58.84427, -10.06572],
							"lerp_mode": "catmullrom"
						},
						"0.75": {
							"post": [52.36931, -56.40843, -9.77576],
							"lerp_mode": "catmullrom"
						},
						"1.0": {
							"post": [-4.62813, -28.05197, -4.86976],
							"lerp_mode": "catmullrom"
						},
						"1.7083": {
							"post": [0, 0, 0],
							"lerp_mode": "catmullrom"
						}
					},
					"position": {
						"0.0": {
							"post": [0, 0, 0],
							"lerp_mode": "catmullrom"
						},
						"0.25": {
							"post": [0, -0.3, 6.6],
							"lerp_mode": "catmullrom"
						},
						"0.375": {
							"post": [0, 0, 7.05],
							"lerp_mode": "catmullrom"
						},
						"0.5417": {
							"post": [0, 4, -1.53],
							"lerp_mode": "catmullrom"
						},
						"0.6667": {
							"post": [0, 0, -3],
							"lerp_mode": "catmullrom"
						},
						"0.75": {
							"post": [0, 2.82, -8.85],
							"lerp_mode": "catmullrom"
						},
						"1.7083": {
							"post": [0, 0, 0],
							"lerp_mode": "catmullrom"
						}
					}
				},
				"torso3": {
					"rotation": {
						"0.0": [0, 0, 0],
						"0.5417": [-22.5, 0, 0],
						"0.75": [15, 0, 0],
						"1.7083": [0, 0, 0]
					}
				},
				"mounch": {
					"position": {
						"0.0": [0, 0, 0],
						"0.5417": {
							"pre": [0, 0, 0],
							"post": [0, 0, -1]
						},
						"1.25": {
							"pre": [0, 0, -1],
							"post": [0, 0, 0]
						},
						"1.75": [0, 0, 0]
					}
				}
			}
		},
		"animation.yamask_galarian.recoil": {
			"animation_length": 0.5833,
			"bones": {
				"head": {
					"rotation": {
						"0.0": {
							"post": [0, 0, 0],
							"lerp_mode": "catmullrom"
						},
						"0.25": {
							"post": [-10, -5, 0],
							"lerp_mode": "catmullrom"
						},
						"0.5833": {
							"post": [0, 0, 0],
							"lerp_mode": "catmullrom"
						}
					}
				},
				"eye1": {
					"position": {
						"0.0": {
							"post": [0, 0, 0],
							"lerp_mode": "catmullrom"
						},
						"0.25": {
							"post": [-1, 0, 0],
							"lerp_mode": "catmullrom"
						},
						"0.5833": {
							"post": [0, 0, 0],
							"lerp_mode": "catmullrom"
						}
					}
				},
				"mounch": {
					"position": {
						"0.0": {
							"post": [0, 0, 0],
							"lerp_mode": "catmullrom"
						},
						"0.25": {
							"post": [0, 0, -1],
							"lerp_mode": "catmullrom"
						},
						"0.5": {
							"post": [0, 0, -1],
							"lerp_mode": "catmullrom"
						},
						"0.5833": {
							"post": [0, 0, 0],
							"lerp_mode": "catmullrom"
						}
					}
				},
				"eye2": {
					"position": {
						"0.0": {
							"post": [0, 0, 0],
							"lerp_mode": "catmullrom"
						},
						"0.25": {
							"post": [1, 0, 0],
							"lerp_mode": "catmullrom"
						},
						"0.5833": {
							"post": [0, 0, 0],
							"lerp_mode": "catmullrom"
						}
					}
				},
				"torso": {
					"rotation": {
						"0.0": {
							"post": [0, 0, 0],
							"lerp_mode": "catmullrom"
						},
						"0.0833": {
							"post": [-17.5, 0, 0],
							"lerp_mode": "catmullrom"
						},
						"0.5833": {
							"post": [0, 0, 0],
							"lerp_mode": "catmullrom"
						}
					}
				}
			}
		},
		"animation.yamask_galarian.faint": {
			"loop": "hold_on_last_frame",
			"animation_length": 4,
			"bones": {
				"torso": {
					"rotation": {
						"0.0": {
							"post": [-19.7832, -29.9888, -0.85843],
							"lerp_mode": "catmullrom"
						},
						"0.5": {
							"post": [-186.0917, 49.7635, -170.67406],
							"lerp_mode": "catmullrom"
						},
						"1.0": {
							"post": [-149.21399, -44.63045, -204.14927],
							"lerp_mode": "catmullrom"
						},
						"1.5": {
							"post": [-304.21399, -44.63045, -204.14927],
							"lerp_mode": "catmullrom"
						}
					},
					"position": {
						"0.0": {
							"post": [0, 2, 0],
							"lerp_mode": "catmullrom"
						},
						"0.5": {
							"post": [0, 8, 0],
							"lerp_mode": "catmullrom"
						},
						"1.0": {
							"post": [0, 12, 0],
							"lerp_mode": "catmullrom"
						},
						"1.5": {
							"post": [0, -5, 0],
							"lerp_mode": "catmullrom"
						}
					}
				},
				"tail": {
					"rotation": {
						"0.0": {
							"post": [-15, 0, 0],
							"lerp_mode": "catmullrom"
						},
						"0.75": {
							"post": [19.3, 0, 0],
							"lerp_mode": "catmullrom"
						},
						"1.0": {
							"post": [35.88575, 30.00003, 22.90203],
							"lerp_mode": "catmullrom"
						},
						"1.25": {
							"post": [3.31026, 21.1987, 20.51873],
							"lerp_mode": "catmullrom"
						},
						"1.5": {
							"post": [41.16156, 8.64738, 15.27269],
							"lerp_mode": "catmullrom"
						}
					},
					"position": {
						"0.0": {
							"post": [0, 1, 0],
							"lerp_mode": "catmullrom"
						},
						"1.5": {
							"post": [0, -1, 0],
							"lerp_mode": "catmullrom"
						}
					}
				},
				"torso2": {
					"rotation": {
						"0.0": {
							"post": [-5, 0, 0],
							"lerp_mode": "catmullrom"
						}
					}
				},
				"head": {
					"rotation": {
						"0.0": {
							"post": [-5, 0, 0],
							"lerp_mode": "catmullrom"
						},
						"0.5": {
							"post": [-40.30666, 9.59585, -8.04843],
							"lerp_mode": "catmullrom"
						},
						"0.75": {
							"post": [-47.74511, 5.05904, -5.54401],
							"lerp_mode": "catmullrom"
						}
					}
				},
				"eye1": {
					"position": {
						"0.0": {
							"post": [-1, 0, 0],
							"lerp_mode": "catmullrom"
						},
						"0.8333": {
							"post": [0, 0, 0],
							"lerp_mode": "catmullrom"
						},
						"1.25": {
							"post": [-1, 0, 0],
							"lerp_mode": "catmullrom"
						}
					}
				},
				"hand1": {
					"rotation": {
						"0.0": {
							"post": [0, -5, 27.5],
							"lerp_mode": "catmullrom"
						},
						"0.75": {
							"post": [0, 7.5, 27.5],
							"lerp_mode": "catmullrom"
						}
					},
					"position": {
						"0.0": {
							"post": [-2, 0, 0],
							"lerp_mode": "catmullrom"
						}
					}
				},
				"hand_part1": {
					"rotation": {
						"0.0": {
							"post": [0, 0, -30],
							"lerp_mode": "catmullrom"
						}
					},
					"position": {
						"0.0": {
							"post": [3, -3, 0],
							"lerp_mode": "catmullrom"
						}
					}
				},
				"eye2": {
					"position": {
						"0.0": {
							"post": [1, 0, 0],
							"lerp_mode": "catmullrom"
						},
						"0.8333": {
							"post": [0, 0, 0],
							"lerp_mode": "catmullrom"
						},
						"1.25": {
							"post": [1, 0, 0],
							"lerp_mode": "catmullrom"
						}
					}
				},
				"torso1": {
					"rotation": {
						"0.0": [0, 0, 0],
						"0.5": [-10, 0, 0]
					}
				},
				"mounch": {
					"position": {
						"0.0": [0, 0, 0],
						"0.75": [0, 0, -1],
						"1.5": [0, 0, 0]
					}
				},
				"hand2": {
					"rotation": {
						"0.0": {
							"post": [0, -17.5, -27.5],
							"lerp_mode": "catmullrom"
						},
						"0.75": {
							"post": [0, 20, -27.5],
							"lerp_mode": "catmullrom"
						}
					},
					"position": {
						"0.0": {
							"post": [2, 0, 0],
							"lerp_mode": "catmullrom"
						}
					}
				},
				"hand_part2": {
					"rotation": {
						"0.0": {
							"post": [0, 0, 30],
							"lerp_mode": "catmullrom"
						}
					},
					"position": {
						"0.0": {
							"post": [-3, -3, 0],
							"lerp_mode": "catmullrom"
						}
					}
				},
				"body": {
					"position": {
						"0.0": [0, 0, 0],
						"1.4167": {
							"pre": [0, -0.06, 0],
							"post": [0, -0.06, 0],
							"lerp_mode": "catmullrom"
						}
					}
				}
			}
		},
		"animation.yamask_galarian.cry": {
			"animation_length": 0.625,
			"bones": {
				"torso": {
					"rotation": {
						"0.0": {
							"post": [0, 0, 0],
							"lerp_mode": "catmullrom"
						},
						"0.0417": {
							"post": [-9.48, 0, 0],
							"lerp_mode": "catmullrom"
						},
						"0.25": {
							"post": [-15, 0, 0],
							"lerp_mode": "catmullrom"
						},
						"0.625": {
							"post": [0, 0, 0],
							"lerp_mode": "catmullrom"
						}
					}
				},
				"head": {
					"rotation": {
						"0.0": {
							"post": [0, 0, 0],
							"lerp_mode": "catmullrom"
						},
						"0.25": {
							"post": [-15, 0, 0],
							"lerp_mode": "catmullrom"
						},
						"0.625": {
							"post": [0, 0, 0],
							"lerp_mode": "catmullrom"
						}
					}
				},
				"mounch": {
					"position": {
						"0.0": {
							"post": [0, 0, 0],
							"lerp_mode": "catmullrom"
						},
						"0.25": {
							"post": [0, 0, -1],
							"lerp_mode": "catmullrom"
						},
						"0.5417": {
							"post": [0, 0, -1.19],
							"lerp_mode": "catmullrom"
						},
						"0.625": {
							"post": [0, 0, 0],
							"lerp_mode": "catmullrom"
						}
					}
				}
			},
			"sound_effects": {
				"0.25": {
					"effect": "pokemon.yamask.cry"
				}
			}
		},
		"animation.yamask_galarian.test": {
			"loop": true,
			"bones": {
				"body": {
					"position": [0, 0, "0-q.anim_time*90*0.16"]
				}
			}
		}
	}
}