{
	"format_version": "1.8.0",
	"animations": {
		"animation.runerigus.blink": {
			"animation_length": 0.0833,
			"bones": {
				"eyes": {
					"position": {
						"0.0": [0, 0, 0],
						"0.0833": [0, 0, 1]
					}
				}
			}
		},
		"animation.runerigus.ground_idle": {
			"loop": true,
			"bones": {
				"torso": {
					"rotation": [0, "-15+math.sin(query.anim_time*90*4/2-60)*1", 0]
				},
				"head": {
					"rotation": [-9.91615, -1.29875, "-7.3873-math.sin(q.anim_time*90*1.6+90)*2.8"],
					"position": [0, "4+math.sin(q.anim_time*90*2-60)*1", 5]
				},
				"face": {
					"position": [0, 5, 0]
				},
				"necks": {
					"position": [0, 2, 0]
				},
				"neck1": {
					"rotation": ["-22.5+math.cos(q.anim_time*90*1.4-60)*1.5", "0-math.sin(q.anim_time*90*2+60)*1", "0+math.sin(q.anim_time*90*1.7+60)*1"],
					"position": [0, 0, -11]
				},
				"neck2": {
					"rotation": [-60, 0, 0],
					"position": [0, 15, -27]
				},
				"hands": {
					"rotation": [20, 0, 0],
					"position": [0, 29, -39]
				},
				"hand1": {
					"rotation": [-90, 0, 0]
				},
				"bone": {
					"rotation": ["-17.5+math.sin(q.anim_time*90*2-60)*2.5", "0+math.sin(q.anim_time*90*1-60)*1", -12],
					"position": [4, 5, "-11-math.sin(q.anim_time*90*1-60)*1"]
				},
				"nail_right": {
					"rotation": ["20-math.cos((query.anim_time)*90*1-2-60)*1.5", 0, 0],
					"position": [0, 0, 7]
				},
				"bone9": {
					"rotation": ["0+math.sin(q.anim_time*90*1*1-60)*1", "0-math.sin(q.anim_time*90*1-60)*1.5", "-10-math.sin(q.anim_time*90*2-60)*1"],
					"position": [7, 0, "0+math.sin(q.anim_time*90*1-60)*1"]
				},
				"bone7": {
					"rotation": [0, 17.5, 0],
					"position": [0, 0, 5.8]
				},
				"bone8": {
					"rotation": [0, -25, 0],
					"position": [3, 0, -11]
				},
				"hand2": {
					"rotation": [-90, 0, 0]
				},
				"bone2": {
					"rotation": ["-17.5+math.sin(q.anim_time*90*2-60)*2.5", "0+math.sin(q.anim_time*90*1-60)*1", 12],
					"position": [-3.91611, 5.32621, "-11.9416-math.sin(q.anim_time*90*1-60)*1"]
				},
				"nail_left": {
					"rotation": ["20-math.cos((query.anim_time)*90*1-2-60)*1.5", 0, 0],
					"position": [0, 0, 7]
				},
				"bone10": {
					"rotation": ["0+math.sin(q.anim_time*90*1*1-60)*1", "0-math.sin(q.anim_time*90*1-60)*1.5", "10-math.sin(q.anim_time*90*2-60)*1"],
					"position": [-7, 0, "0+math.sin(q.anim_time*90*1-60)*1"]
				},
				"bone11": {
					"rotation": [0, -17.5, 0],
					"position": [0, 0, 5.8]
				},
				"bone12": {
					"rotation": [0, 25, 0],
					"position": [-3, 0, -11]
				},
				"line_shadow": {
					"rotation": [0, 0, 25],
					"position": [-3, 0, 0]
				},
				"bone23": {
					"rotation": ["0-math.sin(q.anim_time*90*2-90)*1", "0+math.sin(q.anim_time*90*1-60)*1.5", "-7.5+math.sin(q.anim_time*90*1-5)*1"],
					"position": [-6, "-11+math.sin(q.anim_time*90*2-60)*1", 4.1]
				},
				"bone25": {
					"rotation": ["0+math.cos((query.anim_time)*90*1-60*1-60)*1.5", 0, -32.5],
					"position": [7, 2, 0]
				},
				"bone26": {
					"rotation": [0, -40, 0],
					"position": [2, 0, 1]
				},
				"bone28": {
					"rotation": [0, -55, 0],
					"position": [4, 0, 0]
				},
				"bone29": {
					"rotation": [0, -70, 0],
					"position": [4, 0, 0]
				},
				"bone30": {
					"rotation": [0, 0, "-25+math.sin(q.anim_time*90*1-200)*1"],
					"position": [7, 0.4, 0]
				},
				"bone31": {
					"rotation": [0, 0, "22.5+math.sin(q.anim_time*90*2+160)*0.6"],
					"position": [0, 1, 0]
				},
				"bone33": {
					"rotation": [0, 0, "-15+math.sin(q.anim_time*90*1-60)*1.4"],
					"position": [5, 0, 0]
				},
				"bone34": {
					"rotation": ["0-math.cos(q.anim_time*90*1-1-60)*2", 0, 22.5],
					"position": [0, 1, 0]
				},
				"bone35": {
					"rotation": ["0.1989+math.sin(q.anim_time*90*4-60)*1.4", "-0.1947+math.sin(q.anim_time*90*2-60)*1.2", "-10.0001+math.sin((q.anim_time)*90*1-80)*1"],
					"position": [5, 0, 0]
				},
				"bone37": {
					"rotation": ["0+math.sin(query.anim_time*90*2-170)*2", "0+math.sin(q.anim_time*90*1-60)*1.2", "-40+math.sin(q.anim_time*90*1-100)*1.5"],
					"position": [10, 2, 0]
				},
				"bone38": {
					"rotation": [0, 0, 40],
					"position": [0, 3, 0]
				},
				"bone39": {
					"rotation": [0, 0, -60],
					"position": [14, 5, 0]
				},
				"bone41": {
					"rotation": [0, 0, "60+math.sin(q.anim_time*90*1-90)*1.4"],
					"position": [-8, 6, 0]
				},
				"bone43": {
					"rotation": [0, 0, "-5+math.sin(q.anim_time*90*2+100)*1"],
					"position": [6, 0, 0]
				},
				"bone44": {
					"rotation": [0, 0, 45],
					"position": [-4, 4, 0]
				},
				"line_rock": {
					"rotation": [-186.33586, 4.02155, "-237.7227+math.sin(q.anim_time*90*2+390)*5"],
					"position": [5, 3, 4]
				},
				"neck3": {
					"rotation": [37.5, 0, 0],
					"position": [0, 7.8, 19]
				},
				"bone14": {
					"rotation": ["2.5+math.sin(q.anim_time*90*2-60)*1", 0, 0],
					"position": [0, 0, 2]
				},
				"bone19": {
					"rotation": ["2.5+math.sin(q.anim_time*90*2-60)*1", 0, 0],
					"position": [0, 0, 1]
				},
				"bone20": {
					"rotation": ["2.5+math.sin(q.anim_time*90*2-60)*1", 0, 0],
					"position": [0, 0, 1]
				},
				"bone21": {
					"rotation": ["2.5+math.sin(q.anim_time*90*2-60)*1", 0, 0],
					"position": [0, 0, 3]
				},
				"bone22": {
					"rotation": ["2.5+math.sin(q.anim_time*90*2-60)*1", "0+math.sin(q.anim_time*90*2*2-90)*1.2", 0],
					"position": [0, 0, 1]
				},
				"bone13": {
					"rotation": ["2.5+math.sin(q.anim_time*90*2-60)*1", 0, 0],
					"position": [0, 0, 2]
				},
				"bone15": {
					"rotation": ["2.5+math.sin(q.anim_time*90*2-60)*1", 0, 0],
					"position": [0, 0, 1]
				},
				"bone16": {
					"rotation": ["2.5+math.sin(q.anim_time*90*2-60)*1", 0, 0],
					"position": [0, 0, 1]
				},
				"bone17": {
					"rotation": ["2.5+math.sin(q.anim_time*90*2-60)*1", 0, 0],
					"position": [0, 0, 3]
				},
				"bone18": {
					"rotation": ["2.5+math.sin(q.anim_time*90*2-60)*1", "0+math.sin(q.anim_time*90*2*2-90)*1.2", 0],
					"position": [0, 0, 1]
				},
				"bone36": {
					"rotation": [0, 0, "-7.5+math.sin(q.anim_time*90*1-60)*1"],
					"position": [2, 0, 0]
				},
				"bone40": {
					"rotation": [0, 0, 22.5]
				}
			}
		},
		"animation.runerigus.battle_idle": {
			"loop": true,
			"bones": {
				"torso": {
					"rotation": [0, -15, 0]
				},
				"head": {
					"rotation": [-9.91615, -1.29875, "-7.3873-math.sin(q.anim_time*90*1.6+90)*2.8"],
					"position": [0, "4+math.sin(q.anim_time*90*2-60)*1", 5]
				},
				"face": {
					"position": [0, 5, 0]
				},
				"necks": {
					"position": [0, 2, 0]
				},
				"neck1": {
					"rotation": ["-22.5+math.cos(q.anim_time*90*1.4-60)*1.5", "0-math.sin(q.anim_time*90*2+60)*1", "0+math.sin(q.anim_time*90*1.7+60)*1"],
					"position": [0, 0, -11]
				},
				"neck2": {
					"rotation": [-60, 0, 0],
					"position": [0, 15, -27]
				},
				"hands": {
					"rotation": [20, 0, 0],
					"position": [0, 29, -39]
				},
				"hand1": {
					"rotation": [-90, 0, 0]
				},
				"bone": {
					"rotation": ["-17.5+math.sin(q.anim_time*90*2-60)*2.5", "0+math.sin(q.anim_time*90*1-60)*1", -12],
					"position": [4, 5, "-11-math.sin(q.anim_time*90*1+60)*1"]
				},
				"nail_right": {
					"rotation": ["20-math.cos((query.anim_time)*90*1-2-60)*1.5", 0, 0],
					"position": [0, 0, 7]
				},
				"bone9": {
					"rotation": ["0+math.sin(q.anim_time*90*1*1-60)*1", "0-math.sin(q.anim_time*90*1-60)*1.5", "-10-math.sin(q.anim_time*90*2-60)*1"],
					"position": [7, 0, "0+math.sin(q.anim_time*90*1-60)*1"]
				},
				"bone7": {
					"rotation": [0, 17.5, 0],
					"position": [0, 0, 5.8]
				},
				"bone8": {
					"rotation": [0, -25, 0],
					"position": [3, 0, -11]
				},
				"hand2": {
					"rotation": [-90, 0, 0]
				},
				"bone2": {
					"rotation": ["-17.5+math.sin(q.anim_time*90*2-60)*2.5", "0+math.sin(q.anim_time*90*1-60)*1", 12],
					"position": [-4, 9, -12]
				},
				"nail_left": {
					"rotation": ["20-math.cos((query.anim_time)*90*1-2-60)*1.5", 0, 0],
					"position": [0, 0, 7]
				},
				"bone10": {
					"rotation": ["0+math.sin(q.anim_time*90*1*1-60)*1", "0-math.sin(q.anim_time*90*1-60)*1.5", "10-math.sin(q.anim_time*90*2-60)*1"],
					"position": [-7, 0, "0+math.sin(q.anim_time*90*1-60)*1"]
				},
				"bone11": {
					"rotation": [0, -17.5, 0],
					"position": [0, 0, 5.8]
				},
				"bone12": {
					"rotation": [0, 25, 0],
					"position": [-3, 0, -11]
				},
				"line_shadow": {
					"rotation": [0, 0, 25],
					"position": [-3, 0, 0]
				},
				"bone23": {
					"rotation": ["0-math.sin(q.anim_time*90*2-90)*1", "0+math.sin(q.anim_time*90*1-60)*1.5", "-7.5+math.sin(q.anim_time*90*1-5)*1"],
					"position": [-6, "-11+math.sin(q.anim_time*90*2-60)*1", 4.1]
				},
				"bone25": {
					"rotation": ["0+math.cos((query.anim_time)*90*1-60*1-60)*1.5", 0, -32.5],
					"position": [7, 2, 0]
				},
				"bone26": {
					"rotation": [0, -40, 0],
					"position": [2, 0, 1]
				},
				"bone28": {
					"rotation": [0, -55, 0],
					"position": [4, 0, 0]
				},
				"bone29": {
					"rotation": [0, -70, 0],
					"position": [4, 0, 0]
				},
				"bone30": {
					"rotation": [0, 0, "-25+math.sin(q.anim_time*90*1-200)*1"],
					"position": [7, 0.4, 0]
				},
				"bone31": {
					"rotation": [0, 0, "22.5+math.sin(q.anim_time*90*2+160)*0.6"],
					"position": [0, 1, 0]
				},
				"bone33": {
					"rotation": [0, 0, "-15+math.sin(q.anim_time*90*1-60)*1.4"],
					"position": [5, 0, 0]
				},
				"bone34": {
					"rotation": ["0-math.cos(q.anim_time*90*1-1-60)*2", 0, 22.5],
					"position": [0, 1, 0]
				},
				"bone35": {
					"rotation": ["0.1989+math.sin(q.anim_time*90*4-60)*1.4", "-0.1947+math.sin(q.anim_time*90*2-60)*1.2", "-10.0001+math.sin((q.anim_time)*90*1-80)*1"],
					"position": [5, 0, 0]
				},
				"bone37": {
					"rotation": ["0+math.sin(query.anim_time*90*2-170)*2", "0+math.sin(q.anim_time*90*1-60)*1.2", "-40+math.sin(q.anim_time*90*1-100)*1.5"],
					"position": [10, 2, 0]
				},
				"bone38": {
					"rotation": [0, 0, 40],
					"position": [0, 3, 0]
				},
				"bone39": {
					"rotation": [0, 0, -60],
					"position": [14, 5, 0]
				},
				"bone41": {
					"rotation": [0, 0, "60+math.sin(q.anim_time*90*1-90)*1.4"],
					"position": [-8, 6, 0]
				},
				"bone43": {
					"rotation": [0, 0, "-5+math.sin(q.anim_time*90*2+100)*1"],
					"position": [6, 0, 0]
				},
				"bone44": {
					"rotation": [0, 0, 45],
					"position": [-4, 4, 0]
				},
				"line_rock": {
					"rotation": [-186.33586, 4.02155, "-237.7227+math.sin(q.anim_time*90*2+390)*5"],
					"position": [5, 3, 4]
				},
				"neck3": {
					"rotation": [37.5, 0, 0],
					"position": [0, 7.8, 19]
				},
				"bone14": {
					"rotation": ["2.5+math.sin(q.anim_time*90*2-60)*1", 0, 0],
					"position": [0, 0, 2]
				},
				"bone19": {
					"rotation": ["2.5+math.sin(q.anim_time*90*2-60)*1", 0, 0],
					"position": [0, 0, 1]
				},
				"bone20": {
					"rotation": ["2.5+math.sin(q.anim_time*90*2-60)*1", 0, 0],
					"position": [0, 0, 1]
				},
				"bone21": {
					"rotation": ["2.5+math.sin(q.anim_time*90*2-60)*1", 0, 0],
					"position": [0, 0, 3]
				},
				"bone22": {
					"rotation": ["2.5+math.sin(q.anim_time*90*2-60)*1", "0+math.sin(q.anim_time*90*2*2-90)*1.2", 0],
					"position": [0, 0, 1]
				},
				"bone13": {
					"rotation": ["2.5+math.sin(q.anim_time*90*2-60)*1", 0, 0],
					"position": [0, 0, 2]
				},
				"bone15": {
					"rotation": ["2.5+math.sin(q.anim_time*90*2-60)*1", 0, 0],
					"position": [0, 0, 1]
				},
				"bone16": {
					"rotation": ["2.5+math.sin(q.anim_time*90*2-60)*1", 0, 0],
					"position": [0, 0, 1]
				},
				"bone17": {
					"rotation": ["2.5+math.sin(q.anim_time*90*2-60)*1", 0, 0],
					"position": [0, 0, 3]
				},
				"bone18": {
					"rotation": ["2.5+math.sin(q.anim_time*90*2-60)*1", "0+math.sin(q.anim_time*90*2*2-90)*1.2", 0],
					"position": [0, 0, 1]
				},
				"bone36": {
					"rotation": [0, 0, "-7.5+math.sin(q.anim_time*90*1-60)*1"],
					"position": [2, 0, 0]
				},
				"bone40": {
					"rotation": [0, 0, 22.5]
				}
			}
		},
		"animation.runerigus.pose": {
			"loop": true,
			"bones": {
				"torso": {
					"rotation": [0, -15, 0]
				},
				"head": {
					"rotation": [-9.91615, -1.29875, -7.3873],
					"position": [0, 4, 5]
				},
				"face": {
					"position": [0, 5, 0]
				},
				"necks": {
					"position": [0, 2, 0]
				},
				"neck1": {
					"rotation": [-22.5, 0, 0],
					"position": [0, 0, -11]
				},
				"neck2": {
					"rotation": [-60, 0, 0],
					"position": [0, 15, -27]
				},
				"hands": {
					"rotation": [20, 0, 0],
					"position": [0, 29, -39]
				},
				"hand1": {
					"rotation": [-90, 0, 0]
				},
				"bone": {
					"rotation": [-17.5, 0, -12],
					"position": [4, 5, -11]
				},
				"nail_right": {
					"rotation": [20, 0, 0],
					"position": [0, 0, 7]
				},
				"bone9": {
					"rotation": [0, 0, -10],
					"position": [7, 0, 0]
				},
				"bone7": {
					"rotation": [0, 17.5, 0],
					"position": [0, 0, 5.8]
				},
				"bone8": {
					"rotation": [0, -25, 0],
					"position": [3, 0, -11]
				},
				"hand2": {
					"rotation": [-90, 0, 0]
				},
				"bone2": {
					"rotation": [-17.5, 0, 12],
					"position": [-4, 9, -12]
				},
				"nail_left": {
					"rotation": [20, 0, 0],
					"position": [0, 0, 7]
				},
				"bone10": {
					"rotation": [0, 0, 10],
					"position": [-7, 0, 0]
				},
				"bone11": {
					"rotation": [0, -17.5, 0],
					"position": [0, 0, 5.8]
				},
				"bone12": {
					"rotation": [0, 25, 0],
					"position": [-3, 0, -11]
				},
				"line_shadow": {
					"rotation": [0, 0, 25],
					"position": [-3, 0, 0]
				},
				"bone23": {
					"rotation": [0, 0, -7.5],
					"position": [-6, -11, 4.1]
				},
				"bone25": {
					"rotation": [0, 0, -32.5],
					"position": [7, 2, 0]
				},
				"bone26": {
					"rotation": [0, -40, 0],
					"position": [2, 0, 1]
				},
				"bone28": {
					"rotation": [0, -55, 0],
					"position": [4, 0, 0]
				},
				"bone29": {
					"rotation": [0, -70, 0],
					"position": [4, 0, 0]
				},
				"bone30": {
					"rotation": [0, 0, -25],
					"position": [7, 0.4, 0]
				},
				"bone31": {
					"rotation": [0, 0, 22.5],
					"position": [0, 1, 0]
				},
				"bone33": {
					"rotation": [0, 0, -15],
					"position": [5, 0, 0]
				},
				"bone34": {
					"rotation": [0, 0, 22.5],
					"position": [0, 1, 0]
				},
				"bone35": {
					"rotation": [0.1989, -0.1947, -10.0001],
					"position": [5, 0, 0]
				},
				"bone37": {
					"rotation": [0, 0, -40],
					"position": [10, 2, 0]
				},
				"bone38": {
					"rotation": [0, 0, 40],
					"position": [0, 3, 0]
				},
				"bone39": {
					"rotation": [0, 0, -60],
					"position": [14, 5, 0]
				},
				"bone41": {
					"rotation": [0, 0, 60],
					"position": [-8, 6, 0]
				},
				"bone43": {
					"rotation": [0, 0, -5],
					"position": [6, 0, 0]
				},
				"bone44": {
					"rotation": [0, 0, 45],
					"position": [-4, 4, 0]
				},
				"line_rock": {
					"rotation": [-186.33586, 4.02155, -237.7227],
					"position": [5, 3, 4]
				},
				"neck3": {
					"rotation": [37.5, 0, 0],
					"position": [0, 7.8, 19]
				},
				"bone14": {
					"rotation": [2.5, 0, 0],
					"position": [0, 0, 2]
				},
				"bone19": {
					"rotation": [2.5, 0, 0],
					"position": [0, 0, 1]
				},
				"bone20": {
					"rotation": [2.5, 0, 0],
					"position": [0, 0, 1]
				},
				"bone21": {
					"rotation": [2.5, 0, 0],
					"position": [0, 0, 3]
				},
				"bone22": {
					"rotation": [2.5, 0, 0],
					"position": [0, 0, 1]
				},
				"bone13": {
					"rotation": [2.5, 0, 0],
					"position": [0, 0, 2]
				},
				"bone15": {
					"rotation": [2.5, 0, 0],
					"position": [0, 0, 1]
				},
				"bone16": {
					"rotation": [2.5, 0, 0],
					"position": [0, 0, 1]
				},
				"bone17": {
					"rotation": [2.5, 0, 0],
					"position": [0, 0, 3]
				},
				"bone18": {
					"rotation": [2.5, 0, 0],
					"position": [0, 0, 1]
				},
				"bone36": {
					"rotation": [0, 0, -7.5],
					"position": [2, 0, 0]
				},
				"bone40": {
					"rotation": [0, 0, 22.5]
				}
			}
		},
		"animation.runerigus.status": {
			"animation_length": 2,
			"bones": {
				"torso": {
					"rotation": {
						"0.0": {
							"post": [0, -15, 0],
							"lerp_mode": "catmullrom"
						},
						"0.2083": {
							"post": [0, 0, 0],
							"lerp_mode": "catmullrom"
						},
						"0.4167": {
							"post": [0, 2.5, 0],
							"lerp_mode": "catmullrom"
						},
						"0.5833": {
							"post": [-12.5, 0, 0],
							"lerp_mode": "catmullrom"
						},
						"0.7083": [-19.9237, -2.5753, -0.868],
						"2.0": {
							"pre": [0, -15, 0],
							"post": [0, -15, 0],
							"lerp_mode": "catmullrom"
						}
					}
				},
				"head": {
					"rotation": {
						"0.0": {
							"post": [-9.91615, -1.29875, -7.3873],
							"lerp_mode": "catmullrom"
						},
						"0.2083": {
							"post": [4.98703, 1.63223, -39.75856],
							"lerp_mode": "catmullrom"
						},
						"0.4167": {
							"post": [5.19401, 0.74269, -29.79595],
							"lerp_mode": "catmullrom"
						},
						"0.5833": {
							"post": [19.78663, 2.85785, -3.27449],
							"lerp_mode": "catmullrom"
						},
						"0.7083": [-16.74143, 4.41354, "14.350255452+Math.cos(q.anim_time*90*24-360)*20"],
						"2.0": {
							"pre": [-9.91615, -1.29875, -7.3873],
							"post": [-9.91615, -1.29875, -7.3873],
							"lerp_mode": "catmullrom"
						}
					},
					"position": {
						"0.0": {
							"post": [0, 4, 5],
							"lerp_mode": "catmullrom"
						},
						"0.2083": {
							"post": [0, -9, 7],
							"lerp_mode": "catmullrom"
						},
						"0.5833": {
							"post": [0, -10, 7],
							"lerp_mode": "catmullrom"
						},
						"0.7083": [0, 3, 7],
						"2.0": {
							"pre": [0, 4, 5],
							"post": [0, 4, 5],
							"lerp_mode": "catmullrom"
						}
					}
				},
				"face": {
					"position": [0, 5, 0]
				},
				"necks": {
					"position": [0, 2, 0]
				},
				"neck1": {
					"rotation": {
						"0.0": {
							"post": [-22.5, 0, 0],
							"lerp_mode": "catmullrom"
						},
						"0.2083": {
							"post": [20, 0, 0],
							"lerp_mode": "catmullrom"
						},
						"0.5833": {
							"post": [20, 0, 0],
							"lerp_mode": "catmullrom"
						},
						"0.7083": [-42.5, 0, 0],
						"2.0": {
							"pre": [-22.5, 0, 0],
							"post": [-22.5, 0, 0],
							"lerp_mode": "catmullrom"
						}
					},
					"position": {
						"0.0": {
							"post": [0, 0, -11],
							"lerp_mode": "catmullrom"
						},
						"0.2083": {
							"post": [0, -1, 11],
							"lerp_mode": "catmullrom"
						},
						"0.5833": {
							"post": [0, -1, 11],
							"lerp_mode": "catmullrom"
						},
						"0.7083": [0, 3, -17],
						"2.0": {
							"pre": [0, 0, -11],
							"post": [0, 0, -11],
							"lerp_mode": "catmullrom"
						}
					}
				},
				"neck2": {
					"rotation": {
						"0.0": {
							"post": [-60, 0, 0],
							"lerp_mode": "catmullrom"
						},
						"0.2083": {
							"post": [-15, 0, 0],
							"lerp_mode": "catmullrom"
						},
						"2.0": {
							"post": [-60, 0, 0],
							"lerp_mode": "catmullrom"
						}
					},
					"position": {
						"0.0": {
							"post": [0, 15, -27],
							"lerp_mode": "catmullrom"
						},
						"0.2083": {
							"post": [0, 0.5, -5],
							"lerp_mode": "catmullrom"
						},
						"2.0": {
							"post": [0, 15, -27],
							"lerp_mode": "catmullrom"
						}
					}
				},
				"hands": {
					"rotation": [20, 0, 0],
					"position": [0, 29, -39]
				},
				"hand1": {
					"rotation": [-90, 0, 0]
				},
				"bone": {
					"rotation": {
						"0.0": {
							"post": [-17.5, 0, -12],
							"lerp_mode": "catmullrom"
						},
						"0.2083": {
							"post": [-19.56838, 26.12797, -20.89674],
							"lerp_mode": "catmullrom"
						},
						"0.4167": {
							"post": [-17.89807, 11.91276, -15.81397],
							"lerp_mode": "catmullrom"
						},
						"0.5833": [-23.10494, -35.02317, 1.98911],
						"0.7083": [-20.49807, "-30.82594+Math.cos((query.anim_time)*90*24-0)*12", -1.1552],
						"2.0": {
							"pre": [-17.5, 0, -12],
							"post": [-17.5, 0, -12],
							"lerp_mode": "catmullrom"
						}
					},
					"position": {
						"0.0": {
							"post": [4, 5, -11],
							"lerp_mode": "catmullrom"
						},
						"0.2083": {
							"post": [4, 5, -7],
							"lerp_mode": "catmullrom"
						},
						"0.4167": {
							"post": [4, 5, -10],
							"lerp_mode": "catmullrom"
						},
						"0.5833": [7.11, 6.6, -16.66],
						"0.7083": [9.28234, 7.72292, -15.94726],
						"2.0": {
							"pre": [4, 5, -11],
							"post": [4, 5, -11],
							"lerp_mode": "catmullrom"
						}
					}
				},
				"nail_right": {
					"rotation": {
						"0.0": [20, 0, 0],
						"0.2083": [-37.01, 0, 0],
						"0.5": [21.18, 0, 0],
						"0.7083": [50, 0, 0],
						"2.0": [20, 0, 0]
					},
					"position": {
						"0.0": [0, 0, 7],
						"0.2083": [0, 3, -14.8],
						"0.5": [0, 0, 7.47],
						"0.7083": [0, 4, 16],
						"2.0": [0, 0, 7]
					}
				},
				"bone9": {
					"rotation": {
						"0.0": {
							"post": [0, 0, -10],
							"lerp_mode": "catmullrom"
						},
						"0.2083": {
							"post": [0, 45, -10],
							"lerp_mode": "catmullrom"
						},
						"0.4167": {
							"post": [0, 52.5, -10],
							"lerp_mode": "catmullrom"
						},
						"0.5833": {
							"post": [0, 17.5, -10],
							"lerp_mode": "catmullrom"
						},
						"0.7083": [0, -30, "-10-Math.siN(q.anim_time*90*24-0)*8"],
						"2.0": {
							"pre": [0, 0, -10],
							"post": [0, 0, -10],
							"lerp_mode": "catmullrom"
						}
					},
					"position": {
						"0.0": {
							"post": [7, 0, 0],
							"lerp_mode": "catmullrom"
						},
						"0.2083": {
							"post": [8, 0, 10],
							"lerp_mode": "catmullrom"
						},
						"0.5833": {
							"post": [7, 0, 0],
							"lerp_mode": "catmullrom"
						},
						"0.7083": [9.95442, 0.52094, -5.19615],
						"2.0": {
							"pre": [7, 0, 0],
							"post": [7, 0, 0],
							"lerp_mode": "catmullrom"
						}
					}
				},
				"bone7": {
					"rotation": [0, 17.5, 0],
					"position": [0, 0, 5.8]
				},
				"bone8": {
					"rotation": [0, -25, 0],
					"position": [3, 0, -11]
				},
				"hand2": {
					"rotation": [-90, 0, 0]
				},
				"bone2": {
					"rotation": {
						"0.0": {
							"post": [-17.5, 0, 12],
							"lerp_mode": "catmullrom"
						},
						"0.2083": {
							"post": [-19.56838, -26.12797, 20.89674],
							"lerp_mode": "catmullrom"
						},
						"0.4167": {
							"post": [-17.89807, -11.91276, 15.81397],
							"lerp_mode": "catmullrom"
						},
						"0.5833": [-23.10494, 35.02317, -1.98911],
						"0.7083": [-20.49807, "30.8259-Math.cos((query.anim_time)*90*24-0)*12", 1.1552],
						"2.0": {
							"pre": [-17.5, 0, 12],
							"post": [-17.5, 0, 12],
							"lerp_mode": "catmullrom"
						}
					},
					"position": {
						"0.0": {
							"post": [-4, 9, -12],
							"lerp_mode": "catmullrom"
						},
						"0.2083": {
							"post": [-4, 5, -7],
							"lerp_mode": "catmullrom"
						},
						"0.4167": {
							"post": [-4, 5, -10],
							"lerp_mode": "catmullrom"
						},
						"0.7083": [-9.28234, 7.72292, -15.94726],
						"2.0": {
							"pre": [-4, 9, -12],
							"post": [-4, 9, -12],
							"lerp_mode": "catmullrom"
						}
					}
				},
				"nail_left": {
					"rotation": {
						"0.0": [20, 0, 0],
						"0.2083": [-37.01, 0, 0],
						"0.5": [21.18, 0, 0],
						"0.7083": [50, 0, 0],
						"2.0": [20, 0, 0]
					},
					"position": {
						"0.0": [0, 0, 7],
						"0.2083": [0, 3, -14.8],
						"0.5": [0, 0, 7.47],
						"0.7083": [0, 4, 16],
						"2.0": [0, 0, 7]
					}
				},
				"bone10": {
					"rotation": {
						"0.0": {
							"post": [0, 0, 10],
							"lerp_mode": "catmullrom"
						},
						"0.2083": {
							"post": [0, -45, 10],
							"lerp_mode": "catmullrom"
						},
						"0.4167": {
							"post": [0, -52.5, 10],
							"lerp_mode": "catmullrom"
						},
						"0.5833": {
							"post": [0, -17.5, 10],
							"lerp_mode": "catmullrom"
						},
						"0.7083": [0, 30, "10+Math.sin(query.anim_time*90*24-0)*8"],
						"2.0": {
							"pre": [0, 0, 10],
							"post": [0, 0, 10],
							"lerp_mode": "catmullrom"
						}
					},
					"position": {
						"0.0": {
							"post": [-7, 0, 0],
							"lerp_mode": "catmullrom"
						},
						"0.2083": {
							"post": [-8, 0, 10],
							"lerp_mode": "catmullrom"
						},
						"0.5833": {
							"post": [-7, 0, 0],
							"lerp_mode": "catmullrom"
						},
						"0.7083": [-9.95442, 0.52094, -5.19615],
						"2.0": {
							"pre": [-7, 0, 0],
							"post": [-7, 0, 0],
							"lerp_mode": "catmullrom"
						}
					}
				},
				"bone11": {
					"rotation": {
						"0.0": {
							"post": [0, -17.5, 0],
							"lerp_mode": "catmullrom"
						},
						"2.0": {
							"post": [0, -17.5, 0],
							"lerp_mode": "catmullrom"
						}
					},
					"position": {
						"0.0": {
							"post": [0, 0, 5.8],
							"lerp_mode": "catmullrom"
						},
						"2.0": {
							"post": [0, 0, 5.8],
							"lerp_mode": "catmullrom"
						}
					}
				},
				"bone12": {
					"rotation": [0, 25, 0],
					"position": [-3, 0, -11]
				},
				"line_shadow": {
					"rotation": [0, 0, 25],
					"position": [-3, 0, 0]
				},
				"bone23": {
					"rotation": {
						"0.0": {
							"post": [0, 0, -7.5],
							"lerp_mode": "catmullrom"
						},
						"0.2083": {
							"post": [-21.55613, -6.60796, -23.74074],
							"lerp_mode": "catmullrom"
						},
						"0.4167": {
							"post": [-22.86879, 13.86276, -13.30191],
							"lerp_mode": "catmullrom"
						},
						"0.5833": [7.46217, 54.9685, 11.94678],
						"0.7083": [23.40837, "37.2463140873+Math.sin(q.anim_time*90*24-0)*8", "15.9929576338-Math.cos((query.anim_time)*90*18-360)*12"],
						"2.0": {
							"pre": [0, 0, -7.5],
							"post": [0, 0, -7.5],
							"lerp_mode": "catmullrom"
						}
					},
					"position": {
						"0.0": {
							"post": [-6, -11, 4.1],
							"lerp_mode": "catmullrom"
						},
						"0.2083": {
							"post": [5, -4, 4.1],
							"lerp_mode": "catmullrom"
						},
						"0.4167": {
							"post": [3.78, -4.3, 4.1],
							"lerp_mode": "catmullrom"
						},
						"0.5833": [2.67, -6.6, 4.1],
						"0.7083": [5, -6, 4.1],
						"2.0": {
							"pre": [-6, -11, 4.1],
							"post": [-6, -11, 4.1],
							"lerp_mode": "catmullrom"
						}
					}
				},
				"bone25": {
					"rotation": {
						"0.0": {
							"post": [0, 0, -32.5],
							"lerp_mode": "catmullrom"
						},
						"2.0": {
							"post": [0, 0, -32.5],
							"lerp_mode": "catmullrom"
						}
					},
					"position": {
						"0.0": {
							"post": [7, 2, 0],
							"lerp_mode": "catmullrom"
						},
						"2.0": {
							"post": [7, 2, 0],
							"lerp_mode": "catmullrom"
						}
					}
				},
				"bone26": {
					"rotation": {
						"0.0": {
							"post": [0, -40, 0],
							"lerp_mode": "catmullrom"
						},
						"0.2083": {
							"post": [15, -40, 0],
							"lerp_mode": "catmullrom"
						},
						"2.0": {
							"post": [0, -40, 0],
							"lerp_mode": "catmullrom"
						}
					},
					"position": {
						"0.0": {
							"post": [2, 0, 1],
							"lerp_mode": "catmullrom"
						},
						"0.2083": {
							"post": [2, 0, 4],
							"lerp_mode": "catmullrom"
						},
						"2.0": {
							"post": [2, 0, 1],
							"lerp_mode": "catmullrom"
						}
					}
				},
				"bone28": {
					"rotation": [0, -55, 0],
					"position": [4, 0, 0]
				},
				"bone29": {
					"rotation": [0, -70, 0],
					"position": [4, 0, 0]
				},
				"bone30": {
					"rotation": [0, 0, -25],
					"position": [7, 0.4, 0]
				},
				"bone31": {
					"rotation": [0, 0, 22.5],
					"position": [0, 1, 0]
				},
				"bone33": {
					"rotation": [0, 0, -15],
					"position": [5, 0, 0]
				},
				"bone34": {
					"rotation": {
						"0.0": {
							"post": [0, 0, 22.5],
							"lerp_mode": "catmullrom"
						},
						"0.2083": {
							"post": [0, 0, 27.5],
							"lerp_mode": "catmullrom"
						},
						"2.0": {
							"post": [0, 0, 22.5],
							"lerp_mode": "catmullrom"
						}
					},
					"position": {
						"0.0": {
							"post": [0, 1, 0],
							"lerp_mode": "catmullrom"
						},
						"2.0": {
							"post": [0, 1, 0],
							"lerp_mode": "catmullrom"
						}
					}
				},
				"bone35": {
					"rotation": {
						"0.0": {
							"post": [0.1989, -0.1947, -10.0001],
							"lerp_mode": "catmullrom"
						},
						"0.7083": [-22.38484, -60.25685, 15.48072],
						"2.0": {
							"pre": [0.1989, -0.1947, -10.0001],
							"post": [0.1989, -0.1947, -10.0001],
							"lerp_mode": "catmullrom"
						}
					},
					"position": {
						"0.0": {
							"post": [5, 0, 0],
							"lerp_mode": "catmullrom"
						},
						"0.7083": [5, 0, -2],
						"2.0": {
							"pre": [5, 0, 0],
							"post": [5, 0, 0],
							"lerp_mode": "catmullrom"
						}
					}
				},
				"bone37": {
					"rotation": [0, 0, -40],
					"position": [10, 2, 0]
				},
				"bone38": {
					"rotation": [0, 0, 40],
					"position": [0, 3, 0]
				},
				"bone39": {
					"rotation": {
						"0.0": {
							"post": [0, 0, -60],
							"lerp_mode": "catmullrom"
						},
						"0.4167": {
							"post": [0, 0, 5],
							"lerp_mode": "catmullrom"
						},
						"2.0": {
							"post": [0, 0, -60],
							"lerp_mode": "catmullrom"
						}
					},
					"position": {
						"0.0": {
							"post": [14, 5, 0],
							"lerp_mode": "catmullrom"
						},
						"0.4167": {
							"post": [5, 0, 0],
							"lerp_mode": "catmullrom"
						},
						"2.0": {
							"post": [14, 5, 0],
							"lerp_mode": "catmullrom"
						}
					}
				},
				"bone41": {
					"rotation": {
						"0.0": {
							"post": [0, 0, 60],
							"lerp_mode": "catmullrom"
						},
						"0.7083": [0, 0, 10],
						"2.0": {
							"pre": [0, 0, 60],
							"post": [0, 0, 60],
							"lerp_mode": "catmullrom"
						}
					},
					"position": {
						"0.0": {
							"post": [-8, 6, 0],
							"lerp_mode": "catmullrom"
						},
						"0.7083": [0, 0, 0],
						"2.0": {
							"pre": [-8, 6, 0],
							"post": [-8, 6, 0],
							"lerp_mode": "catmullrom"
						}
					}
				},
				"bone43": {
					"rotation": [0, 0, -5],
					"position": [6, 0, 0]
				},
				"bone44": {
					"rotation": [0, 0, 45],
					"position": [-4, 4, 0]
				},
				"line_rock": {
					"rotation": {
						"0.0": {
							"post": [-186.33586, 4.02155, -237.7227],
							"lerp_mode": "catmullrom"
						},
						"0.2083": {
							"post": [-187.49294, -0.32621, -272.47867],
							"lerp_mode": "catmullrom"
						},
						"0.5833": {
							"post": [-187.49294, -0.32621, -272.47867],
							"lerp_mode": "catmullrom"
						},
						"0.7083": [-190.67489, 14.17712, "-254.5276965166+Math.sin(q.anim_time*90*24-0)*20"],
						"2.0": {
							"pre": [-186.33586, 4.02155, -237.7227],
							"post": [-186.33586, 4.02155, -237.7227],
							"lerp_mode": "catmullrom"
						}
					},
					"position": {
						"0.0": {
							"post": [5, 3, 4],
							"lerp_mode": "catmullrom"
						},
						"0.2083": {
							"post": [10, 6, 4],
							"lerp_mode": "catmullrom"
						},
						"0.5833": {
							"post": [10, 6, 4],
							"lerp_mode": "catmullrom"
						},
						"0.7083": [7.91225, 3.13957, 2.63282],
						"2.0": {
							"pre": [5, 3, 4],
							"post": [5, 3, 4],
							"lerp_mode": "catmullrom"
						}
					}
				},
				"neck3": {
					"rotation": [37.5, 0, 0],
					"position": [0, 7.8, 19]
				},
				"bone14": {
					"rotation": [2.5, 0, 0],
					"position": [0, 0, 2]
				},
				"bone19": {
					"rotation": [2.5, 0, 0],
					"position": [0, 0, 1]
				},
				"bone20": {
					"rotation": [2.5, 0, 0],
					"position": [0, 0, 1]
				},
				"bone21": {
					"rotation": [2.5, 0, 0],
					"position": [0, 0, 3]
				},
				"bone22": {
					"rotation": {
						"0.0": [2.5, 0, 0],
						"2.0": [2.5, 0, 0]
					},
					"position": {
						"0.0": [0, 0, 1],
						"2.0": [0, 0, 1]
					}
				},
				"bone13": {
					"rotation": {
						"0.0": [2.5, 0, 0],
						"2.0": [2.5, 0, 0]
					},
					"position": {
						"0.0": [0, 0, 2],
						"2.0": [0, 0, 2]
					}
				},
				"bone15": {
					"rotation": {
						"0.0": [2.5, 0, 0],
						"2.0": [2.5, 0, 0]
					},
					"position": {
						"0.0": [0, 0, 1],
						"2.0": [0, 0, 1]
					}
				},
				"bone16": {
					"rotation": {
						"0.0": [2.5, 0, 0],
						"2.0": [2.5, 0, 0]
					},
					"position": {
						"0.0": [0, 0, 1],
						"2.0": [0, 0, 1]
					}
				},
				"bone17": {
					"rotation": [2.5, 0, 0],
					"position": [0, 0, 3]
				},
				"bone18": {
					"rotation": [2.5, 0, 0],
					"position": [0, 0, 1]
				},
				"bone36": {
					"rotation": [0, 0, -7.5],
					"position": [2, 0, 0]
				},
				"bone40": {
					"rotation": {
						"0.0": {
							"post": [0, 0, 22.5],
							"lerp_mode": "catmullrom"
						},
						"2.0": {
							"post": [0, 0, 22.5],
							"lerp_mode": "catmullrom"
						}
					}
				},
				"body": {
					"rotation": {
						"0.0": {
							"post": [0, 0, 0],
							"lerp_mode": "catmullrom"
						},
						"0.2083": {
							"post": [25.06397, 0, 0.98448],
							"lerp_mode": "catmullrom"
						},
						"0.4583": {
							"post": [27.65368, -4.43127, -1.33384],
							"lerp_mode": "catmullrom"
						},
						"0.5833": {
							"post": [17.5, 0, 0],
							"lerp_mode": "catmullrom"
						},
						"0.7083": [0, "-2.5+Math.cos(q.anim_time*90*24-0)*5", "0-Math.sin((query.anim_time)*90*18-0)*5"],
						"2.0": {
							"pre": [0, 0, 0],
							"post": [0, 0, 0],
							"lerp_mode": "catmullrom"
						}
					},
					"position": {
						"0.0": {
							"post": [0, 0, 0],
							"lerp_mode": "catmullrom"
						},
						"0.2083": {
							"post": [0, 0, 2],
							"lerp_mode": "catmullrom"
						},
						"0.4583": {
							"post": [0, 0, 2.5],
							"lerp_mode": "catmullrom"
						},
						"0.5833": {
							"post": [0, 0, 0],
							"lerp_mode": "catmullrom"
						},
						"0.7083": [0, "0-Math.sin(q.anim_time*90*64-0)*0.5", "-5+math.cos((query.anim_time)*90*64-0)*0.5"],
						"2.0": {
							"pre": [0, 0, 0],
							"post": [0, 0, 0],
							"lerp_mode": "catmullrom"
						}
					}
				},
				"bone42": {
					"rotation": {
						"0.0": {
							"post": [0, 0, 0],
							"lerp_mode": "catmullrom"
						},
						"0.4167": {
							"post": [0, 0, -25],
							"lerp_mode": "catmullrom"
						},
						"2.0": {
							"post": [0, 0, 0],
							"lerp_mode": "catmullrom"
						}
					},
					"position": {
						"0.0": {
							"post": [0, 0, 0],
							"lerp_mode": "catmullrom"
						},
						"0.4167": {
							"post": [6, 0, 0],
							"lerp_mode": "catmullrom"
						},
						"2.0": {
							"post": [0, 0, 0],
							"lerp_mode": "catmullrom"
						}
					}
				}
			}
		},
		"animation.runerigus.battle_cry": {
			"animation_length": 2,
			"bones": {
				"torso": {
					"rotation": {
						"0.0": {
							"post": [0, -15, 0],
							"lerp_mode": "catmullrom"
						},
						"0.2083": {
							"post": [0, 0, 0],
							"lerp_mode": "catmullrom"
						},
						"0.4167": {
							"post": [0, 2.5, 0],
							"lerp_mode": "catmullrom"
						},
						"0.5833": {
							"post": [-12.5, 0, 0],
							"lerp_mode": "catmullrom"
						},
						"0.7083": [-19.9237, -2.5753, -0.868],
						"2.0": {
							"pre": [0, -15, 0],
							"post": [0, -15, 0],
							"lerp_mode": "catmullrom"
						}
					}
				},
				"head": {
					"rotation": {
						"0.0": {
							"post": [-9.91615, -1.29875, -7.3873],
							"lerp_mode": "catmullrom"
						},
						"0.2083": {
							"post": [4.98703, 1.63223, -39.75856],
							"lerp_mode": "catmullrom"
						},
						"0.4167": {
							"post": [5.19401, 0.74269, -29.79595],
							"lerp_mode": "catmullrom"
						},
						"0.5833": {
							"post": [19.78663, 2.85785, -3.27449],
							"lerp_mode": "catmullrom"
						},
						"0.7083": [-16.74143, 4.41354, "14.350255452+Math.cos(q.anim_time*90*24-360)*20"],
						"2.0": {
							"pre": [-9.91615, -1.29875, -7.3873],
							"post": [-9.91615, -1.29875, -7.3873],
							"lerp_mode": "catmullrom"
						}
					},
					"position": {
						"0.0": {
							"post": [0, 4, 5],
							"lerp_mode": "catmullrom"
						},
						"0.2083": {
							"post": [0, -9, 7],
							"lerp_mode": "catmullrom"
						},
						"0.5833": {
							"post": [0, -10, 7],
							"lerp_mode": "catmullrom"
						},
						"0.7083": [0, 3, 7],
						"2.0": {
							"pre": [0, 4, 5],
							"post": [0, 4, 5],
							"lerp_mode": "catmullrom"
						}
					}
				},
				"face": {
					"position": [0, 5, 0]
				},
				"necks": {
					"position": [0, 2, 0]
				},
				"neck1": {
					"rotation": {
						"0.0": {
							"post": [-22.5, 0, 0],
							"lerp_mode": "catmullrom"
						},
						"0.2083": {
							"post": [20, 0, 0],
							"lerp_mode": "catmullrom"
						},
						"0.5833": {
							"post": [20, 0, 0],
							"lerp_mode": "catmullrom"
						},
						"0.7083": [-42.5, 0, 0],
						"2.0": {
							"pre": [-22.5, 0, 0],
							"post": [-22.5, 0, 0],
							"lerp_mode": "catmullrom"
						}
					},
					"position": {
						"0.0": {
							"post": [0, 0, -11],
							"lerp_mode": "catmullrom"
						},
						"0.2083": {
							"post": [0, -1, 11],
							"lerp_mode": "catmullrom"
						},
						"0.5833": {
							"post": [0, -1, 11],
							"lerp_mode": "catmullrom"
						},
						"0.7083": [0, 3, -17],
						"2.0": {
							"pre": [0, 0, -11],
							"post": [0, 0, -11],
							"lerp_mode": "catmullrom"
						}
					}
				},
				"neck2": {
					"rotation": {
						"0.0": {
							"post": [-60, 0, 0],
							"lerp_mode": "catmullrom"
						},
						"0.2083": {
							"post": [-15, 0, 0],
							"lerp_mode": "catmullrom"
						},
						"2.0": {
							"post": [-60, 0, 0],
							"lerp_mode": "catmullrom"
						}
					},
					"position": {
						"0.0": {
							"post": [0, 15, -27],
							"lerp_mode": "catmullrom"
						},
						"0.2083": {
							"post": [0, 0.5, -5],
							"lerp_mode": "catmullrom"
						},
						"2.0": {
							"post": [0, 15, -27],
							"lerp_mode": "catmullrom"
						}
					}
				},
				"hands": {
					"rotation": [20, 0, 0],
					"position": [0, 29, -39]
				},
				"hand1": {
					"rotation": [-90, 0, 0]
				},
				"bone": {
					"rotation": {
						"0.0": {
							"post": [-17.5, 0, -12],
							"lerp_mode": "catmullrom"
						},
						"0.2083": {
							"post": [-19.56838, 26.12797, -20.89674],
							"lerp_mode": "catmullrom"
						},
						"0.4167": {
							"post": [-17.89807, 11.91276, -15.81397],
							"lerp_mode": "catmullrom"
						},
						"0.5833": [-23.10494, -35.02317, 1.98911],
						"0.7083": [-20.49807, "-30.82594+Math.cos((query.anim_time)*90*24-0)*12", -1.1552],
						"2.0": {
							"pre": [-17.5, 0, -12],
							"post": [-17.5, 0, -12],
							"lerp_mode": "catmullrom"
						}
					},
					"position": {
						"0.0": {
							"post": [4, 5, -11],
							"lerp_mode": "catmullrom"
						},
						"0.2083": {
							"post": [4, 5, -7],
							"lerp_mode": "catmullrom"
						},
						"0.4167": {
							"post": [4, 5, -10],
							"lerp_mode": "catmullrom"
						},
						"0.5833": [7.11, 6.6, -16.66],
						"0.7083": [9.28234, 7.72292, -15.94726],
						"2.0": {
							"pre": [4, 5, -11],
							"post": [4, 5, -11],
							"lerp_mode": "catmullrom"
						}
					}
				},
				"nail_right": {
					"rotation": {
						"0.0": [20, 0, 0],
						"0.2083": [-37.01, 0, 0],
						"0.5": [21.18, 0, 0],
						"0.7083": [50, 0, 0],
						"2.0": [20, 0, 0]
					},
					"position": {
						"0.0": [0, 0, 7],
						"0.2083": [0, 3, -14.8],
						"0.5": [0, 0, 7.47],
						"0.7083": [0, 4, 16],
						"2.0": [0, 0, 7]
					}
				},
				"bone9": {
					"rotation": {
						"0.0": {
							"post": [0, 0, -10],
							"lerp_mode": "catmullrom"
						},
						"0.2083": {
							"post": [0, 45, -10],
							"lerp_mode": "catmullrom"
						},
						"0.4167": {
							"post": [0, 52.5, -10],
							"lerp_mode": "catmullrom"
						},
						"0.5833": {
							"post": [0, 17.5, -10],
							"lerp_mode": "catmullrom"
						},
						"0.7083": [0, -30, "-10-Math.siN(q.anim_time*90*24-0)*8"],
						"2.0": {
							"pre": [0, 0, -10],
							"post": [0, 0, -10],
							"lerp_mode": "catmullrom"
						}
					},
					"position": {
						"0.0": {
							"post": [7, 0, 0],
							"lerp_mode": "catmullrom"
						},
						"0.2083": {
							"post": [8, 0, 10],
							"lerp_mode": "catmullrom"
						},
						"0.5833": {
							"post": [7, 0, 0],
							"lerp_mode": "catmullrom"
						},
						"0.7083": [9.95442, 0.52094, -5.19615],
						"2.0": {
							"pre": [7, 0, 0],
							"post": [7, 0, 0],
							"lerp_mode": "catmullrom"
						}
					}
				},
				"bone7": {
					"rotation": [0, 17.5, 0],
					"position": [0, 0, 5.8]
				},
				"bone8": {
					"rotation": [0, -25, 0],
					"position": [3, 0, -11]
				},
				"hand2": {
					"rotation": [-90, 0, 0]
				},
				"bone2": {
					"rotation": {
						"0.0": {
							"post": [-17.5, 0, 12],
							"lerp_mode": "catmullrom"
						},
						"0.2083": {
							"post": [-19.56838, -26.12797, 20.89674],
							"lerp_mode": "catmullrom"
						},
						"0.4167": {
							"post": [-17.89807, -11.91276, 15.81397],
							"lerp_mode": "catmullrom"
						},
						"0.5833": [-23.10494, 35.02317, -1.98911],
						"0.7083": [-20.49807, "30.8259-Math.cos((query.anim_time)*90*24-0)*12", 1.1552],
						"2.0": {
							"pre": [-17.5, 0, 12],
							"post": [-17.5, 0, 12],
							"lerp_mode": "catmullrom"
						}
					},
					"position": {
						"0.0": {
							"post": [-4, 9, -12],
							"lerp_mode": "catmullrom"
						},
						"0.2083": {
							"post": [-4, 5, -7],
							"lerp_mode": "catmullrom"
						},
						"0.4167": {
							"post": [-4, 5, -10],
							"lerp_mode": "catmullrom"
						},
						"0.7083": [-9.28234, 7.72292, -15.94726],
						"2.0": {
							"pre": [-4, 9, -12],
							"post": [-4, 9, -12],
							"lerp_mode": "catmullrom"
						}
					}
				},
				"nail_left": {
					"rotation": {
						"0.0": [20, 0, 0],
						"0.2083": [-37.01, 0, 0],
						"0.5": [21.18, 0, 0],
						"0.7083": [50, 0, 0],
						"2.0": [20, 0, 0]
					},
					"position": {
						"0.0": [0, 0, 7],
						"0.2083": [0, 3, -14.8],
						"0.5": [0, 0, 7.47],
						"0.7083": [0, 4, 16],
						"2.0": [0, 0, 7]
					}
				},
				"bone10": {
					"rotation": {
						"0.0": {
							"post": [0, 0, 10],
							"lerp_mode": "catmullrom"
						},
						"0.2083": {
							"post": [0, -45, 10],
							"lerp_mode": "catmullrom"
						},
						"0.4167": {
							"post": [0, -52.5, 10],
							"lerp_mode": "catmullrom"
						},
						"0.5833": {
							"post": [0, -17.5, 10],
							"lerp_mode": "catmullrom"
						},
						"0.7083": [0, 30, "10+Math.sin(query.anim_time*90*24-0)*8"],
						"2.0": {
							"pre": [0, 0, 10],
							"post": [0, 0, 10],
							"lerp_mode": "catmullrom"
						}
					},
					"position": {
						"0.0": {
							"post": [-7, 0, 0],
							"lerp_mode": "catmullrom"
						},
						"0.2083": {
							"post": [-8, 0, 10],
							"lerp_mode": "catmullrom"
						},
						"0.5833": {
							"post": [-7, 0, 0],
							"lerp_mode": "catmullrom"
						},
						"0.7083": [-9.95442, 0.52094, -5.19615],
						"2.0": {
							"pre": [-7, 0, 0],
							"post": [-7, 0, 0],
							"lerp_mode": "catmullrom"
						}
					}
				},
				"bone11": {
					"rotation": {
						"0.0": {
							"post": [0, -17.5, 0],
							"lerp_mode": "catmullrom"
						},
						"2.0": {
							"post": [0, -17.5, 0],
							"lerp_mode": "catmullrom"
						}
					},
					"position": {
						"0.0": {
							"post": [0, 0, 5.8],
							"lerp_mode": "catmullrom"
						},
						"2.0": {
							"post": [0, 0, 5.8],
							"lerp_mode": "catmullrom"
						}
					}
				},
				"bone12": {
					"rotation": [0, 25, 0],
					"position": [-3, 0, -11]
				},
				"line_shadow": {
					"rotation": [0, 0, 25],
					"position": [-3, 0, 0]
				},
				"bone23": {
					"rotation": {
						"0.0": {
							"post": [0, 0, -7.5],
							"lerp_mode": "catmullrom"
						},
						"0.2083": {
							"post": [-21.55613, -6.60796, -23.74074],
							"lerp_mode": "catmullrom"
						},
						"0.4167": {
							"post": [-22.86879, 13.86276, -13.30191],
							"lerp_mode": "catmullrom"
						},
						"0.5833": [7.46217, 54.9685, 11.94678],
						"0.7083": [23.40837, "37.2463140873+Math.sin(q.anim_time*90*24-0)*8", "15.9929576338-Math.cos((query.anim_time)*90*18-360)*12"],
						"2.0": {
							"pre": [0, 0, -7.5],
							"post": [0, 0, -7.5],
							"lerp_mode": "catmullrom"
						}
					},
					"position": {
						"0.0": {
							"post": [-6, -11, 4.1],
							"lerp_mode": "catmullrom"
						},
						"0.2083": {
							"post": [5, -4, 4.1],
							"lerp_mode": "catmullrom"
						},
						"0.4167": {
							"post": [3.78, -4.3, 4.1],
							"lerp_mode": "catmullrom"
						},
						"0.5833": [2.67, -6.6, 4.1],
						"0.7083": [5, -6, 4.1],
						"2.0": {
							"pre": [-6, -11, 4.1],
							"post": [-6, -11, 4.1],
							"lerp_mode": "catmullrom"
						}
					}
				},
				"bone25": {
					"rotation": {
						"0.0": {
							"post": [0, 0, -32.5],
							"lerp_mode": "catmullrom"
						},
						"2.0": {
							"post": [0, 0, -32.5],
							"lerp_mode": "catmullrom"
						}
					},
					"position": {
						"0.0": {
							"post": [7, 2, 0],
							"lerp_mode": "catmullrom"
						},
						"2.0": {
							"post": [7, 2, 0],
							"lerp_mode": "catmullrom"
						}
					}
				},
				"bone26": {
					"rotation": {
						"0.0": {
							"post": [0, -40, 0],
							"lerp_mode": "catmullrom"
						},
						"0.2083": {
							"post": [15, -40, 0],
							"lerp_mode": "catmullrom"
						},
						"2.0": {
							"post": [0, -40, 0],
							"lerp_mode": "catmullrom"
						}
					},
					"position": {
						"0.0": {
							"post": [2, 0, 1],
							"lerp_mode": "catmullrom"
						},
						"0.2083": {
							"post": [2, 0, 4],
							"lerp_mode": "catmullrom"
						},
						"2.0": {
							"post": [2, 0, 1],
							"lerp_mode": "catmullrom"
						}
					}
				},
				"bone28": {
					"rotation": [0, -55, 0],
					"position": [4, 0, 0]
				},
				"bone29": {
					"rotation": [0, -70, 0],
					"position": [4, 0, 0]
				},
				"bone30": {
					"rotation": [0, 0, -25],
					"position": [7, 0.4, 0]
				},
				"bone31": {
					"rotation": [0, 0, 22.5],
					"position": [0, 1, 0]
				},
				"bone33": {
					"rotation": [0, 0, -15],
					"position": [5, 0, 0]
				},
				"bone34": {
					"rotation": {
						"0.0": {
							"post": [0, 0, 22.5],
							"lerp_mode": "catmullrom"
						},
						"0.2083": {
							"post": [0, 0, 27.5],
							"lerp_mode": "catmullrom"
						},
						"2.0": {
							"post": [0, 0, 22.5],
							"lerp_mode": "catmullrom"
						}
					},
					"position": {
						"0.0": {
							"post": [0, 1, 0],
							"lerp_mode": "catmullrom"
						},
						"2.0": {
							"post": [0, 1, 0],
							"lerp_mode": "catmullrom"
						}
					}
				},
				"bone35": {
					"rotation": {
						"0.0": {
							"post": [0.1989, -0.1947, -10.0001],
							"lerp_mode": "catmullrom"
						},
						"0.7083": [-22.38484, -60.25685, 15.48072],
						"2.0": {
							"pre": [0.1989, -0.1947, -10.0001],
							"post": [0.1989, -0.1947, -10.0001],
							"lerp_mode": "catmullrom"
						}
					},
					"position": {
						"0.0": {
							"post": [5, 0, 0],
							"lerp_mode": "catmullrom"
						},
						"0.7083": [5, 0, -2],
						"2.0": {
							"pre": [5, 0, 0],
							"post": [5, 0, 0],
							"lerp_mode": "catmullrom"
						}
					}
				},
				"bone37": {
					"rotation": [0, 0, -40],
					"position": [10, 2, 0]
				},
				"bone38": {
					"rotation": [0, 0, 40],
					"position": [0, 3, 0]
				},
				"bone39": {
					"rotation": {
						"0.0": {
							"post": [0, 0, -60],
							"lerp_mode": "catmullrom"
						},
						"0.4167": {
							"post": [0, 0, 5],
							"lerp_mode": "catmullrom"
						},
						"2.0": {
							"post": [0, 0, -60],
							"lerp_mode": "catmullrom"
						}
					},
					"position": {
						"0.0": {
							"post": [14, 5, 0],
							"lerp_mode": "catmullrom"
						},
						"0.4167": {
							"post": [5, 0, 0],
							"lerp_mode": "catmullrom"
						},
						"2.0": {
							"post": [14, 5, 0],
							"lerp_mode": "catmullrom"
						}
					}
				},
				"bone41": {
					"rotation": {
						"0.0": {
							"post": [0, 0, 60],
							"lerp_mode": "catmullrom"
						},
						"0.7083": [0, 0, 10],
						"2.0": {
							"pre": [0, 0, 60],
							"post": [0, 0, 60],
							"lerp_mode": "catmullrom"
						}
					},
					"position": {
						"0.0": {
							"post": [-8, 6, 0],
							"lerp_mode": "catmullrom"
						},
						"0.7083": [0, 0, 0],
						"2.0": {
							"pre": [-8, 6, 0],
							"post": [-8, 6, 0],
							"lerp_mode": "catmullrom"
						}
					}
				},
				"bone43": {
					"rotation": [0, 0, -5],
					"position": [6, 0, 0]
				},
				"bone44": {
					"rotation": [0, 0, 45],
					"position": [-4, 4, 0]
				},
				"line_rock": {
					"rotation": {
						"0.0": {
							"post": [-186.33586, 4.02155, -237.7227],
							"lerp_mode": "catmullrom"
						},
						"0.2083": {
							"post": [-187.49294, -0.32621, -272.47867],
							"lerp_mode": "catmullrom"
						},
						"0.5833": {
							"post": [-187.49294, -0.32621, -272.47867],
							"lerp_mode": "catmullrom"
						},
						"0.7083": [-190.67489, 14.17712, "-254.5276965166+Math.sin(q.anim_time*90*24-0)*20"],
						"1.5": [-190.67489, 14.17712, "-254.5276965166+Math.sin(q.anim_time*90*24-0)*20"],
						"2.0": {
							"pre": [-186.33586, 4.02155, -237.7227],
							"post": [-186.33586, 4.02155, -237.7227],
							"lerp_mode": "catmullrom"
						}
					},
					"position": {
						"0.0": {
							"post": [5, 3, 4],
							"lerp_mode": "catmullrom"
						},
						"0.2083": {
							"post": [10, 6, 4],
							"lerp_mode": "catmullrom"
						},
						"0.5833": {
							"post": [10, 6, 4],
							"lerp_mode": "catmullrom"
						},
						"0.7083": [7.91225, 3.13957, 2.63282],
						"1.5": [7.91225, 3.13957, 2.63282],
						"2.0": {
							"pre": [5, 3, 4],
							"post": [5, 3, 4],
							"lerp_mode": "catmullrom"
						}
					}
				},
				"neck3": {
					"rotation": [37.5, 0, 0],
					"position": [0, 7.8, 19]
				},
				"bone14": {
					"rotation": [2.5, 0, 0],
					"position": [0, 0, 2]
				},
				"bone19": {
					"rotation": [2.5, 0, 0],
					"position": [0, 0, 1]
				},
				"bone20": {
					"rotation": [2.5, 0, 0],
					"position": [0, 0, 1]
				},
				"bone21": {
					"rotation": [2.5, 0, 0],
					"position": [0, 0, 3]
				},
				"bone22": {
					"rotation": {
						"0.0": [2.5, 0, 0],
						"2.0": [2.5, 0, 0]
					},
					"position": {
						"0.0": [0, 0, 1],
						"2.0": [0, 0, 1]
					}
				},
				"bone13": {
					"rotation": {
						"0.0": [2.5, 0, 0],
						"2.0": [2.5, 0, 0]
					},
					"position": {
						"0.0": [0, 0, 2],
						"2.0": [0, 0, 2]
					}
				},
				"bone15": {
					"rotation": {
						"0.0": [2.5, 0, 0],
						"2.0": [2.5, 0, 0]
					},
					"position": {
						"0.0": [0, 0, 1],
						"2.0": [0, 0, 1]
					}
				},
				"bone16": {
					"rotation": {
						"0.0": [2.5, 0, 0],
						"2.0": [2.5, 0, 0]
					},
					"position": {
						"0.0": [0, 0, 1],
						"2.0": [0, 0, 1]
					}
				},
				"bone17": {
					"rotation": [2.5, 0, 0],
					"position": [0, 0, 3]
				},
				"bone18": {
					"rotation": [2.5, 0, 0],
					"position": [0, 0, 1]
				},
				"bone36": {
					"rotation": [0, 0, -7.5],
					"position": [2, 0, 0]
				},
				"bone40": {
					"rotation": {
						"0.0": {
							"post": [0, 0, 22.5],
							"lerp_mode": "catmullrom"
						},
						"2.0": {
							"post": [0, 0, 22.5],
							"lerp_mode": "catmullrom"
						}
					}
				},
				"body": {
					"rotation": {
						"0.0": {
							"post": [0, 0, 0],
							"lerp_mode": "catmullrom"
						},
						"0.2083": {
							"post": [25.06397, 0, 0.98448],
							"lerp_mode": "catmullrom"
						},
						"0.4583": {
							"post": [27.65368, -4.43127, -1.33384],
							"lerp_mode": "catmullrom"
						},
						"0.5833": {
							"post": [17.5, 0, 0],
							"lerp_mode": "catmullrom"
						},
						"0.7083": [0, "-2.5+Math.cos(q.anim_time*90*24-0)*5", "0-Math.sin((query.anim_time)*90*18-0)*5"],
						"2.0": {
							"pre": [0, 0, 0],
							"post": [0, 0, 0],
							"lerp_mode": "catmullrom"
						}
					},
					"position": {
						"0.0": {
							"post": [0, 0, 0],
							"lerp_mode": "catmullrom"
						},
						"0.2083": {
							"post": [0, 0, 2],
							"lerp_mode": "catmullrom"
						},
						"0.4583": {
							"post": [0, 0, 2.5],
							"lerp_mode": "catmullrom"
						},
						"0.5833": {
							"post": [0, 0, 0],
							"lerp_mode": "catmullrom"
						},
						"0.7083": [0, "0-Math.sin(q.anim_time*90*64-0)*0.5", "-5+math.cos((query.anim_time)*90*64-0)*0.5"],
						"2.0": {
							"pre": [0, 0, 0],
							"post": [0, 0, 0],
							"lerp_mode": "catmullrom"
						}
					}
				},
				"bone42": {
					"rotation": {
						"0.0": {
							"post": [0, 0, 0],
							"lerp_mode": "catmullrom"
						},
						"0.4167": {
							"post": [0, 0, -25],
							"lerp_mode": "catmullrom"
						},
						"2.0": {
							"post": [0, 0, 0],
							"lerp_mode": "catmullrom"
						}
					},
					"position": {
						"0.0": {
							"post": [0, 0, 0],
							"lerp_mode": "catmullrom"
						},
						"0.4167": {
							"post": [6, 0, 0],
							"lerp_mode": "catmullrom"
						},
						"2.0": {
							"post": [0, 0, 0],
							"lerp_mode": "catmullrom"
						}
					}
				}
			},
			"sound_effects": {
				"0.6667": {
					"effect": "pokemon.runerigus.cry"
				}
			}
		},
		"animation.runerigus.physical": {
			"loop": "hold_on_last_frame",
			"animation_length": 2.5,
			"bones": {
				"torso": {
					"rotation": {
						"0.0": {
							"post": [0, -15, 0],
							"lerp_mode": "catmullrom"
						},
						"0.125": {
							"post": [2.5, -15, 0],
							"lerp_mode": "catmullrom"
						},
						"0.4167": {
							"post": [2.41704, 2.48415, 0.75225],
							"lerp_mode": "catmullrom"
						},
						"0.75": {
							"post": [5.41261, 42.60418, 8.71244],
							"lerp_mode": "catmullrom"
						},
						"1.125": {
							"post": [5.66971, 21.92269, 9.7265],
							"lerp_mode": "catmullrom"
						},
						"1.25": {
							"post": [0.72336, -3.96317, -12.28726],
							"lerp_mode": "catmullrom"
						},
						"1.2917": {
							"post": [0.74941, -38.17405, -17.33463],
							"lerp_mode": "catmullrom"
						},
						"1.3333": [-3.85191, -60.7084, -19.14456],
						"1.7083": {
							"pre": [13.50901, -59.70847, -6.873],
							"post": [13.50901, -59.70847, -6.873],
							"lerp_mode": "catmullrom"
						},
						"2.125": {
							"post": [0, -15, 0],
							"lerp_mode": "catmullrom"
						},
						"2.5": {
							"post": [0, -15, 0],
							"lerp_mode": "catmullrom"
						}
					},
					"position": [0, 0, 0]
				},
				"head": {
					"rotation": {
						"0.0": {
							"post": [-9.91615, -1.29875, -7.3873],
							"lerp_mode": "catmullrom"
						},
						"1.0": {
							"post": [-10.61607, 20.85042, -11.43108],
							"lerp_mode": "catmullrom"
						},
						"1.2917": {
							"post": [-11.46873, -29.01657, -2.00509],
							"lerp_mode": "catmullrom"
						},
						"2.125": {
							"post": [-9.91615, -1.29875, -7.3873],
							"lerp_mode": "catmullrom"
						},
						"2.5": {
							"post": [-9.91615, -1.29875, -7.3873],
							"lerp_mode": "catmullrom"
						}
					},
					"position": {
						"0.0": {
							"post": [0, 4, 5],
							"lerp_mode": "catmullrom"
						},
						"1.0": {
							"post": [2, 4, 5],
							"lerp_mode": "catmullrom"
						},
						"2.125": {
							"post": [0, 4, 5],
							"lerp_mode": "catmullrom"
						},
						"2.5": {
							"post": [0, 4, 5],
							"lerp_mode": "catmullrom"
						}
					}
				},
				"necks": {
					"position": {
						"0.0": {
							"post": [0, 2, 0],
							"lerp_mode": "catmullrom"
						},
						"2.125": {
							"post": [0, 2, 0],
							"lerp_mode": "catmullrom"
						},
						"2.5": {
							"post": [0, 2, 0],
							"lerp_mode": "catmullrom"
						}
					}
				},
				"neck1": {
					"rotation": {
						"0.0": {
							"post": [-22.5, 0, 0],
							"lerp_mode": "catmullrom"
						},
						"2.125": {
							"post": [-22.5, 0, 0],
							"lerp_mode": "catmullrom"
						},
						"2.5": {
							"post": [-22.5, 0, 0],
							"lerp_mode": "catmullrom"
						}
					},
					"position": {
						"0.0": {
							"post": [0, 0, -11],
							"lerp_mode": "catmullrom"
						},
						"2.125": {
							"post": [0, 0, -11],
							"lerp_mode": "catmullrom"
						},
						"2.5": {
							"post": [0, 0, -11],
							"lerp_mode": "catmullrom"
						}
					}
				},
				"neck2": {
					"rotation": {
						"0.0": {
							"post": [-60, 0, 0],
							"lerp_mode": "catmullrom"
						},
						"2.125": {
							"post": [-60, 0, 0],
							"lerp_mode": "catmullrom"
						},
						"2.5": {
							"post": [-60, 0, 0],
							"lerp_mode": "catmullrom"
						}
					},
					"position": {
						"0.0": {
							"post": [0, 15, -27],
							"lerp_mode": "catmullrom"
						},
						"2.125": {
							"post": [0, 15, -27],
							"lerp_mode": "catmullrom"
						},
						"2.5": {
							"post": [0, 15, -27],
							"lerp_mode": "catmullrom"
						}
					}
				},
				"hands": {
					"rotation": {
						"0.0": {
							"post": [20, 0, 0],
							"lerp_mode": "catmullrom"
						},
						"2.125": {
							"post": [20, 0, 0],
							"lerp_mode": "catmullrom"
						},
						"2.5": {
							"post": [20, 0, 0],
							"lerp_mode": "catmullrom"
						}
					},
					"position": {
						"0.0": {
							"post": [0, 29, -39],
							"lerp_mode": "catmullrom"
						},
						"2.125": {
							"post": [0, 29, -39],
							"lerp_mode": "catmullrom"
						},
						"2.5": {
							"post": [0, 29, -39],
							"lerp_mode": "catmullrom"
						}
					}
				},
				"hand1": {
					"rotation": {
						"0.0": {
							"post": [-90, 0, 0],
							"lerp_mode": "catmullrom"
						},
						"2.125": {
							"post": [-90, 0, 0],
							"lerp_mode": "catmullrom"
						},
						"2.5": {
							"post": [-90, 0, 0],
							"lerp_mode": "catmullrom"
						}
					}
				},
				"bone": {
					"rotation": {
						"0.0": {
							"post": [-17.5, 0, -12],
							"lerp_mode": "catmullrom"
						},
						"0.5": {
							"post": [-19.96738, 19.92609, -14.4782],
							"lerp_mode": "catmullrom"
						},
						"1.125": {
							"post": [-28.85689, 33.47046, -37.26015],
							"lerp_mode": "catmullrom"
						},
						"1.2917": [-22.25148, 34.48605, -24.81833],
						"2.125": {
							"pre": [-17.5, 0, -12],
							"post": [-17.5, 0, -12],
							"lerp_mode": "catmullrom"
						},
						"2.5": {
							"post": [-17.5, 0, -12],
							"lerp_mode": "catmullrom"
						}
					},
					"position": {
						"0.0": {
							"post": [4, 5, -11],
							"lerp_mode": "catmullrom"
						},
						"0.5": {
							"post": [3.43, 6.57, -8],
							"lerp_mode": "catmullrom"
						},
						"1.125": {
							"post": [9, 0, -11],
							"lerp_mode": "catmullrom"
						},
						"1.2917": [3.72, 2.22, -11.17],
						"2.125": {
							"pre": [4, 5, -11],
							"post": [4, 5, -11],
							"lerp_mode": "catmullrom"
						},
						"2.5": {
							"post": [4, 5, -11],
							"lerp_mode": "catmullrom"
						}
					}
				},
				"nail_right": {
					"rotation": {
						"0.0": {
							"post": [20, 0, 0],
							"lerp_mode": "catmullrom"
						},
						"2.125": {
							"post": [20, 0, 0],
							"lerp_mode": "catmullrom"
						},
						"2.5": {
							"post": [20, 0, 0],
							"lerp_mode": "catmullrom"
						}
					},
					"position": {
						"0.0": {
							"post": [0, 0, 7],
							"lerp_mode": "catmullrom"
						},
						"2.125": {
							"post": [0, 0, 7],
							"lerp_mode": "catmullrom"
						},
						"2.5": {
							"post": [0, 0, 7],
							"lerp_mode": "catmullrom"
						}
					}
				},
				"bone9": {
					"rotation": {
						"0.0": {
							"post": [0, 0, -10],
							"lerp_mode": "catmullrom"
						},
						"0.5": {
							"post": [0.88121, -19.40464, -12.65067],
							"lerp_mode": "catmullrom"
						},
						"1.125": {
							"post": [0, -40, -10],
							"lerp_mode": "catmullrom"
						},
						"1.2917": {
							"post": [25.30595, -27.05199, -56.04585],
							"lerp_mode": "catmullrom"
						},
						"2.125": {
							"post": [0, 0, -10],
							"lerp_mode": "catmullrom"
						},
						"2.5": {
							"post": [0, 0, -10],
							"lerp_mode": "catmullrom"
						}
					},
					"position": {
						"0.0": {
							"post": [7, 0, 0],
							"lerp_mode": "catmullrom"
						},
						"1.125": {
							"post": [11, 0, -6],
							"lerp_mode": "catmullrom"
						},
						"1.2917": {
							"post": [33.75, 7, 12.38],
							"lerp_mode": "catmullrom"
						},
						"2.125": {
							"post": [7, 0, 0],
							"lerp_mode": "catmullrom"
						},
						"2.5": {
							"post": [7, 0, 0],
							"lerp_mode": "catmullrom"
						}
					}
				},
				"bone7": {
					"rotation": {
						"0.0": {
							"post": [0, 17.5, 0],
							"lerp_mode": "catmullrom"
						},
						"0.5": {
							"post": [12.02501, 12.80911, 43.8547],
							"lerp_mode": "catmullrom"
						},
						"2.125": {
							"post": [0, 17.5, 0],
							"lerp_mode": "catmullrom"
						},
						"2.5": {
							"post": [0, 17.5, 0],
							"lerp_mode": "catmullrom"
						}
					},
					"position": {
						"0.0": {
							"post": [0, 0, 5.8],
							"lerp_mode": "catmullrom"
						},
						"0.25": {
							"post": [-16.38, 10.76, 9.48],
							"lerp_mode": "catmullrom"
						},
						"0.5": {
							"post": [-24, 24, 12.8],
							"lerp_mode": "catmullrom"
						},
						"1.2917": {
							"post": [-17.92, 11.92, 9.86],
							"lerp_mode": "catmullrom"
						},
						"2.125": {
							"post": [0, 0, 5.8],
							"lerp_mode": "catmullrom"
						},
						"2.5": {
							"post": [0, 0, 5.8],
							"lerp_mode": "catmullrom"
						}
					}
				},
				"bone8": {
					"rotation": {
						"0.0": {
							"post": [0, -25, 0],
							"lerp_mode": "catmullrom"
						},
						"2.125": {
							"post": [0, -25, 0],
							"lerp_mode": "catmullrom"
						},
						"2.5": {
							"post": [0, -25, 0],
							"lerp_mode": "catmullrom"
						}
					},
					"position": {
						"0.0": {
							"post": [3, 0, -11],
							"lerp_mode": "catmullrom"
						},
						"2.125": {
							"post": [3, 0, -11],
							"lerp_mode": "catmullrom"
						},
						"2.5": {
							"post": [3, 0, -11],
							"lerp_mode": "catmullrom"
						}
					}
				},
				"hand2": {
					"rotation": {
						"0.0": {
							"post": [-90, 0, 0],
							"lerp_mode": "catmullrom"
						},
						"2.125": {
							"post": [-90, 0, 0],
							"lerp_mode": "catmullrom"
						},
						"2.5": {
							"post": [-90, 0, 0],
							"lerp_mode": "catmullrom"
						}
					}
				},
				"bone2": {
					"rotation": {
						"0.0": {
							"post": [-17.5, 0, 12],
							"lerp_mode": "catmullrom"
						},
						"0.3333": {
							"post": [0.27356, -0.04824, 21.99988],
							"lerp_mode": "catmullrom"
						},
						"0.6667": {
							"post": [37.36356, -8.5246, 26.99188],
							"lerp_mode": "catmullrom"
						},
						"1.0": {
							"post": [35.04001, -25.99296, 42.52459],
							"lerp_mode": "catmullrom"
						},
						"1.125": {
							"post": [42.5, 0, 12],
							"lerp_mode": "catmullrom"
						},
						"1.25": {
							"post": [40.33821, 19.99118, 27.15925],
							"lerp_mode": "catmullrom"
						},
						"1.2917": {
							"post": [2.08078, 21.54431, 8.43989],
							"lerp_mode": "catmullrom"
						},
						"1.3333": [-5.03397, 20.38586, -7.9078],
						"1.75": {
							"pre": [-15.28287, 0.91593, -32.38354],
							"post": [-15.28287, 0.91593, -32.38354],
							"lerp_mode": "catmullrom"
						},
						"2.125": {
							"post": [-17.5, 0, 12],
							"lerp_mode": "catmullrom"
						},
						"2.5": {
							"post": [-17.5, 0, 12],
							"lerp_mode": "catmullrom"
						}
					},
					"position": {
						"0.0": {
							"post": [-4, 9, -12],
							"lerp_mode": "catmullrom"
						},
						"0.3333": {
							"post": [-10, 7.78, -0.74],
							"lerp_mode": "catmullrom"
						},
						"0.6667": {
							"post": [-9.47, 14.82, 25.52],
							"lerp_mode": "catmullrom"
						},
						"1.0": {
							"post": [-25.25, 15.99, 27.15],
							"lerp_mode": "catmullrom"
						},
						"1.125": {
							"post": [-4, 15, 26],
							"lerp_mode": "catmullrom"
						},
						"1.25": {
							"post": [-3.95, 5.65, 27.12],
							"lerp_mode": "catmullrom"
						},
						"1.2917": {
							"post": [-3.68, -11.71, 0.74],
							"lerp_mode": "catmullrom"
						},
						"1.3333": [6.32, -0.81, -3.19],
						"1.75": {
							"pre": [22.41, 9.28, -12.12],
							"post": [22.41, 9.28, -12.12],
							"lerp_mode": "catmullrom"
						},
						"2.125": {
							"post": [-4, 9, -12],
							"lerp_mode": "catmullrom"
						},
						"2.5": {
							"post": [-4, 9, -12],
							"lerp_mode": "catmullrom"
						}
					},
					"scale": {
						"0.0": [1, 1, 1],
						"1.25": [1, 1.1, 1],
						"1.2917": [1, 1.4, 1],
						"1.3333": [1, 1, 1],
						"2.5": [1, 1, 1]
					}
				},
				"nail_left": {
					"rotation": {
						"0.0": {
							"post": [20, 0, 0],
							"lerp_mode": "catmullrom"
						},
						"2.125": {
							"post": [20, 0, 0],
							"lerp_mode": "catmullrom"
						},
						"2.5": {
							"post": [20, 0, 0],
							"lerp_mode": "catmullrom"
						}
					},
					"position": {
						"0.0": {
							"post": [0, 0, 7],
							"lerp_mode": "catmullrom"
						},
						"2.125": {
							"post": [0, 0, 7],
							"lerp_mode": "catmullrom"
						},
						"2.5": {
							"post": [0, 0, 7],
							"lerp_mode": "catmullrom"
						}
					}
				},
				"bone10": {
					"rotation": {
						"0.0": {
							"post": [0, 0, 10],
							"lerp_mode": "catmullrom"
						},
						"0.3333": {
							"post": [-25.72478, -8.87415, 14.34095],
							"lerp_mode": "catmullrom"
						},
						"0.6667": {
							"post": [-50.67011, 10.62539, 23.55482],
							"lerp_mode": "catmullrom"
						},
						"1.0": {
							"post": [-90.36361, -14.99205, 55.11865],
							"lerp_mode": "catmullrom"
						},
						"1.25": {
							"post": [-75.16534, -33.5415, 44.19983],
							"lerp_mode": "catmullrom"
						},
						"1.2917": [-26.33789, -25.88892, -26.75339],
						"1.7083": [-10.21065, 14.61764, -17.6211],
						"2.125": {
							"pre": [0, 0, 10],
							"post": [0, 0, 10],
							"lerp_mode": "catmullrom"
						},
						"2.5": {
							"post": [0, 0, 10],
							"lerp_mode": "catmullrom"
						}
					},
					"position": {
						"0.0": {
							"post": [-7, 0, 0],
							"lerp_mode": "catmullrom"
						},
						"0.3333": {
							"post": [-4.04, 4.41, -12.78],
							"lerp_mode": "catmullrom"
						},
						"0.6667": {
							"post": [-17.08, 18.92, -32.29],
							"lerp_mode": "catmullrom"
						},
						"1.0": {
							"post": [3, 25, -33],
							"lerp_mode": "catmullrom"
						},
						"1.25": {
							"post": [6.61, 11.05, -18.3],
							"lerp_mode": "catmullrom"
						},
						"1.2917": [26.32, 22.45, -12.49],
						"1.75": {
							"pre": [10.68, 6.46, -5.14],
							"post": [10.68, 6.46, -5.14],
							"lerp_mode": "catmullrom"
						},
						"2.125": {
							"post": [-7, 0, 0],
							"lerp_mode": "catmullrom"
						},
						"2.5": {
							"post": [-7, 0, 0],
							"lerp_mode": "catmullrom"
						}
					}
				},
				"bone11": {
					"rotation": {
						"0.0": {
							"post": [0, -17.5, 0],
							"lerp_mode": "catmullrom"
						},
						"0.3333": {
							"post": [-1.18892, -17.14076, 3.95019],
							"lerp_mode": "catmullrom"
						},
						"0.6667": {
							"post": [-0.85755, -19.25698, 1.8115],
							"lerp_mode": "catmullrom"
						},
						"1.2917": {
							"post": [8.18529, -15.55855, -28.32097],
							"lerp_mode": "catmullrom"
						},
						"1.3333": {
							"post": [7.59001, -15.81499, -26.05573],
							"lerp_mode": "catmullrom"
						},
						"2.125": {
							"post": [0, -17.5, 0],
							"lerp_mode": "catmullrom"
						},
						"2.5": {
							"post": [0, -17.5, 0],
							"lerp_mode": "catmullrom"
						}
					},
					"position": {
						"0.0": {
							"post": [0, 0, 5.8],
							"lerp_mode": "catmullrom"
						},
						"0.3333": {
							"post": [-0.75, -1.25, 5.8],
							"lerp_mode": "catmullrom"
						},
						"0.6667": {
							"post": [0.83, -0.17, 5.8],
							"lerp_mode": "catmullrom"
						},
						"1.0": {
							"post": [7.92, 5.42, 7.8],
							"lerp_mode": "catmullrom"
						},
						"1.25": {
							"post": [12.73, 9.61, 9.3],
							"lerp_mode": "catmullrom"
						},
						"1.2917": {
							"post": [18.23, 13.38, 10.46],
							"lerp_mode": "catmullrom"
						},
						"1.3333": {
							"post": [17.40306, 12.09369, 10.92708],
							"lerp_mode": "catmullrom"
						},
						"1.75": {
							"post": [8.87, 5.05, 8.16],
							"lerp_mode": "catmullrom"
						},
						"2.125": {
							"post": [0, 0, 5.8],
							"lerp_mode": "catmullrom"
						},
						"2.5": {
							"post": [0, 0, 5.8],
							"lerp_mode": "catmullrom"
						}
					}
				},
				"bone12": {
					"rotation": {
						"0.0": {
							"post": [0, 25, 0],
							"lerp_mode": "catmullrom"
						},
						"2.125": {
							"post": [0, 25, 0],
							"lerp_mode": "catmullrom"
						},
						"2.5": {
							"post": [0, 25, 0],
							"lerp_mode": "catmullrom"
						}
					},
					"position": {
						"0.0": {
							"post": [-3, 0, -11],
							"lerp_mode": "catmullrom"
						},
						"2.125": {
							"post": [-3, 0, -11],
							"lerp_mode": "catmullrom"
						},
						"2.5": {
							"post": [-3, 0, -11],
							"lerp_mode": "catmullrom"
						}
					}
				},
				"line_shadow": {
					"rotation": {
						"0.0": {
							"post": [0, 0, 25],
							"lerp_mode": "catmullrom"
						},
						"2.125": {
							"post": [0, 0, 25],
							"lerp_mode": "catmullrom"
						},
						"2.5": {
							"post": [0, 0, 25],
							"lerp_mode": "catmullrom"
						}
					},
					"position": {
						"0.0": {
							"post": [-3, 0, 0],
							"lerp_mode": "catmullrom"
						},
						"2.125": {
							"post": [-3, 0, 0],
							"lerp_mode": "catmullrom"
						},
						"2.5": {
							"post": [-3, 0, 0],
							"lerp_mode": "catmullrom"
						}
					}
				},
				"bone23": {
					"rotation": {
						"0.0": {
							"post": [0, 0, -7.5],
							"lerp_mode": "catmullrom"
						},
						"1.0": {
							"post": [0, 42.5, -7.5],
							"lerp_mode": "catmullrom"
						},
						"1.25": {
							"post": [-0.19305, -3.30109, -6.47042],
							"lerp_mode": "catmullrom"
						},
						"1.3333": {
							"post": [0, -30.16956, -7.5],
							"lerp_mode": "catmullrom"
						},
						"1.75": {
							"post": [2.84896, -10.50865, -22.76205],
							"lerp_mode": "catmullrom"
						},
						"2.125": {
							"post": [0, 0, -7.5],
							"lerp_mode": "catmullrom"
						},
						"2.5": {
							"post": [0, 0, -7.5],
							"lerp_mode": "catmullrom"
						}
					},
					"position": {
						"0.0": {
							"post": [-6, -11, 4.1],
							"lerp_mode": "catmullrom"
						},
						"2.125": {
							"post": [-6, -11, 4.1],
							"lerp_mode": "catmullrom"
						},
						"2.5": {
							"post": [-6, -11, 4.1],
							"lerp_mode": "catmullrom"
						}
					}
				},
				"bone25": {
					"rotation": {
						"0.0": {
							"post": [0, 0, -32.5],
							"lerp_mode": "catmullrom"
						},
						"2.125": {
							"post": [0, 0, -32.5],
							"lerp_mode": "catmullrom"
						},
						"2.5": {
							"post": [0, 0, -32.5],
							"lerp_mode": "catmullrom"
						}
					},
					"position": {
						"0.0": {
							"post": [7, 2, 0],
							"lerp_mode": "catmullrom"
						},
						"2.125": {
							"post": [7, 2, 0],
							"lerp_mode": "catmullrom"
						},
						"2.5": {
							"post": [7, 2, 0],
							"lerp_mode": "catmullrom"
						}
					}
				},
				"bone26": {
					"rotation": {
						"0.0": {
							"post": [0, -40, 0],
							"lerp_mode": "catmullrom"
						},
						"2.125": {
							"post": [0, -40, 0],
							"lerp_mode": "catmullrom"
						},
						"2.5": {
							"post": [0, -40, 0],
							"lerp_mode": "catmullrom"
						}
					},
					"position": {
						"0.0": {
							"post": [2, 0, 1],
							"lerp_mode": "catmullrom"
						},
						"2.125": {
							"post": [2, 0, 1],
							"lerp_mode": "catmullrom"
						},
						"2.5": {
							"post": [2, 0, 1],
							"lerp_mode": "catmullrom"
						}
					}
				},
				"bone28": {
					"rotation": {
						"0.0": {
							"post": [0, -55, 0],
							"lerp_mode": "catmullrom"
						},
						"2.125": {
							"post": [0, -55, 0],
							"lerp_mode": "catmullrom"
						},
						"2.5": {
							"post": [0, -55, 0],
							"lerp_mode": "catmullrom"
						}
					},
					"position": {
						"0.0": {
							"post": [4, 0, 0],
							"lerp_mode": "catmullrom"
						},
						"2.125": {
							"post": [4, 0, 0],
							"lerp_mode": "catmullrom"
						},
						"2.5": {
							"post": [4, 0, 0],
							"lerp_mode": "catmullrom"
						}
					}
				},
				"bone29": {
					"rotation": {
						"0.0": {
							"post": [0, -70, 0],
							"lerp_mode": "catmullrom"
						},
						"2.125": {
							"post": [0, -70, 0],
							"lerp_mode": "catmullrom"
						},
						"2.5": {
							"post": [0, -70, 0],
							"lerp_mode": "catmullrom"
						}
					},
					"position": {
						"0.0": {
							"post": [4, 0, 0],
							"lerp_mode": "catmullrom"
						},
						"2.125": {
							"post": [4, 0, 0],
							"lerp_mode": "catmullrom"
						},
						"2.5": {
							"post": [4, 0, 0],
							"lerp_mode": "catmullrom"
						}
					}
				},
				"bone30": {
					"rotation": {
						"0.0": {
							"post": [0, 0, -25],
							"lerp_mode": "catmullrom"
						},
						"2.125": {
							"post": [0, 0, -25],
							"lerp_mode": "catmullrom"
						},
						"2.5": {
							"post": [0, 0, -25],
							"lerp_mode": "catmullrom"
						}
					},
					"position": {
						"0.0": {
							"post": [7, 0.4, 0],
							"lerp_mode": "catmullrom"
						},
						"2.125": {
							"post": [7, 0.4, 0],
							"lerp_mode": "catmullrom"
						},
						"2.5": {
							"post": [7, 0.4, 0],
							"lerp_mode": "catmullrom"
						}
					}
				},
				"bone31": {
					"rotation": {
						"0.0": {
							"post": [0, 0, 22.5],
							"lerp_mode": "catmullrom"
						},
						"2.125": {
							"post": [0, 0, 22.5],
							"lerp_mode": "catmullrom"
						},
						"2.5": {
							"post": [0, 0, 22.5],
							"lerp_mode": "catmullrom"
						}
					},
					"position": {
						"0.0": {
							"post": [0, 1, 0],
							"lerp_mode": "catmullrom"
						},
						"2.125": {
							"post": [0, 1, 0],
							"lerp_mode": "catmullrom"
						},
						"2.5": {
							"post": [0, 1, 0],
							"lerp_mode": "catmullrom"
						}
					}
				},
				"bone33": {
					"rotation": {
						"0.0": {
							"post": [0, 0, -15],
							"lerp_mode": "catmullrom"
						},
						"2.125": {
							"post": [0, 0, -15],
							"lerp_mode": "catmullrom"
						},
						"2.5": {
							"post": [0, 0, -15],
							"lerp_mode": "catmullrom"
						}
					},
					"position": {
						"0.0": {
							"post": [5, 0, 0],
							"lerp_mode": "catmullrom"
						},
						"2.125": {
							"post": [5, 0, 0],
							"lerp_mode": "catmullrom"
						},
						"2.5": {
							"post": [5, 0, 0],
							"lerp_mode": "catmullrom"
						}
					}
				},
				"bone34": {
					"rotation": {
						"0.0": {
							"post": [0, 0, 22.5],
							"lerp_mode": "catmullrom"
						},
						"2.125": {
							"post": [0, 0, 22.5],
							"lerp_mode": "catmullrom"
						},
						"2.5": {
							"post": [0, 0, 22.5],
							"lerp_mode": "catmullrom"
						}
					},
					"position": {
						"0.0": {
							"post": [0, 1, 0],
							"lerp_mode": "catmullrom"
						},
						"2.125": {
							"post": [0, 1, 0],
							"lerp_mode": "catmullrom"
						},
						"2.5": {
							"post": [0, 1, 0],
							"lerp_mode": "catmullrom"
						}
					}
				},
				"bone35": {
					"rotation": {
						"0.0": {
							"post": [0.1989, -0.1947, -10.0001],
							"lerp_mode": "catmullrom"
						},
						"2.125": {
							"post": [0.1989, -0.1947, -10.0001],
							"lerp_mode": "catmullrom"
						},
						"2.5": {
							"post": [0.1989, -0.1947, -10.0001],
							"lerp_mode": "catmullrom"
						}
					},
					"position": {
						"0.0": {
							"post": [5, 0, 0],
							"lerp_mode": "catmullrom"
						},
						"2.125": {
							"post": [5, 0, 0],
							"lerp_mode": "catmullrom"
						},
						"2.5": {
							"post": [5, 0, 0],
							"lerp_mode": "catmullrom"
						}
					}
				},
				"bone37": {
					"rotation": {
						"0.0": {
							"post": [0, 0, -40],
							"lerp_mode": "catmullrom"
						},
						"2.125": {
							"post": [0, 0, -40],
							"lerp_mode": "catmullrom"
						},
						"2.5": {
							"post": [0, 0, -40],
							"lerp_mode": "catmullrom"
						}
					},
					"position": {
						"0.0": {
							"post": [10, 2, 0],
							"lerp_mode": "catmullrom"
						},
						"2.125": {
							"post": [10, 2, 0],
							"lerp_mode": "catmullrom"
						},
						"2.5": {
							"post": [10, 2, 0],
							"lerp_mode": "catmullrom"
						}
					}
				},
				"bone38": {
					"rotation": {
						"0.0": {
							"post": [0, 0, 40],
							"lerp_mode": "catmullrom"
						},
						"2.125": {
							"post": [0, 0, 40],
							"lerp_mode": "catmullrom"
						},
						"2.5": {
							"post": [0, 0, 40],
							"lerp_mode": "catmullrom"
						}
					},
					"position": {
						"0.0": {
							"post": [0, 3, 0],
							"lerp_mode": "catmullrom"
						},
						"2.125": {
							"post": [0, 3, 0],
							"lerp_mode": "catmullrom"
						},
						"2.5": {
							"post": [0, 3, 0],
							"lerp_mode": "catmullrom"
						}
					}
				},
				"bone39": {
					"rotation": {
						"0.0": {
							"post": [0, 0, -60],
							"lerp_mode": "catmullrom"
						},
						"2.125": {
							"post": [0, 0, -60],
							"lerp_mode": "catmullrom"
						},
						"2.5": {
							"post": [0, 0, -60],
							"lerp_mode": "catmullrom"
						}
					},
					"position": {
						"0.0": {
							"post": [14, 5, 0],
							"lerp_mode": "catmullrom"
						},
						"2.125": {
							"post": [14, 5, 0],
							"lerp_mode": "catmullrom"
						},
						"2.5": {
							"post": [14, 5, 0],
							"lerp_mode": "catmullrom"
						}
					}
				},
				"bone41": {
					"rotation": {
						"0.0": {
							"post": [0, 0, 60],
							"lerp_mode": "catmullrom"
						},
						"2.125": {
							"post": [0, 0, 60],
							"lerp_mode": "catmullrom"
						},
						"2.5": {
							"post": [0, 0, 60],
							"lerp_mode": "catmullrom"
						}
					},
					"position": {
						"0.0": {
							"post": [-8, 6, 0],
							"lerp_mode": "catmullrom"
						},
						"2.125": {
							"post": [-8, 6, 0],
							"lerp_mode": "catmullrom"
						},
						"2.5": {
							"post": [-8, 6, 0],
							"lerp_mode": "catmullrom"
						}
					}
				},
				"bone43": {
					"rotation": {
						"0.0": {
							"post": [0, 0, -5],
							"lerp_mode": "catmullrom"
						},
						"2.125": {
							"post": [0, 0, -5],
							"lerp_mode": "catmullrom"
						},
						"2.5": {
							"post": [0, 0, -5],
							"lerp_mode": "catmullrom"
						}
					},
					"position": {
						"0.0": {
							"post": [6, 0, 0],
							"lerp_mode": "catmullrom"
						},
						"2.125": {
							"post": [6, 0, 0],
							"lerp_mode": "catmullrom"
						},
						"2.5": {
							"post": [6, 0, 0],
							"lerp_mode": "catmullrom"
						}
					}
				},
				"bone44": {
					"rotation": {
						"0.0": {
							"post": [0, 0, 45],
							"lerp_mode": "catmullrom"
						},
						"2.125": {
							"post": [0, 0, 45],
							"lerp_mode": "catmullrom"
						},
						"2.5": {
							"post": [0, 0, 45],
							"lerp_mode": "catmullrom"
						}
					},
					"position": {
						"0.0": {
							"post": [-4, 4, 0],
							"lerp_mode": "catmullrom"
						},
						"2.125": {
							"post": [-4, 4, 0],
							"lerp_mode": "catmullrom"
						},
						"2.5": {
							"post": [-4, 4, 0],
							"lerp_mode": "catmullrom"
						}
					}
				},
				"line_rock": {
					"rotation": {
						"0.0": {
							"post": [-186.33586, 4.02155, -237.7227],
							"lerp_mode": "catmullrom"
						},
						"0.75": {
							"post": [-179.12243, -24.229, -253.6517],
							"lerp_mode": "catmullrom"
						},
						"1.25": {
							"post": [-181.24872, 10.02963, -250.6021],
							"lerp_mode": "catmullrom"
						},
						"1.2917": {
							"post": [-182.97616, 62.64276, -252.83599],
							"lerp_mode": "catmullrom"
						},
						"1.3333": {
							"post": [-182.33074, 50.21838, -250.4931],
							"lerp_mode": "catmullrom"
						},
						"2.125": {
							"post": [-186.33586, 4.02155, -237.7227],
							"lerp_mode": "catmullrom"
						},
						"2.5": {
							"post": [-186.33586, 4.02155, -237.7227],
							"lerp_mode": "catmullrom"
						}
					},
					"position": {
						"0.0": {
							"post": [5, 3, 4],
							"lerp_mode": "catmullrom"
						},
						"0.75": {
							"post": [5, 3, 7],
							"lerp_mode": "catmullrom"
						},
						"1.3333": {
							"post": [5, 3, 0.99],
							"lerp_mode": "catmullrom"
						},
						"2.125": {
							"post": [5, 3, 4],
							"lerp_mode": "catmullrom"
						},
						"2.5": {
							"post": [5, 3, 4],
							"lerp_mode": "catmullrom"
						}
					}
				},
				"neck3": {
					"rotation": {
						"0.0": {
							"post": [37.5, 0, 0],
							"lerp_mode": "catmullrom"
						},
						"2.125": {
							"post": [37.5, 0, 0],
							"lerp_mode": "catmullrom"
						},
						"2.5": {
							"post": [37.5, 0, 0],
							"lerp_mode": "catmullrom"
						}
					},
					"position": {
						"0.0": {
							"post": [0, 7.8, 19],
							"lerp_mode": "catmullrom"
						},
						"2.125": {
							"post": [0, 7.8, 19],
							"lerp_mode": "catmullrom"
						},
						"2.5": {
							"post": [0, 7.8, 19],
							"lerp_mode": "catmullrom"
						}
					}
				},
				"bone14": {
					"rotation": {
						"0.0": {
							"post": [2.5, 0, 0],
							"lerp_mode": "catmullrom"
						},
						"2.125": {
							"post": [2.5, 0, 0],
							"lerp_mode": "catmullrom"
						},
						"2.5": {
							"post": [2.5, 0, 0],
							"lerp_mode": "catmullrom"
						}
					},
					"position": {
						"0.0": {
							"post": [0, 0, 2],
							"lerp_mode": "catmullrom"
						},
						"2.125": {
							"post": [0, 0, 2],
							"lerp_mode": "catmullrom"
						},
						"2.5": {
							"post": [0, 0, 2],
							"lerp_mode": "catmullrom"
						}
					}
				},
				"bone19": {
					"rotation": {
						"0.0": {
							"post": [2.5, 0, 0],
							"lerp_mode": "catmullrom"
						},
						"2.125": {
							"post": [2.5, 0, 0],
							"lerp_mode": "catmullrom"
						},
						"2.5": {
							"post": [2.5, 0, 0],
							"lerp_mode": "catmullrom"
						}
					},
					"position": {
						"0.0": {
							"post": [0, 0, 1],
							"lerp_mode": "catmullrom"
						},
						"2.125": {
							"post": [0, 0, 1],
							"lerp_mode": "catmullrom"
						},
						"2.5": {
							"post": [0, 0, 1],
							"lerp_mode": "catmullrom"
						}
					}
				},
				"bone20": {
					"rotation": {
						"0.0": {
							"post": [2.5, 0, 0],
							"lerp_mode": "catmullrom"
						},
						"2.125": {
							"post": [2.5, 0, 0],
							"lerp_mode": "catmullrom"
						},
						"2.5": {
							"post": [2.5, 0, 0],
							"lerp_mode": "catmullrom"
						}
					},
					"position": {
						"0.0": {
							"post": [0, 0, 1],
							"lerp_mode": "catmullrom"
						},
						"2.125": {
							"post": [0, 0, 1],
							"lerp_mode": "catmullrom"
						},
						"2.5": {
							"post": [0, 0, 1],
							"lerp_mode": "catmullrom"
						}
					}
				},
				"bone21": {
					"rotation": {
						"0.0": {
							"post": [2.5, 0, 0],
							"lerp_mode": "catmullrom"
						},
						"2.125": {
							"post": [2.5, 0, 0],
							"lerp_mode": "catmullrom"
						},
						"2.5": {
							"post": [2.5, 0, 0],
							"lerp_mode": "catmullrom"
						}
					},
					"position": {
						"0.0": {
							"post": [0, 0, 3],
							"lerp_mode": "catmullrom"
						},
						"2.125": {
							"post": [0, 0, 3],
							"lerp_mode": "catmullrom"
						},
						"2.5": {
							"post": [0, 0, 3],
							"lerp_mode": "catmullrom"
						}
					}
				},
				"bone22": {
					"rotation": {
						"0.0": {
							"post": [2.5, 0, 0],
							"lerp_mode": "catmullrom"
						},
						"2.125": {
							"post": [2.5, 0, 0],
							"lerp_mode": "catmullrom"
						},
						"2.5": {
							"post": [2.5, 0, 0],
							"lerp_mode": "catmullrom"
						}
					},
					"position": {
						"0.0": {
							"post": [0, 0, 1],
							"lerp_mode": "catmullrom"
						},
						"2.125": {
							"post": [0, 0, 1],
							"lerp_mode": "catmullrom"
						},
						"2.5": {
							"post": [0, 0, 1],
							"lerp_mode": "catmullrom"
						}
					}
				},
				"bone13": {
					"rotation": {
						"0.0": {
							"post": [2.5, 0, 0],
							"lerp_mode": "catmullrom"
						},
						"2.125": {
							"post": [2.5, 0, 0],
							"lerp_mode": "catmullrom"
						},
						"2.5": {
							"post": [2.5, 0, 0],
							"lerp_mode": "catmullrom"
						}
					},
					"position": {
						"0.0": {
							"post": [0, 0, 2],
							"lerp_mode": "catmullrom"
						},
						"2.125": {
							"post": [0, 0, 2],
							"lerp_mode": "catmullrom"
						},
						"2.5": {
							"post": [0, 0, 2],
							"lerp_mode": "catmullrom"
						}
					}
				},
				"bone15": {
					"rotation": {
						"0.0": {
							"post": [2.5, 0, 0],
							"lerp_mode": "catmullrom"
						},
						"2.125": {
							"post": [2.5, 0, 0],
							"lerp_mode": "catmullrom"
						},
						"2.5": {
							"post": [2.5, 0, 0],
							"lerp_mode": "catmullrom"
						}
					},
					"position": {
						"0.0": {
							"post": [0, 0, 1],
							"lerp_mode": "catmullrom"
						},
						"2.125": {
							"post": [0, 0, 1],
							"lerp_mode": "catmullrom"
						},
						"2.5": {
							"post": [0, 0, 1],
							"lerp_mode": "catmullrom"
						}
					}
				},
				"bone16": {
					"rotation": {
						"0.0": {
							"post": [2.5, 0, 0],
							"lerp_mode": "catmullrom"
						},
						"2.125": {
							"post": [2.5, 0, 0],
							"lerp_mode": "catmullrom"
						},
						"2.5": {
							"post": [2.5, 0, 0],
							"lerp_mode": "catmullrom"
						}
					},
					"position": {
						"0.0": {
							"post": [0, 0, 1],
							"lerp_mode": "catmullrom"
						},
						"2.125": {
							"post": [0, 0, 1],
							"lerp_mode": "catmullrom"
						},
						"2.5": {
							"post": [0, 0, 1],
							"lerp_mode": "catmullrom"
						}
					}
				},
				"bone17": {
					"rotation": {
						"0.0": {
							"post": [2.5, 0, 0],
							"lerp_mode": "catmullrom"
						},
						"2.125": {
							"post": [2.5, 0, 0],
							"lerp_mode": "catmullrom"
						},
						"2.5": {
							"post": [2.5, 0, 0],
							"lerp_mode": "catmullrom"
						}
					},
					"position": {
						"0.0": {
							"post": [0, 0, 3],
							"lerp_mode": "catmullrom"
						},
						"2.125": {
							"post": [0, 0, 3],
							"lerp_mode": "catmullrom"
						},
						"2.5": {
							"post": [0, 0, 3],
							"lerp_mode": "catmullrom"
						}
					}
				},
				"bone18": {
					"rotation": {
						"0.0": {
							"post": [2.5, 0, 0],
							"lerp_mode": "catmullrom"
						},
						"2.125": {
							"post": [2.5, 0, 0],
							"lerp_mode": "catmullrom"
						},
						"2.5": {
							"post": [2.5, 0, 0],
							"lerp_mode": "catmullrom"
						}
					},
					"position": {
						"0.0": {
							"post": [0, 0, 1],
							"lerp_mode": "catmullrom"
						},
						"2.125": {
							"post": [0, 0, 1],
							"lerp_mode": "catmullrom"
						},
						"2.5": {
							"post": [0, 0, 1],
							"lerp_mode": "catmullrom"
						}
					}
				},
				"bone36": {
					"rotation": {
						"0.0": {
							"post": [0, 0, -7.5],
							"lerp_mode": "catmullrom"
						},
						"2.125": {
							"post": [0, 0, -7.5],
							"lerp_mode": "catmullrom"
						},
						"2.5": {
							"post": [0, 0, -7.5],
							"lerp_mode": "catmullrom"
						}
					},
					"position": {
						"0.0": {
							"post": [2, 0, 0],
							"lerp_mode": "catmullrom"
						},
						"2.125": {
							"post": [2, 0, 0],
							"lerp_mode": "catmullrom"
						},
						"2.5": {
							"post": [2, 0, 0],
							"lerp_mode": "catmullrom"
						}
					}
				},
				"bone40": {
					"rotation": {
						"0.0": {
							"post": [0, 0, 22.5],
							"lerp_mode": "catmullrom"
						},
						"2.125": {
							"post": [0, 0, 22.5],
							"lerp_mode": "catmullrom"
						},
						"2.5": {
							"post": [0, 0, 22.5],
							"lerp_mode": "catmullrom"
						}
					}
				},
				"body": {
					"rotation": {
						"0.0": {
							"post": [0, 0, 0],
							"lerp_mode": "catmullrom"
						},
						"0.25": {
							"post": [0, 0, 0],
							"lerp_mode": "catmullrom"
						},
						"0.5": [0, 0, 0],
						"0.75": {
							"pre": [0, 2.5, 0],
							"post": [0, 2.5, 0],
							"lerp_mode": "catmullrom"
						},
						"1.125": [0, 22.5, 0],
						"1.2083": {
							"pre": [0, 35, 0],
							"post": [0, 35, 0],
							"lerp_mode": "catmullrom"
						},
						"1.2917": [-2.19381, -6.9223, 17.6327],
						"1.7083": {
							"pre": [-1.52928, 20.45659, 10.90419],
							"post": [-1.52928, 20.45659, 10.90419],
							"lerp_mode": "catmullrom"
						},
						"2.5": [0, 0, 0]
					},
					"position": {
						"0.0": {
							"post": [0, 0, 0],
							"lerp_mode": "catmullrom"
						},
						"0.25": {
							"post": [0, 0, 0],
							"lerp_mode": "catmullrom"
						},
						"0.5": [0, 0, 2],
						"0.75": {
							"pre": [0, 0, 1],
							"post": [0, 0, 1],
							"lerp_mode": "catmullrom"
						},
						"1.125": [0, 0, 0],
						"1.2083": {
							"pre": [0, 0, -3],
							"post": [0, 0, -3],
							"lerp_mode": "catmullrom"
						},
						"1.25": {
							"post": [0, 0, -0.19],
							"lerp_mode": "catmullrom"
						},
						"1.2917": [0, 0, -7],
						"1.7083": {
							"pre": [0, 0, -7],
							"post": [0, 0, -7],
							"lerp_mode": "catmullrom"
						},
						"2.5": [0, 0, 0]
					},
					"scale": {
						"0.0": [1, 1, 1],
						"1.2083": [1, 1, 1],
						"1.25": [0.8, 1, 0.8],
						"1.2917": [0.8, 1, 0.75],
						"1.3333": [1, 1, 1],
						"1.7083": [1, 1, 1],
						"2.25": [1, 1, 1]
					}
				}
			}
		},
		"animation.runerigus.recoil": {
			"animation_length": 0.5,
			"bones": {
				"torso": {
					"rotation": {
						"0.0": [0, 0, 0],
						"0.0417": [-7.5, 0, 0],
						"0.5": [0, 0, 0]
					}
				},
				"head": {
					"rotation": {
						"0.0": [0, 0, 0],
						"0.0417": [-7.5, 0, 0],
						"0.5": [0, 0, 0]
					}
				},
				"eye1": {
					"position": {
						"0.0": [0, 0, 0],
						"0.0417": [0, 0, 1],
						"0.5": [0, 0, 0]
					}
				},
				"eye2": {
					"position": {
						"0.0": [0, 0, 0],
						"0.0417": [0, 0, 1],
						"0.5": [0, 0, 0]
					}
				}
			}
		},
		"animation.runerigus.sleep": {
			"loop": true,
			"bones": {
				"neck1": {
					"rotation": [-90, 0, 0],
					"position": [0, 28, -30]
				},
				"neck3": {
					"position": [0, 0, 6]
				},
				"neck2": {
					"position": [0, 0, 9]
				},
				"head": {
					"position": [0, 0, 23]
				},
				"bone14": {
					"position": [-7, 0, 0]
				},
				"bone19": {
					"position": [-3, 0, 0]
				},
				"bone9": {
					"position": [-12, 0, 0]
				},
				"bone7": {
					"position": [-13, 0, 0]
				},
				"bone2": {
					"position": [9, 0, 0]
				},
				"bone13": {
					"position": [21, 0, 0]
				},
				"bone15": {
					"position": [17, 0, 0]
				},
				"bone16": {
					"position": [14, 0, 0]
				},
				"bone18": {
					"position": [14, 0, 0]
				},
				"bone10": {
					"position": [15, 0, 0]
				},
				"bone11": {
					"position": [1, 0, 0]
				},
				"bone24": {
					"position": [7, 0, 0]
				},
				"bone25": {
					"position": [7, 0, 0]
				},
				"bone26": {
					"position": [7, 0, 0]
				},
				"bone27": {
					"position": [7, 0, 0]
				},
				"bone28": {
					"position": [7, 0, 0]
				},
				"bone29": {
					"position": [7, 0, 0]
				},
				"bone30": {
					"position": [7, 0, 0]
				},
				"bone31": {
					"position": [7, 0, 0]
				},
				"bone32": {
					"position": [7, 0, 0]
				},
				"bone33": {
					"position": [7, 0, 0]
				},
				"bone34": {
					"position": [7, 0, 0]
				},
				"bone35": {
					"position": [7, 0, 0]
				},
				"bone36": {
					"position": [9, 0, 0]
				},
				"bone37": {
					"position": [7, 0, 0]
				},
				"bone38": {
					"position": [5, 0, 0]
				},
				"bone39": {
					"position": [7, 0, 0]
				},
				"bone40": {
					"position": [7, 0, 0]
				},
				"bone41": {
					"position": [7, 0, 0]
				},
				"bone42": {
					"position": [10, 0, 0]
				},
				"bone43": {
					"position": [17, 0, 0]
				},
				"torso": {
					"rotation": [0, "0-Math.sin(q.anim_time*90*1*0.5+0)*0.4", "math.cos(q.anim_time*90*12/6+0)*0.2"]
				}
			}
		},
		"animation.runerigus.ground_walk": {
			"loop": true,
			"animation_length": 1,
			"bones": {
				"body": {
					"rotation": {
						"0.0": [0, 0, 0],
						"0.4583": [5, 0, 0],
						"0.75": [-2.69, 0, 0],
						"1.0": [0, 0, 0]
					},
					"position": {
						"0.0": {
							"post": [0, 0, 0],
							"lerp_mode": "catmullrom"
						},
						"0.25": {
							"post": [0, 3, -8],
							"lerp_mode": "catmullrom"
						},
						"0.4583": [0, -0.6, -5.74],
						"0.5": [0, 0, -5],
						"0.5417": [0, 1.01, -4.69],
						"0.75": [0, -0.54, -2.14],
						"1.0": {
							"pre": [0, 0, 0],
							"post": [0, 0, 0],
							"lerp_mode": "catmullrom"
						}
					}
				},
				"torso": {
					"rotation": [2.5, "0+Math.sin(q.anim_time*90*4)*5", "0+Math.sin(q.anim_time*90*4+90)*5"]
				},
				"neck1": {
					"rotation": ["-22.5+math.sin(q.anim_time*90*4+90)*4", 0, 0],
					"position": [0, 0, -11]
				},
				"head": {
					"position": [0, 2, 1]
				},
				"hands": {
					"rotation": [22.5, 0, 0],
					"position": [0, 0, 17]
				},
				"hand1": {
					"rotation": [-90, "0+math.sin(q.anim_time*90*4)*2", 0],
					"position": [0, 45, -39]
				},
				"bone9": {
					"position": [-3, 0, 0]
				},
				"bone7": {
					"rotation": [0, 17.5, 0],
					"position": [0, 0, 5.8]
				},
				"bone8": {
					"rotation": [0, -25, 0],
					"position": [3, 0, -11]
				},
				"bone": {
					"rotation": [-7.5, 0, 0],
					"position": [0, 2, -6]
				},
				"nail_right": {
					"rotation": [20, 0, 0],
					"position": [0, 0, 7]
				},
				"hand2": {
					"rotation": [-90, "0-math.sin(q.anim_time*90*4)*2", 0],
					"position": [0, 45, -39]
				},
				"bone10": {
					"position": [3, 0, 0]
				},
				"bone11": {
					"rotation": [0, -17.5, 0],
					"position": [0, 0, 5.8]
				},
				"bone12": {
					"rotation": [0, 25, 0],
					"position": [-3, 0, -11]
				},
				"bone2": {
					"rotation": [-7.5, 0, 0],
					"position": [0, 2, -6]
				},
				"nail_left": {
					"rotation": [20, 0, 0],
					"position": [0, 0, 7]
				},
				"bone23": {
					"rotation": [-89.99999, "75+math.sin(q.anim_time*90*4+90)*16", -89.99999]
				},
				"bone25": {
					"rotation": [0, 0, 17.5]
				},
				"bone26": {
					"rotation": [0, 0, -17.5],
					"position": [5, 1, 0]
				},
				"bone29": {
					"rotation": [0, 0, 20]
				},
				"bone33": {
					"rotation": [0, 0, -15],
					"position": [4, 0, 0]
				},
				"bone37": {
					"rotation": [0, 0, 15]
				},
				"bone41": {
					"rotation": [0, 0, -17.5],
					"position": [4, 0, 0]
				},
				"bone43": {
					"rotation": [0, 0, 12.5]
				}
			}
		},
		"animation.runerigus.cry": {
			"animation_length": 0.75,
			"bones": {
				"head": {
					"rotation": {
						"0.0": [0, 0, 0],
						"0.0417": [2.5, 0, 0],
						"0.2083": [-2.5, 0, 0],
						"0.2917": [2.5, 0, 0],
						"0.4167": [-2.5, 0, 0],
						"0.5833": [2.5, 0, 0],
						"0.75": [0, 0, 0]
					}
				}
			},
			"sound_effects": {
				"0.0": {
					"effect": "pokemon.runerigus.cry"
				}
			}
		}
	}
}