{
	"format_version": "1.12.0",
	"minecraft:geometry": [
		{
			"description": {
				"identifier": "geometry.pancham",
				"texture_width": 64,
				"texture_height": 64,
				"visible_bounds_width": 3,
				"visible_bounds_height": 3.5,
				"visible_bounds_offset": [0, 1.25, 0]
			},
			"bones": [
				{
					"name": "pancham",
					"pivot": [0, 0, 0]
				},
				{
					"name": "body",
					"parent": "pancham",
					"pivot": [0, 0, 0]
				},
				{
					"name": "legs",
					"parent": "body",
					"pivot": [0, 0, 0]
				},
				{
					"name": "leg1",
					"parent": "legs",
					"pivot": [1, 0, 0],
					"cubes": [
						{"origin": [-4.2, 1, -1], "size": [3, 3, 3], "uv": [46, 10]}
					]
				},
				{
					"name": "leg_parte1",
					"parent": "leg1",
					"pivot": [1, 0, 0],
					"cubes": [
						{"origin": [-4.2, 0, -2], "size": [3, 1, 4], "uv": [46, 0]}
					]
				},
				{
					"name": "leg2",
					"parent": "legs",
					"pivot": [-1, 0, 0],
					"cubes": [
						{"origin": [1.2, 1, -1], "size": [3, 3, 3], "uv": [46, 16]}
					]
				},
				{
					"name": "leg_parte2",
					"parent": "leg2",
					"pivot": [-1, 0, 0],
					"cubes": [
						{"origin": [1.2, 0, -2], "size": [3, 1, 4], "uv": [46, 5]}
					]
				},
				{
					"name": "torso",
					"parent": "body",
					"pivot": [0, 1, 0],
					"cubes": [
						{"origin": [-4, 4, -3.5], "size": [8, 8, 8], "uv": [0, 23]},
						{"origin": [-3, 12, -3.5], "size": [6, 1, 8], "uv": [32, 35]}
					]
				},
				{
					"name": "hairs_torso",
					"parent": "torso",
					"pivot": [0, 12, 6],
					"cubes": [
						{"origin": [-3, 12, 4.5], "size": [6, 0, 6], "uv": [0, 39]}
					]
				},
				{
					"name": "tail",
					"parent": "torso",
					"pivot": [0, 1, 0],
					"cubes": [
						{"origin": [-2, 5, 4], "size": [4, 4, 2], "uv": [38, 51]}
					]
				},
				{
					"name": "hands",
					"parent": "torso",
					"pivot": [0, 1, 0]
				},
				{
					"name": "hand1",
					"parent": "hands",
					"pivot": [-5, 10, 0],
					"cubes": [
						{"origin": [-7, 10, -1], "size": [3, 2, 3], "uv": [50, 51]}
					]
				},
				{
					"name": "hand_part1",
					"parent": "hand1",
					"pivot": [-7, 10, 0],
					"cubes": [
						{"origin": [-10, 10, -1], "size": [3, 2, 3], "uv": [0, 52]}
					]
				},
				{
					"name": "hand_mini1",
					"parent": "hand_part1",
					"pivot": [-7, 10, 0],
					"cubes": [
						{"origin": [-13, 10, -1], "size": [3, 2, 3], "uv": [12, 52]},
						{"origin": [-12, 10, 1], "size": [2, 2, 2], "inflate": -0.0001, "uv": [24, 39]},
						{"origin": [-12, 10, -2], "size": [2, 2, 2], "inflate": -0.0001, "uv": [14, 45]}
					]
				},
				{
					"name": "hand2",
					"parent": "hands",
					"pivot": [5, 10, 0],
					"cubes": [
						{"origin": [4, 10, -1], "size": [3, 2, 3], "uv": [50, 51], "mirror": true}
					]
				},
				{
					"name": "hand_part2",
					"parent": "hand2",
					"pivot": [7, 10, 0],
					"cubes": [
						{"origin": [7, 10, -1], "size": [3, 2, 3], "uv": [0, 52], "mirror": true}
					]
				},
				{
					"name": "hand_mini2",
					"parent": "hand_part2",
					"pivot": [7, 10, 0],
					"cubes": [
						{"origin": [10, 10, -1], "size": [3, 2, 3], "uv": [12, 52], "mirror": true},
						{"origin": [10, 10, 1], "size": [2, 2, 2], "inflate": -0.0001, "uv": [24, 39], "mirror": true},
						{"origin": [10, 10, -2], "size": [2, 2, 2], "inflate": -0.0001, "uv": [14, 45], "mirror": true}
					]
				},
				{
					"name": "head",
					"parent": "torso",
					"pivot": [0, 13, 0],
					"cubes": [
						{"origin": [-6, 13, -5], "size": [12, 12, 11], "uv": [0, 0]},
						{"origin": [-1.4, 16.5, -5.3], "size": [3, 1, 1], "uv": [14, 49]},
						{"origin": [-2, 25, -5], "size": [4, 1, 11], "uv": [32, 23]}
					]
				},
				{
					"name": "ears",
					"parent": "head",
					"pivot": [0, 13, 0]
				},
				{
					"name": "ear1",
					"parent": "ears",
					"pivot": [0, 13, 0],
					"cubes": [
						{"origin": [-8, 22, 2], "size": [5, 5, 2], "uv": [38, 44]}
					]
				},
				{
					"name": "ear2",
					"parent": "ears",
					"pivot": [0, 13, 0],
					"cubes": [
						{"origin": [3, 22, 2], "size": [5, 5, 2], "uv": [0, 45]}
					]
				},
				{
					"name": "hairs_head",
					"parent": "head",
					"pivot": [0, 13, 0]
				},
				{
					"name": "hair_head1",
					"parent": "hairs_head",
					"pivot": [-5, 15, 0],
					"cubes": [
						{"origin": [-10, 14, -3], "size": [4, 2, 0], "uv": [52, 49]}
					]
				},
				{
					"name": "hair_head2",
					"parent": "hairs_head",
					"pivot": [5, 15, 0],
					"cubes": [
						{"origin": [6, 14, -3], "size": [4, 2, 0], "uv": [40, 57]}
					]
				},
				{
					"name": "smile",
					"parent": "head",
					"pivot": [0, 13, 0],
					"cubes": [
						{"origin": [-3, 14, -5.01], "size": [6, 1, 0], "uv": [46, 22]},
						{"origin": [2, 15, -5.01], "size": [2, 1, 0], "uv": [58, 16]},
						{"origin": [-4, 15, -5.01], "size": [2, 1, 0], "uv": [58, 17]}
					]
				},
				{
					"name": "sheet",
					"parent": "smile",
					"pivot": [0, -3, -1],
					"cubes": [
						{"origin": [-3, 15, -7], "size": [3, 0, 3], "pivot": [-1, 13, -5], "rotation": [15, 20, 0], "uv": [12, 57]}
					]
				},
				{
					"name": "mounch",
					"parent": "smile",
					"pivot": [0, 13, 0],
					"cubes": [
						{"origin": [-3, 13, -4.03], "size": [6, 3, 0], "uv": [25, 23]}
					]
				},
				{
					"name": "smile_hurt",
					"parent": "smile",
					"pivot": [0, 13, 7],
					"cubes": [
						{"origin": [-3, 13, -3.01], "size": [7, 2, 0], "uv": [24, 29]}
					]
				},
				{
					"name": "hairs_head_torso",
					"parent": "head",
					"pivot": [0, 13, 0],
					"cubes": [
						{"origin": [0, 26, -3], "size": [0, 6, 7], "uv": [24, 44]}
					]
				},
				{
					"name": "eyes",
					"parent": "head",
					"pivot": [0, 13, 0]
				},
				{
					"name": "eye1",
					"parent": "eyes",
					"pivot": [0, 13, 0],
					"cubes": [
						{"origin": [-5.4, 17.5, -5.01], "size": [3, 3, 0], "pivot": [-4, 17, -4], "rotation": [0, 0, 10], "uv": [58, 10]}
					]
				},
				{
					"name": "ceja1",
					"parent": "eye1",
					"pivot": [0, 13, 0],
					"cubes": [
						{"origin": [-6, 20, -5.03], "size": [4, 1, 0], "pivot": [-3, 19, -6], "rotation": [0, 0, 20], "uv": [24, 43]}
					]
				},
				{
					"name": "eye_happy1",
					"parent": "eye1",
					"pivot": [-4, 17, -3],
					"cubes": [
						{"origin": [-5, 18, -4.03], "size": [3, 1, 0], "uv": [2, 2]},
						{"origin": [-2.5, 17.5, -4.04], "size": [1, 1, 0], "uv": [2, 2]},
						{"origin": [-5.5, 17.5, -4.04], "size": [1, 1, 0], "uv": [2, 2]}
					]
				},
				{
					"name": "eye_pupiled1",
					"parent": "eye1",
					"pivot": [0, 13, 0],
					"cubes": [
						{"origin": [-4.4, 18.5, -5.02], "size": [2, 2, 0], "pivot": [-4, 17, -4], "rotation": [0, 0, 10], "uv": [60, 0]}
					]
				},
				{
					"name": "eye2",
					"parent": "eyes",
					"pivot": [0, 13, 0],
					"cubes": [
						{"origin": [2.4, 17.5, -5.01], "size": [3, 3, 0], "pivot": [4, 17, -4], "rotation": [0, 0, -10], "uv": [58, 10], "mirror": true}
					]
				},
				{
					"name": "ceja2",
					"parent": "eye2",
					"pivot": [0, 13, 0],
					"cubes": [
						{"origin": [2, 20, -5.03], "size": [4, 1, 0], "pivot": [3, 19, -6], "rotation": [0, 0, -20], "uv": [24, 43], "mirror": true}
					]
				},
				{
					"name": "eye_happy2",
					"parent": "eye2",
					"pivot": [4, 17, -3],
					"cubes": [
						{"origin": [2, 18, -4.03], "size": [3, 1, 0], "uv": [2, 2], "mirror": true},
						{"origin": [1.5, 17.5, -4.04], "size": [1, 1, 0], "uv": [2, 2], "mirror": true},
						{"origin": [4.5, 17.5, -4.04], "size": [1, 1, 0], "uv": [2, 2], "mirror": true}
					]
				},
				{
					"name": "eye_pupiled2",
					"parent": "eye2",
					"pivot": [0, 13, 0],
					"cubes": [
						{"origin": [2.4, 18.5, -5.02], "size": [2, 2, 0], "pivot": [4, 17, -4], "rotation": [0, 0, -10], "uv": [60, 0], "mirror": true}
					]
				}
			]
		}
	]
}